year        2017 day         235 seconds   39600.0000     lat   68.0000000     lon   20.0000000
 IYD       17235 SEC   39600.0000     GLAT   68.1333466     GLON   20.0000000     STL   12.3333330     F107A   106.716003     F107   131.000000     AP   37.0000000       0.00000000       0.00000000       0.00000000       0.00000000       0.00000000       0.00000000
 z[m] rho[kg/(m^3)] T[K] c[m/s] p[Pa] H[m] g[m/(s^2)] N^2[rad^2/s^2] kappa[J/(s.m.K)] mu[kg(s.m)] mu_vol[kg/(s.m)] w_M[m/s] w_Z[m/s] w_P[m/s] c_p[J/(mol.K)] c_v[J/(mol.K)] gamma
0.0,1.2249999999999999,288.2,340.19877809457114,101268.30753990935,0,0,0,0,0,0,0,0,1.5022070079142493e-13,0,0,1.4
100.0,1.213988190926951,287.62829867671417,339.85863461961804,100157.40022719851,0,0,0,0,0,0,0,0,2.916162963891134e-13,0,0,1.4
200.0,1.2030012833377355,287.0582493412166,339.51907178874563,99052.71976051581,0,0,0,0,0,0,0,0,5.62339382649724e-13,0,0,1.4
300.00000000000006,1.1920408292883895,286.4898605583938,339.18009522587687,97954.36887882865,0,0,0,0,0,0,0,0,1.0771840472280285e-12,0,0,1.4
400.0,1.181108349153506,285.923140881242,338.8417105466056,96862.44667413528,0,0,0,0,0,0,0,0,2.0496798407276132e-12,0,0,1.4
500.0,1.1702053316311976,285.35809885049133,338.5039233576204,95777.0486257379,0,0,0,0,0,0,0,0,3.8742429360098155e-12,0,0,1.4
600.0000000000001,1.1593332337631919,284.79474299422895,338.1667392561267,94698.26663559808,0,0,0,0,0,0,0,0,7.274319523292145e-12,0,0,1.4
700.0000000000001,1.1484934809697043,284.23308182752044,337.83016382926627,93626.18906472549,0,0,0,0,0,0,0,0,1.3567586543877686e-11,0,0,1.4
800.0,1.1376874670987471,283.67312385202973,337.49420265353575,92560.90077055246,0,0,0,0,0,0,0,0,2.5137236491674577e-11,0,0,1.4
900.0,1.126916554489519,283.11487755563707,337.158861294202,91502.48314524679,0,0,0,0,0,0,0,0,4.6263359317877435e-11,0,0,1.4
1000.0,1.1161820740495176,282.5583514120563,336.8241453047176,90451.01415491619,0,0,0,0,0,0,0,0,8.457879674425875e-11,0,0,1.4
1100.0,1.1054853253450319,282.0035538804504,336.4900602261345,89406.56837965785,0,0,0,0,0,0,0,0,1.535997621739252e-10,0,0,1.4
1200.0000000000002,1.094827576704646,281.4504934050446,336.1566115865164,88369.21705440742,0,0,0,0,0,0,0,0,2.7709219156962697e-10,0,0,1.4
1300.0,1.0842100653354112,280.89917841473977,335.8238049003516,87339.02811054284,0,0,0,0,0,0,0,0,4.965497131677306e-10,0,0,1.4
1400.0000000000002,1.0736339974513203,280.34961732272285,335.4916456679645,86316.06621819761,0,0,0,0,0,0,0,0,8.839056024399168e-10,0,0,1.4
1500.0,1.0631005484137348,279.801818526077,335.1601393749282,85300.39282924087,0,0,0,0,0,0,0,0,1.5629811533721917e-09,0,0,1.4
1600.0,1.0526108628834094,279.25579040538946,334.82929149147617,84292.06622088002,0,0,0,0,0,0,0,0,2.745404235829614e-09,0,0,1.4
1700.0000000000002,1.042166054983755,278.71154132435885,334.4991074719158,83291.14153984444,0,0,0,0,0,0,0,0,4.790309357580476e-09,0,0,1.4
1800.0,1.03176720847499,278.1690796293999,334.16959275404173,82297.67084710754,0,0,0,0,0,0,0,0,8.302818150544848e-09,0,0,1.4
1900.0000000000002,1.0214153769388312,277.62841364924856,333.84075275855116,81311.70316310751,0,0,0,0,0,0,0,0,1.4295264473418887e-08,0,0,1.4
2000.0,1.0111115839733613,277.08955169456453,333.5125928884609,80333.28451342495,0,0,0,0,0,0,0,0,2.4449138824125047e-08,0,0,1.4
2100.0,1.000856823397741,276.5525020575324,333.1851185285259,79362.45797487913,0,0,0,0,0,0,0,0,4.1537431866206106e-08,0,0,1.4
2200.0,0.990652059466403,276.0172730114625,332.85833504465984,78399.2637220033,0,0,0,0,0,0,0,0,7.010038784167374e-08,0,0,1.4
2300.0000000000005,0.9804982270923924,275.48387281038976,332.5322477833597,77443.73907386174,0,0,0,0,0,0,0,0,1.1751840896833928e-07,0,0,1.4
2400.0000000000005,0.9703962320795085,274.95230968867105,332.20686207113175,76495.91854117058,0,0,0,0,0,0,0,0,1.9570237169902467e-07,0,0,1.4
2500.0,0.9603469513629066,274.42259186058214,331.882183213922,75555.83387368682,0,0,0,0,0,0,0,0,3.2373598636464224e-07,0,0,1.4
2600.0,0.9503512332578259,273.89472751991315,331.5582164965505,74623.51410782943,0,0,0,0,0,0,0,0,5.319742007757965e-07,0,0,1.4
2700.0,0.9404098977161063,273.368724839562,331.23496718214886,73698.9856144977,0,0,0,0,0,0,0,0,8.683501165241337e-07,0,0,1.4
2800.0000000000005,0.9305237365901664,272.84459197112807,330.9124405116038,72782.2721470533,0,0,0,0,0,0,0,0,1.4080039283237137e-06,0,0,1.4
2900.0000000000005,0.9206935139041132,272.32233704450357,330.5906417030045,71873.3948894325,0,0,0,0,0,0,0,0,2.2678669370226354e-06,0,0,1.4
3000.0,0.9109199661316626,271.80196816746405,330.269575951096,70972.3725043564,0,0,0,0,0,0,0,0,3.6285739302258537e-06,0,0,1.4
3100.0,0.9012038024805445,271.2834934252589,329.94924842673873,70079.22118160763,0,0,0,0,0,0,0,0,5.767121299170931e-06,0,0,1.4
3200.0,0.8915457051830873,270.76692088019826,329.62966427637366,69193.95468634274,0,0,0,0,0,0,0,0,9.105145692289115e-06,0,0,1.4
3300.0000000000005,0.8819463297926567,270.25225857124195,329.31082862149475,68316.58440741082,0,0,0,0,0,0,0,0,1.4279710939880352e-05,0,0,1.4
3400.0000000000005,0.8724063054856522,269.7395145135847,328.9927465581283,67447.11940564857,0,0,0,0,0,0,0,0,2.2246240938048365e-05,0,0,1.4
3500.0,0.8629262353687517,269.2286966982422,328.6754231563207,66585.5664621249,0,0,0,0,0,0,0,0,3.4426950912680065e-05,0,0,1.4
3600.0,0.8535066967911047,268.7198130916347,328.358863459633,65731.93012630592,0,0,0,0,0,0,0,0,5.2923089303344696e-05,0,0,1.4
3700.0,0.8441482416611834,268.2128716351709,328.0430724846455,64886.21276411561,0,0,0,0,0,0,0,0,8.081584499577979e-05,0,0,1.4
3800.0000000000005,0.8348513967679999,267.7078802448304,327.72805522047065,64048.41460586548,0,0,0,0,0,0,0,0,0.00012258929637150494,0,0,1.4
3900.0000000000005,0.825616664106401,267.204846810744,327.41381662827564,63218.533794028146,0,0,0,0,0,0,0,0,0.00018471973203705428,0,0,1.4
4000.0,0.8164445212061655,266.70377919677577,327.10036164081555,62396.566430831524,0,0,0,0,0,0,0,0,0.00027648955589976946,0,0,1.4
4100.000000000001,0.8073354214646267,266.2046852401014,326.7876951619765,61582.50662564991,0,0,0,0,0,0,0,0,0.0004111013239486251,0,0,1.4
4200.0,0.798289794482546,265.7075727507875,326.4758220663304,60776.34654216933,0,0,0,0,0,0,0,0,0.000607188759811845,0,0,1.4
4300.0,0.7893080464029778,265.21244951136936,326.16474719870104,59978.07644530608,0,0,0,0,0,0,0,0,0.0008908473137390713,0,0,1.4
4400.0,0.7803905602528616,264.71932327642764,325.8544753737423,59187.68474785698,0,0,0,0,0,0,0,0,0.0012983372864586245,0,0,1.4
4500.0,0.7715376962870869,264.22820177216516,325.54501137552944,58405.15805686177,0,0,0,0,0,0,0,0,0.0018796478311141982,0,0,1.4
4600.000000000001,0.7627497923347817,263.73909269598187,325.23635995716336,57630.48121965807,0,0,0,0,0,0,0,0,0.002703150024604631,0,0,1.4
4700.0,0.7540271641475799,263.2520037160498,324.9285258403885,56863.63736961046,0,0,0,0,0,0,0,0,0.003861610928555765,0,0,1.4
4800.000000000001,0.7453701057496251,262.7669424708868,324.62151371522526,56104.607971495876,0,0,0,0,0,0,0,0,0.005479886754006578,0,0,1.4
4900.0,0.7367788897890836,262.28391656893,324.31532823961726,55353.372866528545,0,0,0,0,0,0,0,0,0.007724659690103871,0,0,1.4
5000.0,0.7282537678909295,261.80293358810786,324.0099740390936,54609.91031700786,0,0,0,0,0,0,0,0,0.010816626438878133,0,0,1.4
5100.000000000001,0.7197949710107853,261.32400107541264,323.705455706448,53874.197050573865,0,0,0,0,0,0,0,0,0.015045582633978188,0,0,1.4
5200.0,0.7114027097895966,260.8471265464714,323.40177780143364,53146.20830405567,0,0,0,0,0,0,0,0,0.020788870445174308,0,0,1.4
5300.000000000001,0.703077174908929,260.3723174851161,323.09894485047516,52425.91786689827,0,0,0,0,0,0,0,0,0.028533659783342304,0,0,1.4
5400.0,0.6948185374466813,259.8995813429548,322.796961346399,51713.29812415515,0,0,0,0,0,0,0,0,0.03890350834671216,0,0,1.4
5500.0,0.6866269492330103,259.4289255389396,322.49583174818076,51008.32009903281,0,0,0,0,0,0,0,0,0.05268958293560285,0,0,1.4
5600.000000000001,0.6785025432062763,258.960357458937,322.19556048071325,50310.953494976755,0,0,0,0,0,0,0,0,0.07088681395969329,0,0,1.4
5700.0,0.6704454337688113,258.49388445529536,321.8961519345916,49621.16673728598,0,0,0,0,0,0,0,0,0.0947350867142818,0,0,1.4
5800.000000000001,0.6624557171423298,258.0295138464129,321.59761046592,48938.92701424644,0,0,0,0,0,0,0,0,0.1257653373766582,0,0,1.4
5900.0,0.6545334717228012,257.56725291630585,321.2999403961387,48264.20031777317,0,0,0,0,0,0,0,0,0.16585011112385975,0,0,1.4
6000.0,0.6466787584346063,257.1071089141741,321.00314601187114,47596.951483550954,0,0,0,0,0,0,0,0,0.21725774972241485,0,0,1.4
6100.000000000001,0.6388916210838098,256.64908905396953,320.70723156479426,46937.14423066614,0,0,0,0,0,0,0,0,0.2827089063360508,0,0,1.4
6200.0,0.6311720867103873,256.19320051396045,320.4122012715296,46284.74120071989,0,0,0,0,0,0,0,0,0.3654335421444622,0,0,1.4
6300.000000000001,0.623520165939242,255.73945043629888,320.11805931355843,45639.70399641642,0,0,0,0,0,0,0,0,0.46922595622372126,0,0,1.4
6400.0,0.6159358533298634,255.28784592658505,319.82480983715914,45001.99321961873,0,0,0,0,0,0,0,0,0.5984947594099701,0,0,1.4
6500.0,0.6084191277244742,254.8383940534334,319.53245695336983,44371.56850886534,0,0,0,0,0,0,0,0,0.758304056697638,0,0,1.4
6600.000000000001,0.6009699525945253,254.3911018480365,319.2410047379739,43748.38857634229,0,0,0,0,0,0,0,0,0.9544014932892114,0,0,1.4
6700.0,0.5935882763853995,253.94597630373082,318.9504572315126,43132.411244305265,0,0,0,0,0,0,0,0,1.1932282984002387,0,0,1.4
6800.000000000001,0.5862740328591893,253.50302437556033,318.6608184393213,42523.59348094657,0,0,0,0,0,0,0,0,1.4819060879881578,0,0,1.4
6900.0,0.5790271414354218,253.06225297984108,318.3720923315933,41921.891435702935,0,0,0,0,0,0,0,0,1.8281950276673156,0,0,1.4
7000.0,0.5718475075296063,252.62366899372532,318.08428284346985,41327.26047400054,0,0,0,0,0,0,0,0,2.2404180765538775,0,0,1.4
7100.000000000001,0.5647350228894872,252.18727925476517,317.7973938751575,40739.65521143352,0,0,0,0,0,0,0,0,2.7273464943790677,0,0,1.4
7200.0,0.5576895659288855,251.75309056047678,317.51142929207356,40159.02954737354,0,0,0,0,0,0,0,0,3.2980426509998013,0,0,1.4
7300.000000000001,0.5507110020590229,251.3211096679034,317.2263929250189,39585.33669800769,0,0,0,0,0,0,0,0,3.96165746620677,0,0,1.4
7400.0,0.5437991840172226,250.89134329317977,316.9422885703813,39018.52922880338,0,0,0,0,0,0,0,0,4.72718154215258,0,0,1.4
7500.0,0.5369539521928853,250.46379811109512,316.65911999036643,38458.55908639791,0,0,0,0,0,0,0,0,5.603151214985533,0,0,1.4
7600.000000000001,0.5301751349506493,250.03848075465734,316.37689091326024,37905.37762991263,0,0,0,0,0,0,0,0,6.597313295865762,0,0,1.4
7700.0,0.5234625489506395,249.61539781465603,316.0956050337201,37358.93566169024,0,0,0,0,0,0,0,0,7.716255105929333,0,0,1.4
7800.000000000001,0.5168159994657193,249.19455583922667,315.8152660130986,36819.18345745544,0,0,0,0,0,0,0,0,8.96500940769566,0,0,1.4
7900.0,0.5102352806956684,248.77596133341373,315.5358774797968,36286.070795899024,0,0,0,0,0,0,0,0,10.346646833402579,0,0,1.4
8000.0,0.5037201760781996,248.35962075873547,315.2574430296508,35759.546987685826,0,0,0,0,0,0,0,0,11.861871215207705,0,0,1.4
8100.0,0.4972704585967495,247.94554053274692,314.97996622634975,35239.56090388743,0,0,0,0,0,0,0,0,13.508635619219852,0,0,1.4
8200.000000000002,0.49088589108496866,247.53372702860491,314.70345060188663,34726.06100384107,0,0,0,0,0,0,0,0,15.28179865402228,0,0,1.4
8300.0,0.4845662265278467,247.12418657463166,314.4278996570418,34218.99536243587,0,0,0,0,0,0,0,0,17.17284155293472,0,0,1.4
8400.0,0.4783112083594097,246.7169254538803,314.1533168619009,33718.31169682884,0,0,0,0,0,0,0,0,19.169666433005887,0,0,1.4
8500.0,0.47212057075693525,246.31194990369846,313.87970565640524,33223.95739259229,0,0,0,0,0,0,0,0,21.256494873345662,0,0,1.4
8600.0,0.4659940389316274,245.90926611529434,313.60706945093773,32735.879529295686,0,0,0,0,0,0,0,0,23.4138834542838,0,0,1.4
8700.000000000002,0.45993132941570286,245.50888023330216,313.3354116269427,32254.02490552436,0,0,0,0,0,0,0,0,25.618869157348286,0,0,1.4
8800.0,0.45393215034584256,245.11079835534693,313.06473553758013,31778.340063338168,0,0,0,0,0,0,0,0,27.845252631276352,0,0,1.4
8900.0,0.4479962017429638,244.715026531612,312.7950445084167,31308.77131217384,0,0,0,0,0,0,0,0,30.06402145866499,0,0,1.4
9000.0,0.44212317578827387,244.32157076440424,312.5263418381497,30845.264752193798,0,0,0,0,0,0,0,0,32.24390897582052,0,0,1.4
9100.0,0.4363127570955706,243.9304370077219,312.25863079936966,30387.766297086306,0,0,0,0,0,0,0,0,34.352077245158384,0,0,1.4
9200.000000000002,0.4305646229797528,243.54163116682162,311.99191463935676,29936.22169632,0,0,0,0,0,0,0,0,36.354905852849626,0,0,1.4
9300.0,0.42487844372151656,243.1551590977866,311.72619658091435,29490.576556857883,0,0,0,0,0,0,0,0,38.21886173457235,0,0,1.4
9400.0,0.41925388282820447,242.77102660709448,311.46147982323873,29050.776364334637,0,0,0,0,0,0,0,0,39.911419652272095,0,0,1.4
9500.0,0.41369059729079033,242.38923945118714,311.1977675428259,28616.76650370254,0,0,0,0,0,0,0,0,41.40199865831955,0,0,1.4
9600.000000000002,0.40818823783697294,242.00980333603954,310.93506289441405,28188.49227935023,0,0,0,0,0,0,0,0,42.66287723220282,0,0,1.4
9700.000000000002,0.40274644918036784,241.63272391673013,310.6733690119644,27765.89893470002,0,0,0,0,0,0,0,0,43.67004900968288,0,0,1.4
9800.0,0.397364870265775,241.25800679701175,310.41268900967736,27348.931671288443,0,0,0,0,0,0,0,0,44.40398228132381,0,0,1.4
9900.0,0.39204313451051725,240.88565752888292,310.15302598304737,26937.53566733582,0,0,0,0,0,0,0,0,44.850249722453555,0,0,1.4
10000.0,0.38678087004183376,240.51568161215997,309.8943830099531,26531.65609580999,0,0,0,0,0,0,0,0,45.0,0,0,1.4
10100.000000000002,0.3815776999303278,240.14808449405024,309.63676315178645,26131.238141990452,0,0,0,0,0,0,0,0,44.85024972245355,0,0,1.4
10200.000000000002,0.3764332424194598,239.78287156872548,309.3801694546174,25736.227020538103,0,0,0,0,0,0,0,0,44.4039822813238,0,0,1.4
10300.0,0.3713471111510861,239.4200481768962,309.1246049503961,25346.567992076914,0,0,0,0,0,0,0,0,43.67004900968286,0,0,1.4
10400.0,0.3663189153870425,239.0596196053872,308.8700726581926,24962.206379293486,0,0,0,0,0,0,0,0,42.662877232202796,0,0,1.4
10500.0,0.36134826022677874,238.7015910867134,308.61657558547233,24583.08758256072,0,0,0,0,0,0,0,0,41.40199865831955,0,0,1.4
10600.000000000002,0.35643474682104337,238.3459677986572,308.36411672940915,24209.157095091654,0,0,0,0,0,0,0,0,39.911419652272066,0,0,1.4
10700.000000000002,0.3515779725816312,237.99275486384582,308.11269907823436,23840.36051763005,0,0,0,0,0,0,0,0,38.21886173457232,0,0,1.4
10800.0,0.34677753138720047,237.6419573493309,307.8623256126223,23476.64357268413,0,0,0,0,0,0,0,0,36.35490585284959,0,0,1.4
10900.0,0.34203301378516954,237.29358026616754,307.6129993071115,23117.952118309735,0,0,0,0,0,0,0,0,34.352077245158384,0,0,1.4
11000.0,0.33734400718970936,236.94762856899575,307.3647231315626,22764.23216144992,0,0,0,0,0,0,0,0,32.24390897582052,0,0,1.4
11100.000000000002,0.33271009607584423,236.604107155622,307.11750005265,22415.429870837186,0,0,0,0,0,0,0,0,30.064021458664953,0,0,1.4
11200.000000000002,0.3281308621696779,236.2630208666019,306.8713330353902,22071.491589465346,0,0,0,0,0,0,0,0,27.845252631276313,0,0,1.4
11300.0,0.32360588463476486,235.92437448482505,306.62622504470414,21732.36384663771,0,0,0,0,0,0,0,0,25.618869157348247,0,0,1.4
11400.0,0.31913474025464433,235.58817273509914,306.38217904701315,21397.993369598127,0,0,0,0,0,0,0,0,23.4138834542838,0,0,1.4
11500.0,0.3147170036115612,235.25442028373723,306.13919801186984,21068.327094752214,0,0,0,0,0,0,0,0,21.256494873345662,0,0,1.4
11600.000000000002,0.3103522472613965,234.92312173814423,305.8972849136207,20743.3121784851,0,0,0,0,0,0,0,0,19.169666433005855,0,0,1.4
11700.000000000002,0.30604004190483036,234.59428164640647,305.65644273310266,20422.896007582924,0,0,0,0,0,0,0,0,17.172841552934685,0,0,1.4
11800.0,0.3017799565547649,234.26790449688147,305.4166744593715,20107.026209264834,0,0,0,0,0,0,0,0,15.28179865402225,0,0,1.4
11900.0,0.29757155870003354,233.9439947177887,305.17798309146036,19795.65066083222,0,0,0,0,0,0,0,0,13.508635619219852,0,0,1.4
12000.0,0.29341441446542754,233.62255667680247,304.9403716401703,19488.7174989426,0,0,0,0,0,0,0,0,11.861871215207705,0,0,1.4
12100.000000000002,0.2893080887680655,233.30359468064609,304.70384312989074,19186.17512851453,0,0,0,0,0,0,0,0,10.34664683340255,0,0,1.4
12200.000000000002,0.2852521454701409,232.98711297468668,304.468400600448,18887.972231270753,0,0,0,0,0,0,0,0,8.96500940769564,0,0,1.4
12300.0,0.28124614752807586,232.67311574253176,304.23404710898336,18594.057773926354,0,0,0,0,0,0,0,0,7.716255105929322,0,0,1.4
12400.0,0.2772896571381177,232.36160710562794,304.0007857318583,18304.38101602898,0,0,0,0,0,0,0,0,6.597313295865752,0,0,1.4
12500.0,0.2733822358784095,232.05259112285978,303.76861956658564,18018.891517457763,0,0,0,0,0,0,0,0,5.603151214985533,0,0,1.4
12600.000000000002,0.26952344484757057,231.7460717901514,303.53755173378744,17737.53914558803,0,0,0,0,0,0,0,0,4.727181542152563,0,0,1.4
12700.000000000002,0.2657128447998245,231.44205304006852,303.3075853791764,17460.274082128497,0,0,0,0,0,0,0,0,3.961657466206758,0,0,1.4
12800.0,0.26194999627670557,231.1405387414229,303.07872367556166,17187.046829637657,0,0,0,0,0,0,0,0,3.298042650999795,0,0,1.4
12900.0,0.25823445973538944,230.84153269887818,302.8509698248771,16917.80821772651,0,0,0,0,0,0,0,0,2.727346494379063,0,0,1.4
13000.0,0.2545657956736778,230.5450386525568,302.62432706023026,16652.509408953774,0,0,0,0,0,0,0,0,2.2404180765538775,0,0,1.4
13100.000000000002,0.25094356475168156,230.25106027764912,302.39879864797183,16391.10190442081,0,0,0,0,0,0,0,0,1.8281950276673091,0,0,1.4
13200.000000000002,0.24736732791023858,229.9596011840243,302.17438788978484,16133.537549072666,0,0,0,0,0,0,0,0,1.4819060879881518,0,0,1.4
13300.0,0.24383664648610737,229.67066491584222,301.95109812479,15879.768536711712,0,0,0,0,0,0,0,0,1.1932282984002365,0,0,1.4
13400.0,0.24035108232397712,229.38425495116795,301.7289327316687,15629.747414730768,0,0,0,0,0,0,0,0,0.9544014932892098,0,0,1.4
13500.0,0.23691019788533388,229.10037470158707,301.5078951308002,15383.427088571827,0,0,0,0,0,0,0,0,0.758304056697638,0,0,1.4
13600.000000000002,0.23351355635422552,228.81902751182386,301.287988786413,15140.760825917167,0,0,0,0,0,0,0,0,0.598494759409968,0,0,1.4
13700.000000000002,0.23016072173996693,228.5402166593603,301.06921720874755,14901.702260618973,0,0,0,0,0,0,0,0,0.46922595622371915,0,0,1.4
13800.0,0.22685125897682606,228.26394535405785,300.8515839562307,14666.20539637395,0,0,0,0,0,0,0,0,0.36543354214446155,0,0,1.4
13900.0,0.22358473402073678,227.99021673778012,300.63509263765746,14434.224610149153,0,0,0,0,0,0,0,0,0.28270890633605,0,0,1.4
14000.0,0.2203607139430767,227.7190338840181,300.41974691438236,14205.714655365191,0,0,0,0,0,0,0,0,0.21725774972241485,0,0,1.4
14100.000000000002,0.21717876702155603,227.45039979751763,300.20555050251465,13980.63066484298,0,0,0,0,0,0,0,0,0.16585011112385886,0,0,1.4
14200.000000000002,0.21403846282826078,227.18431741390748,299.9925071751186,13758.928153520139,0,0,0,0,0,0,0,0,0.12576533737665763,0,0,1.4
14300.0,0.2109393723148914,226.9207895993315,299.7806207644168,13540.563020943015,0,0,0,0,0,0,0,0,0.09473508671428162,0,0,1.4
14400.0,0.20788106789524244,226.65981915008064,299.56989516399227,13325.491553540132,0,0,0,0,0,0,0,0,0.07088681395969317,0,0,1.4
14500.0,0.20486312352496538,226.40140879222852,299.36033433099107,13113.670426683131,0,0,0,0,0,0,0,0,0.05268958293560285,0,0,1.4
14600.000000000002,0.20188511477866025,226.14556118126885,299.15194228832127,12905.056706540907,0,0,0,0,0,0,0,0,0.03890350834671192,0,0,1.4
14700.000000000002,0.19894661892433724,225.8922789017539,298.9447231268465,12699.607851732466,0,0,0,0,0,0,0,0,0.028533659783342127,0,0,1.4
14800.0,0.19604721499529396,225.64156446693673,298.7386810075736,12497.281714784434,0,0,0,0,0,0,0,0,0.020788870445174256,0,0,1.4
14900.0,0.19318648385945217,225.3934203184142,298.5338201638301,12298.036543398555,0,0,0,0,0,0,0,0,0.015045582633978134,0,0,1.4
15000.0,0.19036400828619554,225.14784882577337,298.3301449034325,12101.830981534698,0,0,0,0,0,0,0,0,0.010816626438878133,0,0,1.4
15100.000000000002,0.18757937301075542,224.9048522862388,298.12765961083943,11908.624070314789,0,0,0,0,0,0,0,0,0.007724659690103829,0,0,1.4
15200.000000000002,0.1848321647961849,224.66443292432334,297.92636874929207,11718.375248752951,0,0,0,0,0,0,0,0,0.005479886754006539,0,0,1.4
15300.0,0.18212197249296788,224.42659289148057,297.7262768629355,11531.044354317175,0,0,0,0,0,0,0,0,0.003861610928555758,0,0,1.4
15400.0,0.17944838709630237,224.1913342657596,297.52738857892206,11346.591623327417,0,0,0,0,0,0,0,0,0.0027031500246046214,0,0,1.4
15500.0,0.17681100180110657,223.95865905146215,297.3297086094919,11164.97769119555,0,0,0,0,0,0,0,0,0.0018796478311141982,0,0,1.4
15600.000000000002,0.17420941205478524,223.72856917880225,297.13324175403096,10986.16359251184,0,0,0,0,0,0,0,0,0.0012983372864586154,0,0,1.4
15700.000000000002,0.17164321560780366,223.5010665035682,296.93799290110235,10810.110760983045,0,0,0,0,0,0,0,0,0.0008908473137390681,0,0,1.4
15800.0,0.16911201256210892,223.27615280678728,296.74396703044937,10636.781029226846,0,0,0,0,0,0,0,0,0.0006071887598118428,0,0,1.4
15900.0,0.16661540541744174,223.0538297943916,296.5511692149674,10466.136628427312,0,0,0,0,0,0,0,0,0.00041110132394862436,0,0,1.4
16000.0,0.1641529991155824,222.83409909688834,296.35960462264416,10298.140187856285,0,0,0,0,0,0,0,0,0.00027648955589976946,0,0,1.4
16100.000000000002,0.16172440108256947,222.6169622690312,296.16927851846316,10132.754734264874,0,0,0,0,0,0,0,0,0.00018471973203705293,0,0,1.4
16200.0,0.15932922126893673,222.40242078949467,295.98019626627007,9969.943691149923,0,0,0,0,0,0,0,0,0.00012258929637150494,0,0,1.4
16300.0,0.15696707218800646,222.1904760605508,295.7923633305988,9809.670877899545,0,0,0,0,0,0,0,0,8.081584499577935e-05,0,0,1.4
16400.000000000004,0.15463756895228087,221.98112940774897,295.6057852784547,9651.900508822206,0,0,0,0,0,0,0,0,5.292308930334432e-05,0,0,1.4
16500.0,0.15234032930797445,221.7743820795975,295.42046778105305,9496.597192063593,0,0,0,0,0,0,0,0,3.4426950912680065e-05,0,0,1.4
16600.0,0.15007497366772346,221.57023524724883,295.2364166155098,9343.725928415293,0,0,0,0,0,0,0,0,2.2246240938048203e-05,0,0,1.4
16700.0,0.1478411251415166,221.3686900041861,295.0536376664817,9193.252110019454,0,0,0,0,0,0,0,0,1.4279710939880352e-05,0,0,1.4
16800.0,0.14563840956588386,221.16974736591388,294.8721369277549,9045.141518973422,0,0,0,0,0,0,0,0,9.105145692289083e-06,0,0,1.4
16900.000000000004,0.14346645553138315,220.97340826965066,294.69192050377785,8899.360325838134,0,0,0,0,0,0,0,0,5.767121299170889e-06,0,0,1.4
17000.0,0.1413248944084247,220.77967357402397,294.51299461113615,8755.875088054208,0,0,0,0,0,0,0,0,3.6285739302258537e-06,0,0,1.4
17100.0,0.13921336037146975,220.58854405876886,294.33536557996825,8614.652748269396,0,0,0,0,0,0,0,0,2.2678669370226193e-06,0,0,1.4
17200.0,0.1371314904216439,220.40002042442885,294.15903985531764,8475.66063258113,0,0,0,0,0,0,0,0,1.4080039283237137e-06,0,0,1.4
17300.0,0.13507892440779953,220.21410329205952,293.9840239984205,8338.866448697578,0,0,0,0,0,0,0,0,8.683501165241276e-07,0,0,1.4
17400.000000000004,0.1330553050460686,220.03079320293523,293.8103246879249,8204.238284020965,0,0,0,0,0,0,0,0,5.319742007757909e-07,0,0,1.4
17500.0,0.13106027793793787,219.85009061825852,293.63794872104023,8071.744603656263,0,0,0,0,0,0,0,0,3.2373598636464224e-07,0,0,1.4
17600.0,0.12909349158688674,219.6719959188723,293.4669030146136,7941.354248348853,0,0,0,0,0,0,0,0,1.957023716990233e-07,0,0,1.4
17700.0,0.12715459741362198,219.4965094049752,293.2971946061312,7813.036432354301,0,0,0,0,0,0,0,0,1.1751840896833928e-07,0,0,1.4
17800.0,0.1252432497699432,219.3236312958396,293.1288306546413,7686.7607412433645,0,0,0,0,0,0,0,0,7.010038784167325e-08,0,0,1.4
17900.000000000004,0.12335910595127811,219.1533617295327,292.9618184415977,7562.497129645549,0,0,0,0,0,0,0,0,4.153743186620566e-08,0,0,1.4
18000.0,0.1215018262079172,218.98570076264053,292.79616537161934,7440.215918933985,0,0,0,0,0,0,0,0,2.4449138824125047e-08,0,0,1.4
18100.0,0.11967107375498508,218.82064836999493,292.6318789731656,7319.887794854756,0,0,0,0,0,0,0,0,1.4295264473418787e-08,0,0,1.4
18200.0,0.11786651478118168,218.6582044444035,292.46896689912376,7201.483805103559,0,0,0,0,0,0,0,0,8.302818150544848e-09,0,0,1.4
18300.0,0.11608781845632478,218.49836879638272,292.30743692730533,7084.975356852374,0,0,0,0,0,0,0,0,4.790309357580476e-09,0,0,1.4
18400.000000000004,0.11433465693772815,218.34114115389428,292.1472969608518,6970.334214229057,0,0,0,0,0,0,0,0,2.7454042358295844e-09,0,0,1.4
18500.0,0.1126067053754465,218.18652116208366,291.9885550285434,6857.5324957523435,0,0,0,0,0,0,0,0,1.5629811533721917e-09,0,0,1.4
18600.0,0.11090364191641906,218.03450838302254,291.8312192850121,6746.542671724998,0,0,0,0,0,0,0,0,8.839056024399106e-10,0,0,1.4
18700.0,0.10922514770754353,217.8851022954548,291.6752980108549,6637.337561587611,0,0,0,0,0,0,0,0,4.965497131677306e-10,0,0,1.4
18800.0,0.10757090689770982,217.73830229454416,291.520799612645,6529.890331235394,0,0,0,0,0,0,0,0,2.7709219156962697e-10,0,0,1.4
18900.000000000004,0.10594060663882565,217.59410769162622,291.3677326228393,6424.174490300546,0,0,0,0,0,0,0,0,1.5359976217392356e-10,0,0,1.4
19000.0,0.10433393708586126,217.4525177139632,291.2161056995798,6320.163889402311,0,0,0,0,0,0,0,0,8.457879674425875e-11,0,0,1.4
19100.0,0.10275059139594456,217.31353150450244,291.0659276263871,6217.832717367171,0,0,0,0,0,0,0,0,4.6263359317876776e-11,0,0,1.4
19200.000000000004,0.10119026572653526,217.17714812163632,290.91720731174263,6117.155498421248,0,0,0,0,0,0,0,0,2.513723649167395e-11,0,0,1.4
19300.0,0.09965265923270447,217.04336653896843,290.76995378856003,6018.107089357093,0,0,0,0,0,0,0,0,1.3567586543877686e-11,0,0,1.4
19400.000000000004,0.09813747406354956,216.91218564508,290.62417621354126,5920.662676676902,0,0,0,0,0,0,0,0,7.2743195232920685e-12,0,0,1.4
19500.0,0.09664441535777059,216.7836042433014,290.4798838664169,5824.797773714211,0,0,0,0,0,0,0,0,3.8742429360098155e-12,0,0,1.4
19600.0,0.0951731912384353,216.6576210514861,290.3370861490684,5730.488217735956,0,0,0,0,0,0,0,0,2.0496798407275914e-12,0,0,1.4
19700.000000000004,0.0937235128069591,216.5342347017888,290.1957925845312,5637.710167026864,0,0,0,0,0,0,0,0,1.0771840472280018e-12,0,0,1.4
19800.0,0.09229509413632585,216.4134437404459,290.0560128158755,5546.440097957907,0,0,0,0,0,0,0,0,5.62339382649724e-13,0,0,1.4
19900.000000000004,0.0908876522635741,216.29524662755952,289.91775660496455,5456.654802040633,0,0,0,0,0,0,0,0,2.9161629638910925e-13,0,0,1.4
20000.0,0.0895009071815758,216.17964173688577,289.7810338310887,5368.331382969159,0,0,0,0,0,0,0,0,1.5022070079142493e-13,0,0,1.4
20100.0,0.08813458183012898,216.06662735562492,289.64585448947264,5281.447253651329,0,0,0,0,0,0,0,0,7.686922115607711e-14,0,0,1.4
20200.000000000004,0.08678840208639087,215.95620168421672,289.51222868965596,5195.980133230807,0,0,0,0,0,0,0,0,3.907328106500196e-14,0,0,1.4
20300.0,0.08546209675467371,215.84836283613706,289.3801666537443,5111.908044101523,0,0,0,0,0,0,0,0,1.9729314025733617e-14,0,0,1.4
20400.000000000004,0.08415539755562619,215.74310883770016,289.2496787145315,5029.209308916046,0,0,0,0,0,0,0,0,9.895751774397144e-15,0,0,1.4
20500.0,0.0828680391148242,215.6404376278625,289.1207753134896,4947.86254758933,0,0,0,0,0,0,0,0,4.930492514968065e-15,0,0,1.4
20600.0,0.08159975895079129,215.54034705803141,288.99346699862787,4867.846674299163,0,0,0,0,0,0,0,0,2.4402623434861218e-15,0,0,1.4
20700.000000000004,0.08035029746247285,215.44283489187598,288.8677644222179,4789.140894484781,0,0,0,0,0,0,0,0,1.1997408214574303e-15,0,0,1.4
20800.0,0.07911939791618268,215.34789880514313,288.74367833838573,4711.724701844837,0,0,0,0,0,0,0,0,5.859263878383647e-16,0,0,1.4
20900.000000000004,0.07790680643204416,215.25553638547487,288.6212196005689,4635.577875336001,0,0,0,0,0,0,0,0,2.842519038273592e-16,0,0,1.4
21000.0,0.07671227196994707,215.16574513223162,288.5003991588384,4560.6804761735,0,0,0,0,0,0,0,0,1.3698354790466142e-16,0,0,1.4
21100.0,0.07553554631503757,215.07852245631682,288.38122805708514,4487.01284483457,0,0,0,0,0,0,0,0,6.557497625596502e-17,0,0,1.4
21200.000000000004,0.07437638406276399,214.99386568000665,288.2637174300702,4414.555598066162,0,0,0,0,0,0,0,0,3.1182618191629835e-17,0,0,1.4
21300.0,0.07323454260349392,214.9117720367823,288.1478785003388,4343.289625897733,0,0,0,0,0,0,0,0,1.472962586061965e-17,0,0,1.4
21400.000000000004,0.07210978210672488,214.83223867116678,288.03372257499774,4273.196088660397,0,0,0,0,0,0,0,0,6.911551648041379e-18,0,0,1.4
21500.0,0.0710018655049036,214.75526263856406,287.92126104235626,4204.256414013228,0,0,0,0,0,0,0,0,3.2215442660762762e-18,0,0,1.4
21600.0,0.06991055847687372,214.68084090510297,287.8105053684302,4136.452293977764,0,0,0,0,0,0,0,0,1.491617095336405e-18,0,0,1.4
21700.000000000004,0.06883562943096866,214.60897034748393,287.70146709331016,4069.7656819816393,0,0,0,0,0,0,0,0,6.860492668037124e-19,0,0,1.4
21800.0,0.06777684948776674,214.53964775283012,287.5941578273936,4004.1787899121573,0,0,0,0,0,0,0,0,3.134425561498924e-19,0,0,1.4
21900.000000000004,0.06673399246252432,214.47286981854094,287.4885892474807,3939.674085180636,0,0,0,0,0,0,0,0,1.4225427272862434e-19,0,0,1.4
22000.0,0.06570683484730473,214.40863315215083,287.38477309273674,3876.2342877984197,0,0,0,0,0,0,0,0,6.413238372334208e-20,0,0,1.4
22100.0,0.06469515579281726,214.34693427119007,287.2827211605182,3813.842367465183,0,0,0,0,0,0,0,0,2.8720642333771485e-20,0,0,1.4
22200.000000000004,0.0636987370899832,214.28776960305063,287.182445302067,3752.481540670414,0,0,0,0,0,0,0,0,1.2776609409282201e-20,0,0,1.4
22300.0,0.06271736315124164,214.23113548485415,287.08395741807124,3692.135267808568,0,0,0,0,0,0,0,0,5.646011928960303e-21,0,0,1.4
22400.000000000004,0.06175082099161227,214.17702816332587,286.9872694540956,3632.787250308787,0,0,0,0,0,0,0,0,2.4784072335467677e-21,0,0,1.4
22500.0,0.06079890020952806,214.12544379466976,286.8923933958803,3574.421427779624,0,0,0,0,0,0,0,0,1.0807077054022165e-21,0,0,1.4
22600.0,0.059861392967451535,214.0763784444491,286.7993412645118,3517.0219751694603,0,0,0,0,0,0,0,0,4.681106603131207e-22,0,0,1.4
22700.000000000004,0.058938093972289274,214.02982808746978,286.70812511146687,3460.5732999431816,0,0,0,0,0,0,0,0,2.014157919922342e-22,0,0,1.4
22800.0,0.05802880045561703,213.98578860766807,286.61875701352994,3405.0600392756337,0,0,0,0,0,0,0,0,8.608811702776076e-23,0,0,1.4
22900.000000000004,0.05713331215372831,213.94425579800145,286.5312490675874,3350.4670572623477,0,0,0,0,0,0,0,0,3.655086023014819e-23,0,0,1.4
23000.0,0.05625143128752003,213.90522536034356,286.44561338529974,3296.7794421480976,0,0,0,0,0,0,0,0,1.5415467497115075e-23,0,0,1.4
23100.0,0.05538296254222535,213.868692905383,286.36186208765355,3243.9825035736044,0,0,0,0,0,0,0,0,6.4583339902929096e-24,0,0,1.4
23200.000000000004,0.05452771304700849,213.83465395252531,286.2800072993966,3192.061769841007,0,0,0,0,0,0,0,0,2.687750831171217e-24,0,0,1.4
23300.0,0.053685492354429924,213.80310392979945,286.2000611433572,3141.002985198301,0,0,0,0,0,0,0,0,1.111123191883732e-24,0,0,1.4
23400.000000000004,0.05285611241979549,213.7740381737677,286.1220357346508,3090.792107143276,0,0,0,0,0,0,0,0,4.562891307635961e-25,0,0,1.4
23500.0,0.05203938758039958,213.7474519294386,286.0459431747766,3041.4153037472383,0,0,0,0,0,0,0,0,1.861327261356547e-25,0,0,1.4
23600.0,0.051235134534672384,213.72334035018562,285.97179554560705,2992.8589509988647,0,0,0,0,0,0,0,0,7.54240860228173e-26,0,0,1.4
23700.000000000004,0.050443172321242666,213.70169849766697,285.8996049032721,2945.1096301684865,0,0,0,0,0,0,0,0,3.03600216997802e-26,0,0,1.4
23800.0,0.049663322297925076,213.68252134175154,285.82938327194347,2898.154125193119,0,0,0,0,0,0,0,0,1.213944418255938e-26,0,0,1.4
23900.000000000004,0.04889540812064193,213.66580376044777,285.76114263751964,2851.9794200824554,0,0,0,0,0,0,0,0,4.8217005029094034e-27,0,0,1.4
24000.0,0.04813925572228966,213.65154053983542,285.6948949412164,2806.5726963461357,0,0,0,0,0,0,0,0,1.902419823723561e-27,0,0,1.4
24100.0,0.047394693291557675,213.6397263740027,285.630652073066,2761.921330442452,0,0,0,0,0,0,0,0,7.456193979461841e-28,0,0,1.4
24200.000000000004,0.04666155125170992,213.63035586498611,285.56842586532883,2718.0128912487467,0,0,0,0,0,0,0,0,2.9029044209596364e-28,0,0,1.4
24300.0,0.04593966223933637,213.62342352271466,285.50822808582086,2674.835137553655,0,0,0,0,0,0,0,0,1.1226722267525387e-28,0,0,1.4
24400.000000000004,0.04522886108308381,213.61892376495783,285.45007043116095,2632.376015571384,0,0,0,0,0,0,0,0,4.312984770530258e-29,0,0,1.4
24500.0,0.04452898478237385,213.6168509172761,285.39396451994185,2590.6236564781943,0,0,0,0,0,0,0,0,1.6459156463230737e-29,0,0,1.4
24600.0,0.04383987248611494,213.61719921297833,285.33992188582994,2549.5663739711836,0,0,0,0,0,0,0,0,6.23938703670053e-30,0,0,1.4
24700.000000000004,0.043161365471417426,213.61996279307942,285.28795397059633,2509.1926618495227,0,0,0,0,0,0,0,0,2.3495299328933367e-30,0,0,1.4
24800.0,0.04249330712231796,213.62513570626456,285.2380721170852,2469.4911916182614,0,0,0,0,0,0,0,0,8.78870205504893e-31,0,0,1.4
24900.000000000004,0.041835542908520144,213.63271190885484,285.1902875621224,2430.4508101147153,0,0,0,0,0,0,0,0,3.2656768279936576e-31,0,0,1.4
25000.0,0.041187920364159615,213.64268526477997,285.14461142937137,2392.060537157675,0,0,0,0,0,0,0,0,1.205386632813635e-31,0,0,1.4
25100.0,0.040550289066598015,213.65504954555084,285.1010547221371,2354.30956321927,0,0,0,0,0,0,0,0,4.419612984757709e-32,0,0,1.4
25200.000000000004,0.039922500615254486,213.66979843023935,285.0596283161276,2317.1872471197803,0,0,0,0,0,0,0,0,1.6097069314094759e-32,0,0,1.4
25300.0,0.039304408610478854,213.68692550546015,285.0203429521741,2280.6831137452364,0,0,0,0,0,0,0,0,5.823902435302203e-33,0,0,1.4
25400.000000000004,0.038695868632473776,213.70642426535713,284.9832092289171,2244.7868517879515,0,0,0,0,0,0,0,0,2.093081171832426e-33,0,0,1.4
25500.0,0.038096738220270966,213.72828811159292,284.94823759546205,2209.4883115099515,0,0,0,0,0,0,0,0,7.47244547380424e-34,0,0,1.4
25600.0,0.03750687685076715,213.75251035334315,284.9154383440115,2174.777502529319,0,0,0,0,0,0,0,0,2.6499894306808448e-34,0,0,1.4
25700.000000000004,0.03692614591782452,213.77908420729383,284.8848216024767,2140.6445916294097,0,0,0,0,0,0,0,0,9.335341986846623e-35,0,0,1.4
25800.0,0.036354408711442215,213.80800279764262,284.85639732707654,2107.079900591005,0,0,0,0,0,0,0,0,3.26678856206007e-35,0,0,1.4
25900.000000000004,0.035791530397001586,213.83925915610484,284.83017529492804,2074.073904047258,0,0,0,0,0,0,0,0,1.1355768327985049e-35,0,0,1.4
26000.0,0.03523737799459217,213.87284622192192,284.80616509663264,2041.6172273615025,0,0,0,0,0,0,0,0,3.9211795110667405e-36,0,0,1.4
26100.0,0.034691820358421215,213.9087568418748,284.78437612886717,2009.7006445278012,0,0,0,0,0,0,0,0,1.3449979706235828e-36,0,0,1.4
26200.000000000004,0.03415472815631186,213.94698377030076,284.7648175869819,1978.3150760942156,0,0,0,0,0,0,0,0,4.582803508192687e-37,0,0,1.4
26300.0,0.03362597384929415,213.98751966911382,284.7474984576129,1947.4515871087228,0,0,0,0,0,0,0,0,1.5511205375811588e-37,0,0,1.4
26400.000000000004,0.0331054316712926,214.0303571078293,284.73242751131454,1917.1013850877139,0,0,0,0,0,0,0,0,5.215123084620239e-38,0,0,1.4
26500.0,0.032592977608914366,214.07548856359247,284.71961329521787,1887.2558180069946,0,0,0,0,0,0,0,0,1.7417598733398401e-38,0,0,1.4
26600.0,0.03208848938134118,214.1229064212104,284.7090641257197,1857.9063723151692,0,0,0,0,0,0,0,0,5.778521090242461e-39,0,0,1.4
26700.000000000004,0.031591846420329694,214.17260297318774,284.70078808121013,1829.0446709693967,0,0,0,0,0,0,0,0,1.9043634070513484e-39,0,0,1.4
26800.0,0.031102929850322147,214.22457041976722,284.6947929948428,1800.6624714933298,0,0,0,0,0,0,0,0,6.234299414907899e-40,0,0,1.4
26900.000000000004,0.030621622468671183,214.27880086897224,284.6910864473541,1772.751664057162,0,0,0,0,0,0,0,0,2.027356801092658e-40,0,0,1.4
27000.0,0.03014780872598224,214.33528633665563,284.6896757599387,1745.3042695797174,0,0,0,0,0,0,0,0,6.549036693867847e-41,0,0,1.4
27100.0,0.029681374706575933,214.39401874654936,284.6905679871846,1718.3124378524035,0,0,0,0,0,0,0,0,2.1014998467232057e-41,0,0,1.4
27200.000000000004,0.029222208109072913,214.4549899303211,284.6937699100772,1691.7684456849415,0,0,0,0,0,0,0,0,6.698630229831991e-42,0,0,1.4
27300.0,0.028770198227104648,214.5181916276317,284.69928802907447,1665.6646950727388,0,0,0,0,0,0,0,0,2.1210326352389147e-42,0,0,1.4
27400.000000000004,0.028325235930151686,214.58361548619882,284.7071285572624,1639.9937113857738,0,0,0,0,0,0,0,0,6.671344998264021e-43,0,0,1.4
27500.0,0.027887213644512337,214.6512530618632,284.71729741359525,1614.7481415788593,0,0,0,0,0,0,0,0,2.0844148224879745e-43,0,0,1.4
27600.0,0.02745602533440393,214.72109581865834,284.7298002162257,1589.920752423152,0,0,0,0,0,0,0,0,6.469334527840212e-44,0,0,1.4
27700.000000000004,0.02703156648319841,214.7931351288852,284.7446422759327,1565.5044287587564,0,0,0,0,0,0,0,0,1.9945263059231478e-44,0,0,1.4
27800.0,0.02661373407479439,214.86736227318985,284.761828589651,1541.4921717682766,0,0,0,0,0,0,0,0,6.108360100502183e-45,0,0,1.4
27900.000000000004,0.02620242657512786,214.94376844064473,284.78136383410924,1517.8770972711848,0,0,0,0,0,0,0,0,1.8582930311493715e-45,0,0,1.4
28000.0,0.025797543913822715,215.02234472883413,284.80325235958213,1494.6524340388348,0,0,0,0,0,0,0,0,5.615759083108281e-46,0,0,1.4
28100.0,0.025398987465983076,215.1030821439439,284.82749818376215,1471.8115221299818,0,0,0,0,0,0,0,0,1.685805403978485e-46,0,0,1.4
28200.000000000004,0.0250066600341289,215.1859716008531,284.8541049857555,1449.347811246632,0,0,0,0,0,0,0,0,5.027025851145825e-47,0,0,1.4
28300.0,0.02462046583027624,215.2710039232318,284.88307610021064,1427.2548591101,0,0,0,0,0,0,0,0,1.489085034436202e-47,0,0,1.4
28400.000000000004,0.024240310458163206,215.3581698436411,284.9144145115814,1405.5263298570587,0,0,0,0,0,0,0,0,4.381598535072686e-48,0,0,1.4
28500.0,0.02386610089562354,215.4474600036368,284.9481228485322,1384.155992455477,0,0,0,0,0,0,0,0,1.280708730179104e-48,0,0,1.4
28600.0,0.023497745477107854,215.53886495387755,284.98420337848944,1363.1377191402225,0,0,0,0,0,0,0,0,3.718543452106379e-49,0,0,1.4
28700.000000000004,0.023135153876354925,215.6323751542372,285.0226580023463,1342.465483868239,0,0,0,0,0,0,0,0,1.0725068010927852e-49,0,0,1.4
28800.0,0.022778237089212613,215.72798097391833,285.0634882493224,1322.133360793039,0,0,0,0,0,0,0,0,3.072783431782695e-50,0,0,1.4
28900.000000000004,0.022426907416609736,215.8256726915726,285.10669527198655,1302.1355227583947,0,0,0,0,0,0,0,0,8.74517598611621e-51,0,0,1.4
29000.0,0.022081078447680685,215.9254404954237,285.15227984144684,1282.4662398111066,0,0,0,0,0,0,0,0,2.4723494654771884e-51,0,0,1.4
29100.0,0.021740665043041136,216.02727448339246,285.20024234271006,1263.1198777325276,0,0,0,0,0,0,0,0,6.943139099928522e-52,0,0,1.4
29200.000000000004,0.02140558331821839,216.131164663228,285.2505827702192,1244.0908965888748,0,0,0,0,0,0,0,0,1.9368972275128665e-52,0,0,1.4
29300.0,0.021075750627233932,216.2371009526413,285.30330072356975,1225.3738492999594,0,0,0,0,0,0,0,0,5.367375659817066e-53,0,0,1.4
29400.000000000004,0.020751085546340902,216.34507317944244,285.3583954034117,1206.9633802263045,0,0,0,0,0,0,0,0,1.4774817010146898e-53,0,0,1.4
29500.0,0.02043150785791573,216.45507108168135,285.415865607539,1188.854223774409,0,0,0,0,0,0,0,0,4.040051791013907e-54,0,0,1.4
29600.0,0.020116938534504372,216.56708430779392,285.4757097271738,1171.0412030200046,0,0,0,0,0,0,0,0,1.0973785268056069e-54,0,0,1.4
29700.000000000004,0.01980729972302376,216.68110241674873,285.5379257434444,1153.5192283491263,0,0,0,0,0,0,0,0,2.9609473597803274e-55,0,0,1.4
29800.0,0.019502514729117973,216.7971148782009,285.60251122406635,1136.2832961168228,0,0,0,0,0,0,0,0,7.936145448010162e-56,0,0,1.4
29900.000000000004,0.019202508001669987,216.91511107264574,285.66946332022445,1119.3284873233385,0,0,0,0,0,0,0,0,2.112969626835565e-56,0,0,1.4
30000.0,0.01890720511746849,217.03508029158004,285.73877876366356,1102.649966307595,0,0,0,0,0,0,0,0,5.588324201151901e-57,0,0,1.4
30100.0,0.018616532766029946,217.15701173766394,285.8104538639891,1086.2429794577902,0,0,0,0,0,0,0,0,1.4681642200149152e-57,0,0,1.4
30200.000000000004,0.018330418734575867,217.28089452488757,285.88448450617943,1070.1028539389474,0,0,0,0,0,0,0,0,3.831531336676463e-58,0,0,1.4
30300.0,0.01804879189316505,217.4067176787417,285.9608661483156,1054.2249964372459,0,0,0,0,0,0,0,0,9.932871823929411e-59,0,0,1.4
30400.000000000004,0.017771582179980757,217.5344701363905,286.03959381952785,1038.6048919209538,0,0,0,0,0,0,0,0,2.5578907073399337e-59,0,0,1.4
30500.0,0.017498720586772286,217.66414074685017,286.12066211816415,1023.2381024177939,0,0,0,0,0,0,0,0,6.54325492150288e-60,0,0,1.4
30600.0,0.017230139144451127,217.79571827116905,286.2040652101805,1008.1202658085813,0,0,0,0,0,0,0,0,1.6626866136819864e-60,0,0,1.4
30700.000000000004,0.016965770908841077,217.92919138261192,286.28979682775645,993.2470946369524,0,0,0,0,0,0,0,0,4.196929398893228e-61,0,0,1.4
30800.0,0.016705549946581567,218.06454866684874,286.3778502681371,978.6143749350032,0,0,0,0,0,0,0,0,1.0523437600783667e-61,0,0,1.4
30900.000000000004,0.016449411321184933,218.20177862214555,286.46821839270325,964.2179650647203,0,0,0,0,0,0,0,0,2.62112842618743e-62,0,0,1.4
31000.0,0.016197291079245606,218.34086965955927,286.56089362627034,950.0537945749525,0,0,0,0,0,0,0,0,6.485204479338401e-63,0,0,1.4
31100.0,0.01594912623680211,218.481810103138,286.65586795662,936.1178630738568,0,0,0,0,0,0,0,0,1.5939098374520388e-63,0,0,1.4
31200.000000000004,0.01570485476585051,218.62458819012133,286.7531329342602,922.4062391165603,0,0,0,0,0,0,0,0,3.8914238076609225e-64,0,0,1.4
31300.0,0.015464415581008995,218.76919207114665,286.8526796724196,908.9150591079384,0,0,0,0,0,0,0,0,9.437522836966838e-65,0,0,1.4
31400.000000000004,0.015227748526332881,218.91560981045882,286.95449884727446,895.6405262203102,0,0,0,0,0,0,0,0,2.273590275127022e-65,0,0,1.4
31500.0,0.014994794362279566,219.06382938612185,287.0585806984076,882.5789093259036,0,0,0,0,0,0,0,0,5.440904383645407e-66,0,0,1.4
31600.0,0.014765494752822628,219.21383869023586,287.1649150295014,869.7265419439333,0,0,0,0,0,0,0,0,1.2934054547280723e-66,0,0,1.4
31700.000000000004,0.01453979225271425,219.365625529156,287.2734912092634,857.0798212021102,0,0,0,0,0,0,0,0,3.0542387717912616e-67,0,0,1.4
31800.0,0.014317630294895455,219.5191776237161,287.38429817258407,844.6352068124465,0,0,0,0,0,0,0,0,7.164336686063513e-68,0,0,1.4
31900.000000000004,0.014098953178053217,219.67448260945505,287.4973244219277,832.3892200611867,0,0,0,0,0,0,0,0,1.669374179474519e-68,0,0,1.4
32000.0,0.013883706054323739,219.83152803684632,287.61255802895295,820.3384428127084,0,0,0,0,0,0,0,0,3.8639909454061227e-69,0,0,1.4
32100.0,0.013671834917140892,219.99030137153176,287.7299866363649,808.4795165272366,0,0,0,0,0,0,0,0,8.884299928795862e-70,0,0,1.4
32200.000000000004,0.013463286589229339,220.1507899945584,287.8495974599956,796.8091412922292,0,0,0,0,0,0,0,0,2.0291540850867696e-70,0,0,1.4
32300.000000000004,0.013258008710740949,220.31298120261854,287.97137729111233,785.3240748672583,0,0,0,0,0,0,0,0,4.6037480214791e-71,0,0,1.4
32400.0,0.013055949727534157,220.47686220829357,288.0953124989516,774.0211317422616,0,0,0,0,0,0,0,0,1.0375589170352905e-71,0,0,1.4
32500.0,0.012857058879594888,220.6424201403008,288.22138903347786,762.8971822089911,0,0,0,0,0,0,0,0,2.322836772133353e-72,0,0,1.4
32600.0,0.012661286189598312,220.80964204374357,288.34959242836305,751.9491514455174,0,0,0,0,0,0,0,0,5.1657016738119945e-73,0,0,1.4
32700.000000000004,0.012468582451610638,220.97851488036625,288.4799078041881,741.1740186136603,0,0,0,0,0,0,0,0,1.1411550429065412e-73,0,0,1.4
32800.00000000001,0.012278899219929543,221.14902552881014,288.6123198718597,730.5688159691601,0,0,0,0,0,0,0,0,2.5041750810224372e-74,0,0,1.4
32900.0,0.01209218879806282,221.32116078487434,288.7468129362432,720.130627984492,0,0,0,0,0,0,0,0,5.458702537318358e-75,0,0,1.4
33000.0,0.011908404227843372,221.49490736178055,288.8833709000073,709.856590484122,0,0,0,0,0,0,0,0,1.1820037965977765e-75,0,0,1.4
33100.0,0.011727499278680805,221.6702518904387,289.0219772676772,699.7438897921326,0,0,0,0,0,0,0,0,2.542453493974391e-76,0,0,1.4
33200.0,0.0115494284369472,221.84718091971894,289.162615149894,689.7897618920098,0,0,0,0,0,0,0,0,5.432401584797963e-77,0,0,1.4
33300.00000000001,0.011374146895497046,222.02568091672495,289.305267267877,679.9914915984967,0,0,0,0,0,0,0,0,1.1530162293865425e-77,0,0,1.4
33400.0,0.011201610543319713,222.20573826707084,289.44991595808335,670.3464117413479,0,0,0,0,0,0,0,0,2.4309928236303176e-78,0,0,1.4
33500.0,0.011031775955323661,222.38733927516287,289.59654317706514,660.8519023608727,0,0,0,0,0,0,0,0,5.0913931831663445e-79,0,0,1.4
33600.0,0.010864600382251116,222.57047016448203,289.74513050651547,651.5053899150993,0,0,0,0,0,0,0,0,1.0592398232431405e-79,0,0,1.4
33700.0,0.010700041740722303,222.75511707787192,289.8956591585035,642.3043464984576,0,0,0,0,0,0,0,0,2.1890549681289018e-80,0,0,1.4
33800.00000000001,0.010538058603408021,222.94126607782854,290.0481099808915,633.2462890718264,0,0,0,0,0,0,0,0,4.493903448307772e-81,0,0,1.4
33900.0,0.01037861018932945,223.1289031467949,290.20246346293163,624.328778703821,0,0,0,0,0,0,0,0,9.164220097707287e-82,0,0,1.4
34000.0,0.010221656354283952,223.3180141874577,290.3586997410362,615.5494198231784,0,0,0,0,0,0,0,0,1.856401832076833e-82,0,0,1.4
34100.0,0.010067157581396305,223.508585023047,290.51679860471756,606.9058594821425,0,0,0,0,0,0,0,0,3.735538089253706e-83,0,0,1.4
34200.0,0.009915074971793338,223.70060139764033,290.6767395026933,598.3957866306752,0,0,0,0,0,0,0,0,7.466877959477373e-84,0,0,1.4
34300.00000000001,0.009765370235401456,223.8940489764698,290.8385015491516,590.0169314013963,0,0,0,0,0,0,0,0,1.4826192710039356e-84,0,0,1.4
34400.0,0.009618005681866016,224.0889133462316,291.00206353017063,581.767064405133,0,0,0,0,0,0,0,0,2.9243202512193276e-85,0,0,1.4
34500.0,0.009472944211590732,224.28518001539894,291.1674039102884,573.6439960369169,0,0,0,0,0,0,0,0,5.7296082143206944e-86,0,0,1.4
34600.0,0.009330149306896822,224.4828344145397,291.3345008392177,565.6455757923565,0,0,0,0,0,0,0,0,1.1151405906787604e-86,0,0,1.4
34700.0,0.009189585023299985,224.6818618966348,291.50333215869915,557.7696915942117,0,0,0,0,0,0,0,0,2.1559516929295904e-87,0,0,1.4
34800.00000000001,0.00905121598090447,224.88224773740274,291.6738754094898,550.0142691290839,0,0,0,0,0,0,0,0,4.1405032561787385e-88,0,0,1.4
34900.0,0.008915007355913098,225.08397713562445,291.84610783847796,542.3772711940909,0,0,0,0,0,0,0,0,7.898996817162925e-89,0,0,1.4
35000.0,0.008780924872251863,225.2870352134731,292.0200064059225,534.8566970534049,0,0,0,0,0,0,0,0,1.4969091759772081e-89,0,0,1.4
35100.0,0.00864893479330803,225.49140701684752,292.195547792809,527.4505818045377,0,0,0,0,0,0,0,0,2.8178875990541934e-90,0,0,1.4
35200.0,0.008519003913780765,225.697077515707,292.37270840831604,520.1569957542614,0,0,0,0,0,0,0,0,5.269344398370651e-91,0,0,1.4
35300.00000000001,0.008391099551642824,225.9040316044105,292.5514643973882,512.9740438040409,0,0,0,0,0,0,0,0,9.788005543030815e-92,0,0,1.4
35400.0,0.008265189540212341,226.11225410205896,292.7317916484081,505.8998648448671,0,0,0,0,0,0,0,0,1.8060781236409956e-92,0,0,1.4
35500.0,0.00814124222033358,226.32172975284166,292.91366580096314,498.9326311613887,0,0,0,0,0,0,0,0,3.3104235377143446e-93,0,0,1.4
35600.0,0.008019226432665338,226.5324432263836,293.09706225369865,492.0705478452048,0,0,0,0,0,0,0,0,6.027473278970636e-94,0,0,1.4
35700.0,0.007899111510076011,226.74437911809767,293.2819561722529,485.3118522172336,0,0,0,0,0,0,0,0,1.0901637320795394e-94,0,0,1.4
35800.00000000001,0.007780867270144057,226.95752194954025,293.4683224972697,478.6548132590331,0,0,0,0,0,0,0,0,1.9586321054385168e-95,0,0,1.4
35900.0,0.007664464007762775,227.17185616876776,293.6561359524776,472.09773105296415,0,0,0,0,0,0,0,0,3.495575702497881e-96,0,0,1.4
36000.0,0.007549872487848218,227.38736615070076,293.84537105283664,465.63893623110005,0,0,0,0,0,0,0,0,6.197110759223667e-97,0,0,1.4
36100.0,0.007437063938149109,227.6040361974855,294.03600211273834,459.27678943275475,0,0,0,0,0,0,0,0,1.0913511439425159e-97,0,0,1.4
36200.0,0.007326010042157651,227.82185053886425,294.228003254261,453.00968077054875,0,0,0,0,0,0,0,0,1.9091693837487868e-98,0,0,1.4
36300.00000000001,0.007216682932120028,228.04079333254396,294.4213484154674,446.8360293048838,0,0,0,0,0,0,0,0,3.3176389252888288e-99,0,0,1.4
36400.0,0.007109055182145561,228.2608486645724,294.61601135874395,440.75428252674243,0,0,0,0,0,0,0,0,5.72688520780633e-100,0,0,1.4
36500.0,0.0070030998014132305,228.4820005497136,294.81196567917164,434.76291584868835,0,0,0,0,0,0,0,0,9.820023827956614e-101,0,0,1.4
36600.0,0.0068987902274747085,228.70423293182958,295.0091848129256,428.86043210399174,0,0,0,0,0,0,0,0,1.6726740089525714e-101,0,0,1.4
36700.0,0.006796100319652524,228.92752968426353,295.2076420456941,423.04536105375246,0,0,0,0,0,0,0,0,2.8301847017541773e-102,0,0,1.4
36800.00000000001,0.00669500435253233,229.15187461022649,295.40731052111477,417.3162589019324,0,0,0,0,0,0,0,0,4.756888294457165e-103,0,0,1.4
36900.0,0.006595477009548324,229.37725144318742,295.60816324921836,411.6717078182052,0,0,0,0,0,0,0,0,7.942108767298247e-104,0,0,1.4
37000.0,0.006497493376660439,229.60364384726628,295.81017311487693,406.11031546850614,0,0,0,0,0,0,0,0,1.3172051234319155e-104,0,0,1.4
37100.0,0.00640102893612251,229.83103541763052,296.01331288624954,400.63071455320437,0,0,0,0,0,0,0,0,2.170079756038489e-105,0,0,1.4
37200.0,0.0063060595603400245,230.05940968089496,296.2175552232197,395.23156235278225,0,0,0,0,0,0,0,0,3.551425292675008e-106,0,0,1.4
37300.00000000001,0.006212561505816702,230.28875009552397,296.4228726858182,389.91154028094303,0,0,0,0,0,0,0,0,5.773436247767867e-107,0,0,1.4
37400.0,0.006120511407188548,230.51904005223705,296.629237742627,384.6693534450372,0,0,0,0,0,0,0,0,9.323323835175492e-108,0,0,1.4
37500.0,0.006029886271344431,230.75026287441867,296.83662277915795,379.5037302137207,0,0,0,0,0,0,0,0,1.4955876399237462e-108,0,0,1.4
37600.0,0.0059406634716322225,230.9824018185312,297.0450001062011,374.413421791758,0,0,0,0,0,0,0,0,2.3831845180784217e-109,0,0,1.4
37700.0,0.005852820742149219,231.21544007452826,297.2543419681349,369.3972018018556,0,0,0,0,0,0,0,0,3.7723169405671116e-110,0,0,1.4
37800.00000000001,0.005766336172115986,231.44936076627613,297.4646205511982,364.4538658734615,0,0,0,0,0,0,0,0,5.9314842617166904e-111,0,0,1.4
37900.0,0.0056811882003325945,231.68414695197345,297.67580799171225,359.5822312384224,0,0,0,0,0,0,0,0,9.264527917344814e-112,0,0,1.4
38000.0,0.005597355609715913,231.9197816245776,297.88787638425276,354.781136333403,0,0,0,0,0,0,0,0,1.4374339887567762e-112,0,0,1.4
38100.0,0.005514817521917523,232.15624771223335,298.1007977897647,350.0494404090087,0,0,0,0,0,0,0,0,2.2154258996471122e-113,0,0,1.4
38200.0,0.005433553392020574,232.39352807870392,298.3145442436144,345.3860231454809,0,0,0,0,0,0,0,0,3.391807927203217e-114,0,0,1.4
38300.00000000001,0.005353543003315036,232.63160552380523,298.5290877635747,340.7897842749071,0,0,0,0,0,0,0,0,5.158340146720352e-115,0,0,1.4
38400.00000000001,0.005274766462150173,232.8704627838457,298.7444003577399,336.2596432098517,0,0,0,0,0,0,0,0,7.792797765583248e-116,0,0,1.4
38500.0,0.005197204192863261,233.1100825320667,298.96045403236343,331.79453867831523,0,0,0,0,0,0,0,0,1.1694496775415771e-116,0,0,1.4
38600.0,0.005120836932783595,233.35044737908743,299.1772207996146,327.393428364942,0,0,0,0,0,0,0,0,1.7433090093510778e-117,0,0,1.4
38700.0,0.005045645727310753,233.5915398733528,299.39467268525027,323.0552885583878,0,0,0,0,0,0,0,0,2.581498720600538e-118,0,0,1.4
38800.00000000001,0.004971611925066227,233.8333425015845,299.61278173619746,318.7791138047673,0,0,0,0,0,0,0,0,3.797293423798213e-119,0,0,1.4
38900.00000000001,0.004898717173117406,234.0758376892366,299.8315200280422,314.5639165670956,0,0,0,0,0,0,0,0,5.548570437344271e-120,0,0,1.4
39000.0,0.004826943412272985,234.31900780095228,300.0508596724201,310.40872689064037,0,0,0,0,0,0,0,0,8.053650031401451e-121,0,0,1.4
39100.0,0.004756272872448861,234.56283514102577,300.2707728243058,306.3125920741057,0,0,0,0,0,0,0,0,1.1612055608624794e-121,0,0,1.4
39200.0,0.0046866880681035354,234.80730195386653,300.4912316891971,302.2745763465615,0,0,0,0,0,0,0,0,1.663145188731471e-122,0,0,1.4
39300.00000000001,0.0046181717937421735,235.05239042446732,300.7122085301891,298.2937605500426,0,0,0,0,0,0,0,0,2.3662243764034963e-123,0,0,1.4
39400.00000000001,0.004550707119488408,235.29808267887677,300.9336756749382,294.3692418277421,0,0,0,0,0,0,0,0,3.344154917094973e-124,0,0,1.4
39500.0,0.0044842773867228075,235.54436078467143,301.1556055225053,290.5001333176982,0,0,0,0,0,0,0,0,4.694848203866486e-125,0,0,1.4
39600.0,0.004418866203787379,235.79120675143636,301.37797055008593,286.68556385192943,0,0,0,0,0,0,0,0,6.547287709180808e-126,0,0,1.4
39700.0,0.004354457441755068,236.03860253124495,301.60074331961255,282.92467766091465,0,0,0,0,0,0,0,0,9.069973115535359e-127,0,0,1.4
39800.00000000001,0.004291035230263276,236.28653001914572,301.8238964842354,279.2166340833479,0,0,0,0,0,0,0,0,1.2481169390016623e-127,0,0,1.4
39900.00000000001,0.004228583953410765,236.5349710536486,302.0474027946723,275.56060728109674,0,0,0,0,0,0,0,0,1.7061187598259563e-128,0,0,1.4
40000.0,0.004167088245716884,236.78390741721898,302.27123510543004,271.955785959284,0,0,0,0,0,0,0,0,2.316690100085406e-129,0,0,1.4
40100.0,0.004106532988142335,237.0333208367706,302.49536638088955,268.40137309141494,0,0,0,0,0,0,0,0,3.124865510626899e-130,0,0,1.4
40200.0,0.004046903304170683,237.2831929841675,302.71976970125894,264.8965856494887,0,0,0,0,0,0,0,0,4.1869658828716045e-131,0,0,1.4
40300.00000000001,0.003988184555949683,237.53350547672426,302.9444182683845,261.4406543390023,0,0,0,0,0,0,0,0,5.5727840860823937e-132,0,0,1.4
40400.00000000001,0.003930362340491629,237.7842398777113,303.169285411423,258.0328233387853,0,0,0,0,0,0,0,0,7.368001662898361e-133,0,0,1.4
40500.0,0.003873422485931943,238.03537769686696,303.3943445923735,254.6723500455958,0,0,0,0,0,0,0,0,9.676803382198564e-134,0,0,1.4
40600.0,0.003817351047845112,238.28690039090932,303.61956941146235,251.35850482339467,0,0,0,0,0,0,0,0,1.2624634748946753e-134,0,0,1.4
40700.0,0.003762134305617319,238.538789364053,303.8449336123838,248.09057075724087,0,0,0,0,0,0,0,0,1.636102208124978e-135,0,0,1.4
40800.00000000001,0.003707758758874745,238.79102596852888,304.0704110873918,244.86784341172142,0,0,0,0,0,0,0,0,2.1062346002274825e-136,0,0,1.4
40900.00000000001,0.0036542111239670307,239.04359150510922,304.29597588224556,241.68963059386752,0,0,0,0,0,0,0,0,2.6934428090260036e-137,0,0,1.4
41000.0,0.00360147833050487,239.29646722363452,304.521602201002,238.55525212046533,0,0,0,0,0,0,0,0,3.421475838153359e-138,0,0,1.4
41100.0,0.0035495475179511404,239.54963432354722,304.74726441066014,235.46403958971266,0,0,0,0,0,0,0,0,4.317416032222627e-139,0,0,1.4
41200.0,0.003498406032264722,239.80307395442267,304.9729370456483,232.41533615713573,0,0,0,0,0,0,0,0,5.411766199225564e-140,0,0,1.4
41300.00000000001,0.003448041422596341,240.05676721651244,305.19859481216434,229.40849631572232,0,0,0,0,0,0,0,0,6.73843207875716e-141,0,0,1.4
41400.00000000001,0.0033984414380355816,240.3106951612844,305.4242125923567,226.4428856801798,0,0,0,0,0,0,0,0,8.334573637219047e-142,0,0,1.4
41500.0,0.0033495940244084145,240.5648387919708,305.6497654483538,223.51788077527016,0,0,0,0,0,0,0,0,1.0240298687824794e-142,0,0,1.4
41600.0,0.0033014873211244787,240.81917906411755,305.87522862613696,220.63286882814785,0,0,0,0,0,0,0,0,1.2498173924286215e-143,0,0,1.4
41700.0,0.003254109658073518,241.07369688613906,306.10057755925845,217.7872475646477,0,0,0,0,0,0,0,0,1.5152531907110713e-144,0,0,1.4
41800.00000000001,0.0032074495525700004,241.3283731198772,306.3257878724045,214.98042500944075,0,0,0,0,0,0,0,0,1.8248558067387693e-145,0,0,1.4
41900.00000000001,0.0031614957063455687,241.583188581162,306.55083538480113,212.21181929001548,0,0,0,0,0,0,0,0,2.18311495107386e-146,0,0,1.4
42000.0,0.0031162370025883163,241.8381240403793,306.7756961134656,209.48085844440683,0,0,0,0,0,0,0,0,2.5943547295438383e-147,0,0,1.4
42100.0,0.0030716625030283917,242.0931602230401,307.0003462763013,206.7869802326174,0,0,0,0,0,0,0,0,3.0625755743007335e-148,0,0,1.4
42200.0,0.0030277614450692296,242.3482778103547,307.224762295038,204.1296319516733,0,0,0,0,0,0,0,0,3.591277585353218e-149,0,0,1.4
42300.00000000001,0.00298452323896374,242.60345743981222,307.44892079801735,201.5082702542517,0,0,0,0,0,0,0,0,4.18326944860717e-150,0,0,1.4
42400.00000000001,0.002941937465034657,242.85867970576092,307.6727986228223,198.92236097080948,0,0,0,0,0,0,0,0,4.8404685886118666e-151,0,0,1.4
42500.0,0.0028999938709387257,243.1139251599966,307.89637281875514,196.37137893518076,0,0,0,0,0,0,0,0,5.563699649314187e-152,0,0,1.4
42600.0,0.0028586823689736593,243.36917431235304,308.11962064916077,193.8548078135517,0,0,0,0,0,0,0,0,6.352499671663404e-153,0,0,1.4
42700.0,0.002817993033427665,243.6244076312963,308.34251959359784,191.37213993678586,0,0,0,0,0,0,0,0,7.204939344255331e-154,0,0,1.4
42800.00000000001,0.0027779160979705514,243.87960554452476,308.5650473498595,188.92287613601943,0,0,0,0,0,0,0,0,8.117470334805331e-155,0,0,1.4
42900.00000000001,0.0027384419530860297,244.13474843957167,308.7871818358425,186.50652558148343,0,0,0,0,0,0,0,0,9.084808868690346e-156,0,0,1.4
43000.0,0.0026995611435445288,244.38981666441535,309.0089011912692,184.1226056244965,0,0,0,0,0,0,0,0,1.0099865327379477e-156,0,0,1.4
43100.0,0.002661264365915827,244.64479052808795,309.2301837792583,181.77064164255904,0,0,0,0,0,0,0,0,1.1153728643533093e-157,0,0,1.4
43200.0,0.0026235424661211685,244.8996503012957,309.4510081877535,179.45016688752332,0,0,0,0,0,0,0,0,1.2235712655615712e-158,0,0,1.4
43300.00000000001,0.0025863864370239383,245.1543762170376,309.6713532308025,177.160722336751,0,0,0,0,0,0,0,0,1.3333469378983309e-159,0,0,1.4
43400.00000000001,0.00254978741605857,245.40894847123297,309.89119794969645,174.9018565472317,0,0,0,0,0,0,0,0,1.4433171423098124e-160,0,0,1.4
43500.0,0.0025137366828970335,245.66334722335037,310.11052161396407,172.67312551259772,0,0,0,0,0,0,0,0,1.5519762650067951e-161,0,0,1.4
43600.0,0.0024782256571522897,245.9175525970439,310.3293037222279,170.47409252298533,0,0,0,0,0,0,0,0,1.6577272782698082e-162,0,0,1.4
43700.0,0.0024432458961182696,246.17154468079056,310.5475240029202,168.30432802769351,0,0,0,0,0,0,0,0,1.758918821755726e-163,0,0,1.4
43800.00000000001,0.0024087890925457074,246.42530352853643,310.7651624148635,166.16340950058753,0,0,0,0,0,0,0,0,1.8538867988032156e-164,0,0,1.4
43900.00000000001,0.0023748470724533777,246.67880916034622,310.9821991477169,164.05092130820017,0,0,0,0,0,0,0,0,1.9409990869554078e-165,0,0,1.4
44000.0,0.002341411792974126,246.93204156305399,311.1986146222868,161.9664545804736,0,0,0,0,0,0,0,0,2.0187017230991515e-166,0,0,1.4
44100.0,0.0023084753402352505,247.18498069092593,311.41438949071096,159.90960708410734,0,0,0,0,0,0,0,0,2.0855647595086426e-167,0,0,1.4
44200.0,0.002276029927272634,247.4376064663199,311.62950463651026,157.87998309844892,0,0,0,0,0,0,0,0,2.1403259120103495e-168,0,0,1.4
44300.00000000001,0.002244067891978198,247.68989878035686,311.84394117451734,155.87719329389458,0,0,0,0,0,0,0,0,2.1819301444313108e-169,0,0,1.4
44400.00000000001,0.002212581695080044,247.94183749359323,312.0576804506793,153.90085461273816,0,0,0,0,0,0,0,0,2.2095634573888712e-170,0,0,1.4
44500.0,0.0021815639181549406,248.19340243669802,312.2707040417382,151.95059015243555,0,0,0,0,0,0,0,0,2.2226793704247494e-171,0,0,1.4
44600.0,0.0021510072616725195,248.44457341114037,312.48299375479576,150.026029051232,0,0,0,0,0,0,0,0,2.2210168941019638e-172,0,0,1.4
44700.0,0.002120904543070837,248.69533018987383,312.6945316267559,148.12680637611012,0,0,0,0,0,0,0,0,2.2046091664366487e-173,0,0,1.4
44800.00000000001,0.0020912486948626444,248.94565251803363,312.90529992365776,146.25256301301093,0,0,0,0,0,0,0,0,2.1737823544397946e-174,0,0,1.4
44900.00000000001,0.002062032762772126,249.19552011363444,313.1152811398937,144.4029455592933,0,0,0,0,0,0,0,0,2.1291448716341121e-175,0,0,1.4
45000.0,0.0020332499039013483,249.44491266827518,313.3244579973189,142.57760621837278,0,0,0,0,0,0,0,0,2.0715674094752692e-176,0,0,1.4
45100.0,0.0020048933849262595,249.69380984785002,313.53281344425585,140.77620269651774,0,0,0,0,0,0,0,0,2.0021546981609643e-177,0,0,1.4
45200.0,0.0019769565803215926,249.94219129326194,313.7403306543916,138.998398101745,0,0,0,0,0,0,0,0,1.9222102760510526e-178,0,0,1.4
45300.00000000001,0.001949432970614244,250.19003662114596,313.9469930255769,137.24386084477973,0,0,0,0,0,0,0,0,1.8331958362909466e-179,0,0,1.4
45400.00000000001,0.0019223161406648136,250.4373254245931,314.1527841785241,135.51226454204306,0,0,0,0,0,0,0,0,1.7366869190989997e-180,0,0,1.4
45500.0,0.0018955997779766564,250.68403727388645,314.3576879554124,133.8032879206183,0,0,0,0,0,0,0,0,1.6343268194792093e-181,0,0,1.4
45600.0,0.0018692776710322848,250.93015171723428,314.5616884183955,132.11661472516712,0,0,0,0,0,0,0,0,1.5277805806061644e-182,0,0,1.4
45700.0,0.001843343707656433,251.17564828151686,314.7647698480229,130.45193362674775,0,0,0,0,0,0,0,0,1.4186908470662644e-183,0,0,1.4
45800.00000000001,0.0018177918734055632,251.4205064730353,314.9669167415724,128.80893813350363,0,0,0,0,0,0,0,0,1.3086371698554577e-184,0,0,1.4
45900.00000000001,0.001792616249983308,251.66470577826533,315.16811381129656,127.1873265031815,0,0,0,0,0,0,0,0,1.1991001018420304e-185,0,0,1.4
46000.0,0.0017678110136814702,251.90822566462248,315.3683459825911,125.58680165744518,0,0,0,0,0,0,0,0,1.0914311172320145e-186,0,0,1.4
46100.0,0.001743370433846159,252.15104558122295,315.5675983920779,124.00707109794067,0,0,0,0,0,0,0,0,9.868290524615075e-188,0,0,1.4
46200.0,0.0017192888713687448,252.3931449596642,315.76585638562057,122.44784682409382,0,0,0,0,0,0,0,0,8.863234203927507e-189,0,0,1.4
46300.00000000001,0.001695560777201115,252.6345032147988,315.9631055162584,120.90884525258252,0,0,0,0,0,0,0,0,7.907646151254858e-190,0,0,1.4
46400.00000000001,0.0016721806908949974,252.8750997455229,316.1593315420759,119.38978713847055,0,0,0,0,0,0,0,0,7.008207192238432e-191,0,0,1.4
46500.0,0.001649143239164846,253.11491393556838,316.3545204240026,117.890397497954,0,0,0,0,0,0,0,0,6.169803632857751e-192,0,0,1.4
46600.0,0.0016264431344739862,253.35392515429962,316.5486583235479,116.41040553269275,0,0,0,0,0,0,0,0,5.39560880027238e-193,0,0,1.4
46700.0,0.0016040751736436688,253.59211275751994,316.7417316004756,114.94954455569652,0,0,0,0,0,0,0,0,4.6872084746216914e-194,0,0,1.4
46800.00000000001,0.0015820342364846348,253.82945608828174,316.93372681041893,113.50755191872899,0,0,0,0,0,0,0,0,4.0447602994533104e-195,0,0,1.4
46900.00000000001,0.0015603152844508013,254.06593447770516,317.12463070243973,112.08416894119662,0,0,0,0,0,0,0,0,3.467176994521971e-196,0,0,1.4
47000.0,0.0015389133593148707,254.30152724580174,317.31443021653496,110.67914084050123,0,0,0,0,0,0,0,0,2.952323466960837e-197,0,0,1.4
47100.0,0.0015178235818652647,254.5362137023076,317.5031124810932,109.29221666380866,0,0,0,0,0,0,0,0,2.4972186417988625e-198,0,0,1.4
47200.0,0.001497041150624348,254.76997314751796,317.6906648103019,107.92314922122206,0,0,0,0,0,0,0,0,2.0982339098510057e-199,0,0,1.4
47300.00000000001,0.0014765613405873315,255.00278487313648,317.8770747015143,106.5716950203161,0,0,0,0,0,0,0,0,1.7512814117119785e-200,0,0,1.4
47400.00000000001,0.0014563795019817184,255.23462816312392,318.06232983257036,105.23761420201028,0,0,0,0,0,0,0,0,1.4519868330876005e-201,0,0,1.4
47500.0,0.0014364910590468649,255.46548229455752,318.2464180590804,103.92067047774967,0,0,0,0,0,0,0,0,1.1958428786923732e-202,0,0,1.4
47600.0,0.0014168915088333598,255.69532653849924,318.4293274116747,102.62063106796681,0,0,0,0,0,0,0,0,9.783410324715322e-204,0,0,1.4
47700.0,0.001397576420021952,255.9241401608657,318.61104609321535,101.33726664179655,0,0,0,0,0,0,0,0,7.950805308607817e-205,0,0,1.4
47800.00000000001,0.0013785414317616343,256.1519024233108,318.7915624759815,100.07035125801586,0,0,0,0,0,0,0,0,6.418546219789684e-206,0,0,1.4
47900.00000000001,0.001359782252526652,256.3785925841132,318.9708650988248,98.81966230718459,0,0,0,0,0,0,0,0,5.147151249563943e-207,0,0,1.4
48000.0,0.0013412946589921265,256.6041898990695,319.14894266429826,97.58498045495972,0,0,0,0,0,0,0,0,4.100170258036806e-208,0,0,1.4
48100.0,0.0013230744949278908,256.8286736224022,319.32578403576764,96.3660895865548,0,0,0,0,0,0,0,0,3.2444535080974886e-209,0,0,1.4
48200.0,0.00130511767011044,257.0520230076635,319.5013782344946,95.16277675232523,0,0,0,0,0,0,0,0,2.5502685954860224e-210,0,0,1.4
48300.00000000001,0.001287420159252539,257.274217308658,319.67571443671,93.97483211445176,0,0,0,0,0,0,0,0,1.991292206859673e-211,0,0,1.4
48400.00000000001,0.001269978000950269,257.4952357803666,319.8487819706677,92.80204889469597,0,0,0,0,0,0,0,0,1.5445030444153755e-212,0,0,1.4
48500.0,0.0012527872966472315,257.71505767988,320.020570313687,91.64422332320733,0,0,0,0,0,0,0,0,1.1900007818841616e-213,0,0,1.4
48600.0,0.001235844209615671,257.9336622673403,320.1910690891859,90.50115458836007,0,0,0,0,0,0,0,0,9.10773588963809e-215,0,0,1.4
48700.0,0.0012191449639541566,258.151028806892,320.3602680637062,89.37264478759208,0,0,0,0,0,0,0,0,6.924338863105887e-216,0,0,1.4
48800.00000000001,0.0012026858436016204,258.3671365676374,320.5281571439328,88.2584988792254,0,0,0,0,0,0,0,0,5.229388429455225e-217,0,0,1.4
48900.00000000001,0.0011864631913675225,258.58196482460227,320.6947263737097,87.1585246352518,0,0,0,0,0,0,0,0,3.9230892959946344e-218,0,0,1.4
49000.0,0.001170473407977789,258.795492859714,320.8599659310594,86.07253259505525,0,0,0,0,0,0,0,0,2.9235477318851594e-219,0,0,1.4
49100.0,0.0011547129511363255,259.00769996277774,321.0238661251965,85.00033602005001,0,0,0,0,0,0,0,0,2.16419748297529e-220,0,0,1.4
49200.0,0.0011391783346018753,259.21856543247407,321.1864173935544,83.94175084922269,0,0,0,0,0,0,0,0,1.5914327452373326e-221,0,0,1.4
49300.00000000001,0.001123866127279954,259.428068577351,321.34761029880787,82.89659565554807,0,0,0,0,0,0,0,0,1.162477071040143e-222,0,0,1.4
49400.00000000001,0.0011087729523295564,259.6361887168387,321.50743552591393,81.86469160326365,0,0,0,0,0,0,0,0,8.435002286772098e-224,0,0,1.4
49500.0,0.0010938954862845431,259.8429051822627,321.66588387915516,80.84586240598611,0,0,0,0,0,0,0,0,6.079819938110802e-225,0,0,1.4
49600.0,0.0010792304581892802,260.0481973178685,321.8229462791983,79.83993428564177,0,0,0,0,0,0,0,0,4.3531229472346936e-226,0,0,1.4
49700.0,0.0010647746487485038,260.2520444818595,321.9786137601689,78.84673593220748,0,0,0,0,0,0,0,0,3.096106226690279e-227,0,0,1.4
49800.00000000001,0.0010505248894910045,260.45442604743744,322.13287746673825,77.8660984642275,0,0,0,0,0,0,0,0,2.1874366067959772e-228,0,0,1.4
49900.00000000001,0.0010364780619470278,260.655321403856,322.2857286512313,76.89785539010163,0,0,0,0,0,0,0,0,1.5351817614644752e-229,0,0,1.4
50000.0,0.0010226310968390684,260.8547099574814,322.43715867075235,75.94184257011662,0,0,0,0,0,0,0,0,1.0702588606626899e-230,0,0,1.4
50100.0,0.0010089809732859944,261.05257113286603,322.5871589843357,74.99789817921865,0,0,0,0,0,0,0,0,7.411780775793114e-232,0,0,1.4
50200.0,0.0009955247180200777,261.24888437382384,322.73572115011405,74.06586267049022,0,0,0,0,0,0,0,0,5.098718111157227e-233,0,0,1.4
50300.00000000001,0.000982259404616906,261.44362914452404,322.88283682251813,73.14557873933474,0,0,0,0,0,0,0,0,3.48420855169937e-234,0,0,1.4
50400.00000000001,0.0009691821527378595,261.63678493059047,323.0284977495,72.23689128834056,0,0,0,0,0,0,0,0,2.365113494564647e-235,0,0,1.4
50500.0,0.0009562901273849967,261.8283312402055,323.1726957697822,71.33964739281302,0,0,0,0,0,0,0,0,1.5947937800370226e-236,0,0,1.4
50600.0,0.0009435805381681294,262.01824760523573,323.31542281014333,70.45369626696218,0,0,0,0,0,0,0,0,1.0682226536668194e-237,0,0,1.4
50700.0,0.0009310506385838747,262.20651358235364,323.4566708827269,69.57888923072362,0,0,0,0,0,0,0,0,7.107612423562896e-239,0,0,1.4
50800.00000000001,0.0009186977253065464,262.39310875417965,323.5964320823892,68.71507967720854,0,0,0,0,0,0,0,0,4.6977553444173527e-240,0,0,1.4
50900.00000000001,0.0009065191374906174,262.5780127304282,323.7346985840776,67.86212304075934,0,0,0,0,0,0,0,0,3.0843365206945446e-241,0,0,1.4
51000.0,0.0008945122560846174,262.76120514906916,323.87146264024693,67.01987676560319,0,0,0,0,0,0,0,0,2.0115823697718134e-242,0,0,1.4
51100.0,0.0008826745031562698,262.9426656774915,324.0067165783085,66.18820027508656,0,0,0,0,0,0,0,0,1.3032225573070527e-243,0,0,1.4
51200.0,0.0008710033412286528,263.12237401368606,324.14045279812154,65.36695494147912,0,0,0,0,0,0,0,0,8.386950114069803e-245,0,0,1.4
51300.00000000001,0.0008594962726272604,263.30030988743255,324.27266376952065,64.55600405633453,0,0,0,0,0,0,0,0,5.361597828398346e-246,0,0,1.4
51400.00000000001,0.0008481508388377434,263.47645306150065,324.4033420298848,63.7552128013951,0,0,0,0,0,0,0,0,3.404780451649916e-247,0,0,1.4
51500.0,0.0008369646198741695,263.6507833328573,324.5324801817456,62.96444822002669,0,0,0,0,0,0,0,0,2.1477745627206358e-248,0,0,1.4
51600.0,0.0008259352336576208,263.8232805338907,324.6600708904409,62.18357918917412,0,0,0,0,0,0,0,0,1.3458385983427887e-249,0,0,1.4
51700.0,0.0008150603354049883,263.9939245336396,324.7861068818089,61.4124763918244,0,0,0,0,0,0,0,0,8.377259490842236e-251,0,0,1.4
51800.00000000001,0.0008043376170277646,264.16269523903645,324.9105809399273,60.651012289966154,0,0,0,0,0,0,0,0,5.179831832294083e-252,0,0,1.4
51900.00000000001,0.0007937648065406837,264.32957259615927,325.0334859048968,59.899061098033755,0,0,0,0,0,0,0,0,3.181515590150735e-253,0,0,1.4
52000.0,0.0007833396674800663,264.49453659149907,325.15481467067286,59.1564987568284,0,0,0,0,0,0,0,0,1.941141321728386e-254,0,0,1.4
52100.0,0.0007730599983316507,264.6575672532297,325.27456018293896,58.42320290789775,0,0,0,0,0,0,0,0,1.1764811064244254e-255,0,0,1.4
52200.0,0.0007629236319678486,264.81864465250055,325.39271543703336,57.69905286837553,0,0,0,0,0,0,0,0,7.08300360620576e-257,0,0,1.4
52300.00000000001,0.0007529284350941938,264.97774890472954,325.5092734759185,56.98392960626032,0,0,0,0,0,0,0,0,4.235987522858217e-258,0,0,1.4
52400.00000000001,0.0007430723077048364,265.13486017091435,325.6242273882017,56.27771571612742,0,0,0,0,0,0,0,0,2.516497973363789e-259,0,0,1.4
52500.0,0.0007333531825470158,265.2899586589537,325.7375703062051,55.58029539526896,0,0,0,0,0,0,0,0,1.4850572666159013e-260,0,0,1.4
52600.0,0.000723769024594248,265.4430246249766,325.84929540408314,54.89155442024335,0,0,0,0,0,0,0,0,8.70551605631452e-262,0,0,1.4
52700.0,0.0007143178305281632,265.5940383746896,325.959395895993,54.21138012383281,0,0,0,0,0,0,0,0,5.069329771382125e-263,0,0,1.4
52800.00000000001,0.0007049976282288639,265.7429802647292,326.067865034313,53.5396613723988,0,0,0,0,0,0,0,0,2.932319379161925e-264,0,0,1.4
52900.00000000001,0.0006958064762735616,265.889830704033,326.1746961079155,52.87628854362103,0,0,0,0,0,0,0,0,1.6849099718238643e-265,0,0,1.4
53000.0,0.0006867424634434933,266.0345701552145,326.2798824404863,52.221153504619465,0,0,0,0,0,0,0,0,9.61715983699153e-267,0,0,1.4
53100.0,0.0006778037082388806,266.1771791359581,326.3834173889007,51.57414959044638,0,0,0,0,0,0,0,0,5.452826395042328e-268,0,0,1.4
53200.0,0.0006689883584018308,266.3176382204188,326.4852943416472,50.935171582939596,0,0,0,0,0,0,0,0,3.0711512925796355e-269,0,0,1.4
53300.00000000001,0.0006602945904470723,266.45592804064086,326.58550671730774,50.30411568993388,0,0,0,0,0,0,0,0,1.7182464497720068e-270,0,0,1.4
53400.00000000001,0.0006517206092003654,266.59202928798476,326.6840479630875,49.68087952481834,0,0,0,0,0,0,0,0,9.549363001145633e-272,0,0,1.4
53500.0,0.0006432646473444463,266.72592271456625,326.7809115533975,49.06536208643135,0,0,0,0,0,0,0,0,5.2719107982225055e-273,0,0,1.4
53600.0,0.000634924964972458,266.8575891347092,326.87609098849083,48.457463739292976,0,0,0,0,0,0,0,0,2.8911219269439294e-274,0,0,1.4
53700.0,0.0006266998491486536,266.9870094264104,326.96957979315124,47.85708619415948,0,0,0,0,0,0,0,0,1.574959771110763e-275,0,0,1.4
53800.00000000001,0.0006185876134762903,267.1141645328179,327.0613715154353,47.26413248889656,0,0,0,0,0,0,0,0,8.522700486422997e-277,0,0,1.4
53900.00000000001,0.0006105865976726329,267.2390354637198,327.15145972546617,46.67850696966703,0,0,0,0,0,0,0,0,4.5813101161463503e-278,0,0,1.4
54000.0,0.0006026951671508723,267.3616032970493,327.2398380142821,46.100115272421085,0,0,0,0,0,0,0,0,2.4462839102688404e-279,0,0,1.4
54100.0,0.0005949117126089155,267.48184918039664,327.3264999927348,45.52886430468672,0,0,0,0,0,0,0,0,1.2975638282484372e-280,0,0,1.4
54200.0,0.0005872346496248986,267.599754332542,327.4114392904449,44.964662227653754,0,0,0,0,0,0,0,0,6.836838250978159e-282,0,0,1.4
54300.00000000001,0.0005796624182593034,267.71530004499425,327.4946495548065,44.40741843854198,0,0,0,0,0,0,0,0,3.5783810367317544e-283,0,0,1.4
54400.00000000001,0.0005721934826636075,267.82846768354733,327.5761244500459,43.85704355325264,0,0,0,0,0,0,0,0,1.8604695462354933e-284,0,0,1.4
54500.0,0.0005648263306953317,267.9392386898443,327.65585765633097,43.31344938929341,0,0,0,0,0,0,0,0,9.608669393041787e-286,0,0,1.4
54600.0,0.0005575594735393654,268.0475945829618,327.73384286893565,42.77654894897246,0,0,0,0,0,0,0,0,4.929565477480223e-287,0,0,1.4
54700.0,0.0005503914453355091,268.1535169610029,327.8100737974547,42.246256402857355,0,0,0,0,0,0,0,0,2.512226149084196e-288,0,0,1.4
54800.00000000001,0.0005433208028120956,268.2569875027051,327.8845441650704,41.72248707349155,0,0,0,0,0,0,0,0,1.2717844992242646e-289,0,0,1.4
54900.00000000001,0.0005363461249256162,268.35798796905783,327.9572477078686,41.2051574193648,0,0,0,0,0,0,0,0,6.395478253078461e-291,0,0,1.4
55000.0,0.000529466012506208,268.4565002049414,328.02817817421146,40.69418501913057,0,0,0,0,0,0,0,0,3.1947525766467315e-292,0,0,1.4
55100.0,0.0005226790879089809,268.55250614076806,328.09732932415346,40.1894885560683,0,0,0,0,0,0,0,0,1.5852805640640592e-293,0,0,1.4
55200.0,0.0005159839946709971,268.64598779415206,328.1646949289172,39.69098780278282,0,0,0,0,0,0,0,0,7.814114030905058e-295,0,0,1.4
55300.00000000001,0.0005093793971738944,268.7369272715757,328.2302687704094,39.19860360613796,0,0,0,0,0,0,0,0,3.826115336468536e-296,0,0,1.4
55400.00000000001,0.0005028639803119993,268.82530677008145,328.2940446407937,38.71225787241911,0,0,0,0,0,0,0,0,1.8609772922321273e-297,0,0,1.4
55500.0,0.0004964364491658672,268.91110857897456,328.3560163421108,38.23187355272065,0,0,0,0,0,0,0,0,8.991430541231941e-299,0,0,1.4
55600.0,0.0004900955286811636,268.9943150815372,328.4161776859471,37.757374628553954,0,0,0,0,0,0,0,0,4.315401587467102e-300,0,0,1.4
55700.0,0.00048383996335277105,269.0749087567589,328.4745224931519,37.28868609767038,0,0,0,0,0,0,0,0,2.057398144081743e-301,0,0,1.4
55800.00000000001,0.00047766851691407393,269.1528721810798,328.53104459360355,36.82573396009775,0,0,0,0,0,0,0,0,9.743616314803428e-303,0,0,1.4
55900.00000000001,0.0004715799720313035,269.2281880301479,328.58573782602275,36.36844520438379,0,0,0,0,0,0,0,0,4.58381105392469e-304,0,0,1.4
56000.0,0.00046557313000287256,269.30083908058884,328.6385960378316,35.916747794043445,0,0,0,0,0,0,0,0,2.142091138888043e-305,0,0,1.4
56100.0,0.0004596468104636174,269.3708082117946,328.68961308506334,35.47057065420732,0,0,0,0,0,0,0,0,9.943834447705946e-307,0,0,1.4
56200.0,0.00045379985109386906,269.4380784077194,328.73878283231346,35.02984365846574,0,0,0,0,0,0,0,0,4.585371520306366e-308,0,0,1.4
56300.00000000001,0.0004480311073332601,269.5026327586919,328.78609915273796,34.5944976159054,0,0,0,0,0,0,0,0,2.10038968457319e-309,0,0,1.4
56400.00000000001,0.0004423394520992113,269.5644544632477,328.8315559281007,34.16446425833706,0,0,0,0,0,0,0,0,9.557183565936e-311,0,0,1.4
56500.0,0.0004367237755099983,269.6235268299644,328.8751470488581,33.73967622770679,0,0,0,0,0,0,0,0,4.31981036324e-312,0,0,1.4
56600.0,0.00043118298461233053,269.67983327932126,328.91686641429436,33.32006706369094,0,0,0,0,0,0,0,0,1.9395641115e-313,0,0,1.4
56700.0,0.0004257160031133857,269.73335734556883,328.9567079326978,32.905571191471,0,0,0,0,0,0,0,0,8.65064122e-315,0,0,1.4
56800.00000000001,0.00042032177111717817,269.78408267860715,328.99466552157645,32.49612390968125,0,0,0,0,0,0,0,0,3.83263223e-316,0,0,1.4
56900.00000000001,0.00041499924486526645,269.83199304589033,329.03073310792377,32.09166137853438,0,0,0,0,0,0,0,0,1.6867475e-317,0,0,1.4
57000.0,0.0004097473964816395,269.877072334335,329.0649046285194,31.692120608112077,0,0,0,0,0,0,0,0,7.37467e-319,0,0,1.4
57100.0,0.00040456521372177944,269.9193045522472,329.09717403027423,31.297439446824953,0,0,0,0,0,0,0,0,3.2015e-320,0,0,1.4
57200.0,0.00039945169972580637,269.9586738312607,329.1275352706143,30.907556570035755,0,0,0,0,0,0,0,0,1.334e-321,0,0,1.4
57300.00000000001,0.0003944058727756401,269.99516442829736,329.1559823179091,30.52241146884473,0,0,0,0,0,0,0,0,0.0,0,0,1.4
57400.00000000001,0.00038942676605609736,270.02876072752855,329.18250915193187,30.141944439030542,0,0,0,0,0,0,0,0,0.0,0,0,1.4
57500.0,0.00038451342741990406,270.0594472423612,329.20710976436493,29.76609657015042,0,0,0,0,0,0,0,0,0.0,0,0,1.4
57600.0,0.0003796649191564875,270.0872086174354,329.22977815934155,29.394809734789824,0,0,0,0,0,0,0,0,0.0,0,0,1.4
57700.0,0.00037488031776456934,270.1120296306333,329.25050835402396,29.02802657796556,0,0,0,0,0,0,0,0,0.0,0,0,1.4
57800.00000000001,0.0003701587137284271,270.13389519510923,329.26929437922274,28.665690506675517,0,0,0,0,0,0,0,0,0.0,0,0,1.4
57900.00000000001,0.00036549921129778665,270.15279036132216,329.2861302800452,28.307745679592266,0,0,0,0,0,0,0,0,0.0,0,0,1.4
58000.0,0.00036090092827131224,270.16870031909275,329.30101011658644,27.95413699690277,0,0,0,0,0,0,0,0,0.0,0,0,1.4
58100.0,0.00035636299578358606,270.1816103996694,329.31392796465246,27.604810090286218,0,0,0,0,0,0,0,0,0.0,0,0,1.4
58200.0,0.000351884558095562,270.19150607781506,329.324877916522,27.259711313032376,0,0,0,0,0,0,0,0,0.0,0,0,1.4
58300.00000000001,0.0003474647723884176,270.19837297389034,329.3338540817321,26.91878773029417,0,0,0,0,0,0,0,0,0.0,0,0,1.4
58400.00000000001,0.0003431028085607336,270.20219685597584,329.340850587912,26.581987109475623,0,0,0,0,0,0,0,0,0.0,0,0,1.4
58500.0,0.0003387978490289831,270.20296364198776,329.34586158163773,26.24925791075128,0,0,0,0,0,0,0,0,0.0,0,0,1.4
58600.0,0.0003345490885312401,270.2006594018146,329.3488812293239,25.920549277715025,0,0,0,0,0,0,0,0,0.0,0,0,1.4
58700.0,0.00033035573393407026,270.19527035947243,329.3499037181494,25.5958110281572,0,0,0,0,0,0,0,0,0.0,0,0,1.4
58800.00000000001,0.0003262170040425625,270.1867828952642,329.3489232570088,25.27499364496761,0,0,0,0,0,0,0,0,0.0,0,0,1.4
58900.00000000001,0.00032213212941340966,270.17518354795806,329.3459340774983,24.95804826716077,0,0,0,0,0,0,0,0,0.0,0,0,1.4
59000.0,0.00031810035217104415,270.1604590169844,329.3409304349338,24.644926681025748,0,0,0,0,0,0,0,0,0.0,0,0,1.4
59100.0,0.0003141209258267304,270.1425961646314,329.33390660939017,24.335581311393252,0,0,0,0,0,0,0,0,0.0,0,0,1.4
59200.0,0.00031019311510058326,270.1215820182711,329.32485690677953,24.029965213022468,0,0,0,0,0,0,0,0,0.0,0,0,1.4
59300.00000000001,0.0003063161957464765,270.0974037725842,329.3137756599498,23.72803206210397,0,0,0,0,0,0,0,0,0.0,0,0,1.4
59400.00000000001,0.0003024894543797607,270.07004879181005,329.3006572298176,23.429736147876685,0,0,0,0,0,0,0,0,0.0,0,0,1.4
59500.0,0.00029871218830779283,270.0395046120023,329.2854960065244,23.135032364359304,0,0,0,0,0,0,0,0,0.0,0,0,1.4
59600.0,0.0002949837053631676,270.0057589432984,329.2682864106203,22.843876202190305,0,0,0,0,0,0,0,0,0.0,0,0,1.4
59700.0,0.0002913033237396757,269.96879967220025,329.2490228942729,22.556223740580112,0,0,0,0,0,0,0,0,0.0,0,0,1.4
59800.00000000001,0.00028767037183087963,269.9286148638788,329.22769994250876,22.27203163936979,0,0,0,0,0,0,0,0,0.0,0,0,1.4
59900.00000000001,0.00028408418807131144,269.88519276447147,329.20431207446836,21.991257131195933,0,0,0,0,0,0,0,0,0.0,0,0,1.4
60000.0,0.0002805441207802341,269.838521803412,329.17885384469804,21.71385801376222,0,0,0,0,0,0,0,0,0.0,0,0,1.4
60100.0,0.00027704952800789166,269.78859059576024,329.15131984445867,21.439792642210957,0,0,0,0,0,0,0,0,0.0,0,0,1.4
60200.0,0.0002735997773842784,269.7353879445449,329.1217047030589,21.169019921599784,0,0,0,0,0,0,0,0,0.0,0,0,1.4
60300.00000000001,0.00027019424597030583,269.6789028431276,329.0900030892175,20.901499299476498,0,0,0,0,0,0,0,0,0.0,0,0,1.4
60400.00000000001,0.0002668323201113883,269.6191244775648,329.0562097124399,20.63719075855348,0,0,0,0,0,0,0,0,0.0,0,0,1.4
60500.0,0.0002635133952933735,269.55604222899433,329.02031932442577,20.376054809479747,0,0,0,0,0,0,0,0,0.0,0,0,1.4
60600.0,0.00026023687600079264,269.4896456760231,328.98232672049147,20.118052483708464,0,0,0,0,0,0,0,0,0.0,0,0,1.4
60700.0,0.00025700217557739506,269.4199245971336,328.94222674102,19.863145326460337,0,0,0,0,0,0,0,0,0.0,0,0,1.4
60800.00000000001,0.00025380871608890416,269.34686897309973,328.90001427292987,19.611295389778558,0,0,0,0,0,0,0,0,0.0,0,0,1.4
60900.00000000001,0.00025065592818800347,269.27046898940927,328.85568425116327,19.362465225677724,0,0,0,0,0,0,0,0,0.0,0,0,1.4
61000.0,0.00024754325098147033,269.1907150387,328.80923166019574,19.11661787938214,0,0,0,0,0,0,0,0,0.0,0,0,1.4
61100.0,0.00024447013189944877,269.1075977232134,328.7606515355708,18.873716882654694,0,0,0,0,0,0,0,0,0.0,0,0,1.4
61200.0,0.00024143602656681525,269.0211078572405,328.7099389654426,18.633726247212536,0,0,0,0,0,0,0,0,0.0,0,0,1.4
61300.00000000001,0.00023844039867661242,268.9312364696013,328.65708909215317,18.396610458231937,0,0,0,0,0,0,0,0,0.0,0,0,1.4
61400.00000000001,0.00023548271986549948,268.83797480610883,328.60209711381236,18.16233446793633,0,0,0,0,0,0,0,0,0.0,0,0,1.4
61500.0,0.00023256246959121144,268.74131433207,328.54495828591337,17.930863689272073,0,0,0,0,0,0,0,0,0.0,0,0,1.4
61600.0,0.00022967913501196292,268.641246734767,328.4856679229494,17.702163989664545,0,0,0,0,0,0,0,0,0.0,0,0,1.4
61700.0,0.00022683221086779065,268.5377639259744,328.42422140006363,17.47620168485902,0,0,0,0,0,0,0,0,0.0,0,0,1.4
61800.00000000001,0.00022402119936379693,268.43085804446775,328.36061415470726,17.252943532842057,0,0,0,0,0,0,0,0,0.0,0,0,1.4
61900.00000000001,0.0002212456100552441,268.32052145854004,328.2948416883138,17.032356727841854,0,0,0,0,0,0,0,0,0.0,0,0,1.4
62000.0,0.00021850495973449279,268.20674676854503,328.2268995680017,16.814408894409485,0,0,0,0,0,0,0,0,0.0,0,0,1.4
62100.0,0.00021579877231974994,268.089526809426,328.156783428281,16.599068081577176,0,0,0,0,0,0,0,0,0.0,0,0,1.4
62200.0,0.00021312657874558193,267.9688546532634,328.0844889727814,16.386302757093397,0,0,0,0,0,0,0,0,0.0,0,0,1.4
62300.00000000001,0.00021048791685517065,267.8447236118319,328.0100119759997,16.17608180173386,0,0,0,0,0,0,0,0,0.0,0,0,1.4
62400.00000000001,0.0002078823312942984,267.7171272391567,327.9333482850571,15.968374503687826,0,0,0,0,0,0,0,0,0.0,0,0,1.4
62500.0,0.00020530937340701045,267.5860593340816,327.85449382147596,15.763150553017802,0,0,0,0,0,0,0,0,0.0,0,0,1.4
62600.0,0.00020276860113294456,267.4515139428439,327.7734445829716,15.560380036192626,0,0,0,0,0,0,0,0,0.0,0,0,1.4
62700.0,0.0002002595789062829,267.31348536165586,327.69019664525996,15.360033430691697,0,0,0,0,0,0,0,0,0.0,0,0,1.4
62800.00000000001,0.00019778187755632577,267.1719681392805,327.60474616387364,15.162081599680754,0,0,0,0,0,0,0,0,0.0,0,0,1.4
62900.00000000001,0.0001953350742096278,267.02695707963704,327.5170893760064,14.966495786757704,0,0,0,0,0,0,0,0,0.0,0,0,1.4
63000.0,0.00019291875219369864,266.87844724437923,327.4272226023535,14.773247610766575,0,0,0,0,0,0,0,0,0.0,0,0,1.4
63100.0,0.0001905325009422263,266.7264339555106,327.33514224898556,14.582309060681084,0,0,0,0,0,0,0,0,0.0,0,0,1.4
63200.0,0.00018817591590181154,266.57091279797623,327.24084480922,14.39365249055457,0,0,0,0,0,0,0,0,0.0,0,0,1.4
63300.00000000001,0.00018584859844015844,266.4118796222785,327.14432686551805,14.207250614535742,0,0,0,0,0,0,0,0,0.0,0,0,1.4
63400.00000000001,0.00018355015575574756,266.2493305470866,327.04558509139025,14.023076501951634,0,0,0,0,0,0,0,0,0.0,0,0,1.4
63500.0,0.00018128020078891127,266.08326196184584,326.9446162533128,13.841103572453003,0,0,0,0,0,0,0,0,0.0,0,0,1.4
63600.0,0.00017903835213433646,265.9136705293992,326.84141721266354,13.661305591225585,0,0,0,0,0,0,0,0,0.0,0,0,1.4
63700.0,0.00017682423395492963,265.7405531886047,326.7359849276672,13.483656664262483,0,0,0,0,0,0,0,0,0.0,0,0,1.4
63800.00000000001,0.0001746374758970633,265.56390715695187,326.6283164553522,13.308131233700196,0,0,0,0,0,0,0,0,0.0,0,0,1.4
63900.00000000001,0.00017247771300713967,265.3837299331887,326.5184089535251,13.1347040732148,0,0,0,0,0,0,0,0,0.0,0,0,1.4
64000.0,0.00017034458564947882,265.2000192999383,326.40625968275214,12.963350283478897,0,0,0,0,0,0,0,0,0.0,0,0,1.4
64100.00000000001,0.00016823773942550288,265.01277332632463,326.29186600835766,12.794045287678793,0,0,0,0,0,0,0,0,0.0,0,0,1.4
64200.0,0.00016615682509419174,264.8219903705898,326.17522540243027,12.62676482709018,0,0,0,0,0,0,0,0,0.0,0,0,1.4
64300.0,0.00016410149849377406,264.6276690827213,326.056335445848,12.461484956711303,0,0,0,0,0,0,0,0,0.0,0,0,1.4
64400.00000000001,0.00016207142046467793,264.42980840706275,325.9351938303054,12.298182040954927,0,0,0,0,0,0,0,0,0.0,0,0,1.4
64500.0,0.0001600662567736642,264.2284075849406,325.811798360364,12.136832749395749,0,0,0,0,0,0,0,0,0.0,0,0,1.4
64600.00000000001,0.00015808567803917025,264.02346615726975,325.6861469555029,11.97741405257435,0,0,0,0,0,0,0,0,0.0,0,0,1.4
64700.0,0.0001561293596578047,263.8149839671792,325.5582376521953,11.819903217855835,0,0,0,0,0,0,0,0,0.0,0,0,1.4
64800.0,0.00015419698173201727,263.6029611626038,325.4280686059767,11.664277805343378,0,0,0,0,0,0,0,0,0.0,0,0,1.4
64900.00000000001,0.00015228822899888072,263.3873981989029,325.29563809354505,11.510515663845378,0,0,0,0,0,0,0,0,0.0,0,0,1.4
65000.0,0.00015040279075999134,263.16829584145285,325.1609445148576,11.358594926895014,0,0,0,0,0,0,0,0,0.0,0,0,1.4
65100.00000000001,0.00014854036081247594,262.9456551682464,325.0239863952467,11.20849400882357,0,0,0,0,0,0,0,0,0.0,0,0,1.4
65200.0,0.00014670063738106152,262.71947757247665,324.88476238754106,11.060191600883893,0,0,0,0,0,0,0,0,0.0,0,0,1.4
65300.0,0.00014488332305121347,262.4897647651249,324.7432712742031,10.913666667425991,0,0,0,0,0,0,0,0,0.0,0,0,1.4
65400.00000000001,0.00014308812470330734,262.2565187775365,324.5995119694752,10.76889844212209,0,0,0,0,0,0,0,0,0.0,0,0,1.4
65500.0,0.00014131475344784055,262.0197419639798,324.45348352152996,10.625866424242156,0,0,0,0,0,0,0,0,0.0,0,0,1.4
65600.00000000001,0.00013956292456163786,261.7794370042147,324.3051851146422,10.484550374978143,0,0,0,0,0,0,0,0,0.0,0,0,1.4
65700.0,0.00013783235742505226,261.53560690604303,324.154616071366,10.344930313816546,0,0,0,0,0,0,0,0,0.0,0,0,1.4
65800.0,0.00013612277546014255,261.2882550078447,324.00177585471846,10.206986514958691,0,0,0,0,0,0,0,0,0.0,0,0,1.4
65900.0,0.00013443390606980872,261.0373849811151,323.84666407038117,10.070699503788585,0,0,0,0,0,0,0,0,0.0,0,0,1.4
66000.0,0.00013276548057787583,260.7830008329753,323.68928046890153,9.936050053387053,0,0,0,0,0,0,0,0,0.0,0,0,1.4
66100.00000000001,0.0001311172341700968,260.5251069086881,323.5296249479148,9.803019181091916,0,0,0,0,0,0,0,0,0.0,0,0,1.4
66200.0,0.00012948890583607082,260.263707894158,323.3676975543733,9.67158814510358,0,0,0,0,0,0,0,0,0.0,0,0,1.4
66300.0,0.00012788023831206675,259.99880881839846,323.2034984867735,9.541738441135282,0,0,0,0,0,0,0,0,0.0,0,0,1.4
66400.0,0.0001262909780247152,259.7304150560156,323.037028097411,9.413451799107628,0,0,0,0,0,0,0,0,0.0,0,0,1.4
66500.0,0.0001247208750355816,259.45853232965334,322.86828689463016,9.286710179886876,0,0,0,0,0,0,0,0,0.0,0,0,1.4
66600.00000000001,0.000123169682986586,259.18316671244526,322.69727554509666,9.161495772066564,0,0,0,0,0,0,0,0,0.0,0,0,1.4
66700.0,0.00012163715904626624,258.90432463041606,322.52399487605743,9.0377909887907,0,0,0,0,0,0,0,0,0.0,0,0,1.4
66800.0,0.00012012306385686469,258.6220128649154,322.34844587764053,8.915578464620571,0,0,0,0,0,0,0,0,0.0,0,0,1.4
66900.0,0.0001186271614822269,258.33623855498263,322.17062970513166,8.794841052441118,0,0,0,0,0,0,0,0,0.0,0,0,1.4
67000.0,0.00011714921935650567,258.04700919973027,321.99054768128224,8.675561820410042,0,0,0,0,0,0,0,0,0.0,0,0,1.4
67100.00000000001,0.00011568900823364178,257.75433266069535,321.80820129861814,8.557724048946191,0,0,0,0,0,0,0,0,0.0,0,0,1.4
67200.0,0.00011424630213762445,257.45821716416486,321.623592221753,8.441311227758144,0,0,0,0,0,0,0,0,0.0,0,0,1.4
67300.0,0.00011282087831351265,257.15867130349227,321.4367222897169,8.32630705291264,0,0,0,0,0,0,0,0,0.0,0,0,1.4
67400.0,0.0001114125171791962,256.85570404138247,321.24759351828726,8.212695423940986,0,0,0,0,0,0,0,0,0.0,0,0,1.4
67500.0,0.00011002100227790491,256.54932471216193,321.0562081023321,8.100460440985048,0,0,0,0,0,0,0,0,0.0,0,0,1.4
67600.00000000001,0.00010864612023142997,256.23954302402353,320.8625684181598,7.989586401980284,0,0,0,0,0,0,0,0,0.0,0,0,1.4
67700.0,0.00010728766069406501,255.92636906124005,320.66667702587137,7.880057799876575,0,0,0,0,0,0,0,0,0.0,0,0,1.4
67800.0,0.00010594541630724305,255.60981328636618,320.4685366717294,7.771859319896198,0,0,0,0,0,0,0,0,0.0,0,0,1.4
67900.0,0.00010461918265486077,255.28988654240015,320.26815029052426,7.664975836827765,0,0,0,0,0,0,0,0,0.0,0,0,1.4
68000.0,0.00010330875821928663,254.96660005493345,320.0655210079569,7.559392412357183,0,0,0,0,0,0,0,0,0.0,0,0,1.4
68100.00000000001,0.00010201394433803057,254.63996543425907,319.860652143019,7.455094292433453,0,0,0,0,0,0,0,0,0.0,0,0,1.4
68200.0,0.00010073454516106835,254.30999467745926,319.65354721038585,7.352066904669896,0,0,0,0,0,0,0,0,0.0,0,0,1.4
68300.0,9.94703676088078e-05,253.97670017046445,319.44420992281465,7.250295855779906,0,0,0,0,0,0,0,0,0.0,0,0,1.4
68400.0,9.822122133070083e-05,253.64009469008198,319.23264419354945,7.149766929047899,0,0,0,0,0,0,0,0,0.0,0,0,1.4
68500.0,9.698691866446759e-05,253.3001914059836,319.01885413872566,7.050466081833018,0,0,0,0,0,0,0,0,0.0,0,0,1.4
68600.00000000001,9.576727459594e-05,252.95700388267116,318.8028440797864,6.952379443107073,0,0,0,0,0,0,0,0,0.0,0,0,1.4
68700.0,9.45621067195024e-05,252.6105460814162,318.58461854590826,6.855493311025248,0,0,0,0,0,0,0,0,0.0,0,0,1.4
68800.0,9.33712351991385e-05,252.26083236214097,318.3641822764176,6.759794150529739,0,0,0,0,0,0,0,0,0.0,0,0,1.4
68900.0,9.219448273004722e-05,251.90787748528993,318.14154022322646,6.665268590985271,0,0,0,0,0,0,0,0,0.0,0,0,1.4
69000.0,9.103167450084422e-05,251.55169661365238,317.9166975532653,6.57190342384693,0,0,0,0,0,0,0,0,0.0,0,0,1.4
69100.00000000001,8.988263815632325e-05,251.192305314151,317.68965965092167,6.479685600359228,0,0,0,0,0,0,0,0,0.0,0,0,1.4
69200.0,8.874720376077768e-05,250.82971955959027,317.460432120481,6.388602229286492,0,0,0,0,0,0,0,0,0.0,0,0,1.4
69300.0,8.762520376186269e-05,250.4639557303719,317.22902078857487,6.298640574673716,0,0,0,0,0,0,0,0,0.0,0,0,1.4
69400.0,8.651647295500448e-05,250.09503061616408,316.9954317066285,6.209788053638293,0,0,0,0,0,0,0,0,0.0,0,0,1.4
69500.0,8.542084844832689e-05,249.72296141753614,316.75967115331434,6.122032234191019,0,0,0,0,0,0,0,0,0.0,0,0,1.4
69600.00000000001,8.433816962811328e-05,249.34776574754,316.52174563700163,6.035360833087563,0,0,0,0,0,0,0,0,0.0,0,0,1.4
69700.0,8.326827812476825e-05,248.96946163326965,316.28166189822093,5.94976171370884,0,0,0,0,0,0,0,0,0.0,0,0,1.4
69800.0,8.221101777929243e-05,248.588067517349,316.03942691211256,5.865222883970321,0,0,0,0,0,0,0,0,0.0,0,0,1.4
69900.0,8.116623461024593e-05,248.20360225940317,315.79504789089475,5.781732494260146,0,0,0,0,0,0,0,0,0.0,0,0,1.4
70000.0,8.013377678120498e-05,247.81608513746443,315.5485322863194,5.699278835405413,0,0,0,0,0,0,0,0,0.0,0,0,1.4
70100.00000000001,7.911349456870043e-05,247.4255358493395,315.2998877921348,5.617850336666792,0,0,0,0,0,0,0,0,0.0,0,0,1.4
70200.0,7.81052403306202e-05,247.03197451392506,315.0491223465445,5.53743556376005,0,0,0,0,0,0,0,0,0.0,0,0,1.4
70300.0,7.710886847508508e-05,246.63542167248127,314.7962441346709,5.458023216905695,0,0,0,0,0,0,0,0,0.0,0,0,1.4
70400.0,7.612423542977964e-05,246.2358982898443,314.54126159101133,5.379602128905218,0,0,0,0,0,0,0,0,0.0,0,0,1.4
70500.0,7.515119961173078e-05,245.8334257555999,314.28418340189916,5.302161263244135,0,0,0,0,0,0,0,0,0.0,0,0,1.4
70600.00000000001,7.418962139753178e-05,245.42802588520104,314.02501850796136,5.225689712221521,0,0,0,0,0,0,0,0,0.0,0,0,1.4
70700.0,7.323936309400283e-05,245.0197209210221,313.76377610656726,5.150176695105483,0,0,0,0,0,0,0,0,0.0,0,0,1.4
70800.0,7.230028890927652e-05,244.60853353338237,313.5004656542883,5.075611556314666,0,0,0,0,0,0,0,0,0.0,0,0,1.4
70900.0,7.137226492430831e-05,244.19448682148658,313.2350968693374,5.00198376362489,0,0,0,0,0,0,0,0,0.0,0,0,1.4
71000.0,7.045515906480757e-05,243.77760431433765,312.96767973402234,4.929282906401989,0,0,0,0,0,0,0,0,0.0,0,0,1.4
71100.00000000001,6.954884107356407e-05,243.3579099715593,312.69822449717253,4.857498693857984,0,0,0,0,0,0,0,0,0.0,0,0,1.4
71200.0,6.865318248319202e-05,242.93542818419746,312.42674167658583,4.7866209533337685,0,0,0,0,0,0,0,0,0.0,0,0,1.4
71300.0,6.77680565892606e-05,242.5101837754375,312.1532420614519,4.716639628605027,0,0,0,0,0,0,0,0,0.0,0,0,1.4
71400.0,6.689333842381562e-05,242.08220200126198,311.8777367147711,4.6475447782124135,0,0,0,0,0,0,0,0,0.0,0,0,1.4
71500.0,6.602890472928964e-05,241.65150855106975,311.6002369757798,4.579326573816387,0,0,0,0,0,0,0,0,0.0,0,0,1.4
71600.00000000001,6.51746339327836e-05,241.21812954819617,311.3207544623448,4.511975298574536,0,0,0,0,0,0,0,0,0.0,0,0,1.4
71700.0,6.433040612072572e-05,240.78209155040466,311.039301073372,4.445481345543321,0,0,0,0,0,0,0,0,0.0,0,0,1.4
71800.0,6.349610301389296e-05,240.3434215503027,310.7558889911982,4.379835216102473,0,0,0,0,0,0,0,0,0.0,0,0,1.4
71900.0,6.267160794279358e-05,239.90214697567632,310.47053068396315,4.315027518402028,0,0,0,0,0,0,0,0,0.0,0,0,1.4
72000.0,6.185680582340693e-05,239.4582956897801,310.18323890798456,4.251048965832565,0,0,0,0,0,0,0,0,0.0,0,0,1.4
72100.00000000001,6.105158313326869e-05,239.01189599155254,309.89402671011794,4.1878903755174415,0,0,0,0,0,0,0,0,0.0,0,0,1.4
72200.0,6.025582788790418e-05,238.56297661576116,309.60290743010256,4.12554266682742,0,0,0,0,0,0,0,0,0.0,0,0,1.4
72300.0,5.946942961759611e-05,238.11156673308022,309.3098947028958,4.06399685991698,0,0,0,0,0,0,0,0,0.0,0,0,1.4
72400.0,5.869227934449064e-05,237.65769595009215,309.0150024609906,4.003244074282543,0,0,0,0,0,0,0,0,0.0,0,0,1.4
72500.0,5.792426956002943e-05,237.20139430923226,308.71824493672705,3.9432755273422604,0,0,0,0,0,0,0,0,0.0,0,0,1.4
72600.00000000001,5.716529420270286e-05,236.74269228864708,308.41963666458037,3.8840825330366493,0,0,0,0,0,0,0,0,0.0,0,0,1.4
72700.0,5.641524863612699e-05,236.28162080198194,308.1191924834333,3.8256565004506444,0,0,0,0,0,0,0,0,0.0,0,0,1.4
72800.0,5.567402962743113e-05,235.81821119810488,307.81692753883954,3.767988932456444,0,0,0,0,0,0,0,0,0.0,0,0,1.4
72900.0,5.494153532595548e-05,235.35249526073898,307.51285728525716,3.7110714243767315,0,0,0,0,0,0,0,0,0.0,0,0,1.4
73000.0,5.421766524224934e-05,234.88450520803508,307.2069974882746,3.6548956626683045,0,0,0,0,0,0,0,0,0.0,0,0,1.4
73100.00000000001,5.3502320227381826e-05,234.4142736920587,306.8993642268109,3.599453423626587,0,0,0,0,0,0,0,0,0.0,0,0,1.4
73200.0,5.279540245253e-05,233.94183379818992,306.58997389528906,3.5447365721087607,0,0,0,0,0,0,0,0,0.0,0,0,1.4
73300.0,5.2096815388875056e-05,233.46721904447543,306.2788432058077,3.490737060278292,0,0,0,0,0,0,0,0,0.0,0,0,1.4
73400.0,5.140646378777209e-05,232.9904633808616,305.9659891902642,3.4374469263675276,0,0,0,0,0,0,0,0,0.0,0,0,1.4
73500.0,5.072425366121315e-05,232.51160118837603,305.6514292024731,3.3848582934608267,0,0,0,0,0,0,0,0,0.0,0,0,1.4
73600.00000000001,5.0050092262563505e-05,232.03066727821255,305.3351809202493,3.3329633682963005,0,0,0,0,0,0,0,0,0.0,0,0,1.4
73700.0,4.938388806757279e-05,231.54769689074638,305.0172623474737,3.2817544400867185,0,0,0,0,0,0,0,0,0.0,0,0,1.4
73800.0,4.872555075565785e-05,231.06272569444792,304.6976918161195,3.2312238793590478,0,0,0,0,0,0,0,0,0.0,0,0,1.4
73900.0,4.8074991191455126e-05,230.575789784735,304.37648798826484,3.181364136813094,0,0,0,0,0,0,0,0,0.0,0,0,1.4
74000.0,4.743212140662882e-05,230.08692568272363,304.0536698580648,3.1321677421978484,0,0,0,0,0,0,0,0,0.0,0,0,1.4
74100.00000000001,4.679685458194563e-05,229.59617033389475,303.72925675369436,3.0836273032065997,0,0,0,0,0,0,0,0,0.0,0,0,1.4
74200.0,4.616910502960673e-05,229.10356110668886,303.40326833926844,3.03573550439038,0,0,0,0,0,0,0,0,0.0,0,0,1.4
74300.0,4.554878817581823e-05,228.60913579099656,303.0757246167172,2.988485106088175,0,0,0,0,0,0,0,0,0.0,0,0,1.4
74400.0,4.4935820543628956e-05,228.1129325965655,302.7466459276307,2.941868943376115,0,0,0,0,0,0,0,0,0.0,0,0,1.4
74500.0,4.433011973600036e-05,227.61499015133097,302.4160529550752,2.89587992503349,0,0,0,0,0,0,0,0,0.0,0,0,1.4
74600.00000000001,4.3731604419123873e-05,227.11534749963727,302.0839667253597,2.850511032526219,0,0,0,0,0,0,0,0,0.0,0,0,1.4
74700.0,4.314019430597471e-05,226.6140441003866,301.7504086097755,2.8057553190075684,0,0,0,0,0,0,0,0,0.0,0,0,1.4
74800.0,4.255581014010149e-05,226.11111982509385,301.4154003262942,2.7616059083358535,0,0,0,0,0,0,0,0,0.0,0,0,1.4
74900.0,4.1978373679651286e-05,225.60661495582872,301.07896394121013,2.7180559941089086,0,0,0,0,0,0,0,0,0.0,0,0,1.4
75000.0,4.140780768161901e-05,225.10057018311178,300.7411218707706,2.6750988387154626,0,0,0,0,0,0,0,0,0.0,0,0,1.4
75100.00000000001,4.084403588632384e-05,224.5930266036667,300.4018968827288,2.632727772402424,0,0,0,0,0,0,0,0,0.0,0,0,1.4
75200.0,4.0286983002112537e-05,224.0840257181236,300.0613120978803,2.5909361923592558,0,0,0,0,0,0,0,0,0.0,0,0,1.4
75300.0,3.973657469028081e-05,223.57360942858165,299.7193909915215,2.549717561817795,0,0,0,0,0,0,0,0,0.0,0,0,1.4
75400.0,3.919273755020948e-05,223.06182003613603,299.3761573948985,2.509065409168562,0,0,0,0,0,0,0,0,0.0,0,0,1.4
75500.0,3.865539910471905e-05,222.5487002382593,299.03163549657273,2.468973327092526,0,0,0,0,0,0,0,0,0.0,0,0,1.4
75600.00000000001,3.8124487785636084e-05,222.03429312610743,298.68584984374803,2.4294349717087402,0,0,0,0,0,0,0,0,0.0,0,0,1.4
75700.0,3.75999329195658e-05,221.51864218174356,298.33882534355354,2.390444061737404,0,0,0,0,0,0,0,0,0.0,0,0,1.4
75800.0,3.708166471387358e-05,221.00179127523555,297.99058726425204,2.351994377678047,0,0,0,0,0,0,0,0,0.0,0,0,1.4
75900.0,3.656961424287022e-05,220.48378466169154,297.6411612364152,2.3140797610032124,0,0,0,0,0,0,0,0,0.0,0,0,1.4
76000.0,3.6063713434199064e-05,219.96466697817112,297.2905732540224,2.2766941133668417,0,0,0,0,0,0,0,0,0.0,0,0,1.4
76100.00000000001,3.556389505542145e-05,219.44448324050785,296.9388496755052,2.2398313958275207,0,0,0,0,0,0,0,0,0.0,0,0,1.4
76200.0,3.507009270080013e-05,218.92327884004797,296.58601722474083,2.203485628086592,0,0,0,0,0,0,0,0,0.0,0,0,1.4
76300.0,3.4582240778273115e-05,218.40109954027415,296.23210299197007,2.167650887740334,0,0,0,0,0,0,0,0,0.0,0,0,1.4
76400.0,3.41002744966272e-05,217.87799147332913,295.8771344346495,2.1323213095469185,0,0,0,0,0,0,0,0,0.0,0,0,1.4
76500.0,3.362412985285112e-05,217.3540011364659,295.52113937825374,2.097491084707144,0,0,0,0,0,0,0,0,0.0,0,0,1.4
76600.00000000001,3.3153743619686457e-05,216.82917538837626,295.1641460169938,2.0631544601595624,0,0,0,0,0,0,0,0,0.0,0,0,1.4
76700.0,3.2689053333357626e-05,216.30356144542512,294.80618291446854,2.029305737889093,0,0,0,0,0,0,0,0,0.0,0,0,1.4
76800.00000000001,3.222999728148497e-05,215.77720687779492,294.4472790042494,1.9959392742493673,0,0,0,0,0,0,0,0,0.0,0,0,1.4
76900.0,3.1776514491182054e-05,215.25015960552494,294.0874635903877,1.963049479298713,0,0,0,0,0,0,0,0,0.0,0,0,1.4
77000.0,3.132854471733074e-05,214.7224678944491,293.72676634784415,1.930630816149358,0,0,0,0,0,0,0,0,0.0,0,0,1.4
77100.00000000001,3.0886028431033246e-05,214.19418035204708,293.365217322849,1.8986778003299132,0,0,0,0,0,0,0,0,0.0,0,0,1.4
77200.0,3.0448906808237878e-05,213.66534592318197,293.00284693317263,1.8671849991606289,0,0,0,0,0,0,0,0,0.0,0,0,1.4
77300.00000000001,3.0017121718541812e-05,213.13601388575245,292.63968596832416,1.8361470311418562,0,0,0,0,0,0,0,0,0.0,0,0,1.4
77400.0,2.9590615714159995e-05,212.6062338462325,292.27576558965654,1.8055585653547293,0,0,0,0,0,0,0,0,0.0,0,0,1.4
77500.0,2.9169332019068893e-05,212.0760557351306,291.9111173303994,1.7754143208748476,0,0,0,0,0,0,0,0,0.0,0,0,1.4
77600.00000000001,2.8753214518311725e-05,211.54552980233234,291.54577309559096,1.7457090661977561,0,0,0,0,0,0,0,0,0.0,0,0,1.4
77700.0,2.834220774747704e-05,211.01470661236368,291.17976516193465,1.7164376186772208,0,0,0,0,0,0,0,0,0.0,0,0,1.4
77800.00000000001,2.793625688233409e-05,210.48363703953152,290.8131261775463,1.6875948439748472,0,0,0,0,0,0,0,0,0.0,0,0,1.4
77900.0,2.7535307728634468e-05,209.9523722629997,290.44588916163093,1.6591756555220487,0,0,0,0,0,0,0,0,0.0,0,0,1.4
78000.0,2.713930671207438e-05,209.4209637617323,290.07808750404024,1.6311750139933856,0,0,0,0,0,0,0,0,0.0,0,0,1.4
78100.00000000001,2.6748200868413678e-05,208.88946330937026,289.7097549647516,1.6035879267915019,0,0,0,0,0,0,0,0,0.0,0,0,1.4
78200.0,2.6361937833755323e-05,208.35792296899507,289.34092567323853,1.5764094475434502,0,0,0,0,0,0,0,0,0.0,0,0,1.4
78300.00000000001,2.5980465834976454e-05,207.82639508779826,288.97163412773824,1.5496346756079211,0,0,0,0,0,0,0,0,0.0,0,0,1.4
78400.0,2.560373368031907e-05,207.29493229166115,288.6019151944212,1.5232587555938353,0,0,0,0,0,0,0,0,0.0,0,0,1.4
78500.0,2.5231690750126944e-05,206.7635874796283,288.2318041064456,1.4972768768892717,0,0,0,0,0,0,0,0,0.0,0,0,1.4
78600.00000000001,2.486428698773815e-05,206.23241381831158,287.86133646292205,1.471684273201489,0,0,0,0,0,0,0,0,0.0,0,0,1.4
78700.0,2.4501472890526628e-05,205.70146473615932,287.49054822773866,1.4464762221070742,0,0,0,0,0,0,0,0,0.0,0,0,1.4
78800.00000000001,2.414319950108874e-05,205.17079391767192,287.119475728302,1.421648044612487,0,0,0,0,0,0,0,0,0.0,0,0,1.4
78900.0,2.3789418398580863e-05,204.640455297508,286.74815565415156,1.3971951047248536,0,0,0,0,0,0,0,0,0.0,0,0,1.4
79000.0,2.3440081690196802e-05,204.11050305449237,286.37662505545234,1.3731128090323346,0,0,0,0,0,0,0,0,0.0,0,0,1.4
79100.00000000001,2.309514200279364e-05,203.5809916055399,286.00492134137465,1.3493966062945841,0,0,0,0,0,0,0,0,0.0,0,0,1.4
79200.0,2.275455247465836e-05,203.05197559950162,285.6330822783607,1.326041987042785,0,0,0,0,0,0,0,0,0.0,0,0,1.4
79300.00000000001,2.241826674741157e-05,202.5235099108892,285.2611459882454,1.3030444831886434,0,0,0,0,0,0,0,0,0.0,0,0,1.4
79400.0,2.208623895805764e-05,201.99564963355317,284.889150946282,1.2803996676432998,0,0,0,0,0,0,0,0,0.0,0,0,1.4
79500.0,2.1758423731166905e-05,201.46845007422735,284.5171359790071,1.2581031539446246,0,0,0,0,0,0,0,0,0.0,0,0,1.4
79600.00000000001,2.1434776171197093e-05,200.94196674603046,284.1451402620076,1.2361505958938104,0,0,0,0,0,0,0,0,0.0,0,0,1.4
79700.0,2.1115251854950222e-05,200.4162553618427,283.77320331752674,1.2145376872003986,0,0,0,0,0,0,0,0,0.0,0,0,1.4
79800.00000000001,2.079980682416225e-05,199.89137182763253,283.40136501196224,1.1932601611359561,0,0,0,0,0,0,0,0,0.0,0,0,1.4
79900.0,2.0488397578228143e-05,199.36737223568088,283.0296655532138,1.1723137901961045,0,0,0,0,0,0,0,0,0.0,0,0,1.4
80000.0,2.0180981067054384e-05,198.84431285770975,282.65814548788296,1.1516943857703905,0,0,0,0,0,0,0,0,0.0,0,0,1.4
80100.00000000001,1.9877514684045064e-05,198.3222501379673,282.28684569836014,1.1313977978205334,0,0,0,0,0,0,0,0,0.0,0,0,1.4
80200.0,1.957795625921406e-05,197.8012406862016,281.91580739974614,1.1114199145661128,0,0,0,0,0,0,0,0,0.0,0,0,1.4
80300.00000000001,1.9282264052428227e-05,197.2813412705642,281.5450721366358,1.0917566621780945,0,0,0,0,0,0,0,0,0.0,0,0,1.4
80400.0,1.899039674677291e-05,196.76260881043038,281.1746817797504,1.07240400447952,0,0,0,0,0,0,0,0,0.0,0,0,1.4
80500.0,1.8702313442044948e-05,196.2451003691728,280.80467852244345,1.0533579426537294,0,0,0,0,0,0,0,0,0.0,0,0,1.4
80600.00000000001,1.84179736483686e-05,195.72887314680708,280.4351048770163,1.0346145149592902,0,0,0,0,0,0,0,0,0.0,0,0,1.4
80700.0,1.8137337279933087e-05,195.21398447261691,280.0660036709208,1.0161697964520418,0,0,0,0,0,0,0,0,0.0,0,0,1.4
80800.00000000001,1.786036464885408e-05,194.70049179767656,279.69741804278453,0.9980198987138036,0,0,0,0,0,0,0,0,0.0,0,0,1.4
80900.0,1.7587016459152556e-05,194.18845268730863,279.3293914382835,0.9801609695874727,0,0,0,0,0,0,0,0,0.0,0,0,1.4
81000.0,1.7317253800851145e-05,193.67792481347993,278.96196760586224,0.962589192918414,0,0,0,0,0,0,0,0,0.0,0,0,1.4
81100.00000000001,1.705103814419253e-05,193.16896594712847,278.5951905922927,0.9453007883022293,0,0,0,0,0,0,0,0,0.0,0,0,1.4
81200.0,1.6788331333969947e-05,192.6616339504056,278.22910473805723,0.9282920108381656,0,0,0,0,0,0,0,0,0.0,0,0,1.4
81300.00000000001,1.6529095583973747e-05,192.15598676889317,277.8637546725961,0.9115591508885474,0,0,0,0,0,0,0,0,0.0,0,0,1.4
81400.0,1.6273293471551942e-05,191.65208242372105,277.49918530936344,0.8950985338436422,0,0,0,0,0,0,0,0,0.0,0,0,1.4
81500.0,1.602088793228475e-05,191.1499790036295,277.13544184072003,0.8789065198920509,0,0,0,0,0,0,0,0,0.0,0,0,1.4
81600.00000000001,1.577184225476581e-05,190.6497346570117,276.77256973268555,0.8629795037962678,0,0,0,0,0,0,0,0,0.0,0,0,1.4
81700.0,1.5526120075498064e-05,190.1514075838352,276.4106147194755,0.8473139146732577,0,0,0,0,0,0,0,0,0.0,0,0,1.4
81800.00000000001,1.5283685373896297e-05,189.65505602756542,276.0496227979076,0.8319062157800681,0,0,0,0,0,0,0,0,0.0,0,0,1.4
81900.0,1.5044502467395818e-05,189.16073826700605,275.689640221614,0.8167529043039294,0,0,0,0,0,0,0,0,0.0,0,0,1.4
82000.0,1.4808536006670272e-05,188.66851260808252,275.33071349507594,0.8018505111570262,0,0,0,0,0,0,0,0,0.0,0,0,1.4
82100.00000000001,1.4575750970952165e-05,188.17843737561856,274.97288936751386,0.7871956007756824,0,0,0,0,0,0,0,0,0.0,0,0,1.4
82200.0,1.4346112663456248e-05,187.69057090499396,274.6162148265494,0.7727847709233735,0,0,0,0,0,0,0,0,0.0,0,0,1.4
82300.00000000001,1.4119586706908718e-05,187.20497153383315,274.26073709174557,0.7586146524982578,0,0,0,0,0,0,0,0,0.0,0,0,1.4
82400.0,1.38961390391736e-05,186.72169759359124,273.9065036079257,0.7446819093440799,0,0,0,0,0,0,0,0,0.0,0,0,1.4
82500.0,1.3675735908981052e-05,186.2408074011492,273.55356203834975,0.730983238065059,0,0,0,0,0,0,0,0,0.0,0,0,1.4
82600.00000000001,1.3458343871753664e-05,185.76235925030542,273.20196025766404,0.7175153678439871,0,0,0,0,0,0,0,0,0.0,0,0,1.4
82700.0,1.3243929785530074e-05,185.2864114033077,272.8517463447263,0.7042750602639668,0,0,0,0,0,0,0,0,0.0,0,0,1.4
82800.00000000001,1.3032460806983068e-05,184.81302208227626,272.50296857519606,0.6912591091329479,0,0,0,0,0,0,0,0,0.0,0,0,1.4
82900.0,1.2823904387535682e-05,184.34224946066038,272.1556754139916,0.678464340311699,0,0,0,0,0,0,0,0,0.0,0,0,1.4
83000.0,1.2618228269566025e-05,183.8741516546136,271.8099155075273,0.665887611544178,0,0,0,0,0,0,0,0,0.0,0,0,1.4
83100.00000000001,1.2415400482707471e-05,183.40878671435888,271.46573767578235,0.6535258122908337,0,0,0,0,0,0,0,0,0.0,0,0,1.4
83200.0,1.2215389340238772e-05,182.94621261554272,271.1231909041977,0.6413758635644428,0,0,0,0,0,0,0,0,0.0,0,0,1.4
83300.00000000001,1.2018163435561675e-05,182.48648725053584,270.7823243353689,0.6294347177681074,0,0,0,0,0,0,0,0,0.0,0,0,1.4
83400.0,1.1823691638768891e-05,182.02966841974725,270.4431872605821,0.6176993585357146,0,0,0,0,0,0,0,0,0.0,0,0,1.4
83500.0,1.1631943093296524e-05,181.57581382288865,270.1058291111451,0.6061668005742336,0,0,0,0,0,0,0,0,0.0,0,0,1.4
83600.00000000001,1.1442887212664057e-05,181.1249810502365,269.77029944954785,0.5948340895080945,0,0,0,0,0,0,0,0,0.0,0,0,1.4
83700.0,1.1256493677294855e-05,180.67722757388364,269.4366479604437,0.5836983017251691,0,0,0,0,0,0,0,0,0.0,0,0,1.4
83800.00000000001,1.1072732431423573e-05,180.23261073897208,269.1049244414457,0.5727565442245728,0,0,0,0,0,0,0,0,0.0,0,0,1.4
83900.0,1.08915736800802e-05,179.79118775491443,268.7751787937415,0.562005954465709,0,0,0,0,0,0,0,0,0.0,0,0,1.4
84000.0,1.0712987886156904e-05,179.35301568662274,268.44746101254003,0.5514437002188536,0,0,0,0,0,0,0,0,0.0,0,0,1.4
84100.00000000001,1.0536945767551643e-05,178.91815144571666,268.1218211773285,0.5410669794168105,0,0,0,0,0,0,0,0,0.0,0,0,1.4
84200.0,1.0363418294390742e-05,178.4866517817323,267.79830944195567,0.5308730200077487,0,0,0,0,0,0,0,0,0.0,0,0,1.4
84300.00000000001,1.0192376686323369e-05,178.05857327335139,267.476976024554,0.5208590798088497,0,0,0,0,0,0,0,0,0.0,0,0,1.4
84400.0,1.0023792409894895e-05,177.6339723196045,267.1578711972679,0.5110224463609233,0,0,0,0,0,0,0,0,0.0,0,0,1.4
84500.0,9.857637175988418e-06,177.21290513110424,266.8410452758281,0.5013604367835476,0,0,0,0,0,0,0,0,0.0,0,0,1.4
84600.00000000001,9.693882937340525e-06,176.79542772126473,266.5265486089407,0.4918703976308626,0,0,0,0,0,0,0,0,0.0,0,0,1.4
84700.0,9.532501886126904e-06,176.3815958975547,266.21443156752525,0.48254970474787423,0,0,0,0,0,0,0,0,0.0,0,0,1.4
84800.00000000001,9.373466451614592e-06,175.97146525275974,265.9047445337861,0.4733957631269842,0,0,0,0,0,0,0,0,0.0,0,0,1.4
84900.0,9.216749297883175e-06,175.56509115623453,265.5975378901,0.4644060067647682,0,0,0,0,0,0,0,0,0.0,0,0,1.4
85000.0,9.062323321610813e-06,175.16252874521382,265.2928620077764,0.45557789851893676,0,0,0,0,0,0,0,0,0.0,0,0,1.4
85100.00000000001,8.9101616499237e-06,174.76383291611364,264.9907672356355,0.44690892996518455,0,0,0,0,0,0,0,0,0.0,0,0,1.4
85200.0,8.76023763831077e-06,174.36905831587364,264.6913038884471,0.438396621254117,0,0,0,0,0,0,0,0,0.0,0,0,1.4
85300.00000000001,8.612524868596382e-06,173.97825933331478,264.39452223521056,0.4300385209677916,0,0,0,0,0,0,0,0,0.0,0,0,1.4
85400.0,8.466997146976056e-06,173.59149009053655,264.1004724872947,0.4218322059761595,0,0,0,0,0,0,0,0,0.0,0,0,1.4
85500.0,8.323628502108103e-06,173.20880443433882,263.8092047864307,0.413775281292986,0,0,0,0,0,0,0,0,0.0,0,0,1.4
85600.00000000001,8.182393183264098e-06,172.8302559276786,263.52076919256496,0.405865379931403,0,0,0,0,0,0,0,0,0.0,0,0,1.4
85700.0,8.043265658534592e-06,172.45589784116495,263.2352156715781,0.39810016275889937,0,0,0,0,0,0,0,0,0.0,0,0,1.4
85800.00000000001,7.906220613087359e-06,172.08578314459703,262.95259408287563,0.3904773183516154,0,0,0,0,0,0,0,0,0.0,0,0,1.4
85900.0,7.77123294748068e-06,171.7199644985464,262.67295416685414,0.3829945628480547,0,0,0,0,0,0,0,0,0.0,0,0,1.4
86000.0,7.638277776026548e-06,171.3584942459514,262.3963455322201,0.37564963980187854,0,0,0,0,0,0,0,0,0.0,0,0,1.4
86100.00000000001,7.5073304252032335e-06,171.00142440382544,262.12281764324314,0.36844032003398397,0,0,0,0,0,0,0,0,0.0,0,0,1.4
86200.0,7.3783664321188656e-06,170.64880665494192,261.85241980684157,0.3613644014836347,0,0,0,0,0,0,0,0,0.0,0,0,1.4
86300.00000000001,7.25136154301709e-06,170.30069233962888,261.58520115960505,0.35441970905850506,0,0,0,0,0,0,0,0,0.0,0,0,1.4
86400.0,7.126291711834389e-06,169.95713244757147,261.32121065468004,0.347604094483892,0,0,0,0,0,0,0,0,0.0,0,0,1.4
86500.0,7.0031330987958666e-06,169.61817760972147,261.0604970485983,0.3409154361506675,0,0,0,0,0,0,0,0,0.0,0,0,1.4
86600.00000000001,6.881862069057987e-06,169.28387809021973,260.80310888797953,0.3343516389622035,0,0,0,0,0,0,0,0,0.0,0,0,1.4
86700.0,6.762455191389561e-06,168.95428377841273,260.5490944961753,0.32791063418002797,0,0,0,0,0,0,0,0,0.0,0,0,1.4
86800.00000000001,6.644889236895071e-06,168.6294441809115,260.29850195981817,0.32159037926832634,0,0,0,0,0,0,0,0,0.0,0,0,1.4
86900.0,6.529141177774482e-06,168.3094084137543,260.05137911532864,0.31538885773714737,0,0,0,0,0,0,0,0,0.0,0,0,1.4
87000.0,6.415188186121505e-06,167.99422519458145,259.80777353531397,0.30930407898425527,0,0,0,0,0,0,0,0,0.0,0,0,1.4
87100.00000000001,6.303007632756961e-06,167.6839428349504,259.5677325149619,0.3033340781357442,0,0,0,0,0,0,0,0,0.0,0,0,1.4
87200.0,6.192577086097026e-06,167.37860923265336,259.3313030583292,0.2974769158851733,0,0,0,0,0,0,0,0,0.0,0,0,1.4
87300.00000000001,6.083874311053357e-06,167.07827186418584,259.0985318646449,0.29173067833138966,0,0,0,0,0,0,0,0,0.0,0,0,1.4
87400.0,5.976877267967441e-06,166.78297777723526,258.8694653145321,0.28609347681494957,0,0,0,0,0,0,0,0,0.0,0,0,1.4
87500.0,5.871564111571068e-06,166.49277358328155,258.6441494562255,0.2805634477529573,0,0,0,0,0,0,0,0,0.0,0,0,1.4
87600.00000000001,5.767913189980727e-06,166.20770545027398,258.42262999176404,0.2751387524726755,0,0,0,0,0,0,0,0,0.0,0,0,1.4
87700.0,5.665903043715836e-06,165.92781909539582,258.2049522631716,0.2698175770434882,0,0,0,0,0,0,0,0,0.0,0,0,1.4
87800.00000000001,5.565512404745236e-06,165.65315977791894,257.9911612386364,0.26459813210748445,0,0,0,0,0,0,0,0,0.0,0,0,1.4
87900.0,5.4667201955586345e-06,165.383772292141,257.78130149868736,0.25947865270854253,0,0,0,0,0,0,0,0,0.0,0,0,1.4
88000.0,5.369505528261533e-06,165.11970096042702,257.57541722239336,0.25445739811993445,0,0,0,0,0,0,0,0,0.0,0,0,1.4
88100.00000000001,5.2738477036931586e-06,164.86098962634435,257.37355217358197,0.2495326516704665,0,0,0,0,0,0,0,0,0.0,0,0,1.4
88200.0,5.179726210565493e-06,164.6076816478787,257.1757496870764,0.24470272056910758,0,0,0,0,0,0,0,0,0.0,0,0,1.4
88300.00000000001,5.087120724622126e-06,164.35981989077837,256.9820526549935,0.23996593572817668,0,0,0,0,0,0,0,0,0.0,0,0,1.4
88400.0,4.9960111078180516e-06,164.11744672196866,256.7925035130654,0.23532065158511786,0,0,0,0,0,0,0,0,0.0,0,0,1.4
88500.0,4.906377407513738e-06,163.88060400310334,256.60714422704507,0.23076524592271405,0,0,0,0,0,0,0,0,0.0,0,0,1.4
88600.00000000001,4.8181998556893754e-06,163.6493330841806,256.4260162791449,0.22629811968797844,0,0,0,0,0,0,0,0,0.0,0,0,1.4
88700.0,4.731458868172535e-06,163.42367479731217,256.2491606545878,0.22191769680960233,0,0,0,0,0,0,0,0,0.0,0,0,1.4
88800.00000000001,4.646135043880527e-06,163.20366945056674,256.0766178282146,0.2176224240139775,0,0,0,0,0,0,0,0,0.0,0,0,1.4
88900.0,4.562209164077204e-06,162.98935682192874,255.9084277511893,0.2134107706399146,0,0,0,0,0,0,0,0,0.0,0,0,1.4
89000.0,4.479662191639809e-06,162.78077615339143,255.7446298378244,0.20928122845194794,0,0,0,0,0,0,0,0,0.0,0,0,1.4
89100.00000000001,4.398475270339096e-06,162.5779661451478,255.58526295250624,0.20523231145240586,0,0,0,0,0,0,0,0,0.0,0,0,1.4
89200.0,4.3186297241279175e-06,162.38096494989856,255.43036539674287,0.20126255569212345,0,0,0,0,0,0,0,0,0.0,0,0,1.4
89300.00000000001,4.240107056440402e-06,162.18981016727304,255.27997489634012,0.19737051907997163,0,0,0,0,0,0,0,0,0.0,0,0,1.4
89400.0,4.1628889494976175e-06,162.00453883839344,255.13412858873775,0.19355478119112765,0,0,0,0,0,0,0,0,0.0,0,0,1.4
89500.0,4.086957263621522e-06,161.825187440531,254.99286301047366,0.18981394307418628,0,0,0,0,0,0,0,0,0.0,0,0,1.4
89600.00000000001,4.012294036554581e-06,161.65179188189862,254.85621408481907,0.18614662705712873,0,0,0,0,0,0,0,0,0.0,0,0,1.4
89700.0,3.938881482785119e-06,161.48438749657998,254.72421710959398,0.18255147655223078,0,0,0,0,0,0,0,0,0.0,0,0,1.4
89800.00000000001,3.866701992875973e-06,161.32300903955587,254.59690674513922,0.17902715585983636,0,0,0,0,0,0,0,0,0.0,0,0,1.4
89900.0,3.7957381327979395e-06,161.16769068188117,254.47431700249652,0.1755723499712111,0,0,0,0,0,0,0,0,0.0,0,0,1.4
90000.0,3.725972643264645e-06,161.01846600598364,254.3564812317813,0.17218576437036898,0,0,0,0,0,0,0,0,0.0,0,0,1.4
90100.00000000001,3.6573884390707336e-06,160.87536800108333,254.24343211075615,0.1688661248350449,0,0,0,0,0,0,0,0,0.0,0,0,1.4
90200.0,3.589968608428937e-06,160.73842905876697,254.13520163364052,0.16561217723672886,0,0,0,0,0,0,0,0,0.0,0,0,1.4
90300.00000000001,3.5236964123098543e-06,160.60768096865385,254.03182110011346,0.16242268733995627,0,0,0,0,0,0,0,0,0.0,0,0,1.4
90400.0,3.4585552837787023e-06,160.48315491424498,253.93332110459158,0.15929644060077097,0,0,0,0,0,0,0,0,0.0,0,0,1.4
90500.0,3.3945288273334353e-06,160.36488146886157,253.83973152571502,0.15623224196455102,0,0,0,0,0,0,0,0,0.0,0,0,1.4
90600.00000000001,3.331600818238476e-06,160.2528905917568,253.75108151611596,0.15322891566310254,0,0,0,0,0,0,0,0,0.0,0,0,1.4
90700.0,3.269755201857679e-06,160.14721162432326,253.6673994924161,0.1502853050111957,0,0,0,0,0,0,0,0,0.0,0,0,1.4
90800.00000000001,3.208976092983353e-06,160.0478732864784,253.588713125526,0.14740027220256224,0,0,0,0,0,0,0,0,0.0,0,0,1.4
90900.0,3.1492477751610714e-06,159.95490367316881,253.51504933120708,0.14457269810536727,0,0,0,0,0,0,0,0,0.0,0,0,1.4
91000.0,3.0905547000114173e-06,159.86833025099384,253.4464342609038,0.1418014820572948,0,0,0,0,0,0,0,0,0.0,0,0,1.4
91100.00000000001,3.032881486544649e-06,159.78817985501686,253.38289329290745,0.13908554166020692,0,0,0,0,0,0,0,0,0.0,0,0,1.4
91200.0,2.976212920472119e-06,159.71447868567307,253.3244510237869,0.136423812574552,0,0,0,0,0,0,0,0,0.0,0,0,1.4
91300.00000000001,2.9205339535098e-06,159.64725230583036,253.2711312601372,0.1338152483134425,0,0,0,0,0,0,0,0,0.0,0,0,1.4
91400.0,2.865829702676417e-06,159.5865256380112,253.22295701065957,0.13125882003660252,0,0,0,0,0,0,0,0,0.0,0,0,1.4
91500.0,2.812085449584427e-06,159.53232296173113,253.17995047854404,0.12875351634414703,0,0,0,0,0,0,0,0,0.0,0,0,1.4
91600.00000000001,2.7592866397229476e-06,159.48466791098653,253.14213305418687,0.1262983430702588,0,0,0,0,0,0,0,0,0.0,0,0,1.4
91700.0,2.7074188817338824e-06,159.44358347189723,253.10952530825267,0.1238923230769014,0,0,0,0,0,0,0,0,0.0,0,0,1.4
91800.00000000001,2.6564679466793266e-06,159.40909198047427,253.08214698506453,0.12153449604753361,0,0,0,0,0,0,0,0,0.0,0,0,1.4
91900.0,2.6064197673000965e-06,159.38121512056162,253.0600169963653,0.11922391828093157,0,0,0,0,0,0,0,0,0.0,0,0,1.4
92000.0,2.5572604372664025e-06,159.3599739218643,253.04315341538685,0.11695966248517281,0,0,0,0,0,0,0,0,0.0,0,0,1.4
92100.00000000001,2.508976210418217e-06,159.34538875818504,253.03157347132824,0.11474081757183587,0,0,0,0,0,0,0,0,0.0,0,0,1.4
92200.0,2.4615534999972956e-06,159.33747934577764,253.0252935441757,0.11256648845050594,0,0,0,0,0,0,0,0,0.0,0,0,1.4
92300.00000000001,2.4149788778685625e-06,159.33626474182577,253.02432915987475,0.11043579582356026,0,0,0,0,0,0,0,0,0.0,0,0,1.4
92400.0,2.369239073732248e-06,159.34176334309458,253.02869498589732,0.10834787598139936,0,0,0,0,0,0,0,0,0.0,0,0,1.4
92500.0,2.324320974325489e-06,159.35399288471817,253.0384048271773,0.10630188059810455,0,0,0,0,0,0,0,0,0.0,0,0,1.4
92600.00000000001,2.280211622614108e-06,159.37297043912142,253.05347162241782,0.10429697652762028,0,0,0,0,0,0,0,0,0.0,0,0,1.4
92700.0,2.236898216973505e-06,159.3987124150976,253.0739074407899,0.10233234560048948,0,0,0,0,0,0,0,0,0.0,0,0,1.4
92800.00000000001,2.1943681103587047e-06,159.4312345570271,253.09972347901393,0.10040718442119695,0,0,0,0,0,0,0,0,0.0,0,0,1.4
92900.0,2.1526088094649178e-06,159.47055194423172,253.1309300588224,0.09852070416623948,0,0,0,0,0,0,0,0,0.0,0,0,1.4
93000.0,2.111607973875763e-06,159.5166789904734,253.16753662481258,0.09667213038285584,0,0,0,0,0,0,0,0,0.0,0,0,1.4
93100.00000000001,2.0713534152016903e-06,159.5696294436202,253.20955174270992,0.09486070278860462,0,0,0,0,0,0,0,0,0.0,0,0,1.4
93200.0,2.0318330962071063e-06,159.62941638540434,253.25698309798364,0.09308567507172853,0,0,0,0,0,0,0,0,0.0,0,0,1.4
93300.00000000001,1.9930351299266537e-06,159.69605223138146,253.30983749490227,0.09134631469244642,0,0,0,0,0,0,0,0,0.0,0,0,1.4
93400.0,1.9549477787704743e-06,159.7695487309849,253.3681208559463,0.0896419026851514,0,0,0,0,0,0,0,0,0.0,0,0,1.4
93500.0,1.9175594536186337e-06,159.84991696773653,253.4318382216272,0.08797173346161034,0,0,0,0,0,0,0,0,0.0,0,0,1.4
93600.00000000001,1.880858712904528e-06,159.93716735959595,253.5009937506976,0.08633511461519146,0,0,0,0,0,0,0,0,0.0,0,0,1.4
93700.0,1.8448342616876745e-06,160.03130965947406,253.575590720775,0.08473136672619934,0,0,0,0,0,0,0,0,0.0,0,0,1.4
93800.00000000001,1.8094749507153652e-06,160.1323529558312,253.65563152931355,0.08315982316829156,0,0,0,0,0,0,0,0,0.0,0,0,1.4
93900.0,1.7747697754741543e-06,160.24030567346276,253.74111769500587,0.08161982991612071,0,0,0,0,0,0,0,0,0.0,0,0,1.4
94000.0,1.7407078752300095e-06,160.35517557440627,253.83204985956067,0.08011074535414978,0,0,0,0,0,0,0,0,0.0,0,0,1.4
94100.00000000001,1.7072785320588925e-06,160.47696975896022,253.92842778984735,0.07863194008675616,0,0,0,0,0,0,0,0,0.0,0,0,1.4
94200.0,1.6744711698660818e-06,160.60569466688725,254.0302503804634,0.07718279674961848,0,0,0,0,0,0,0,0,0.0,0,0,1.4
94300.00000000001,1.642275353396361e-06,160.7413560786936,254.1375156566366,0.07576270982246311,0,0,0,0,0,0,0,0,0.0,0,0,1.4
94400.0,1.6106807872329946e-06,160.88395911710654,254.25022077755605,0.07437108544316606,0,0,0,0,0,0,0,0,0.0,0,0,1.4
94500.0,1.5796773147879437e-06,161.03350824861306,254.36836204002122,0.07300734122328649,0,0,0,0,0,0,0,0,0.0,0,0,1.4
94600.00000000001,1.5492549172816454e-06,161.19000728518662,254.4919348825057,0.07167090606504273,0,0,0,0,0,0,0,0,0.0,0,0,1.4
94700.0,1.5194037127140296e-06,161.35345938611692,254.62093388956566,0.07036121997979317,0,0,0,0,0,0,0,0,0.0,0,0,1.4
94800.00000000001,1.4901139548256673e-06,161.5238670599727,254.75535279661284,0.06907773390800873,0,0,0,0,0,0,0,0,0.0,0,0,1.4
94900.0,1.4613760320504742e-06,161.7012321666918,254.8951844950432,0.06781990954082157,0,0,0,0,0,0,0,0,0.0,0,0,1.4
95000.0,1.4331804664592208e-06,161.88555591979522,255.04042103771468,0.06658721914313406,0,0,0,0,0,0,0,0,0.0,0,0,1.4
95100.00000000001,1.4055179126949303e-06,162.07683888873953,255.19105364478082,0.0653791453783614,0,0,0,0,0,0,0,0,0.0,0,0,1.4
95200.0,1.37837915689989e-06,162.2750810013617,255.3470727098392,0.06419518113479264,0,0,0,0,0,0,0,0,0.0,0,0,1.4
95300.00000000001,1.3517551156345243e-06,162.4802815464846,255.50846780644343,0.06303482935362362,0,0,0,0,0,0,0,0,0.0,0,0,1.4
95400.0,1.3256368347889964e-06,162.69243917660998,255.67522769491535,0.061897602858684515,0,0,0,0,0,0,0,0,0.0,0,0,1.4
95500.0,1.3000154884869433e-06,162.9115519107518,255.84734032949416,0.0607830241878663,0,0,0,0,0,0,0,0,0.0,0,0,1.4
95600.00000000001,1.2748823779825167e-06,163.13761713737344,256.02479286578745,0.05969062542629512,0,0,0,0,0,0,0,0,0.0,0,0,1.4
95700.0,1.2502289305503715e-06,163.37063161745374,256.2075716685378,0.05861994804125439,0,0,0,0,0,0,0,0,0.0,0,0,1.4
95800.00000000001,1.2260466983693851e-06,163.61059148765466,256.3956623196779,0.057570542718886536,0,0,0,0,0,0,0,0,0.0,0,0,1.4
95900.0,1.2023273574000265e-06,163.85749226359619,256.589049626671,0.05654196920267652,0,0,0,0,0,0,0,0,0.0,0,0,1.4
96000.0,1.179062706255972e-06,164.11132884328157,256.7877176311653,0.05553379613376226,0,0,0,0,0,0,0,0,0.0,0,0,1.4
96100.00000000001,1.1562446650702014e-06,164.3720955105731,256.9916496178765,0.054545600893048315,0,0,0,0,0,0,0,0,0.0,0,0,1.4
96200.0,1.133865274356e-06,164.63978593881882,257.20082812376984,0.05357696944517706,0,0,0,0,0,0,0,0,0.0,0,0,1.4
96300.00000000001,1.1119166938628106e-06,164.91439319457152,257.4152349474898,0.05262749618433147,0,0,0,0,0,0,0,0,0.0,0,0,1.4
96400.0,1.0903912014279894e-06,165.19590974141084,257.63485115903734,0.051696783781919206,0,0,0,0,0,0,0,0,0.0,0,0,1.4
96500.0,1.0692811918241916e-06,165.48432744386517,257.8596571096861,0.05078444303611837,0,0,0,0,0,0,0,0,0.0,0,0,1.4
96600.00000000001,1.0485791756027406e-06,165.77963757144195,258.0896324421355,0.04989009272329766,0,0,0,0,0,0,0,0,0.0,0,0,1.4
96700.0,1.0282777779339634e-06,166.0818308027545,258.3247561008851,0.04901335945134524,0,0,0,0,0,0,0,0,0.0,0,0,1.4
96800.00000000001,1.0083697374439744e-06,166.39089722972392,258.56500634280496,0.04815387751486609,0,0,0,0,0,0,0,0,0.0,0,0,1.4
96900.0,9.88847905048977e-07,166.70682636192907,258.8103607479513,0.04731128875230961,0,0,0,0,0,0,0,0,0.0,0,0,1.4
97000.0,9.697052427868855e-07,167.0296071309837,259.0607962305265,0.04648524240497006,0,0,0,0,0,0,0,0,0.0,0,0,1.4
97100.00000000001,9.509348226470997e-07,167.35922789505145,259.31628905006005,0.045675394977919066,0,0,0,0,0,0,0,0,0.0,0,0,1.4
97200.0,9.325298253983446e-07,167.69567644343311,259.57681482275325,0.04488141010283267,0,0,0,0,0,0,0,0,0.0,0,0,1.4
97300.00000000001,9.144835394153416e-07,168.03894000123975,259.8423485329886,0.04410295840273792,0,0,0,0,0,0,0,0,0.0,0,0,1.4
97400.0,8.967893595041669e-07,168.38900523415825,260.11286454500333,0.043339717358657735,0,0,0,0,0,0,0,0,0.0,0,0,1.4
97500.0,8.794407857270445e-07,168.74585825329046,260.38833661470187,0.042591371178167185,0,0,0,0,0,0,0,0,0.0,0,0,1.4
97600.00000000001,8.624314222270208e-07,169.1094846200818,260.6687379016138,0.04185761066586873,0,0,0,0,0,0,0,0,0.0,0,0,1.4
97700.0,8.457549760521194e-07,169.47986935132008,260.9540409809738,0.04113813309574281,0,0,0,0,0,0,0,0,0.0,0,0,1.4
97800.00000000001,8.294052559803478e-07,169.85699692423518,261.2442178559385,0.040432642085427094,0,0,0,0,0,0,0,0,0.0,0,0,1.4
97900.0,8.13376171345012e-07,170.24085128163085,261.5392399698807,0.039740847472360896,0,0,0,0,0,0,0,0,0.0,0,0,1.4
98000.0,7.976617308610951e-07,170.63141583712533,261.8390782188121,0.03906246519182799,0,0,0,0,0,0,0,0,0.0,0,0,1.4
98100.00000000001,7.822560414532029e-07,171.02867348046394,262.1437029638973,0.03839721715689061,0,0,0,0,0,0,0,0,0.0,0,0,1.4
98200.0,7.671533070847685e-07,171.43260658285772,262.45308404401726,0.03774483114016644,0,0,0,0,0,0,0,0,0.0,0,0,1.4
98300.00000000001,7.523478275895131e-07,171.84319700246493,262.7671907884647,0.037105040657499665,0,0,0,0,0,0,0,0,0.0,0,0,1.4
98400.0,7.378339975051409e-07,172.26042608983835,263.0859920296261,0.036477584853461045,0,0,0,0,0,0,0,0,0.0,0,0,1.4
98500.0,7.23606304909521e-07,172.68427469353458,263.4094561157959,0.03586220838870794,0,0,0,0,0,0,0,0,0.0,0,0,1.4
98600.00000000001,7.096593302598566e-07,173.11472316571422,263.7375509239829,0.03525866132916574,0,0,0,0,0,0,0,0,0.0,0,0,1.4
98700.0,6.959877452350834e-07,173.55175136782904,264.07024387277556,0.03466669903703765,0,0,0,0,0,0,0,0,0.0,0,0,1.4
98800.00000000001,6.825863115817421e-07,173.99533867636458,264.4075019352354,0.03408608206362174,0,0,0,0,0,0,0,0,0.0,0,0,1.4
98900.0,6.694498799635604e-07,174.4454639886266,264.7492916518023,0.03351657604391759,0,0,0,0,0,0,0,0,0.0,0,0,1.4
99000.0,6.56573388815257e-07,174.90210572858925,265.0955791432192,0.03295795159302473,0,0,0,0,0,0,0,0,0.0,0,0,1.4
99100.00000000001,6.439518632006067e-07,175.36524185279475,265.446330123461,0.03240998420430498,0,0,0,0,0,0,0,0,0.0,0,0,1.4
99200.0,6.315804136751649e-07,175.8348498562947,265.8015099126543,0.03187245414929897,0,0,0,0,0,0,0,0,0.0,0,0,1.4
99300.00000000001,6.194542351538547e-07,176.31090677863176,266.16108344998037,0.03134514637937889,0,0,0,0,0,0,0,0,0.0,0,0,1.4
99400.0,6.075686057837797e-07,176.79338920988488,266.5250153065728,0.030827850429131675,0,0,0,0,0,0,0,0,0.0,0,0,1.4
99500.0,5.9591888582236e-07,177.28227329674098,266.89326969837623,0.030320360321442197,0,0,0,0,0,0,0,0,0.0,0,0,1.4
99600.00000000001,5.845005165211537e-07,177.77753474859608,267.2658104989614,0.029822474474266916,0,0,0,0,0,0,0,0,0.0,0,0,1.4
99700.0,5.733090190156767e-07,178.2791488437286,267.6426012523247,0.02933399560909267,0,0,0,0,0,0,0,0,0.0,0,0,1.4
99800.00000000001,5.623399932211111e-07,178.7870904354777,268.0236051856148,0.02885473066103428,0,0,0,0,0,0,0,0,0.0,0,0,1.4
99900.0,5.515891167346512e-07,179.30133395845974,268.40878522180685,0.02838449069058642,0,0,0,0,0,0,0,0,0.0,0,0,1.4
100000.0,5.41052143744248e-07,179.8218534348303,268.79810399232395,0.027923090796989635,0,0,0,0,0,0,0,0,0.0,0,0,1.4
100100.00000000001,5.307249039442058e-07,180.3486224805658,269.19152384958227,0.027470350033200728,0,0,0,0,0,0,0,0,0.0,0,0,1.4
100200.0,5.206033014577348e-07,180.8816143117633,269.5890068794532,0.02702609132244382,0,0,0,0,0,0,0,0,0.0,0,0,1.4
100300.00000000001,5.106833137667702e-07,181.42080175098792,269.99051491366134,0.02659014137633415,0,0,0,0,0,0,0,0,0.0,0,0,1.4
100400.0,5.009609906490521e-07,181.966157233641,270.3960095420914,0.02616233061454098,0,0,0,0,0,0,0,0,0.0,0,0,1.4
100500.0,4.914324531230064e-07,182.51765281430428,270.80545212496975,0.025742493085983253,0,0,0,0,0,0,0,0,0.0,0,0,1.4
100600.00000000001,4.820938924000639e-07,183.07526017318764,271.21880380500886,0.02533046639152885,0,0,0,0,0,0,0,0,0.0,0,0,1.4
100700.0,4.729415688451444e-07,183.63895062251416,271.6360255193885,0.02492609160818321,0,0,0,0,0,0,0,0,0.0,0,0,1.4
100800.00000000001,4.639718109451136e-07,184.2086951129686,272.0570780116636,0.024529213214747377,0,0,0,0,0,0,0,0,0.0,0,0,1.4
100900.0,4.551810142855883e-07,184.78446424013333,272.481921843539,0.02413967901892675,0,0,0,0,0,0,0,0,0.0,0,0,1.4
101000.0,4.4656564053584656e-07,185.36622825097115,272.9105174065519,0.023757340085857805,0,0,0,0,0,0,0,0,0.0,0,0,1.4
101100.00000000001,4.3812221644272056e-07,185.9539570502725,273.3428249335975,0.023382050668061274,0,0,0,0,0,0,0,0,0.0,0,0,1.4
101200.0,4.2984733283269883e-07,186.54762020714517,273.77880451035367,0.023013668136763782,0,0,0,0,0,0,0,0,0.0,0,0,1.4
101300.00000000001,4.217376436230907e-07,187.14718696149427,274.21841608656257,0.02265205291459967,0,0,0,0,0,0,0,0,0.0,0,0,1.4
101400.0,4.137898648420884e-07,187.75262623051913,274.6616194871866,0.02229706840966122,0,0,0,0,0,0,0,0,0.0,0,0,1.4
101500.0,4.060007736577034e-07,188.3639066151987,275.1083744234164,0.021948580950866232,0,0,0,0,0,0,0,0,0.0,0,0,1.4
101600.00000000001,3.9836720741606266e-07,188.9809964067843,275.5586405035409,0.021606459724645567,0,0,0,0,0,0,0,0,0.0,0,0,1.4
101700.0,3.908860626886754e-07,189.60386359330155,276.0123772436807,0.021270576712904273,0,0,0,0,0,0,0,0,0.0,0,0,1.4
101800.00000000001,3.835542943293123e-07,190.23247586603168,276.4695440783597,0.020940806632262363,0,0,0,0,0,0,0,0,0.0,0,0,1.4
101900.0,3.7636891454008563e-07,190.86680062601073,276.93010037094297,0.020617026874532648,0,0,0,0,0,0,0,0,0.0,0,0,1.4
102000.0,3.6932699194716694e-07,191.50680499047763,277.39400542388785,0.020299117448427235,0,0,0,0,0,0,0,0,0.0,0,0,1.4
102100.00000000001,3.624256506859559e-07,192.15245579939787,277.86121848890025,0.019986960922472357,0,0,0,0,0,0,0,0,0.0,0,0,1.4
102200.0,3.556620694960599e-07,192.80371962188397,278.33169877686464,0.019680442369108205,0,0,0,0,0,0,0,0,0.0,0,0,1.4
102300.00000000001,3.490334808257941e-07,193.46056276267373,278.8054054676637,0.01937944930995201,0,0,0,0,0,0,0,0,0.0,0,0,1.4
102400.0,3.4253716994658404e-07,194.12295126856026,279.2822977198109,0.019083871662211302,0,0,0,0,0,0,0,0,0.0,0,0,1.4
102500.0,3.361704740771477e-07,194.79085093482195,279.76233467992853,0.01879360168622327,0,0,0,0,0,0,0,0,0.0,0,0,1.4
102600.00000000001,3.2993078151749284e-07,195.4642273116388,280.24547549206295,0.01850853393409884,0,0,0,0,0,0,0,0,0.0,0,0,1.4
102700.0,3.2381553079286374e-07,196.14304571048248,280.7316793068262,0.018228565199456235,0,0,0,0,0,0,0,0,0.0,0,0,1.4
102800.00000000001,3.1782220980758577e-07,196.82727121050002,281.22090529037933,0.01795359446822198,0,0,0,0,0,0,0,0,0.0,0,0,1.4
102900.0,3.1194835500890554e-07,197.516868664858,281.713112633232,0.01768352287048109,0,0,0,0,0,0,0,0,0.0,0,0,1.4
103000.0,3.061915505607962e-07,198.211802707093,282.2082605588937,0.017418253633358933,0,0,0,0,0,0,0,0,0.0,0,0,1.4
103100.00000000001,3.00549427527707e-07,198.91203775741724,282.706308332338,0.017157692034908995,0,0,0,0,0,0,0,0,0.0,0,0,1.4
103200.0,2.950196630684923e-07,199.61753802901055,283.2072152683035,0.016901745359003587,0,0,0,0,0,0,0,0,0.0,0,0,1.4
103300.00000000001,2.8959997964009134e-07,200.32826753428614,283.7109407394239,0.01665032285118314,0,0,0,0,0,0,0,0,0.0,0,0,1.4
103400.0,2.842881442115419e-07,201.04419009112374,284.21744418418103,0.016403335675478505,0,0,0,0,0,0,0,0,0.0,0,0,1.4
103500.0,2.7908196748773917e-07,201.7652693290767,284.72668511468896,0.016160696872155277,0,0,0,0,0,0,0,0,0.0,0,0,1.4
103600.00000000001,2.7397930314341044e-07,202.49146869556176,285.2386231243142,0.01592232131639033,0,0,0,0,0,0,0,0,0.0,0,0,1.4
103700.0,2.6897804706695597e-07,203.22275146199934,285.75321789511077,0.015688125677840923,0,0,0,0,0,0,0,0,0.0,0,0,1.4
103800.00000000001,2.6407613661435594e-07,203.95908072993967,286.270429205097,0.015458028381104246,0,0,0,0,0,0,0,0,0.0,0,0,1.4
103900.0,2.592715498730111e-07,204.70041943714358,286.790216935352,0.015231949567041152,0,0,0,0,0,0,0,0,0.0,0,0,1.4
104000.0,2.545623049355389e-07,205.44673036362744,287.31254107694065,0.015009811054950641,0,0,0,0,0,0,0,0,0.0,0,0,1.4
104100.00000000001,2.49946459183445e-07,206.19797613768955,287.83736173767994,0.014791536305576294,0,0,0,0,0,0,0,0,0.0,0,0,1.4
104200.0,2.454221085807659e-07,206.9541192418916,288.3646391487303,0.014577050384933864,0,0,0,0,0,0,0,0,0.0,0,0,1.4
104300.00000000001,2.4098738697746166e-07,207.71512201898722,288.89433367100753,0.01436627992893197,0,0,0,0,0,0,0,0,0.0,0,0,1.4
104400.0,2.3664046542269718e-07,208.4809466778341,289.4264058014421,0.014159153108783112,0,0,0,0,0,0,0,0,0.0,0,0,1.4
104500.0,2.3237955148780673e-07,209.25155529926158,289.9608161790684,0.013955599597177166,0,0,0,0,0,0,0,0,0.0,0,0,1.4
104600.00000000001,2.282028885990625e-07,210.026909841896,290.4975255909468,0.013755550535211939,0,0,0,0,0,0,0,0,0.0,0,0,1.4
104700.0,2.241087553800578e-07,210.806972147927,291.0364949779096,0.01355893850005585,0,0,0,0,0,0,0,0,0.0,0,0,1.4
104800.00000000001,2.2009546500377505e-07,211.59170394887235,291.577685440171,0.013365697473338557,0,0,0,0,0,0,0,0,0.0,0,0,1.4
104900.0,2.1616136455409184e-07,212.3810668712586,292.12105824274767,0.013175762810237659,0,0,0,0,0,0,0,0,0.0,0,0,1.4
105000.0,2.1230483439697824e-07,213.1750224422758,292.6665748207303,0.012989071209269253,0,0,0,0,0,0,0,0,0.0,0,0,1.4
105100.00000000001,2.0852428756094921e-07,213.97353209538923,293.2141967843979,0.012805560682743945,0,0,0,0,0,0,0,0,0.0,0,0,1.4
105200.0,2.048181691270469e-07,214.77655717592145,293.7638859241858,0.012625170527895392,0,0,0,0,0,0,0,0,0.0,0,0,1.4
105300.00000000001,2.0118495562808833e-07,215.5840589465135,294.3156042154449,0.012447841298649677,0,0,0,0,0,0,0,0,0.0,0,0,1.4
105400.0,1.976231544571228e-07,216.3959985926615,294.86931382313276,0.012273514778034225,0,0,0,0,0,0,0,0,0.0,0,0,1.4
105500.0,1.9413130328516804e-07,217.21233722808515,295.4249771062677,0.012102133951206698,0,0,0,0,0,0,0,0,0.0,0,0,1.4
105600.00000000001,1.9070796948794356e-07,218.03303590013803,295.98255662229496,0.011933642979089935,0,0,0,0,0,0,0,0,0.0,0,0,1.4
105700.0,1.8735174958173642e-07,218.8580555950896,296.5420151312491,0.01176798717260306,0,0,0,0,0,0,0,0,0.0,0,0,1.4
105800.00000000001,1.8406126866813537e-07,219.68735724344575,297.1033155998294,0.011605112967473415,0,0,0,0,0,0,0,0,0.0,0,0,1.4
105900.0,1.8083517988777058e-07,220.52090172512334,297.66642120526495,0.011444967899620065,0,0,0,0,0,0,0,0,0.0,0,0,1.4
106000.0,1.7767216388270604e-07,221.35864987465544,298.2312953390917,0.011287500581088789,0,0,0,0,0,0,0,0,0.0,0,0,1.4
106100.00000000001,1.7457092826766483e-07,222.20056248629427,298.79790161075306,0.011132660676535639,0,0,0,0,0,0,0,0,0.0,0,0,1.4
106200.0,1.7153020710983575e-07,223.0466003190837,299.36620385107653,0.010980398880240319,0,0,0,0,0,0,0,0,0.0,0,0,1.4
106300.00000000001,1.6854876041726496e-07,223.8967241018603,299.936166115599,0.010830666893640968,0,0,0,0,0,0,0,0,0.0,0,0,1.4
106400.0,1.6562537363571771e-07,224.75089453822966,300.50775268777613,0.010683417403379332,0,0,0,0,0,0,0,0,0.0,0,0,1.4
106500.0,1.6275885715387824e-07,225.60907231145893,301.0809280820381,0.010538604059839115,0,0,0,0,0,0,0,0,0.0,0,0,1.4
106600.00000000001,1.599480458169106e-07,226.47121808934054,301.6556570467301,0.010396181456176169,0,0,0,0,0,0,0,0,0.0,0,0,1.4
106700.0,1.5719179844816786e-07,227.3372925289746,302.23190456690634,0.010256105107819184,0,0,0,0,0,0,0,0,0.0,0,0,1.4
106800.00000000001,1.5448899737906852e-07,228.207256281521,302.8096358670128,0.01011833143243956,0,0,0,0,0,0,0,0,0.0,0,0,1.4
106900.0,1.5183854798696476e-07,229.0810699968807,303.38881641343437,0.009982817730372608,0,0,0,0,0,0,0,0,0.0,0,0,1.4
107000.0,1.492393782409645e-07,229.95869432832882,303.96941191692395,0.009849522165484303,0,0,0,0,0,0,0,0,0.0,0,0,1.4
107100.00000000001,1.4669043825559185e-07,230.84008993707786,304.5513883349017,0.009718403746471075,0,0,0,0,0,0,0,0,0.0,0,0,1.4
107200.0,1.4419069985221972e-07,231.72521749680246,305.13471187364695,0.009589422308585826,0,0,0,0,0,0,0,0,0.0,0,0,1.4
107300.00000000001,1.417391561281196e-07,232.614037698105,305.7193489903722,0.009462538495775549,0,0,0,0,0,0,0,0,0.0,0,0,1.4
107400.0,1.393348210331296e-07,233.50651125290764,306.30526639517126,0.009337713743226733,0,0,0,0,0,0,0,0,0.0,0,0,1.4
107500.0,1.369767289537544e-07,234.40259889879846,306.8924310528624,0.009214910260304354,0,0,0,0,0,0,0,0,0.0,0,0,1.4
107600.00000000001,1.3466393430467655e-07,235.30226140332812,307.4808101847268,0.009094091013880087,0,0,0,0,0,0,0,0,0.0,0,0,1.4
107700.0,1.3239551112752898e-07,236.20545956822636,308.07037127012427,0.008975219712035926,0,0,0,0,0,0,0,0,0.0,0,0,1.4
107800.00000000001,1.3017055269687428e-07,237.1121542335858,308.66108204801867,0.008858260788139087,0,0,0,0,0,0,0,0,0.0,0,0,1.4
107900.0,1.2798817113326444e-07,238.02230628197142,309.2529105183897,0.008743179385275916,0,0,0,0,0,0,0,0,0.0,0,0,1.4
108000.0,1.2584749702333838e-07,238.93587664247121,309.84582494354186,0.00862994134104064,0,0,0,0,0,0,0,0,0.0,0,0,1.4
108100.00000000001,1.2374767904676178e-07,239.85282629469853,310.4397938493211,0.008518513172664366,0,0,0,0,0,0,0,0,0.0,0,0,1.4
108200.0,1.2168788361005952e-07,240.77311627273582,311.0347860262329,0.00840886206248577,0,0,0,0,0,0,0,0,0.0,0,0,1.4
108300.00000000001,1.1966729448710812e-07,241.69670766899776,311.63077053045095,0.008300955843745593,0,0,0,0,0,0,0,0,0.0,0,0,1.4
108400.0,1.1768511246626445e-07,242.62356163807306,312.2277166847573,0.008194762986704173,0,0,0,0,0,0,0,0,0.0,0,0,1.4
108500.0,1.1574055500405721e-07,243.55363940047195,312.8255940793672,0.008090252585073447,0,0,0,0,0,0,0,0,0.0,0,0,1.4
108600.00000000001,1.1383285588528133e-07,244.48690224633447,313.4243725726776,0.007987394342753515,0,0,0,0,0,0,0,0,0.0,0,0,1.4
108700.0,1.1196126488942622e-07,245.4233115390872,314.0240222919334,0.007886158560867848,0,0,0,0,0,0,0,0,0.0,0,0,1.4
108800.00000000001,1.1012504746341738e-07,246.36282871900772,314.62451363378665,0.007786516125093975,0,0,0,0,0,0,0,0,0.0,0,0,1.4
108900.0,1.0832348440043156e-07,247.30541530677334,315.22581726479996,0.007688438493274985,0,0,0,0,0,0,0,0,0.0,0,0,1.4
109000.0,1.0655587152483893e-07,248.2510329069218,315.82790412185045,0.007591897683313123,0,0,0,0,0,0,0,0,0.0,0,0,1.4
109100.00000000001,1.0482151938311034e-07,249.19964321126565,316.4307454124617,0.0074968662613353896,0,0,0,0,0,0,0,0,0.0,0,0,1.4
109200.0,1.0311975294057379e-07,250.15120800224057,317.0343126150542,0.007403317330122411,0,0,0,0,0,0,0,0,0.0,0,0,1.4
109300.00000000001,1.0144991128400118e-07,251.10568915621013,317.6385774791294,0.007311224517800153,0,0,0,0,0,0,0,0,0.0,0,0,1.4
109400.0,9.981134732988559e-08,252.06304864668692,318.2435120253648,0.007220561966783716,0,0,0,0,0,0,0,0,0.0,0,0,1.4
109500.0,9.820342753830575e-08,253.02324854753255,318.84908854566027,0.007131304322968103,0,0,0,0,0,0,0,0,0.0,0,0,1.4
109600.00000000001,9.662553163236814e-08,253.98625103605656,319.45527960308823,0.007043426725163581,0,0,0,0,0,0,0,0,0.0,0,0,1.4
109700.0,9.50770523230169e-08,254.95201839609072,320.0620580317964,0.006956904794763398,0,0,0,0,0,0,0,0,0.0,0,0,1.4
109800.00000000001,9.355739503925337e-08,255.9205130210054,320.6693969368448,0.006871714625646751,0,0,0,0,0,0,0,0,0.0,0,0,1.4
109900.0,9.206597766357176e-08,256.8916974166365,321.27726969395815,0.006787832774302989,0,0,0,0,0,0,0,0,0.0,0,0,1.4
110000.0,9.060223027259857e-08,257.86553420418727,321.88564994923627,0.006705236250178965,0,0,0,0,0,0,0,0,0.0,0,0,1.4
110100.00000000001,8.916559488279546e-08,258.84198612306403,322.4945116187979,0.006623902506239182,0,0,0,0,0,0,0,0,0.0,0,0,1.4
110200.0,8.775552520119392e-08,259.82101603366283,323.10382888837074,0.006543809429738116,0,0,0,0,0,0,0,0,0.0,0,0,1.4
110300.00000000001,8.63714863810243e-08,260.80258692007476,323.7135762128087,0.006464935333194992,0,0,0,0,0,0,0,0,0.0,0,0,1.4
110400.0,8.501295478220741e-08,261.7866618927586,324.32372831556785,0.006387258945571259,0,0,0,0,0,0,0,0,0.0,0,0,1.4
110500.0,8.367941773657368e-08,262.7732041911532,324.9342601881267,0.006310759403641472,0,0,0,0,0,0,0,0,0.0,0,0,1.4
110600.00000000001,8.237037331779271e-08,263.76217718623525,325.54514708935415,0.006235416243557917,0,0,0,0,0,0,0,0,0.0,0,0,1.4
110700.0,8.108533011585036e-08,264.7535443830031,326.15636454481546,0.006161209392597883,0,0,0,0,0,0,0,0,0.0,0,0,1.4
110800.00000000001,7.982380701609339e-08,265.7472694229434,326.76788834605304,0.006088119161098117,0,0,0,0,0,0,0,0,0.0,0,0,1.4
110900.0,7.85853329826529e-08,266.74331608640364,327.37969454979475,0.006016126234562002,0,0,0,0,0,0,0,0,0.0,0,0,1.4
111000.0,7.73694468462811e-08,267.7416482949333,327.991759477131,0.0059452116659453776,0,0,0,0,0,0,0,0,0.0,0,0,1.4
111100.00000000001,7.617569709641485e-08,268.7422301135666,328.60405971264413,0.005875356868107917,0,0,0,0,0,0,0,0,0.0,0,0,1.4
111200.0,7.500364167748998e-08,269.7450257530538,329.21657210349684,0.0058065436064339265,0,0,0,0,0,0,0,0,0.0,0,0,1.4
111300.00000000001,7.385284778935388e-08,270.7499995720268,329.82927375847083,0.005738753991612467,0,0,0,0,0,0,0,0,0.0,0,0,1.4
111400.0,7.27228916917481e-08,271.7571160791311,330.44214204697744,0.005671970472577239,0,0,0,0,0,0,0,0,0.0,0,0,1.4
111500.0,7.161335851276954e-08,272.7663399350908,331.05515459802075,0.005606175829600444,0,0,0,0,0,0,0,0,0.0,0,0,1.4
111600.00000000001,7.052384206123924e-08,273.7776359547252,331.6682892991257,0.005541353167537528,0,0,0,0,0,0,0,0,0.0,0,0,1.4
111700.0,6.94539446429128e-08,274.79096910892207,332.281524295235,0.0054774859092198026,0,0,0,0,0,0,0,0,0.0,0,0,1.4
111800.00000000001,6.840327688044892e-08,275.80630452654015,332.89483798756,0.005414557788989969,0,0,0,0,0,0,0,0,0.0,0,0,1.4
111900.0,6.73714575371011e-08,276.8236074962795,333.50820903240907,0.005352552846380683,0,0,0,0,0,0,0,0,0.0,0,0,1.4
112000.0,6.635811334399785e-08,277.8428434685067,334.1216163399877,0.0052914554199274206,0,0,0,0,0,0,0,0,0.0,0,0,1.4
112100.00000000001,6.53628788310319e-08,278.863978056996,334.73503907314654,0.005231250141118661,0,0,0,0,0,0,0,0,0.0,0,0,1.4
112200.0,6.438539616120463e-08,279.88697704065515,335.34845664612084,0.005171921928474749,0,0,0,0,0,0,0,0,0.0,0,0,1.4
112300.00000000001,6.342531496842906e-08,280.9118063652001,335.9618487232403,0.005113455981757129,0,0,0,0,0,0,0,0,0.0,0,0,1.4
112400.0,6.248229219868193e-08,281.93843214474407,336.575195217589,0.005055837776300865,0,0,0,0,0,0,0,0,0.0,0,0,1.4
112500.0,6.155599195445306e-08,282.96682066339656,337.188476289675,0.004999053057470227,0,0,0,0,0,0,0,0,0.0,0,0,1.4
112600.00000000001,6.064608534245913e-08,283.99693837676506,337.80167234604414,0.004943087835234991,0,0,0,0,0,0,0,0,0.0,0,0,1.4
112700.0,5.975225032449554e-08,285.02875191342514,338.41476403788033,0.004887928378860731,0,0,0,0,0,0,0,0,0.0,0,0,1.4
112800.00000000001,5.8874171571438866e-08,286.06222807635527,339.027732259589,0.0048335612117162445,0,0,0,0,0,0,0,0,0.0,0,0,1.4
112900.0,5.801154032028229e-08,287.09733384431723,339.64055814735474,0.0047799731061905285,0,0,0,0,0,0,0,0,0.0,0,0,1.4
113000.0,5.716405423417181e-08,288.1340363731856,340.2532230776749,0.004727151078718965,0,0,0,0,0,0,0,0,0.0,0,0,1.4
113100.00000000001,5.633141726539041e-08,289.17230299723235,340.8657086658732,0.004675082384916798,0,0,0,0,0,0,0,0,0.0,0,0,1.4
113200.0,5.5513339521204196e-08,290.21210123036786,341.4779967645966,0.004623754514815122,0,0,0,0,0,0,0,0,0.0,0,0,1.4
113300.00000000001,5.470953713255498e-08,291.25339876736905,342.09006946231113,0.0045731551882008635,0,0,0,0,0,0,0,0,0.0,0,0,1.4
113400.0,5.391973212550154e-08,292.2961634849753,342.70190908173106,0.00452327235005302,0,0,0,0,0,0,0,0,0.0,0,0,1.4
113500.0,5.314365229537876e-08,293.3403634430604,343.3134981783001,0.004474094166078177,0,0,0,0,0,0,0,0,0.0,0,0,1.4
113600.00000000001,5.2381031083638804e-08,294.3859668856649,343.92481953860226,0.004425609018341195,0,0,0,0,0,0,0,0,0.0,0,0,1.4
113700.0,5.163160745726504e-08,295.43294224203163,344.5358561787848,0.004377805500986418,0,0,0,0,0,0,0,0,0.0,0,0,1.4
113800.00000000001,5.089512579076291e-08,296.4812581275838,345.14659134295846,0.0043306724160510155,0,0,0,0,0,0,0,0,0.0,0,0,1.4
113900.0,5.017133575065851e-08,297.5308833448802,345.7570085015962,0.004284198769367481,0,0,0,0,0,0,0,0,0.0,0,0,1.4
114000.0,4.945999218243758e-08,298.58178688450073,346.3670913499035,0.0042383737665510615,0,0,0,0,0,0,0,0,0.0,0,0,1.4
114100.00000000001,4.8760854999896694e-08,299.6339379259145,346.9768238061909,0.004193186809072773,0,0,0,0,0,0,0,0,0.0,0,0,1.4
114200.0,4.807368907685228e-08,300.6873058382936,347.5861900102281,0.00414862749041501,0,0,0,0,0,0,0,0,0.0,0,0,1.4
114300.00000000001,4.7398264141157224e-08,301.7418601813079,348.1951743216002,0.004104685592308198,0,0,0,0,0,0,0,0,0.0,0,0,1.4
114400.0,4.6734354670976964e-08,302.79757070585,348.80376131803763,0.00406135108104582,0,0,0,0,0,0,0,0,0.0,0,0,1.4
114500.0,4.6081739793285664e-08,303.85440735474975,349.41193579375397,0.004018614103877442,0,0,0,0,0,0,0,0,0.0,0,0,1.4
114600.00000000001,4.544020318452619e-08,304.9123402634285,350.01968275776375,0.003976464985476359,0,0,0,0,0,0,0,0,0.0,0,0,1.4
114700.0,4.4809532973408124e-08,305.9713397605462,350.62698743221046,0.003934894224482481,0,0,0,0,0,0,0,0,0.0,0,0,1.4
114800.00000000001,4.418952164577718e-08,307.0313763685656,351.23383525066265,0.0038938924901158168,0,0,0,0,0,0,0,0,0.0,0,0,1.4
114900.0,4.357996595153457e-08,308.0924208043263,351.8402118564311,0.003853450618862001,0,0,0,0,0,0,0,0,0.0,0,0,1.4
115000.0,4.2980666813542865e-08,309.15444397955457,352.44610310086426,0.003813559611225454,0,0,0,0,0,0,0,0,0.0,0,0,1.4
115100.00000000001,4.23914292384984e-08,310.2174170013547,353.0514950416502,0.003774210628551089,0,0,0,0,0,0,0,0,0.0,0,0,1.4
115200.0,4.1812062229717384e-08,311.2813111726384,353.65637394109854,0.003735394989911435,0,0,0,0,0,0,0,0,0.0,0,0,1.4
115300.00000000001,4.124237870179858e-08,312.3460979925536,354.26072626443937,0.003697104169058702,0,0,0,0,0,0,0,0,0.0,0,0,1.4
115400.0,4.068219539711831e-08,313.41174915687424,354.864538678116,0.003659329791439392,0,0,0,0,0,0,0,0,0.0,0,0,1.4
115500.0,4.013133280413659e-08,314.4782365583101,355.4677980480496,0.0036220636312711265,0,0,0,0,0,0,0,0,0.0,0,0,1.4
115600.00000000001,3.9589615077447053e-08,315.54553228685035,356.0704914379406,0.003585297608678985,0,0,0,0,0,0,0,0,0.0,0,0,1.4
115700.0,3.9056869959573693e-08,316.61360863003773,356.6726061075467,0.003549023786892391,0,0,0,0,0,0,0,0,0.0,0,0,1.4
115800.00000000001,3.853292870443652e-08,317.6824380732123,357.27412951096346,0.0035132343694979514,0,0,0,0,0,0,0,0,0.0,0,0,1.4
115900.0,3.801762600248245e-08,318.7519932997263,357.8750492949041,0.003477921697749844,0,0,0,0,0,0,0,0,0.0,0,0,1.4
116000.0,3.75107999074293e-08,319.82224719113884,358.47535329698695,0.003443078247935055,0,0,0,0,0,0,0,0,0.0,0,0,1.4
116100.00000000001,3.701229176459257e-08,320.8931728273639,359.0750295440144,0.003408696628792288,0,0,0,0,0,0,0,0,0.0,0,0,1.4
116200.0,3.652194614077442e-08,321.96474348680704,359.6740662502637,0.003374769578984931,0,0,0,0,0,0,0,0,0.0,0,0,1.4
116300.00000000001,3.603961075565046e-08,323.036932646445,360.2724518157635,0.003341289964623543,0,0,0,0,0,0,0,0,0.0,0,0,1.4
116400.0,3.556513641466409e-08,324.1097139819102,360.8701748245919,0.0033082507768412224,0,0,0,0,0,0,0,0,0.0,0,0,1.4
116500.0,3.5098376943357695e-08,325.183061367508,361.46722404315545,0.003275645129416411,0,0,0,0,0,0,0,0,0.0,0,0,1.4
116600.00000000001,3.463918912313917e-08,326.25694887625934,362.06358841850005,0.0032434662564457075,0,0,0,0,0,0,0,0,0.0,0,0,1.4
116700.0,3.41874326284327e-08,327.3313507798488,362.65925707658874,0.0032117075100625064,0,0,0,0,0,0,0,0,0.0,0,0,1.4
116800.00000000001,3.3742969965197445e-08,328.40624154861325,363.2542193206196,0.0031803623582030128,0,0,0,0,0,0,0,0,0.0,0,0,1.4
116900.0,3.330566641078232e-08,329.4815958514461,363.8484646293166,0.003149424382417173,0,0,0,0,0,0,0,0,0.0,0,0,1.4
117000.0,3.287538995507909e-08,330.5573885557112,364.44198265524346,0.003118887275723561,0,0,0,0,0,0,0,0,0.0,0,0,1.4
117100.00000000001,3.245201124296246e-08,331.6335947271249,365.0347632231193,0.0030887448405084402,0,0,0,0,0,0,0,0,0.0,0,0,1.4
117200.0,3.203540351796937e-08,332.710189629608,365.6267963281363,0.0030589909864661606,0,0,0,0,0,0,0,0,0.0,0,0,1.4
117300.00000000001,3.162544256721108e-08,333.7871487251059,366.21807213427843,0.0030296197285818675,0,0,0,0,0,0,0,0,0.0,0,0,1.4
117400.0,3.122200666747987e-08,334.8644476734007,366.80858097265445,0.0030006251851547733,0,0,0,0,0,0,0,0,0.0,0,0,1.4
117500.0,3.082497653252254e-08,335.94206233188754,367.39831333983074,0.002972001575860618,0,0,0,0,0,0,0,0,0.0,0,0,1.4
117600.00000000001,3.0434235261463743e-08,337.0199687553341,367.9872598961726,0.002943743219853456,0,0,0,0,0,0,0,0,0.0,0,0,1.4
117700.0,3.0049668288350994e-08,338.09814319561644,368.57541146419237,0.002915844533905537,0,0,0,0,0,0,0,0,0.0,0,0,1.4
117800.00000000001,2.9671163332794193e-08,339.176562101421,369.1627590268972,0.0028883000305840933,0,0,0,0,0,0,0,0,0.0,0,0,1.4
117900.0,2.9298610351680127e-08,340.25520211795504,369.7492937261603,0.00286110431646502,0,0,0,0,0,0,0,0,0.0,0,0,1.4
118000.0,2.8931901491935565e-08,341.3340400865905,370.3350068610745,0.0028342520903817015,0,0,0,0,0,0,0,0,0.0,0,0,1.4
118100.00000000001,2.8570931044317948e-08,342.41305304452874,370.919889886336,0.002807738141709159,0,0,0,0,0,0,0,0,0.0,0,0,1.4
118200.0,2.8215595398213336e-08,343.4922182244199,371.5039344106223,0.0027815573486823946,0,0,0,0,0,0,0,0,0.0,0,0,1.4
118300.00000000001,2.786579299740874e-08,344.57151305397366,372.0871321949828,0.002755704676747429,0,0,0,0,0,0,0,0,0.0,0,0,1.4
118400.0,2.752142429684366e-08,345.6509151555446,372.6694751512362,0.0027301751769467715,0,0,0,0,0,0,0,0,0.0,0,0,1.4
118500.0,2.71823917202785e-08,346.730402345693,373.25095534037075,0.0027049639843345443,0,0,0,0,0,0,0,0,0.0,0,0,1.4
118600.00000000001,2.6848599618903465e-08,347.80995263474796,373.8315649709662,0.002680066316425156,0,0,0,0,0,0,0,0,0.0,0,0,1.4
118700.0,2.6519954230839904e-08,348.88954422632287,374.4112963976068,0.0026554774716716946,0,0,0,0,0,0,0,0,0.0,0,0,1.4
118800.00000000001,2.6196363641515356e-08,349.9691555168425,374.99014211931933,0.0026311928279739417,0,0,0,0,0,0,0,0,0.0,0,0,1.4
118900.0,2.5877737744916535e-08,351.0487650950214,375.56809477800374,0.0026072078412172567,0,0,0,0,0,0,0,0,0.0,0,0,1.4
119000.0,2.55639882056643e-08,352.1283517413505,376.14514715688495,0.0025835180438384215,0,0,0,0,0,0,0,0,0.0,0,0,1.4
119100.00000000001,2.5255028421932217e-08,353.2078944275603,376.72129217897117,0.0025601190434216153,0,0,0,0,0,0,0,0,0.0,0,0,1.4
119200.0,2.4950773489151277e-08,354.28737231605385,377.2965229055132,0.0025370065213199213,0,0,0,0,0,0,0,0,0.0,0,0,1.4
119300.00000000001,2.465114016452495e-08,355.36676475934473,377.87083253448486,0.0025141762313062583,0,0,0,0,0,0,0,0,0.0,0,0,1.4
119400.0,2.4356046832292573e-08,356.44605129946495,378.44421439906444,0.0024916239982483972,0,0,0,0,0,0,0,0,0.0,0,0,1.4
119500.0,2.4065413469767103e-08,357.52521166736653,379.0166619661303,0.002469345716812018,0,0,0,0,0,0,0,0,0.0,0,0,1.4
119600.00000000001,2.3779161614092702e-08,358.6042257822891,379.5881688347567,0.002447337350187235,0,0,0,0,0,0,0,0,0.0,0,0,1.4
119700.0,2.3497214329736384e-08,359.6830737511445,380.15872873473506,0.002425594928841489,0,0,0,0,0,0,0,0,0.0,0,0,1.4
119800.00000000001,2.3219496176682533e-08,360.76173586786877,380.72833552509553,0.0024041145492963946,0,0,0,0,0,0,0,0,0.0,0,0,1.4
119900.0,2.2945933179309097e-08,361.8401926127422,381.29698319262883,0.0023828923729274512,0,0,0,0,0,0,0,0,0.0,0,0,1.4
120000.0,2.2676452795951827e-08,362.91842465173664,381.86466585043945,0.00236192462478874,0,0,0,0,0,0,0,0,0.0,0,0,1.4
120100.00000000001,2.2410983889114734e-08,363.9964128358241,382.43137773649556,0.0023412075924588932,0,0,0,0,0,0,0,0,0.0,0,0,1.4
120200.0,2.2149456696339485e-08,365.07413820026716,382.9971132121851,0.0023207376249108186,0,0,0,0,0,0,0,0,0.0,0,0,1.4
120300.00000000001,2.1891802801692304e-08,366.1515819639122,383.5618667608916,0.002300511131402031,0,0,0,0,0,0,0,0,0.0,0,0,1.4
120400.0,2.1637955107880807e-08,367.2287255284755,384.1256329865809,0.002280524580387808,0,0,0,0,0,0,0,0,0.0,0,0,1.4
120500.0,2.1387847808964385e-08,368.30555047778824,384.6884066123846,0.0022607744984541305,0,0,0,0,0,0,0,0,0.0,0,0,1.4
120600.00000000001,2.1141416363662774e-08,369.3820385770643,385.25018247920985,0.0022412574692722673,0,0,0,0,0,0,0,0,0.0,0,0,1.4
120700.0,2.0898597469236266e-08,370.4581717721333,385.8109555443484,0.002221970132572785,0,0,0,0,0,0,0,0,0.0,0,0,1.4
120800.00000000001,2.065932903593117e-08,371.53393218867876,386.3707208801039,0.0022029091831394856,0,0,0,0,0,0,0,0,0.0,0,0,1.4
120900.0,2.0423550161982723e-08,372.6093021314551,386.92947367242346,0.0021840713698232034,0,0,0,0,0,0,0,0,0.0,0,0,1.4
121000.0,2.0191201109151607e-08,373.6842640834923,387.4872092195395,0.002165453494573877,0,0,0,0,0,0,0,0,0.0,0,0,1.4
121100.00000000001,1.996222327879164e-08,374.75880070530906,388.04392293063063,0.0021470524114916368,0,0,0,0,0,0,0,0,0.0,0,0,1.4
121200.0,1.9736559188432033e-08,375.8328948340969,388.59961032448314,0.002128865025895784,0,0,0,0,0,0,0,0,0.0,0,0,1.4
121300.00000000001,1.9514152448869236e-08,376.9065294828992,389.15426702816575,0.002110888293412111,0,0,0,0,0,0,0,0,0.0,0,0,1.4
121400.0,1.9294947741745264e-08,377.9796878397988,389.7078887757229,0.0020931192190770005,0,0,0,0,0,0,0,0,0.0,0,0,1.4
121500.0,1.9078890797613657e-08,379.05235326706475,390.2604714068626,0.0020755548564589505,0,0,0,0,0,0,0,0,0.0,0,0,1.4
121600.00000000001,1.8865928374480908e-08,380.12450930032185,390.81201086567097,0.002058192306797392,0,0,0,0,0,0,0,0,0.0,0,0,1.4
121700.0,1.8656008236799043e-08,381.1961396476949,391.36250319932776,0.002041028718156674,0,0,0,0,0,0,0,0,0.0,0,0,1.4
121800.00000000001,1.844907913492229e-08,382.2672281889496,391.91194455683535,0.0020240612845975094,0,0,0,0,0,0,0,0,0.0,0,0,1.4
121900.0,1.824509078499681e-08,383.3377589746313,392.46033118776074,0.0020072872453632904,0,0,0,0,0,0,0,0,0.0,0,0,1.4
122000.0,1.804399384928428e-08,384.4077162251883,393.0076594409843,0.0019907038840820132,0,0,0,0,0,0,0,0,0.0,0,0,1.4
122100.00000000001,1.784573991691279e-08,385.47708433009115,393.5539257634596,0.001974308527983899,0,0,0,0,0,0,0,0,0.0,0,0,1.4
122200.0,1.765028148503077e-08,386.54584784694174,394.0991266989832,0.0019580985471327294,0,0,0,0,0,0,0,0,0.0,0,0,1.4
122300.00000000001,1.745757194037544e-08,387.61399150059805,394.64325888698556,0.0019420713536729983,0,0,0,0,0,0,0,0,0.0,0,0,1.4
122400.0,1.72675655412294e-08,388.681500182251,395.18631906131117,0.0019262244010903303,0,0,0,0,0,0,0,0,0.0,0,0,1.4
122500.0,1.708021739976521e-08,389.7483589485446,395.72830404903465,0.001910555183486303,0,0,0,0,0,0,0,0,0.0,0,0,1.4
122600.00000000001,1.6895483464769028e-08,390.81455302064245,396.2692107692625,0.0018950612348668414,0,0,0,0,0,0,0,0,0.0,0,0,1.4
122700.0,1.6713320504731606e-08,391.8800677833307,396.80903623196673,0.001879740128444002,0,0,0,0,0,0,0,0,0.0,0,0,1.4
122800.00000000001,1.65336860913013e-08,392.94488878409095,397.3477775368169,0.0018645894759508515,0,0,0,0,0,0,0,0,0.0,0,0,1.4
122900.0,1.6356538583093144e-08,394.0090017321751,397.88543187202515,0.0018496069269695623,0,0,0,0,0,0,0,0,0.0,0,0,1.4
123000.0,1.6181837109836046e-08,395.07239249767605,398.42199651320243,0.0018347901682713042,0,0,0,0,0,0,0,0,0.0,0,0,1.4
123100.00000000001,1.6009541556867317e-08,396.1350471105932,398.95746882222466,0.0018201369231695584,0,0,0,0,0,0,0,0,0.0,0,0,1.4
123200.0,1.5839612549948814e-08,397.1969517598949,399.49184624611024,0.0018056449508845663,0,0,0,0,0,0,0,0,0.0,0,0,1.4
123300.00000000001,1.567201144041299e-08,398.2580927925837,400.0251263159105,0.0017913120459204577,0,0,0,0,0,0,0,0,0.0,0,0,1.4
123400.0,1.5506700290619676e-08,399.31845671273936,400.55730664560184,0.0017771360374533268,0,0,0,0,0,0,0,0,0.0,0,0,1.4
123500.0,1.5343641859726715e-08,400.3780301805787,401.08838493099813,0.0017631147887313785,0,0,0,0,0,0,0,0,0.0,0,0,1.4
123600.00000000001,1.518279958975824e-08,401.43680001150085,401.6183589486679,0.0017492461964856727,0,0,0,0,0,0,0,0,0.0,0,0,1.4
123700.0,1.5024137591970836e-08,402.4947531751266,402.1472265548599,0.0017355281903520898,0,0,0,0,0,0,0,0,0.0,0,0,1.4
123800.00000000001,1.486762063350973e-08,403.55187679435767,402.67498568445114,0.0017219587323042585,0,0,0,0,0,0,0,0,0.0,0,0,1.4
123900.0,1.4713214124344178e-08,404.60815814439604,403.201634349885,0.0017085358160964482,0,0,0,0,0,0,0,0,0.0,0,0,1.4
124000.0,1.4560884104483244e-08,405.66358465179854,403.72717064013995,0.0016952574667174068,0,0,0,0,0,0,0,0,0.0,0,0,1.4
124100.00000000001,1.441059723146027e-08,406.7181438935,404.2515927196927,0.0016821217398540068,0,0,0,0,0,0,0,0,0.0,0,0,1.4
124200.0,1.4262320768078756e-08,407.771823595853,404.77489882750115,0.0016691267213645342,0,0,0,0,0,0,0,0,0.0,0,0,1.4
124300.00000000001,1.4116022570423351e-08,408.8246116336566,405.2970872759923,0.001656270526762429,0,0,0,0,0,0,0,0,0.0,0,0,1.4
124400.0,1.3971671076118247e-08,409.8764960291908,405.81815645006435,0.0016435513007089498,0,0,0,0,0,0,0,0,0.0,0,0,1.4
124500.0,1.3829235292833883e-08,410.92746495124175,406.33810480609486,0.0016309672165152607,0,0,0,0,0,0,0,0,0.0,0,0,1.4
124600.00000000001,1.3688684787038303e-08,411.9775067141203,406.85693087095564,0.0016185164756539906,0,0,0,0,0,0,0,0,0.0,0,0,1.4
124700.0,1.354998967298201e-08,413.0266097767128,407.3746332410539,0.0016061973072795325,0,0,0,0,0,0,0,0,0.0,0,0,1.4
124800.00000000001,1.3413120601915948e-08,414.07476274147683,407.89121058135754,0.001594007967757153,0,0,0,0,0,0,0,0,0.0,0,0,1.4
124900.0,1.3278048751535644e-08,415.1219543534858,408.40666162445325,0.0015819467402009037,0,0,0,0,0,0,0,0,0.0,0,0,1.4
125000.0,1.3144745815645008e-08,416.16817349944756,408.9209851696022,0.0015700119340196972,0,0,0,0,0,0,0,0,0.0,0,0,1.4
125100.00000000001,1.3013183994040297e-08,417.2134092067257,409.434180081808,0.001558201884472141,0,0,0,0,0,0,0,0,0.0,0,0,1.4
125200.0,1.2883335982602161e-08,418.257650642362,409.9462452908931,0.0015465149522290642,0,0,0,0,0,0,0,0,0.0,0,0,1.4
125300.00000000001,1.2755174963596375e-08,419.3008871121096,410.4571797905911,0.0015349495229442594,0,0,0,0,0,0,0,0,0.0,0,0,1.4
125400.0,1.2628674596178243e-08,420.34310805944205,410.96698263763705,0.0015235040068330892,0,0,0,0,0,0,0,0,0.0,0,0,1.4
125500.0,1.250380900709294e-08,421.3843030645885,411.4756529508783,0.0015121768382585891,0,0,0,0,0,0,0,0,0.0,0,0,1.4
125600.00000000001,1.2380552781571819e-08,422.4244618435459,411.9831899103855,0.001500966475325273,0,0,0,0,0,0,0,0,0.0,0,0,1.4
125700.0,1.2258880954417087e-08,423.46357424712323,412.489592756586,0.0014898713994802768,0,0,0,0,0,0,0,0,0.0,0,0,1.4
125800.00000000001,1.2138769001271621e-08,424.50163025993766,412.99486078938435,0.0014788901151215276,0,0,0,0,0,0,0,0,0.0,0,0,1.4
125900.0,1.2020192830072695e-08,425.5386199994667,413.4989933673185,0.0014680211492135095,0,0,0,0,0,0,0,0,0.0,0,0,1.4
126000.0,1.1903128772680293e-08,426.57453371506415,414.0019899067066,0.001457263050909504,0,0,0,0,0,0,0,0,0.0,0,0,1.4
126100.00000000001,1.1787553576679414e-08,427.609361786985,414.503849880807,0.0014466143911807338,0,0,0,0,0,0,0,0,0.0,0,0,1.4
126200.0,1.1673444397354614e-08,428.64309472541834,415.00457281899094,0.0014360737624525203,0,0,0,0,0,0,0,0,0.0,0,0,1.4
126300.00000000001,1.1560778789828918e-08,429.6757231695105,415.50415830591794,0.0014256397782467514,0,0,0,0,0,0,0,0,0.0,0,0,1.4
126400.0,1.1449534701364582e-08,430.7072378864179,416.0026059807351,0.0014153110728308067,0,0,0,0,0,0,0,0,0.0,0,0,1.4
126500.0,1.133969046382381e-08,431.7376297703078,416.49991553625756,0.001405086300872733,0,0,0,0,0,0,0,0,0.0,0,0,1.4
126600.00000000001,1.1231224786285748e-08,432.76688984141805,416.99608671818703,0.0013949641371028992,0,0,0,0,0,0,0,0,0.0,0,0,1.4
126700.0,1.1124116747814641e-08,433.7950092450863,417.49111932432254,0.0013849432759814998,0,0,0,0,0,0,0,0,0.0,0,0,1.4
126800.00000000001,1.1018345790375928e-08,434.8219792507823,417.9850132037803,0.0013750224313719057,0,0,0,0,0,0,0,0,0.0,0,0,1.4
126900.0,1.0913891711900609e-08,435.8477912511573,418.47776825623015,0.0013652003362202374,0,0,0,0,0,0,0,0,0.0,0,0,1.4
127000.0,1.0810734659491058e-08,436.8724367610774,418.9693844311311,0.0013554757422404875,0,0,0,0,0,0,0,0,0.0,0,0,1.4
127100.00000000001,1.070885512276317e-08,437.89590741667666,419.4598617269842,0.001345847419604942,0,0,0,0,0,0,0,0,0.0,0,0,1.4
127200.0,1.0608233927331197e-08,438.9181949743982,419.9492001905864,0.001336314156640859,0,0,0,0,0,0,0,0,0.0,0,0,1.4
127300.00000000001,1.0508852228419e-08,439.939291310045,420.4373999162968,0.0013268747595317084,0,0,0,0,0,0,0,0,0.0,0,0,1.4
127400.0,1.0410691504607529e-08,440.95918841783,420.9244610453093,0.0013175280520244183,0,0,0,0,0,0,0,0,0.0,0,0,1.4
127500.0,1.0313733551707733e-08,441.97787840943005,421.41038376493407,0.0013082728751415507,0,0,0,0,0,0,0,0,0.0,0,0,1.4
127600.00000000001,1.0217960476757336e-08,442.99535351304735,421.8951683078895,0.0012991080868984535,0,0,0,0,0,0,0,0,0.0,0,0,1.4
127700.0,1.0123354692142773e-08,444.01160607246186,422.3788149515967,0.0012900325620257582,0,0,0,0,0,0,0,0,0.0,0,0,1.4
127800.00000000001,1.0029898909837434e-08,445.0266285461012,422.8613240174886,0.0012810451916964096,0,0,0,0,0,0,0,0,0.0,0,0,1.4
127900.0,9.93757613576022e-09,446.0404135060995,423.34269587032065,0.0012721448832578937,0,0,0,0,0,0,0,0,0.0,0,0,1.4
128000.0,9.846369664246911e-09,447.05295363736263,423.82293091749096,0.0012633305599689826,0,0,0,0,0,0,0,0,0.0,0,0,1.4
128100.0,9.756263072633829e-09,448.0642417366532,424.3020296083761,0.001254601160741197,0,0,0,0,0,0,0,0,0.0,0,0,1.4
128200.00000000001,9.667240215950708e-09,449.0742707116493,424.77999243366054,0.0012459556398846763,0,0,0,0,0,0,0,0,0.0,0,0,1.4
128300.00000000001,9.579285221723861e-09,450.08303358003093,425.25681992468554,0.0012373929668589665,0,0,0,0,0,0,0,0,0.0,0,0,1.4
128400.0,9.492382484879854e-09,451.0905234685605,425.73251265280135,0.0012289121260275874,0,0,0,0,0,0,0,0,0.0,0,0,1.4
128500.0,9.406516662755037e-09,452.0967336121605,426.2070712287234,0.0012205121164172753,0,0,0,0,0,0,0,0,0.0,0,0,1.4
128600.0,9.321672670206133e-09,453.1016573530088,426.6804963019038,0.0012121919514815494,0,0,0,0,0,0,0,0,0.0,0,0,1.4
128700.00000000001,9.237835674816902e-09,454.1052881396273,427.1527885599043,0.001203950658868087,0,0,0,0,0,0,0,0,0.0,0,0,1.4
128800.00000000001,9.154991092202708e-09,455.1076195259692,427.62394872777463,0.0011957872801903482,0,0,0,0,0,0,0,0,0.0,0,0,1.4
128900.0,9.073124581409972e-09,456.1086451705322,428.0939775674494,0.0011877008708033319,0,0,0,0,0,0,0,0,0.0,0,0,1.4
129000.0,8.99222204040639e-09,457.108358835443,428.5628758771355,0.0011796904995829563,0,0,0,0,0,0,0,0,0.0,0,0,1.4
129100.0,8.91226960166277e-09,458.1067543855761,429.03064449072224,0.0011717552487095382,0,0,0,0,0,0,0,0,0.0,0,0,1.4
129200.00000000001,8.833253627821997e-09,459.1038257876572,429.4972842771891,0.0011638942134548189,0,0,0,0,0,0,0,0,0.0,0,0,1.4
129300.00000000001,8.755160707456624e-09,460.0995671093794,429.9627961400249,0.0011561065019729923,0,0,0,0,0,0,0,0,0.0,0,0,1.4
129400.0,8.677977650908496e-09,461.09397251851726,430.4271810166503,0.0011483912350949965,0,0,0,0,0,0,0,0,0.0,0,0,1.4
129500.0,8.601691486214525e-09,462.08703628204495,430.89043987784834,0.0011407475461268047,0,0,0,0,0,0,0,0,0.0,0,0,1.4
129600.0,8.526289455110026e-09,463.0787527652643,431.3525737272043,0.0011331745806507489,0,0,0,0,0,0,0,0,0.0,0,0,1.4
129700.00000000001,8.451759009113859e-09,464.06911643094134,431.81358360055356,0.001125671496330608,0,0,0,0,0,0,0,0,0.0,0,0,1.4
129800.00000000001,8.378087805691451e-09,465.0581218384336,432.2734705654311,0.0011182374627200444,0,0,0,0,0,0,0,0,0.0,0,0,1.4
129900.0,8.305263704492359e-09,466.0457636428107,432.73223572052194,0.0011108716610741223,0,0,0,0,0,0,0,0,0.0,0,0,1.4
130000.0,8.233274763664254e-09,467.03203659402175,433.18988019513796,0.0011035732841644243,0,0,0,0,0,0,0,0,0.0,0,0,1.4
130100.0,8.162109236237554e-09,468.01693553603417,433.64640514868626,0.0010963415360969726,0,0,0,0,0,0,0,0,0.0,0,0,1.4
130200.00000000001,8.09175556658373e-09,469.0004554059684,434.10181177014005,0.0010891756321335646,0,0,0,0,0,0,0,0,0.0,0,0,1.4
130300.00000000001,8.02220238694287e-09,469.9825912332681,434.5561012775303,0.001082074798516165,0,0,0,0,0,0,0,0,0.0,0,0,1.4
130400.0,7.953438514017868e-09,470.963338138853,435.0092749174334,0.0010750382722940204,0,0,0,0,0,0,0,0,0.0,0,0,1.4
130500.0,7.885452945638987e-09,471.94269133428185,435.4613339644686,0.0010680653011542,0,0,0,0,0,0,0,0,0.0,0,0,1.4
130600.0,7.81823485749079e-09,472.92064612090815,435.9122797207953,0.0010611551432545808,0,0,0,0,0,0,0,0,0.0,0,0,1.4
130700.00000000001,7.751773599905115e-09,473.8971978890831,436.36211351563696,0.0010543070670600285,0,0,0,0,0,0,0,0,0.0,0,0,1.4
130800.00000000001,7.686058694716801e-09,474.8723421172882,436.81083670477597,0.00104752035118119,0,0,0,0,0,0,0,0,0.0,0,0,1.4
130900.0,7.62107983218029e-09,475.8460743713532,437.2584506700925,0.0010407942842161268,0,0,0,0,0,0,0,0,0.0,0,0,1.4
131000.0,7.556826867947155e-09,476.81839030361897,437.70495681908164,0.0010341281645946004,0,0,0,0,0,0,0,0,0.0,0,0,1.4
131100.0,7.493289820101967e-09,477.7892856521294,438.15035658438717,0.0010275213004249661,0,0,0,0,0,0,0,0,0.0,0,0,1.4
131200.00000000003,7.4304588662560545e-09,478.75875623983933,438.5946514233473,0.0010209730093437102,0,0,0,0,0,0,0,0,0.0,0,0,1.4
131300.0,7.368324340700546e-09,479.72679797379266,439.0378428175297,0.0010144826183678328,0,0,0,0,0,0,0,0,0.0,0,0,1.4
131400.0,7.306876731608281e-09,480.69340684434184,439.47993227229,0.0010080494637489206,0,0,0,0,0,0,0,0,0.0,0,0,1.4
131500.0,7.246106678298493e-09,481.65857892434383,439.92092131632177,0.00100167289083079,0,0,0,0,0,0,0,0,0.0,0,0,1.4
131600.0,7.186004968546764e-09,482.6223103683803,440.3608115012225,0.0009953522539085068,0,0,0,0,0,0,0,0,0.0,0,0,1.4
131700.00000000003,7.126562535953154e-09,483.5845974119708,440.79960440105873,0.0009890869160906002,0,0,0,0,0,0,0,0,0.0,0,0,1.4
131800.0,7.0677704573570275e-09,484.54543637079365,441.2373016119386,0.0009828762491630267,0,0,0,0,0,0,0,0,0.0,0,0,1.4
131900.0,7.009619950304111e-09,485.5048236399103,441.6739047515893,0.0009767196334557408,0,0,0,0,0,0,0,0,0.0,0,0,1.4
132000.0,6.952102370561497e-09,486.4627556930088,442.10941545894605,0.0009706164577114113,0,0,0,0,0,0,0,0,0.0,0,0,1.4
132100.0,6.895209209680703e-09,487.4192290816145,442.5438353937299,0.0009645661189562979,0,0,0,0,0,0,0,0,0.0,0,0,1.4
132200.00000000003,6.838932092608388e-09,488.3742404343549,442.9771662360531,0.0009585680223734996,0,0,0,0,0,0,0,0,0.0,0,0,1.4
132300.0,6.783262775340686e-09,489.3277864561978,443.409409686015,0.0009526215811779485,0,0,0,0,0,0,0,0,0.0,0,0,1.4
132400.0,6.728193142625707e-09,490.27986392769054,443.84056746330214,0.0009467262164939308,0,0,0,0,0,0,0,0,0.0,0,0,1.4
132500.0,6.673715205707694e-09,491.230469704224,444.2706413068021,0.0009408813572343675,0,0,0,0,0,0,0,0,0.0,0,0,1.4
132600.0,6.619821100115041e-09,492.17960071528597,444.6996329742155,0.0009350864399821778,0,0,0,0,0,0,0,0,0.0,0,0,1.4
132700.00000000003,6.566503083490322e-09,493.12725396373804,445.12754424168133,0.0009293409088736223,0,0,0,0,0,0,0,0,0.0,0,0,1.4
132800.0,6.513753533462984e-09,494.073426525067,445.5543769033943,0.0009236442154837141,0,0,0,0,0,0,0,0,0.0,0,0,1.4
132900.0,6.461564945560256e-09,495.0181155466635,445.98013277123613,0.000917995818713248,0,0,0,0,0,0,0,0,0.0,0,0,1.4
133000.0,6.409929931160256e-09,495.96131824711586,446.40481367441726,0.0009123951846780771,0,0,0,0,0,0,0,0,0.0,0,0,1.4
133100.0,6.358841215482348e-09,496.9030319154686,446.8284214591047,0.0009068417865999178,0,0,0,0,0,0,0,0,0.0,0,0,1.4
133200.00000000003,6.308291635615498e-09,497.84325391052374,447.25095798807234,0.0009013351046990201,0,0,0,0,0,0,0,0,0.0,0,0,1.4
133300.0,6.25827413858606e-09,498.78198166012896,447.6724251403473,0.0008958746260888759,0,0,0,0,0,0,0,0,0.0,0,0,1.4
133400.0,6.2087817794591056e-09,499.7192126604854,448.0928248108678,0.0008904598446722646,0,0,0,0,0,0,0,0,0.0,0,0,1.4
133500.0,6.159807719478284e-09,500.6549444754348,448.5121589101344,0.0008850902610393546,0,0,0,0,0,0,0,0,0.0,0,0,1.4
133600.0,6.111345224238854e-09,501.5891747357752,448.9304293638765,0.0008797653823672483,0,0,0,0,0,0,0,0,0.0,0,0,1.4
133700.00000000003,6.0633876618962566e-09,502.5219011385699,449.34763811271716,0.0008744847223213253,0,0,0,0,0,0,0,0,0.0,0,0,1.4
133800.0,6.015928501408277e-09,503.45312144646334,449.7637871118449,0.0008692478009581968,0,0,0,0,0,0,0,0,0.0,0,0,1.4
133900.0,5.968961310809547e-09,504.3828334870025,450.1788783306894,0.0008640541446301582,0,0,0,0,0,0,0,0,0.0,0,0,1.4
134000.0,5.9224797555187504e-09,505.31103515197,450.5929137526039,0.0008589032858912688,0,0,0,0,0,0,0,0,0.0,0,0,1.4
134100.0,5.8764775966782784e-09,506.2377243967042,451.0058953745458,0.0008537947634050492,0,0,0,0,0,0,0,0,0.0,0,0,1.4
134200.00000000003,5.830948689523553e-09,507.16289923943805,451.41782520676594,0.0008487281218535132,0,0,0,0,0,0,0,0,0.0,0,0,1.4
134300.0,5.785886981784277e-09,508.0865577606395,451.82870527250145,0.0008437029118478915,0,0,0,0,0,0,0,0,0.0,0,0,1.4
134400.0,5.741286512113427e-09,509.0086981023652,452.2385376076771,0.0008387186898405314,0,0,0,0,0,0,0,0,0.0,0,0,1.4
134500.0,5.69714140854895e-09,509.92931846759166,452.6473242605973,0.0008337750180386852,0,0,0,0,0,0,0,0,0.0,0,0,1.4
134600.0,5.653445886999288e-09,510.8484171195894,453.0550672916605,0.0008288714643190688,0,0,0,0,0,0,0,0,0.0,0,0,1.4
134700.00000000003,5.610194249761937e-09,511.7659923812671,453.46176877306107,0.0008240076021444743,0,0,0,0,0,0,0,0,0.0,0,0,1.4
134800.0,5.567380884066294e-09,512.6820426345471,453.86743078850793,0.0008191830104813121,0,0,0,0,0,0,0,0,0.0,0,0,1.4
134900.0,5.525000260643741e-09,513.5965663197263,454.2720554329377,0.0008143972737184967,0,0,0,0,0,0,0,0,0.0,0,0,1.4
135000.0,5.483046932326022e-09,514.5095619348458,454.67564481223434,0.0008096499815879281,0,0,0,0,0,0,0,0,0.0,0,0,1.4
135100.0,5.441515532667338e-09,515.4210280350894,455.07820104296246,0.0008049407290859799,0,0,0,0,0,0,0,0,0.0,0,0,1.4
135200.00000000003,5.400400774593244e-09,516.3309632321384,455.47972625208376,0.0008002691163963856,0,0,0,0,0,0,0,0,0.0,0,0,1.4
135300.0,5.359697449073346e-09,517.2393661935807,455.88022257669917,0.0007956347488142901,0,0,0,0,0,0,0,0,0.0,0,0,1.4
135400.0,5.319400423820334e-09,518.1462356422859,456.2796921637763,0.0007910372366717515,0,0,0,0,0,0,0,0,0.0,0,0,1.4
135500.0,5.279504642009625e-09,519.0515703558222,456.6781371698993,0.0007864761952640171,0,0,0,0,0,0,0,0,0.0,0,0,1.4
135600.0,5.240005121025971e-09,519.9553691658388,457.07555976100286,0.0007819512447774422,0,0,0,0,0,0,0,0,0.0,0,0,1.4
135700.00000000003,5.200896951230336e-09,520.8576309574805,457.471962112123,0.0007774620102182113,0,0,0,0,0,0,0,0,0.0,0,0,1.4
135800.0,5.1621752947510954e-09,521.758354668794,457.867346407146,0.0007730081213424525,0,0,0,0,0,0,0,0,0.0,0,0,1.4
135900.0,5.1238353842961354e-09,522.6575392901553,458.2617148385674,0.0007685892125873211,0,0,0,0,0,0,0,0,0.0,0,0,1.4
136000.0,5.085872521987365e-09,523.5551838636696,458.65506960724036,0.0007642049230032524,0,0,0,0,0,0,0,0,0.0,0,0,1.4
136100.0,5.048282078215479e-09,524.4512874826114,459.04741292214385,0.0007598548961872088,0,0,0,0,0,0,0,0,0.0,0,0,1.4
136200.00000000003,5.011059490516708e-09,525.3458492908495,459.43874700014516,0.0007555387802171394,0,0,0,0,0,0,0,0,0.0,0,0,1.4
136300.0,4.974200262469151e-09,526.2388684822713,459.8290740657626,0.0007512562275873572,0,0,0,0,0,0,0,0,0.0,0,0,1.4
136400.0,4.937699962609015e-09,527.1303443002372,460.2183963509448,0.0007470068951449697,0,0,0,0,0,0,0,0,0.0,0,0,1.4
136500.0,4.901554223367109e-09,528.0202760370051,460.60671609483586,0.0007427904440273702,0,0,0,0,0,0,0,0,0.0,0,0,1.4
136600.0,4.865758740023999e-09,528.9086630331958,460.9940355435611,0.0007386065396006877,0,0,0,0,0,0,0,0,0.0,0,0,1.4
136700.00000000003,4.83030926968398e-09,529.7955046772249,461.3803569499995,0.0007344548513991596,0,0,0,0,0,0,0,0,0.0,0,0,1.4
136800.0,4.795201630268222e-09,530.6808004047741,461.76568257357354,0.0007303350530656162,0,0,0,0,0,0,0,0,0.0,0,0,1.4
136900.0,4.7604316995245916e-09,531.5645496982409,462.15001468003135,0.000726246822292655,0,0,0,0,0,0,0,0,0.0,0,0,1.4
137000.0,4.725995414056908e-09,532.4467520862111,462.53335554124055,0.0007221898407650225,0,0,0,0,0,0,0,0,0.0,0,0,1.4
137100.0,4.691888768370297e-09,533.327407142921,462.9157074349775,0.0007181637941026841,0,0,0,0,0,0,0,0,0.0,0,0,1.4
137200.00000000003,4.658107813934915e-09,534.2065144877356,463.29707264472563,0.0007141683718050036,0,0,0,0,0,0,0,0,0.0,0,0,1.4
137300.0,4.624648658264188e-09,535.0840737846254,463.6774534594737,0.0007102032671954552,0,0,0,0,0,0,0,0,0.0,0,0,1.4
137400.0,4.591507464012666e-09,535.9600847416441,464.0568521735162,0.0007062681773676825,0,0,0,0,0,0,0,0,0.0,0,0,1.4
137500.0,4.558680448086928e-09,536.8345471104227,464.4352710862601,0.0007023628031319569,0,0,0,0,0,0,0,0,0.0,0,0,1.4
137600.0,4.526163880774024e-09,537.7074606856522,464.8127125020303,0.0006984868489627198,0,0,0,0,0,0,0,0,0.0,0,0,1.4
137700.00000000003,4.4939540848850484e-09,538.578825304583,465.1891787298813,0.0006946400229469049,0,0,0,0,0,0,0,0,0.0,0,0,1.4
137800.0,4.462047434913748e-09,539.4486408465224,465.56467208340956,0.0006908220367330398,0,0,0,0,0,0,0,0,0.0,0,0,1.4
137900.0,4.430440356209688e-09,540.3169072323394,465.93919488057026,0.0006870326054810896,0,0,0,0,0,0,0,0,0.0,0,0,1.4
138000.0,4.399129324167271e-09,541.1836244239726,466.31274944349553,0.0006832714478132734,0,0,0,0,0,0,0,0,0.0,0,0,1.4
138100.0,4.368110863427362e-09,542.0487924239369,466.6853380983143,0.0006795382857653738,0,0,0,0,0,0,0,0,0.0,0,0,1.4
138200.00000000003,4.337381547094302e-09,542.9124112748475,467.05696317497905,0.0006758328447390228,0,0,0,0,0,0,0,0,0.0,0,0,1.4
138300.0,4.306937995966283e-09,543.7744810589325,467.4276270070898,0.0006721548534546448,0,0,0,0,0,0,0,0,0.0,0,0,1.4
138400.0,4.276776877778922e-09,544.6350018975625,467.7973319317251,0.0006685040439050929,0,0,0,0,0,0,0,0,0.0,0,0,1.4
138500.0,4.2468949064626524e-09,545.4939739507774,468.1660802892734,0.000664880151310079,0,0,0,0,0,0,0,0,0.0,0,0,1.4
138600.0,4.2172888414127685e-09,546.351397416816,468.5338744232659,0.0006612829140712525,0,0,0,0,0,0,0,0,0.0,0,0,1.4
138700.00000000003,4.187955486772487e-09,547.2072725316568,468.9007166802155,0.0006577120737280179,0,0,0,0,0,0,0,0,0.0,0,0,1.4
138800.0,4.1588916907280205e-09,548.0615995685528,469.26660940945345,0.0006541673749139427,0,0,0,0,0,0,0,0,0.0,0,0,1.4
138900.0,4.130094344816488e-09,548.9143788375872,469.63155496297577,0.0006506485653139397,0,0,0,0,0,0,0,0,0.0,0,0,1.4
139000.0,4.101560383246137e-09,549.7656106852072,469.9955556952813,0.0006471553956221212,0,0,0,0,0,0,0,0,0.0,0,0,1.4
139100.0,4.073286782227102e-09,550.6152954937868,470.3586139632223,0.0006436876195001238,0,0,0,0,0,0,0,0,0.0,0,0,1.4
139200.00000000003,4.045270559315403e-09,551.4634336811789,470.7207321258516,0.0006402449935363136,0,0,0,0,0,0,0,0,0.0,0,0,1.4
139300.0,4.017508772766712e-09,552.3100257002799,471.08191254427555,0.0006368272772053722,0,0,0,0,0,0,0,0,0.0,0,0,1.4
139400.0,3.989998520903045e-09,553.1550720385899,471.44215758150585,0.0006334342328287654,0,0,0,0,0,0,0,0,0.0,0,0,1.4
139500.0,3.9627369414889395e-09,553.9985732177761,471.8014696023132,0.0006300656255355847,0,0,0,0,0,0,0,0,0.0,0,0,1.4
139600.0,3.935721211118678e-09,554.8405297932643,472.1598509730932,0.0006267212232240588,0,0,0,0,0,0,0,0,0.0,0,0,1.4
139700.00000000003,3.90894854461499e-09,555.6809423537867,472.51730406171527,0.0006234007965237427,0,0,0,0,0,0,0,0,0.0,0,0,1.4
139800.0,3.8824161944368844e-09,556.5198115209873,472.87383123739545,0.0006201041187581505,0,0,0,0,0,0,0,0,0.0,0,0,1.4
139900.0,3.856121450098439e-09,557.3571379489888,473.2294348705538,0.0006168309659080337,0,0,0,0,0,0,0,0,0.0,0,0,1.4
