year        2017 day         235 seconds   39600.0000     lat   68.0000000     lon   20.0000000
 IYD       17235 SEC   39600.0000     GLAT   68.1333466     GLON   20.0000000     STL   12.3333330     F107A   106.716003     F107   131.000000     AP   37.0000000       0.00000000       0.00000000       0.00000000       0.00000000       0.00000000       0.00000000
 z[m] rho[kg/(m^3)] T[K] c[m/s] p[Pa] H[m] g[m/(s^2)] N^2[rad^2/s^2] kappa[J/(s.m.K)] mu[kg(s.m)] mu_vol[kg/(s.m)] w_M[m/s] w_Z[m/s] w_P[m/s] c_p[J/(mol.K)] c_v[J/(mol.K)] gamma
0.0,1.2249999999999999,288.2,340.29216858458557,101323.915,0,0,0,0,0,0,0,0,5.830179276655754e-12,0,0,1.4
20.0,1.2227957208867406,288.08552798755414,340.22458045500343,101101.41847555093,0,0,0,0,0,0,0,0,6.526327813622649e-12,0,0,1.4
40.0,1.2205923879527967,287.97112178046353,340.15701776069477,100879.16805932096,0,0,0,0,0,0,0,0,7.284868128094524e-12,0,0,1.4
60.0,1.2183900136681773,287.8567814472673,340.0894805574969,100657.16457905283,0,0,0,0,0,0,0,0,8.12031069029557e-12,0,0,1.4
80.0,1.216188610502892,287.7425070565045,340.02196890124725,100435.40886248926,0,0,0,0,0,0,0,0,9.047165970449975e-12,0,0,1.4
100.0,1.213988190926951,287.62829867671417,339.95448284778325,100213.90173737305,0,0,0,0,0,0,0,0,1.0079944438781933e-11,0,0,1.4
120.0,1.211788767410363,287.5141563764354,339.8870224529423,99992.6440314469,0,0,0,0,0,0,0,0,1.123315656551563e-11,0,0,1.4
140.0,1.2095903524231382,287.4000802242071,339.81958777256165,99771.63657245357,0,0,0,0,0,0,0,0,1.2521312820875259e-11,0,0,1.4
160.0,1.2073929584352854,287.28607028856857,339.75217886247884,99550.88018813581,0,0,0,0,0,0,0,0,1.3958923675085008e-11,0,0,1.4
180.0,1.2051965979168147,287.1721266380586,339.6847957785311,99330.37570623637,0,0,0,0,0,0,0,0,1.5560499598369068e-11,0,0,1.4
200.0,1.2030012833377355,287.0582493412166,339.6174385765561,99110.123954498,0,0,0,0,0,0,0,0,1.734055106095163e-11,0,0,1.4
220.0,1.200807027114496,286.94443846656134,339.55010731241975,98890.12575448013,0,0,0,0,0,0,0,0,1.9315639719805438e-11,0,0,1.4
240.0,1.1986138414492997,286.8306940825322,339.48280204210363,98670.38190300914,0,0,0,0,0,0,0,0,2.1510531978897455e-11,0,0,1.4
260.0,1.1964217384907883,286.7170162575484,339.41552282161786,98450.89319072795,0,0,0,0,0,0,0,0,2.3952045428943205e-11,0,0,1.4
280.0,1.1942307303876043,286.60340506002916,339.3482697069727,98231.66040827963,0,0,0,0,0,0,0,0,2.6666997660658203e-11,0,0,1.4
300.0,1.1920408292883897,286.4898605583938,339.2810427541784,98012.68434630719,0,0,0,0,0,0,0,0,2.9682206264757956e-11,0,0,1.4
320.0,1.1898520473025798,286.37638282104626,339.21384201926577,97793.96579098464,0,0,0,0,0,0,0,0,3.302731744424065e-11,0,0,1.4
340.0,1.187664396382784,286.26297191632955,339.14666755834804,97575.50551061009,0,0,0,0,0,0,0,0,3.6743291851235064e-11,0,0,1.4
360.0,1.1854778884424046,286.14962791257153,339.0795194275594,97357.30426901265,0,0,0,0,0,0,0,0,4.0873918750152614e-11,0,0,1.4
380.0,1.1832925353948445,286.0363508780997,339.0123976830337,97139.36283002133,0,0,0,0,0,0,0,0,4.546298740540477e-11,0,0,1.4
400.0,1.181108349153506,285.923140881242,338.9453023809049,96921.68195746533,0,0,0,0,0,0,0,0,5.055428708140294e-11,0,0,1.4
420.0,1.1789253415887675,285.8099979903089,338.87823357732935,96704.2624103047,0,0,0,0,0,0,0,0,5.6196382914823206e-11,0,0,1.4
440.0,1.1767435243989102,285.6969222735425,338.81119132855264,96487.10492802363,0,0,0,0,0,0,0,0,6.245694353140023e-11,0,0,1.4
460.0,1.1745629092391914,285.58391379916753,338.744175690843,96270.21024523726,0,0,0,0,0,0,0,0,6.940841342913328e-11,0,0,1.4
480.0,1.1723835077648683,285.4709726354089,338.67718672046834,96053.57909656079,0,0,0,0,0,0,0,0,7.712323710602164e-11,0,0,1.4
500.0,1.1702053316311976,285.35809885049133,338.6102244736969,95837.21221660935,0,0,0,0,0,0,0,0,8.567385906006462e-11,0,0,1.4
520.0,1.1680283924514894,285.2452925126224,338.54328900681804,95621.11033529745,0,0,0,0,0,0,0,0,9.514045990592936e-11,0,0,1.4
540.0,1.1658527016712628,285.1325536899406,338.476380376207,95405.27416373673,0,0,0,0,0,0,0,0,1.0563416472495448e-10,0,0,1.4
560.0,1.1636782706940896,285.019882450567,338.40949863826,95189.70440833819,0,0,0,0,0,0,0,0,1.1727383471514645e-10,0,0,1.4
580.0,1.1615051109235417,284.9072788626227,338.3426438493739,94974.40177551284,0,0,0,0,0,0,0,0,1.301783310745117e-10,0,0,1.4
600.0,1.1593332337631919,284.79474299422895,338.2758160659452,94759.36697167164,0,0,0,0,0,0,0,0,1.4446651500105678e-10,0,0,1.4
620.0,1.1571626505744534,284.68227491348887,338.2090153443915,94544.60069854256,0,0,0,0,0,0,0,0,1.6026978409011764e-10,0,0,1.4
640.0,1.1549933725501096,284.5698746884342,338.1422417412152,94330.10363912163,0,0,0,0,0,0,0,0,1.777696815263482e-10,0,0,1.4
660.0,1.1528254108407867,284.45754238707866,338.07549531294006,94115.87647172187,0,0,0,0,0,0,0,0,1.971602868917317e-10,0,0,1.4
680.0,1.1506587765971097,284.3452780774362,338.0087761160895,93901.91987465628,0,0,0,0,0,0,0,0,2.1863567976825165e-10,0,0,1.4
700.0000000000001,1.1484934809697043,284.23308182752044,337.94208420718735,93688.23452623785,0,0,0,0,0,0,0,0,2.4238993973789125e-10,0,0,1.4
720.0,1.1463295350671967,284.12095370532694,337.87541964277784,93474.8211001563,0,0,0,0,0,0,0,0,2.6863733188723543e-10,0,0,1.4
740.0,1.1441669498302165,284.0088937787775,337.80878247948834,93261.68025160792,0,0,0,0,0,0,0,0,2.9767286332127583e-10,0,0,1.4
760.0,1.1420057361573945,283.89690211577584,337.74217277396707,93048.81263116573,0,0,0,0,0,0,0,0,3.2981172664960546e-10,0,0,1.4
780.0,1.1398459049473613,283.78497878422536,337.675590582862,92836.21888940269,0,0,0,0,0,0,0,0,3.653691144818172e-10,0,0,1.4
800.0,1.1376874670987471,283.67312385202973,337.6090359628213,92623.8996768918,0,0,0,0,0,0,0,0,4.0466021942750424e-10,0,0,1.4
820.0000000000001,1.1355304334682665,283.5613373870736,337.54250897051344,92411.85563963266,0,0,0,0,0,0,0,0,4.4803256425245894e-10,0,0,1.4
840.0,1.1333748147449694,283.44961945716597,337.47600966268845,92200.08740533127,0,0,0,0,0,0,0,0,4.95962992347271e-10,0,0,1.4
860.0,1.1312206215759897,283.33797013009723,337.4095380961166,91988.59559712025,0,0,0,0,0,0,0,0,5.489606772587299e-10,0,0,1.4
880.0,1.1290678646084615,283.2263894736575,337.3430943275681,91777.38083813223,0,0,0,0,0,0,0,0,6.075347925336254e-10,0,0,1.4
900.0,1.126916554489519,283.11487755563707,337.2766784138135,91566.44375149978,0,0,0,0,0,0,0,0,6.721945117187461e-10,0,0,1.4
920.0,1.1247667018245053,283.00343444380667,337.2102904116429,91355.78495583616,0,0,0,0,0,0,0,0,7.435005065109759e-10,0,0,1.4
940.0000000000001,1.1226183170516049,282.8920602058596,337.14393037792655,91145.40505167696,0,0,0,0,0,0,0,0,8.222194412075743e-10,0,0,1.4
960.0,1.120471410567211,282.78075490946964,337.0775983695545,90935.30463503837,0,0,0,0,0,0,0,0,9.091694782558951e-10,0,0,1.4
980.0,1.1183259927677176,282.66951862231053,337.0112944434169,90725.48430193661,0,0,0,0,0,0,0,0,1.005168780103293e-09,0,0,1.4
1000.0,1.1161820740495176,282.5583514120563,336.9450186564037,90515.94464838786,0,0,0,0,0,0,0,0,1.1110355091971217e-09,0,0,1.4
1020.0,1.114039664767352,282.4472533463607,336.87877106542476,90306.6862659432,0,0,0,0,0,0,0,0,1.227669411003734e-09,0,0,1.4
1040.0,1.1118987751093474,282.336224492798,336.81255172746785,90097.7097282932,0,0,0,0,0,0,0,0,1.3562965630654775e-09,0,0,1.4
1060.0,1.1097594152219767,282.2252649189225,336.74636069954045,89889.01560466332,0,0,0,0,0,0,0,0,1.498224625943699e-09,0,0,1.4
1080.0,1.1076215952517139,282.1143746922885,336.68019803864996,89680.604464279,0,0,0,0,0,0,0,0,1.6547612601997447e-09,0,0,1.4
1100.0,1.1054853253450319,282.0035538804504,336.614063801804,89472.47687636566,0,0,0,0,0,0,0,0,1.827214126394962e-09,0,0,1.4
1120.0,1.1033506156069057,281.892802550942,336.54795804602895,89264.63340573915,0,0,0,0,0,0,0,0,2.017019421140694e-09,0,0,1.4
1140.0000000000002,1.1012174759763191,281.7821207712155,336.4818808284281,89057.07459957675,0,0,0,0,0,0,0,0,2.2261274852482736e-09,0,0,1.4
1160.0,1.099085916350757,281.67150860870265,336.41583220612375,88849.80100064616,0,0,0,0,0,0,0,0,2.4566171955790274e-09,0,0,1.4
1180.0,1.096955946627704,281.5609661308351,336.34981223623817,88642.81315171499,0,0,0,0,0,0,0,0,2.710567428994291e-09,0,0,1.4
1200.0,1.094827576704646,281.45049340504465,336.2838209758938,88436.11159555094,0,0,0,0,0,0,0,0,2.990057062355391e-09,0,0,1.4
1220.0,1.0927008164377412,281.340090498742,336.2178584822314,88229.69687056843,0,0,0,0,0,0,0,0,3.2973663738510154e-09,0,0,1.4
1240.0,1.0905756755178408,281.2297574792542,336.15192481246726,88023.5694977689,0,0,0,0,0,0,0,0,3.635581246979281e-09,0,0,1.4
1260.0,1.088452163594469,281.11949441388725,336.0860200238358,87817.72999380059,0,0,0,0,0,0,0,0,4.007988966565664e-09,0,0,1.4
1280.0,1.086330290317151,281.0093013699471,336.02014417357174,87612.17887531164,0,0,0,0,0,0,0,0,4.4178768174356395e-09,0,0,1.4
1300.0,1.0842100653354112,280.89917841473977,335.9542973189098,87406.91665895031,0,0,0,0,0,0,0,0,4.868532084414683e-09,0,0,1.4
1320.0,1.0820914982576348,280.7891256155499,335.888479517103,87201.94385706884,0,0,0,0,0,0,0,0,5.363555890975915e-09,0,0,1.4
1340.0,1.0799745985276497,280.6791430395761,335.8226908254773,86997.26096483566,0,0,0,0,0,0,0,0,5.907804715183038e-09,0,0,1.4
1360.0,1.0778593755481432,280.5692307539955,335.75693130137734,86792.8684731233,0,0,0,0,0,0,0,0,6.506448873747398e-09,0,0,1.4
1380.0000000000002,1.075745838721804,280.45938882598534,335.6912010021476,86588.76687280423,0,0,0,0,0,0,0,0,7.1646586833803404e-09,0,0,1.4
1400.0000000000002,1.0736339974513203,280.34961732272285,335.62549998513236,86384.956654751,0,0,0,0,0,0,0,0,7.887604460793213e-09,0,0,1.4
1420.0,1.071523861098443,280.2399163113632,335.55982830769415,86181.43830559825,0,0,0,0,0,0,0,0,8.680942875706629e-09,0,0,1.4
1440.0,1.069415438861178,280.1302858589735,335.49418602726666,85978.21229502934,0,0,0,0,0,0,0,0,9.552276009878329e-09,0,0,1.4
1460.0,1.0673087398965926,280.02072603259916,335.42857320130156,85775.27908848977,0,0,0,0,0,0,0,0,1.0509692298075305e-08,0,0,1.4
1480.0,1.0652037733617552,279.91123689928526,335.36298988725065,85572.6391514251,0,0,0,0,0,0,0,0,1.1561280175064561e-08,0,0,1.4
1500.0,1.0631005484137348,279.801818526077,335.29743614256546,85370.29294928082,0,0,0,0,0,0,0,0,1.2715128075613094e-08,0,0,1.4
1520.0,1.0609990741688802,279.6924709799972,335.23191202471514,85168.24094332353,0,0,0,0,0,0,0,0,1.3980073969644272e-08,0,0,1.4
1540.0,1.0588993595806653,279.5831943279784,335.1664175912386,84966.48357810407,0,0,0,0,0,0,0,0,1.5367953967706923e-08,0,0,1.4
1560.0,1.056801413561845,279.4739886369308,335.10095289969195,84765.02129399443,0,0,0,0,0,0,0,0,1.6891353715506242e-08,0,0,1.4
1580.0,1.0547052450251748,279.36485397376447,335.03551800763154,84563.8545313665,0,0,0,0,0,0,0,0,1.856285885874743e-08,0,0,1.4
1600.0,1.0526108628834094,279.25579040538946,334.9701129726136,84362.9837305922,0,0,0,0,0,0,0,0,2.039505504313568e-08,0,0,1.4
1620.0,1.0505182760088174,279.14679799869293,334.9047378522114,84162.40932792418,0,0,0,0,0,0,0,0,2.2401676653762442e-08,0,0,1.4
1640.0000000000002,1.0484274931117203,279.03787682046976,334.839392704066,83962.13174313778,0,0,0,0,0,0,0,0,2.460105303326417e-08,0,0,1.4
1660.0000000000002,1.046338522861954,278.92902693749187,334.77407758583576,83762.15139188906,0,0,0,0,0,0,0,0,2.7012662263663575e-08,0,0,1.4
1680.0,1.0442513739293535,278.8202484165309,334.7087925551787,83562.46868983406,0,0,0,0,0,0,0,0,2.9655982426983338e-08,0,0,1.4
1700.0,1.042166054983755,278.71154132435885,334.643537669753,83363.08405262881,0,0,0,0,0,0,0,0,3.255049160524623e-08,0,0,1.4
1720.0,1.0400825746547526,278.6029057277239,334.5783129872334,83163.99789187037,0,0,0,0,0,0,0,0,3.5717418669221715e-08,0,0,1.4
1740.0,1.0380009414109816,278.4943416932802,334.51311856536074,82965.21060291964,0,0,0,0,0,0,0,0,3.9184995644666385e-08,0,0,1.4
1760.0,1.0359211636808348,278.38584928765795,334.4479544618925,82766.72257707846,0,0,0,0,0,0,0,0,4.2983205346083585e-08,0,0,1.4
1780.0,1.0338432498927064,278.27742857748774,334.3828207345858,82568.53420564871,0,0,0,0,0,0,0,0,4.714203058797668e-08,0,0,1.4
1800.0,1.03176720847499,278.1690796293999,334.3177174411983,82370.64587993229,0,0,0,0,0,0,0,0,5.169145418484905e-08,0,0,1.4
1820.0,1.0296930478160997,278.06080251000077,334.2526446395033,82173.05798723293,0,0,0,0,0,0,0,0,5.666411246937388e-08,0,0,1.4
1840.0,1.0276207761445268,277.95259728580027,334.18760238733853,81975.77089886183,0,0,0,0,0,0,0,0,6.210325584690372e-08,0,0,1.4
1860.0,1.0255504016487835,277.84446402328416,334.12259074255803,81778.78498213206,0,0,0,0,0,0,0,0,6.805478824096092e-08,0,0,1.4
1880.0000000000002,1.023481932517381,277.73640278893834,334.0576097630154,81582.10060435672,0,0,0,0,0,0,0,0,7.456461357506789e-08,0,0,1.4
1900.0000000000002,1.0214153769388312,277.62841364924856,333.99265950656473,81385.71813284888,0,0,0,0,0,0,0,0,8.167863577274703e-08,0,0,1.4
1920.0,1.0193507430619382,277.520496670676,333.92774003107536,81189.63793098494,0,0,0,0,0,0,0,0,8.944675801653532e-08,0,0,1.4
1940.0,1.0172880388766772,277.41265191958337,333.8628513944792,80993.8603463946,0,0,0,0,0,0,0,0,9.793488052502896e-08,0,0,1.4
1960.0,1.0152272723333156,277.3048794623085,333.79799365472377,80798.38572277085,0,0,0,0,0,0,0,0,1.0721290277583862e-07,0,0,1.4
1980.0,1.0131684513821209,277.1971793651895,333.7331668697567,80603.21440380672,0,0,0,0,0,0,0,0,1.1735072424657503e-07,0,0,1.4
2000.0,1.0111115839733613,277.08955169456453,333.66837109752555,80408.34673319523,0,0,0,0,0,0,0,0,1.2841824441484893e-07,0,0,1.4
2020.0,1.009056678017882,276.9819965167462,333.6036063959928,80213.78305075469,0,0,0,0,0,0,0,0,1.4049135651207946e-07,0,0,1.4
2040.0,1.0070037412688428,276.8745138979468,333.538872823182,80019.52368080452,0,0,0,0,0,0,0,0,1.536699287849192e-07,0,0,1.4
2060.0,1.0049527814399815,276.7671039043534,333.4741704371313,79825.56894378948,0,0,0,0,0,0,0,0,1.68059823233829e-07,0,0,1.4
2080.0,1.0029038062450348,276.65976660215296,333.4094992958792,79631.91916015433,0,0,0,0,0,0,0,0,1.8376690185926997e-07,0,0,1.4
2100.0,1.000856823397741,276.5525020575324,333.34485945746417,79438.57465034375,0,0,0,0,0,0,0,0,2.0089702666170295e-07,0,0,1.4
2120.0,0.9988118405727139,276.4453103366532,333.2802509799391,79245.53573099025,0,0,0,0,0,0,0,0,2.1956499213275936e-07,0,0,1.4
2140.0,0.9967688652880715,276.3381915055738,333.2156739214161,79052.80270347705,0,0,0,0,0,0,0,0,2.399213227287524e-07,0,0,1.4
2160.0,0.9947279050228091,276.231145630327,333.1511283400212,78860.37586537519,0,0,0,0,0,0,0,0,2.6212547539716573e-07,0,0,1.4
2180.0,0.9926889672559213,276.12417277694567,333.08661429388104,78668.25551425562,0,0,0,0,0,0,0,0,2.8633690708548305e-07,0,0,1.4
2200.0,0.990652059466403,276.0172730114625,333.022131841122,78476.44194768935,0,0,0,0,0,0,0,0,3.12715074741188e-07,0,0,1.4
2220.0,0.9886171890944345,275.9104463998843,332.95768103988473,78284.93545949791,0,0,0,0,0,0,0,0,3.4143267240701496e-07,0,0,1.4
2240.0,0.9865843634249396,275.8036930081125,332.8932619483665,78093.73632850498,0,0,0,0,0,0,0,0,3.7271534250670115e-07,0,0,1.4
2260.0000000000005,0.9845535897040282,275.69701290202255,332.8288746247789,77902.84482978474,0,0,0,0,0,0,0,0,4.0680196455923423e-07,0,0,1.4
2280.0000000000005,0.9825248751778092,275.5904061474898,332.76451912733336,77712.26123841142,0,0,0,0,0,0,0,0,4.439314180836022e-07,0,0,1.4
2300.0000000000005,0.9804982270923924,275.48387281038976,332.70019551424167,77521.98582945926,0,0,0,0,0,0,0,0,4.84342582598793e-07,0,0,1.4
2320.0,0.9784736526553942,275.377412956571,332.63590384372884,77332.01887431614,0,0,0,0,0,0,0,0,5.282938428458632e-07,0,0,1.4
2340.0,0.9764511589204571,275.27102665177495,332.571644174075,77142.36062962498,0,0,0,0,0,0,0,0,5.761216044541522e-07,0,0,1.4
2360.0,0.9744307529027307,275.1647139617165,332.5074165635738,76953.01134834228,0,0,0,0,0,0,0,0,6.281817782750663e-07,0,0,1.4
2380.0,0.9724124416173647,275.05847495211026,332.4432210705191,76763.97128342462,0,0,0,0,0,0,0,0,6.848302751600128e-07,0,0,1.4
2400.0,0.9703962320795086,274.9523096886711,332.37905775320445,76575.24068782858,0,0,0,0,0,0,0,0,7.464230059603991e-07,0,0,1.4
2420.0,0.96838213126615,274.8462182370863,332.31492666993694,76386.81981088796,0,0,0,0,0,0,0,0,8.133444599675701e-07,0,0,1.4
2440.0,0.966370146001631,274.7402006629341,332.2508278790762,76198.70888744543,0,0,0,0,0,0,0,0,8.860934402326229e-07,0,0,1.4
2460.0,0.9643602830721306,274.6342570317655,332.18676143899523,76010.90814872095,0,0,0,0,0,0,0,0,9.651973282465913e-07,0,0,1.4
2480.0,0.9623525492638293,274.52838740913126,332.12272740806696,75823.41782593442,0,0,0,0,0,0,0,0,1.0511835055005107e-06,0,0,1.4
2500.0,0.9603469513629066,274.42259186058214,332.0587258446643,75636.23815030575,0,0,0,0,0,0,0,0,1.144579353485415e-06,0,0,1.4
2520.0,0.9583434961177228,274.3168704516413,331.9947568071729,75449.3693494959,0,0,0,0,0,0,0,0,1.2459538875286546e-06,0,0,1.4
2540.0,0.9563421901253603,274.2112232477202,331.9308203540292,75262.8116369297,0,0,0,0,0,0,0,0,1.3560426583028426e-06,0,0,1.4
2560.0,0.9543430399450815,274.1056503142027,331.86691654368235,75076.56522247306,0,0,0,0,0,0,0,0,1.4756228503169074e-06,0,0,1.4
2580.0,0.9523460521361491,274.00015171647243,331.8030454345815,74890.63031599185,0,0,0,0,0,0,0,0,1.6054716480797778e-06,0,0,1.4
2600.0,0.9503512332578259,273.89472751991315,331.73920708517574,74705.00712735193,0,0,0,0,0,0,0,0,1.7463662361003826e-06,0,0,1.4
2620.0,0.9483585898319071,273.7893777898802,331.67540155392646,74519.69586292416,0,0,0,0,0,0,0,0,1.8991441055183473e-06,0,0,1.4
2640.0,0.946368128230318,273.6841025916152,331.61162889934366,74334.69671509927,0,0,0,0,0,0,0,0,2.0648839739960863e-06,0,0,1.4
2660.0,0.9443798547875162,273.57890199033164,331.5478891799498,74150.00987277305,0,0,0,0,0,0,0,0,2.2447248658267103e-06,0,0,1.4
2680.0,0.9423937758379598,273.47377605124274,331.48418245426694,73965.63552484119,0,0,0,0,0,0,0,0,2.4398058053033302e-06,0,0,1.4
2700.0,0.9404098977161063,273.368724839562,331.4205087808176,73781.57386019945,0,0,0,0,0,0,0,0,2.6512658167190573e-06,0,0,1.4
2720.0,0.9384282267193078,273.26374842047363,331.3568682181357,73597.82506431271,0,0,0,0,0,0,0,0,2.8803307772747664e-06,0,0,1.4
2740.0,0.9364487689964923,273.15884685904643,331.29326082480173,73414.38930892241,0,0,0,0,0,0,0,0,3.1285739758023864e-06,0,0,1.4
2760.0000000000005,0.9344715306594822,273.05402022031996,331.2296866594083,73231.26676233913,0,0,0,0,0,0,0,0,3.3976555540416097e-06,0,0,1.4
2780.0000000000005,0.9324965178200993,272.949268569334,331.16614578054765,73048.45759287343,0,0,0,0,0,0,0,0,3.6892356537321298e-06,0,0,1.4
2800.0000000000005,0.9305237365901664,272.84459197112807,331.10263824681203,72865.96196883591,0,0,0,0,0,0,0,0,4.004974416613639e-06,0,0,1.4
2820.0,0.9285531930447701,272.73999049071256,331.03916411680507,72683.78005517056,0,0,0,0,0,0,0,0,4.346656348156548e-06,0,0,1.4
2840.0,0.9265848931120563,272.63546419297955,330.97572344917495,72501.9120033551,0,0,0,0,0,0,0,0,4.7165634087541855e-06,0,0,1.4
2860.0,0.9246188426834352,272.5310131427919,330.9123163025808,72320.35796150079,0,0,0,0,0,0,0,0,5.1171019225305896e-06,0,0,1.4
2880.0,0.9226550476503174,272.42663740501234,330.848942735682,72139.11807771877,0,0,0,0,0,0,0,0,5.550678213609798e-06,0,0,1.4
2900.0,0.9206935139041132,272.3223370445036,330.7856028071378,71958.19250012019,0,0,0,0,0,0,0,0,6.019698606115853e-06,0,0,1.4
2920.0,0.9187342472998774,272.21811212609833,330.7222965756182,71777.5813735141,0,0,0,0,0,0,0,0,6.526746468518001e-06,0,0,1.4
2940.0,0.9167772535472402,272.1139627145093,330.6590240998355,71597.28482950079,0,0,0,0,0,0,0,0,7.075113346666298e-06,0,0,1.4
2960.0,0.9148225383194757,272.0098888744188,330.59578543851285,71417.30299637836,0,0,0,0,0,0,0,0,7.66826783075601e-06,0,0,1.4
2980.0,0.9128701072898583,271.9058906705095,330.53258065037323,71237.63600244491,0,0,0,0,0,0,0,0,8.3096785109824e-06,0,0,1.4
3000.0,0.9109199661316626,271.80196816746405,330.4694097941398,71058.28397599855,0,0,0,0,0,0,0,0,9.00281397754073e-06,0,0,1.4
3020.0,0.9089721204821941,271.69812142993425,330.40627292854555,70879.24704209965,0,0,0,0,0,0,0,0,9.751393395529896e-06,0,0,1.4
3040.0,0.9070265758348848,271.5943505224499,330.34317011236425,70700.52531285762,0,0,0,0,0,0,0,0,1.0560138229663332e-05,0,0,1.4
3060.0,0.9050833376471978,271.4906555095098,330.28010140437925,70522.11889714407,0,0,0,0,0,0,0,0,1.1434020519558101e-05,0,0,1.4
3080.0,0.9031424113765967,271.3870364556131,330.2170668633743,70344.02790383069,0,0,0,0,0,0,0,0,1.237801230483127e-05,0,0,1.4
3100.0,0.9012038024805445,271.2834934252589,330.154066548133,70166.2524417891,0,0,0,0,0,0,0,0,1.33970856250999e-05,0,0,1.4
3120.0,0.8992675163809315,271.1800264829149,330.0911005174485,69988.79261671766,0,0,0,0,0,0,0,0,1.4496565092032163e-05,0,0,1.4
3140.0,0.8973335583573552,271.0766356929247,330.0281688301522,69811.64852162154,0,0,0,0,0,0,0,0,1.5683185605500643e-05,0,0,1.4
3160.0,0.8954019336538396,270.97332111960037,329.965271545085,69634.8202463326,0,0,0,0,0,0,0,0,1.6964034637429025e-05,0,0,1.4
3180.0,0.8934726475144089,270.8700828272541,329.9024087210878,69458.30788068273,0,0,0,0,0,0,0,0,1.8346199659741e-05,0,0,1.4
3200.0,0.8915457051830873,270.76692088019826,329.8395804170016,69282.1115145038,0,0,0,0,0,0,0,0,1.9836768144360258e-05,0,0,1.4
3220.0,0.8896211118687286,270.6638353427133,329.77678669167636,69106.23123451878,0,0,0,0,0,0,0,0,2.1443320736892602e-05,0,0,1.4
3240.0,0.8876988726395048,270.56082627895313,329.71402760399803,68930.66711501518,0,0,0,0,0,0,0,0,2.3175410777672342e-05,0,0,1.4
3260.0000000000005,0.8857789925284172,270.45789375303974,329.6513032128614,68755.41922717159,0,0,0,0,0,0,0,0,2.50430847807159e-05,0,0,1.4
3280.0000000000005,0.8838614765684673,270.3550378290954,329.58861357716165,68580.48764216658,0,0,0,0,0,0,0,0,2.7056389260039695e-05,0,0,1.4
3300.0000000000005,0.8819463297926567,270.25225857124195,329.5259587557937,68405.8724311788,0,0,0,0,0,0,0,0,2.9225370729660145e-05,0,0,1.4
3320.0000000000005,0.880033557199226,270.1495560435695,329.4633388076609,68231.57366234229,0,0,0,0,0,0,0,0,3.1560761475590146e-05,0,0,1.4
3340.0,0.8781231636473732,270.0469303100388,329.4007537917004,68057.59139161301,0,0,0,0,0,0,0,0,3.4076036871828375e-05,0,0,1.4
3360.0,0.8762151539615353,269.9443814345787,329.338203766858,67883.92567190244,0,0,0,0,0,0,0,0,3.678535806437012e-05,0,0,1.4
3380.0,0.8743095329661492,269.8419094811178,329.27568879207934,67710.57655612202,0,0,0,0,0,0,0,0,3.970288619921053e-05,0,0,1.4
3400.0,0.8724063054856522,269.73951451358465,329.21320892631013,67537.5440971832,0,0,0,0,0,0,0,0,4.2842782422344797e-05,0,0,1.4
3420.0,0.8705054763101371,269.6371965958754,329.1507642285038,67364.82834501714,0,0,0,0,0,0,0,0,4.622015580212155e-05,0,0,1.4
3440.0,0.8686070500923188,269.53495579175467,329.0883547576458,67192.42933763393,0,0,0,0,0,0,0,0,4.985390709630321e-05,0,0,1.4
3460.0,0.866711031450568,269.4327921649542,329.02598057272866,67020.34711006333,0,0,0,0,0,0,0,0,5.3763884985005587e-05,0,0,1.4
3480.0,0.8648174250032555,269.330705779206,328.9636417327458,66848.58169733518,0,0,0,0,0,0,0,0,5.796993814834455e-05,0,0,1.4
3500.0,0.8629262353687517,269.2286966982422,328.90133829669,66677.13313447923,0,0,0,0,0,0,0,0,6.249191526643593e-05,0,0,1.4
3520.0,0.8610374671315056,269.1267649857611,328.8390703235617,66506.00145360913,0,0,0,0,0,0,0,0,6.735096747633641e-05,0,0,1.4
3540.0,0.8591511247402784,269.02491070532795,328.77683787239056,66335.18667517386,0,0,0,0,0,0,0,0,7.257345574286596e-05,0,0,1.4
3560.0,0.8572672126099096,268.9231339204747,328.71464100221345,66164.68881670623,0,0,0,0,0,0,0,0,7.81870434877854e-05,0,0,1.4
3580.0,0.8553857351552385,268.82143469473294,328.65247977206735,65994.50789573904,0,0,0,0,0,0,0,0,8.421939413285552e-05,0,0,1.4
3600.0,0.8535066967911047,268.7198130916347,328.5903542409893,65824.64392980513,0,0,0,0,0,0,0,0,9.069817109983713e-05,0,0,1.4
3620.0,0.851630101898854,268.61826917467783,328.528264468023,65655.09693358508,0,0,0,0,0,0,0,0,9.765281664289624e-05,0,0,1.4
3640.0,0.8497559547258581,268.5168030072246,328.46621051223906,65485.8669103506,0,0,0,0,0,0,0,0,0.00010511988834581966,0,0,1.4
3660.0,0.8478842594859957,268.41541465260343,328.40419243271504,65316.953860521186,0,0,0,0,0,0,0,0,0.00011313772262479935,0,0,1.4
3680.0,0.8460150203931446,268.31410417414276,328.34221028852835,65148.357784516294,0,0,0,0,0,0,0,0,0.00012174465589602734,0,0,1.4
3700.0,0.8441482416611834,268.2128716351709,328.2802641387565,64980.07868275543,0,0,0,0,0,0,0,0,0.00013097902457569563,0,0,1.4
3720.0,0.8422839274709306,268.1117170989819,328.2183540424831,64812.116552869586,0,0,0,0,0,0,0,0,0.00014088157981866355,0,0,1.4
3740.0,0.8404220818709661,268.0106406287317,328.1564800588164,64644.471381335825,0,0,0,0,0,0,0,0,0.00015150273173445994,0,0,1.4
3760.0000000000005,0.8385627088768095,267.90964228754194,328.094642246871,64477.14315184269,0,0,0,0,0,0,0,0,0.0001628953051712811,0,0,1.4
3780.0000000000005,0.8367058125039808,267.8087221385344,328.03284066576134,64310.131848078745,0,0,0,0,0,0,0,0,0.00017511212497732314,0,0,1.4
3800.0000000000005,0.8348513967679999,267.7078802448304,327.9710753746019,64143.43745373256,0,0,0,0,0,0,0,0,0.00018820601600078236,0,0,1.4
3820.0000000000005,0.8329994656517659,267.60711666951664,327.90934643251285,63977.059949767696,0,0,0,0,0,0,0,0,0.0002022330610812137,0,0,1.4
3840.0,0.8311500230076944,267.50643147553967,327.8476538986364,63810.99930624781,0,0,0,0,0,0,0,0,0.00021726237502360697,0,0,1.4
3860.0,0.8293030726555799,267.40582472581093,327.78599783212064,63645.255490511496,0,0,0,0,0,0,0,0,0.0002333663306243118,0,0,1.4
3880.0,0.8274586184152173,267.3052964832419,327.72437829211356,63479.82846989742,0,0,0,0,0,0,0,0,0.00025061730067967676,0,0,1.4
3900.0,0.8256166641064011,267.204846810744,327.66279533776327,63314.7182117442,0,0,0,0,0,0,0,0,0.0002690876579860508,0,0,1.4
3920.0,0.8237772135167486,267.10447577119317,327.60124902822264,63149.924680728705,0,0,0,0,0,0,0,0,0.00028885414406150335,0,0,1.4
3940.0,0.821940270305168,267.004183427323,327.53973942266447,62985.447830880796,0,0,0,0,0,0,0,0,0.00031001097531098523,0,0,1.4
3960.0,0.8201058380983902,266.9039698418314,327.47826658026696,62821.28761356857,0,0,0,0,0,0,0,0,0.00033265673686116786,0,0,1.4
3980.0,0.8182739205231457,266.8038350774163,327.4168305602078,62657.44398016012,0,0,0,0,0,0,0,0,0.0003568900138387226,0,0,1.4
4000.0,0.8164445212061655,266.70377919677577,327.3554314216652,62493.91688202352,0,0,0,0,0,0,0,0,0.0003828093913703207,0,0,1.4
4020.0000000000005,0.8146176437424508,266.6038022625716,327.2940692238212,62330.70626792804,0,0,0,0,0,0,0,0,0.0004105192764469849,0,0,1.4
4040.0,0.8127932916000855,266.50390433732093,327.2327440258759,62167.81207624766,0,0,0,0,0,0,0,0,0.00044014736351713843,0,0,1.4
4060.0000000000005,0.8109714682154235,266.404085483505,327.17145588703346,62005.23424275749,0,0,0,0,0,0,0,0,0.00047182716889355926,0,0,1.4
4080.0,0.8091521770248192,266.3043457636048,327.1102048664983,61842.97270323268,0,0,0,0,0,0,0,0,0.0005056922088890205,0,0,1.4
4100.0,0.8073354214646269,266.2046852401014,327.0489910234746,61681.0273934484,0,0,0,0,0,0,0,0,0.0005418759998162993,0,0,1.4
4120.0,0.8055212049399227,266.1051039754393,326.9878144171704,61519.39824664352,0,0,0,0,0,0,0,0,0.0005805197679119265,0,0,1.4
4140.0,0.803709530730674,266.00560203191606,326.926675106809,61358.08518591212,0,0,0,0,0,0,0,0,0.000621795579107444,0,0,1.4
4160.0,0.8019004020855688,265.9061794717924,326.86557315161735,61197.088131811965,0,0,0,0,0,0,0,0,0.0006658832092581541,0,0,1.4
4180.0,0.8000938222532966,265.8068363573293,326.8045086108225,61036.407004900946,0,0,0,0,0,0,0,0,0.0007129624342193518,0,0,1.4
4200.0,0.798289794482546,265.7075727507875,326.7434815436514,60876.04172573683,0,0,0,0,0,0,0,0,0.0007632130298463398,0,0,1.4
4220.0,0.7964883219911841,265.6083887143906,326.6824920093342,60715.992212403515,0,0,0,0,0,0,0,0,0.0008168249179685242,0,0,1.4
4240.0,0.7946894078737896,265.5092843102132,326.62154006711376,60556.25837308893,0,0,0,0,0,0,0,0,0.0008740286043117663,0,0,1.4
4260.0,0.7928930551941193,265.4102596002924,326.5606257762362,60396.84011350712,0,0,0,0,0,0,0,0,0.0009350647405760297,0,0,1.4
4280.0,0.7910992670159298,265.3113146466653,326.49974919594735,60237.737339372085,0,0,0,0,0,0,0,0,0.0010001739784612882,0,0,1.4
4300.0,0.7893080464029778,265.21244951136936,326.43891038549344,60078.949956397824,0,0,0,0,0,0,0,0,0.0010695969696675042,0,0,1.4
4320.0,0.7875193963886566,265.11366425640375,326.378109404123,59920.47786788624,0,0,0,0,0,0,0,0,0.0011435876327067279,0,0,1.4
4340.0,0.7857333198849072,265.01495894361665,326.3173463110948,59762.32096749088,0,0,0,0,0,0,0,0,0.0012224529533392996,0,0,1.4
4360.0,0.7839498197733066,264.9163336348181,326.2566211656703,59604.479146453115,0,0,0,0,0,0,0,0,0.0013065131841376479,0,0,1.4
4380.0,0.7821688989354324,264.81778839181834,326.19593402711064,59446.95229601439,0,0,0,0,0,0,0,0,0.0013960885776741875,0,0,1.4
4400.0,0.7803905602528616,264.71932327642764,326.1352849546774,59289.74030741608,0,0,0,0,0,0,0,0,0.0014914993865213482,0,0,1.4
4420.0,0.7786148065772704,264.62093835041776,326.07467400763375,59132.843069548995,0,0,0,0,0,0,0,0,0.0015930830993904333,0,0,1.4
4440.0,0.7768416406407286,264.52263367540667,326.01410124525063,58976.26046190134,0,0,0,0,0,0,0,0,0.00170124614954832,0,0,1.4
4460.0,0.7750710651454051,264.42440931297443,325.95356672680117,58819.9923616107,0,0,0,0,0,0,0,0,0.0018164122064007564,0,0,1.4
4480.0,0.7733030827934682,264.32626532470067,325.8930705115581,58664.038645814675,0,0,0,0,0,0,0,0,0.0019390049393535106,0,0,1.4
4500.0,0.7715376962870869,264.22820177216516,325.8326126587944,58508.39919165087,0,0,0,0,0,0,0,0,0.0020694480178123295,0,0,1.4
4520.000000000001,0.7697749082989924,264.13021871690864,325.77219322778427,58353.07387396724,0,0,0,0,0,0,0,0,0.002208187358778437,0,0,1.4
4540.0,0.7680147213841684,264.0323162203162,325.7118122778072,58198.06255845336,0,0,0,0,0,0,0,0,0.0023557578696348502,0,0,1.4
4560.000000000001,0.7662571380681611,263.9344943437336,325.6514698681438,58043.36510850917,0,0,0,0,0,0,0,0,0.002512716705360067,0,0,1.4
4580.0,0.7645021608765167,263.83675314850683,325.5911660580748,57888.981387534615,0,0,0,0,0,0,0,0,0.0026796210209325583,0,0,1.4
4600.000000000001,0.7627497923347817,263.73909269598187,325.5309009068809,57734.911258929664,0,0,0,0,0,0,0,0,0.002857027971330822,0,0,1.4
4620.0,0.7610000349395323,263.6415130474652,325.4706744738434,57581.15458386522,0,0,0,0,0,0,0,0,0.0030455232389456567,0,0,1.4
4640.0,0.7592528910714629,263.5440142641048,325.41048681824645,57427.71121459607,0,0,0,0,0,0,0,0,0.003245806615817196,0,0,1.4
4660.0,0.7575083630822981,263.4465964070097,325.3503379993746,57274.58100114798,0,0,0,0,0,0,0,0,0.0034586064213979048,0,0,1.4
4680.0,0.7557664533237622,263.34925953728845,325.2902280765124,57121.763793546714,0,0,0,0,0,0,0,0,0.00368465097514022,0,0,1.4
4700.0,0.7540271641475799,263.2520037160498,325.23015710894464,56969.259441817994,0,0,0,0,0,0,0,0,0.003924668596496618,0,0,1.4
4720.0,0.7522904978769737,263.15482900436234,325.17012515595593,56817.06779381871,0,0,0,0,0,0,0,0,0.004179423941286726,0,0,1.4
4740.0,0.7505564567211603,263.0577354631342,325.110132276831,56665.18868872988,0,0,0,0,0,0,0,0,0.004449827010798994,0,0,1.4
4760.0,0.7488250428608545,262.9607231532336,325.05017853085445,56513.62196356369,0,0,0,0,0,0,0,0,0.00473682414268902,0,0,1.4
4780.0,0.7470962584767711,262.8637921355284,324.9902639773112,56362.36745533228,0,0,0,0,0,0,0,0,0.005041361674612452,0,0,1.4
4800.0,0.7453701057496253,262.76694247088676,324.9303886754859,56211.42500104779,0,0,0,0,0,0,0,0,0.005364385944224884,0,0,1.4
4820.0,0.7436465868321005,262.6701742201362,324.8705526846626,56060.794435613025,0,0,0,0,0,0,0,0,0.005706889259849265,0,0,1.4
4840.0,0.7419257037647561,262.57348744394125,324.81075606412287,55910.475585493485,0,0,0,0,0,0,0,0,0.006070047812477675,0,0,1.4
4860.0,0.7402074585601197,262.4768822029259,324.75099887314747,55760.468275045256,0,0,0,0,0,0,0,0,0.006455083763769556,0,0,1.4
4880.0,0.7384918532307194,262.3803585577141,324.6912811710176,55610.77232862446,0,0,0,0,0,0,0,0,0.006863219275384281,0,0,1.4
4900.0,0.7367788897890836,262.28391656893,324.63160301701384,55461.387570587205,0,0,0,0,0,0,0,0,0.007295676508981296,0,0,1.4
4920.0,0.7350685702201804,262.18755629715633,324.571964470416,55312.313823239376,0,0,0,0,0,0,0,0,0.0077537353875172105,0,0,1.4
4940.0,0.7333608963987414,262.0912778028107,324.5123655904983,55163.55090068577,0,0,0,0,0,0,0,0,0.008238906879137656,0,0,1.4
4960.0,0.7316558701719387,261.99508114626974,324.4528064365341,55015.09861498095,0,0,0,0,0,0,0,0,0.00875275971328543,0,0,1.4
4980.0,0.7299534933869439,261.89896638791,324.3932870677962,54866.95677817944,0,0,0,0,0,0,0,0,0.009296862619403403,0,0,1.4
5000.0,0.7282537678909295,261.80293358810786,324.33380754355807,54719.1252023358,0,0,0,0,0,0,0,0,0.009872784326934364,0,0,1.4
5020.000000000001,0.7265566955039809,261.70698280719813,324.27436792309067,54571.60369751287,0,0,0,0,0,0,0,0,0.010482165636619585,0,0,1.4
5040.0,0.7248622779378385,261.6111141053481,324.21496826565726,54424.39206580655,0,0,0,0,0,0,0,0,0.01112693563439379,0,0,1.4
5060.000000000001,0.7231705168771558,261.51532754268345,324.1556086305194,54277.490107321035,0,0,0,0,0,0,0,0,0.011809095477490204,0,0,1.4
5080.0,0.7214814140065867,261.4196231793298,324.0962890769382,54130.897622160526,0,0,0,0,0,0,0,0,0.012530646323141935,0,0,1.4
5100.000000000001,0.7197949710107853,261.32400107541264,324.0370096641753,53984.61441042923,0,0,0,0,0,0,0,0,0.013293589328582212,0,0,1.4
5120.0,0.7181111895477923,261.2284612910152,323.9777704514892,53838.64027029758,0,0,0,0,0,0,0,0,0.014100014941426047,0,0,1.4
5140.0,0.7164300711691989,261.13300388605114,323.91857149812824,53692.97499220104,0,0,0,0,0,0,0,0,0.014952370770816207,0,0,1.4
5160.0,0.7147516173999829,261.0376289203917,323.8594128633379,53547.6183646413,0,0,0,0,0,0,0,0,0.01585319371627737,0,0,1.4
5180.0,0.7130758297651228,260.942336453908,323.8002946063638,53402.57017612005,0,0,0,0,0,0,0,0,0.016805020677334095,0,0,1.4
5200.0,0.7114027097895966,260.8471265464714,323.74121678645156,53257.83021513901,0,0,0,0,0,0,0,0,0.01781038855351112,0,0,1.4
5220.0,0.7097322589722443,260.75199925791,323.6821794628434,53113.39826832353,0,0,0,0,0,0,0,0,0.018871944070564143,0,0,1.4
5240.0,0.7080644787073529,260.6569546478804,323.6231826947683,52969.27411479354,0,0,0,0,0,0,0,0,0.019992773259173684,0,0,1.4
5260.0,0.7063993703630709,260.5619927759959,323.56422654145206,52825.4575317927,0,0,0,0,0,0,0,0,0.021176071976251227,0,0,1.4
5280.0,0.7047369353075468,260.46711370187,323.5053110621204,52681.94829656457,0,0,0,0,0,0,0,0,0.022425036078708455,0,0,1.4
5300.0,0.703077174908929,260.3723174851161,323.4464363159991,52538.746186352815,0,0,0,0,0,0,0,0,0.023742861423456836,0,0,1.4
5320.0,0.7014200905097029,260.27760418530414,323.38760236230985,52395.85097658146,0,0,0,0,0,0,0,0,0.025132877959239547,0,0,1.4
5340.0,0.6997656833496984,260.1829738618299,323.32880926025854,52253.262435396435,0,0,0,0,0,0,0,0,0.026598952002125385,0,0,1.4
5360.0,0.6981139546430821,260.0884265740454,323.27005706904686,52110.98032912404,0,0,0,0,0,0,0,0,0.028145083960014895,0,0,1.4
5380.0,0.696464905604021,259.993962381303,323.21134584787654,51969.00442409068,0,0,0,0,0,0,0,0,0.02977527424080835,0,0,1.4
5400.0,0.6948185374466813,259.8995813429548,323.15267565594945,51827.33448662267,0,0,0,0,0,0,0,0,0.031493523252406286,0,0,1.4
5420.0,0.6931748513600408,259.80528351830884,323.09404655246266,51685.97028128305,0,0,0,0,0,0,0,0,0.03330399389089626,0,0,1.4
5440.0,0.6915338484323209,259.7110689664969,323.0354585965947,51544.91156558139,0,0,0,0,0,0,0,0,0.035211499005115256,0,0,1.4
5460.0,0.6898955297265543,259.61693774660637,322.97691184751915,51404.158095264014,0,0,0,0,0,0,0,0,0.03722101393208725,0,0,1.4
5480.0,0.6882598963057731,259.52288991772474,322.9184063644098,51263.70962607719,0,0,0,0,0,0,0,0,0.03933751400883654,0,0,1.4
5500.0,0.6866269492330103,259.4289255389396,322.8599422064403,51123.565913767176,0,0,0,0,0,0,0,0,0.041565974572387074,0,0,1.4
5520.000000000001,0.6849966895465833,259.33504466929367,322.80151943277906,50983.72671237248,0,0,0,0,0,0,0,0,0.04391156634162321,0,0,1.4
5540.0,0.6833691181859519,259.24124736765117,322.74313810257286,50844.191769100515,0,0,0,0,0,0,0,0,0.046380241562869115,0,0,1.4
5560.000000000001,0.6817442360658602,259.1475336928312,322.68479827496327,50704.960829450865,0,0,0,0,0,0,0,0,0.04897814786430939,0,0,1.4
5580.0,0.6801220441010536,259.0539037036534,322.62650000909156,50566.0336389232,0,0,0,0,0,0,0,0,0.051711432874128216,0,0,1.4
5600.000000000001,0.6785025432062763,258.960357458937,322.5682433640995,50427.40994301712,0,0,0,0,0,0,0,0,0.05458624422051022,0,0,1.4
5620.0,0.6768857342720328,258.86689501745605,322.51002839912223,50289.0894855794,0,0,0,0,0,0,0,0,0.057608962608537956,0,0,1.4
5640.0,0.675271618091864,258.7735164378037,322.451855173271,50151.07200384546,0,0,0,0,0,0,0,0,0.060786901050887826,0,0,1.4
5660.0,0.6736601954350704,258.68022177852765,322.3937237456506,50013.35723339784,0,0,0,0,0,0,0,0,0.0641276056371347,0,0,1.4
5680.0,0.6720514670709528,258.5870110981756,322.33563417536624,49875.94490981911,0,0,0,0,0,0,0,0,0.06763862245685294,0,0,1.4
5700.0,0.6704454337688113,258.49388445529536,322.2775865215229,49738.83476869184,0,0,0,0,0,0,0,0,0.07132749759961757,0,0,1.4
5720.0,0.6688420962741792,258.4008419083888,322.2195808432187,49602.02654400002,0,0,0,0,0,0,0,0,0.07520205293594791,0,0,1.4
5740.0,0.6672414552375194,258.3078835157747,322.16161719952487,49465.5199633334,0,0,0,0,0,0,0,0,0.07927121346014375,0,0,1.4
5760.0,0.6656435112855278,258.2150093357255,322.10369564950565,49329.31475268315,0,0,0,0,0,0,0,0,0.08354417994744918,0,0,1.4
5780.0,0.6640482650448993,258.122219426514,322.0458162522253,49193.41063804045,0,0,0,0,0,0,0,0,0.08803015317310901,0,0,1.4
5800.0,0.6624557171423298,258.0295138464129,321.9879790667482,49057.80734539649,0,0,0,0,0,0,0,0,0.09273833391236726,0,0,1.4
5820.0,0.6608658681812195,257.93689265364856,321.9301841521311,48922.504599197484,0,0,0,0,0,0,0,0,0.09767824650607033,0,0,1.4
5840.0,0.6592787186717873,257.8443559062615,321.87243156740095,48787.50211770986,0,0,0,0,0,0,0,0,0.10286070955747001,0,0,1.4
5860.0,0.6576942691009576,257.7519036622459,321.8147213715769,48652.799617655066,0,0,0,0,0,0,0,0,0.10829686523542044,0,0,1.4
5880.0,0.6561125199556543,257.65953597959594,321.75705362367836,48518.39681575462,0,0,0,0,0,0,0,0,0.11399785570877495,0,0,1.4
5900.0,0.6545334717228012,257.56725291630585,321.69942838272453,48384.29342872996,0,0,0,0,0,0,0,0,0.11997482314638776,0,0,1.4
5920.0,0.6529571248664985,257.4750545303227,321.6418457077266,48250.48917181055,0,0,0,0,0,0,0,0,0.12623928603863221,0,0,1.4
5940.0,0.6513834797595484,257.3829408794058,321.5843056576627,48116.98375425781,0,0,0,0,0,0,0,0,0.13280426816196314,0,0,1.4
5960.0,0.6498125367519306,257.2909120212672,321.5268082915029,47983.77688384112,0,0,0,0,0,0,0,0,0.1396831696143544,0,0,1.4
5980.0,0.6482442961936237,257.1989680136193,321.46935366821737,47850.868268329876,0,0,0,0,0,0,0,0,0.14688939049378102,0,0,1.4
6000.0,0.6466787584346063,257.1071089141741,321.4119418467758,47718.25761549348,0,0,0,0,0,0,0,0,0.15443633089821673,0,0,1.4
6020.000000000001,0.6451159238025028,257.01533478059633,321.35457288613947,47585.94463166155,0,0,0,0,0,0,0,0,0.162337824634799,0,0,1.4
6040.0,0.64355579253552,256.92364567036026,321.2972468452336,47453.92901740467,0,0,0,0,0,0,0,0,0.1706094403473132,0,0,1.4
6060.000000000001,0.6419983648495089,256.83204164089267,321.2399637829745,47322.210471853614,0,0,0,0,0,0,0,0,0.17926718038870867,0,0,1.4
6080.0,0.6404436409603217,256.74052274962014,321.18272375827854,47190.788694139206,0,0,0,0,0,0,0,0,0.1883270471119331,0,0,1.4
6100.000000000001,0.6388916210838098,256.64908905396953,321.12552683006214,47059.66338339224,0,0,0,0,0,0,0,0,0.19780504286993572,0,0,1.4
6120.0,0.637342305413939,256.5577406113194,321.06837305723184,46928.83423735531,0,0,0,0,0,0,0,0,0.20771766512239018,0,0,1.4
6140.000000000001,0.6357956940571281,256.4664774788555,321.0112624986556,46798.30094821813,0,0,0,0,0,0,0,0,0.2180833917558756,0,0,1.4
6160.0,0.6342517870979106,256.37529971371595,320.9541952131918,46668.06320678226,0,0,0,0,0,0,0,0,0.22892119576369518,0,0,1.4
6180.0,0.6327105846208195,256.28420737303827,320.8971712596985,46538.12070384918,0,0,0,0,0,0,0,0,0.24025005013915351,0,0,1.4
6200.0,0.6311720867103873,256.19320051396045,320.8401906970343,46408.47313022041,0,0,0,0,0,0,0,0,0.2520889278755553,0,0,1.4
6220.0,0.6296362934297272,256.10227919357146,320.78325358404686,46279.12017536012,0,0,0,0,0,0,0,0,0.26445736152355903,0,0,1.4
6240.0,0.6281032047562708,256.0114434687654,320.7263599795424,46150.06152338296,0,0,0,0,0,0,0,0,0.27737712186324665,0,0,1.4
6260.0,0.6265728206460301,255.92069339638775,320.6695099423167,46021.29685706623,0,0,0,0,0,0,0,0,0.29087053923205325,0,0,1.4
6280.0,0.6250451410550166,255.83002903328375,320.6127035311656,45892.825859187215,0,0,0,0,0,0,0,0,0.30495994396741616,0,0,1.4
6300.0,0.6235201659392421,255.73945043629888,320.5559408048849,45764.64821252322,0,0,0,0,0,0,0,0,0.31966766640677047,0,0,1.4
6320.0,0.621997895233762,255.64895766222918,320.49922182225924,45636.763598564285,0,0,0,0,0,0,0,0,0.33501666260596635,0,0,1.4
6340.0,0.6204783287898085,255.55855076767344,320.4425466420285,45509.171693651486,0,0,0,0,0,0,0,0,0.35103239149450216,0,0,1.4
6360.0,0.6189614664376569,255.46822980918117,320.3859153229217,45381.87217283865,0,0,0,0,0,0,0,0,0.3677409377202917,0,0,1.4
6380.0,0.6174473080075833,255.3779948433019,320.3293279236676,45254.864711179616,0,0,0,0,0,0,0,0,0.3851683859312459,0,0,1.4
6400.0,0.6159358533298634,255.28784592658505,320.27278450299497,45128.14898372821,0,0,0,0,0,0,0,0,0.40334082077527866,0,0,1.4
6420.0,0.614427102214279,255.1977831155303,320.21628511962086,45001.72466430044,0,0,0,0,0,0,0,0,0.4222850187165434,0,0,1.4
6440.0,0.6129210543886358,255.10780646643764,320.1598298322145,44875.59142176091,0,0,0,0,0,0,0,0,0.4420305234841669,0,0,1.4
6460.0,0.6114177095602459,255.01791603555722,320.10341869943323,44749.74892373642,0,0,0,0,0,0,0,0,0.46260757062351504,0,0,1.4
6480.0,0.6099170674364213,254.92811187913907,320.0470517799346,44624.19683785375,0,0,0,0,0,0,0,0,0.4840463956799574,0,0,1.4
6500.0,0.6084191277244742,254.8383940534334,319.99072913237586,44498.93483173969,0,0,0,0,0,0,0,0,0.5063772341988597,0,0,1.4
6520.000000000001,0.6069238901116817,254.7487626146398,319.93445081540176,44373.96257183185,0,0,0,0,0,0,0,0,0.5296310773360663,0,0,1.4
6540.0,0.6054313542051849,254.65921761875603,319.8782168876063,44249.27971981119,0,0,0,0,0,0,0,0,0.5538419386893154,0,0,1.4
6560.000000000001,0.6039415195920891,254.5697591217294,319.822027407571,44124.88593616947,0,0,0,0,0,0,0,0,0.5790445874668241,0,0,1.4
6580.0,0.6024543858595007,254.48038717950712,319.7658824338773,44000.780881398474,0,0,0,0,0,0,0,0,0.6052737928768053,0,0,1.4
6600.000000000001,0.6009699525945253,254.3911018480365,319.70978202510645,43876.964215989974,0,0,0,0,0,0,0,0,0.6325643241274759,0,0,1.4
6620.0,0.599488219364692,254.3019031832138,319.6537262398265,43753.43559929453,0,0,0,0,0,0,0,0,0.6609517647994624,0,0,1.4
6640.000000000001,0.5980091856592202,254.2127912407309,319.5977151365517,43630.194686097726,0,0,0,0,0,0,0,0,0.69047495596305,0,0,1.4
6660.0,0.5965328509477527,254.12376607622886,319.54174877378307,43507.241130043934,0,0,0,0,0,0,0,0,0.7211735530609328,0,0,1.4
6680.0,0.5950592146999316,254.03482774534848,319.48582721002117,43384.57458477755,0,0,0,0,0,0,0,0,0.7530872115358086,0,0,1.4
6700.0,0.5935882763853995,253.94597630373082,319.42995050376703,43262.19470394291,0,0,0,0,0,0,0,0,0.7862555868303751,0,0,1.4
6720.0,0.5921200354546756,253.8572118069651,319.3741187135073,43140.101140090366,0,0,0,0,0,0,0,0,0.8207191992697284,0,0,1.4
6740.0,0.5906544912817878,253.76853431043406,319.3183318976717,43018.293541394065,0,0,0,0,0,0,0,0,0.8565220287085786,0,0,1.4
6760.0,0.5891916432216413,253.6799438694689,319.26259011467624,42896.77155493412,0,0,0,0,0,0,0,0,0.8937089198840324,0,0,1.4
6780.0,0.58773149062914,253.5914405394006,319.2068934229363,42775.534827790645,0,0,0,0,0,0,0,0,0.9323247175332023,0,0,1.4
6800.0,0.5862740328591894,253.50302437556033,319.1512418808677,42654.58300704375,0,0,0,0,0,0,0,0,0.9724142663931948,0,0,1.4
6820.0,0.5848192692480225,253.414695433227,319.09563554687116,42533.91573872594,0,0,0,0,0,0,0,0,1.0140233146522573,0,0,1.4
6840.0,0.5833671990571865,253.3264537674706,319.04007447928757,42413.53266467934,0,0,0,0,0,0,0,0,1.0572012243031697,0,0,1.4
6860.0,0.5819178215295573,253.23829943330892,318.9845587364428,42293.433425698444,0,0,0,0,0,0,0,0,1.1019982607898533,0,0,1.4
6880.0,0.5804711359080105,253.15023248575986,318.9290883766628,42173.61766257778,0,0,0,0,0,0,0,0,1.1484646895562227,0,0,1.4
6900.0,0.5790271414354218,253.06225297984108,318.8736634582733,42054.08501611185,0,0,0,0,0,0,0,0,1.1966507760461995,0,0,1.4
6920.0,0.5775858373364438,252.97436097051764,318.8182840395846,41934.83512609326,0,0,0,0,0,0,0,0,1.2466077116733896,0,0,1.4
6940.0,0.5761472227628364,252.88655651254336,318.76295017884394,41815.86762830694,0,0,0,0,0,0,0,0,1.2983903917301722,0,0,1.4
6960.0,0.5747112968481366,252.7988396606192,318.70766193428244,41697.182157535986,0,0,0,0,0,0,0,0,1.352054637478611,0,0,1.4
6980.0,0.5732780587258809,252.7112104694462,318.65241936413184,41578.77834856339,0,0,0,0,0,0,0,0,1.4076562701807775,0,0,1.4
7000.0,0.5718475075296063,252.62366899372532,318.5972225266235,41460.655836172235,0,0,0,0,0,0,0,0,1.4652511110987343,0,0,1.4
7020.000000000001,0.5704196423750716,252.5362152881042,318.54207147997226,41342.814254188575,0,0,0,0,0,0,0,0,1.52489590948703,0,0,1.4
7040.0,0.5689944623069236,252.4488494070169,318.48696628232693,41225.253232610565,0,0,0,0,0,0,0,0,1.5866511265701084,0,0,1.4
7060.000000000001,0.567571966352031,252.36157140484417,318.4319069918197,41107.9724004794,0,0,0,0,0,0,0,0,1.6505781515649,0,0,1.4
7080.0,0.5661521535372627,252.2743813359667,318.376893666583,40990.971386836245,0,0,0,0,0,0,0,0,1.716738373688325,0,0,1.4
7100.000000000001,0.5647350228894872,252.18727925476517,318.32192636474895,40874.24982072229,0,0,0,0,0,0,0,0,1.7851931821573144,0,0,1.4
7120.0,0.5633205734182374,252.1002652155664,318.2670051444326,40757.80733026591,0,0,0,0,0,0,0,0,1.8560048710450274,0,0,1.4
7140.000000000001,0.5619088040637008,252.01333927248123,318.2121300636795,40641.64353994426,0,0,0,0,0,0,0,0,1.9292393538495942,0,0,1.4
7160.0,0.5604997137487291,251.92650147956667,318.1573011805181,40525.75807332171,0,0,0,0,0,0,0,0,2.0049634489253725,0,0,1.4
7180.0,0.5590933013961734,251.8397518908795,318.1025185529767,40410.15055396259,0,0,0,0,0,0,0,0,2.0832439746267295,0,0,1.4
7200.0,0.5576895659288855,251.75309056047678,318.0477822390837,40294.820605431254,0,0,0,0,0,0,0,0,2.164147749308033,0,0,1.4
7220.0,0.556288506252819,251.6665175423608,317.9930922968492,40179.76785042268,0,0,0,0,0,0,0,0,2.2477424431605617,0,0,1.4
7240.0,0.5548901212063354,251.58003289031583,317.9384487842111,40064.99190815423,0,0,0,0,0,0,0,0,2.334099133723298,0,0,1.4
7260.0,0.553494409610899,251.49363665807147,317.8838517590892,39950.492396973925,0,0,0,0,0,0,0,0,2.42328975037213,0,0,1.4
7280.0,0.5521013702879735,251.40732889935745,317.829301279403,39836.26893522972,0,0,0,0,0,0,0,0,2.5153862224829613,0,0,1.4
7300.0,0.550711002059023,251.32110966790336,317.7747974030722,39722.32114126964,0,0,0,0,0,0,0,0,2.6104604794316826,0,0,1.4
7320.0,0.549323303729048,251.23497901738384,317.7203401879976,39608.648632614924,0,0,0,0,0,0,0,0,2.708585214938348,0,0,1.4
7340.0,0.5479382740371962,251.14893700125276,317.6659296920043,39495.25102347981,0,0,0,0,0,0,0,0,2.8098361800996017,0,0,1.4
7360.0,0.5465559117061518,251.06298367290918,317.6115659728985,39382.127927251815,0,0,0,0,0,0,0,0,2.914289890356257,0,0,1.4
7380.0,0.5451762154585992,250.9771190857519,317.55724908848646,39269.27895731844,0,0,0,0,0,0,0,0,3.0220228611491082,0,0,1.4
7400.0,0.5437991840172226,250.89134329317977,317.5029790965742,39156.70372706719,0,0,0,0,0,0,0,0,3.133111607918968,0,0,1.4
7420.0,0.542424816088674,250.80565634853605,317.44875605494843,39044.40184910071,0,0,0,0,0,0,0,0,3.247633284257553,0,0,1.4
7440.0,0.5410531103154759,250.72005830494106,317.39458002131653,38932.37293288216,0,0,0,0,0,0,0,0,3.365667596360288,0,0,1.4
7460.0,0.5396840653241185,250.6345492154595,317.3404510533665,38820.61658708983,0,0,0,0,0,0,0,0,3.487294888573499,0,0,1.4
7480.0,0.5383176797410915,250.549129133156,317.28636920878614,38709.13242040206,0,0,0,0,0,0,0,0,3.6125955052435343,0,0,1.4
7500.0,0.5369539521928853,250.46379811109512,317.23233454526354,38597.92004149711,0,0,0,0,0,0,0,0,3.7416497907167185,0,0,1.4
7520.000000000001,0.5355928812903846,250.37855620228532,317.1783471204659,38486.97905830956,0,0,0,0,0,0,0,0,3.8745385589927355,0,0,1.4
7540.0,0.5342344655820527,250.29340345950973,317.1244069919785,38376.30907579893,0,0,0,0,0,0,0,0,4.011344502684585,0,0,1.4
7560.000000000001,0.5328787036007474,250.20833993549527,317.07051421736605,38265.909698180985,0,0,0,0,0,0,0,0,4.152150784058627,0,0,1.4
7580.0,0.5315255938793271,250.12336568296885,317.0166688541933,38155.78052967152,0,0,0,0,0,0,0,0,4.297040565381194,0,0,1.4
7600.000000000001,0.5301751349506493,250.03848075465734,316.9628709600248,38045.921174486306,0,0,0,0,0,0,0,0,4.446097008918649,0,0,1.4
7620.0,0.52882732533239,249.95368520323078,316.90912059240407,37936.33123613772,0,0,0,0,0,0,0,0,4.599403533089715,0,0,1.4
7640.000000000001,0.5274821634814952,249.8689790811317,316.85541780878907,37827.01031532449,0,0,0,0,0,0,0,0,4.757044580922714,0,0,1.4
7660.0,0.5261396478397293,249.78436244074575,316.8017626666163,37717.958012041956,0,0,0,0,0,0,0,0,4.919104851598329,0,0,1.4
7680.0,0.5247997768488561,249.69983533445867,316.7481552233226,37609.17392628544,0,0,0,0,0,0,0,0,5.085669044297266,0,0,1.4
7700.0,0.5234625489506395,249.61539781465603,316.6945955363445,37500.65765805027,0,0,0,0,0,0,0,0,5.25682185820023,0,0,1.4
7720.0,0.5221279625720802,249.5310499336661,316.6410836630965,37392.40880666796,0,0,0,0,0,0,0,0,5.43264798863482,0,0,1.4
7740.0,0.5207960160811247,249.44679174358726,316.5876196609043,37284.426968814696,0,0,0,0,0,0,0,0,5.613232115516316,0,0,1.4
7760.0,0.5194667078309573,249.36262329646047,316.53420358707166,37176.711740502826,0,0,0,0,0,0,0,0,5.7986589149068815,0,0,1.4
7780.0,0.5181400361747609,249.27854464432664,316.4808354989022,37069.262717744714,0,0,0,0,0,0,0,0,5.989013062868714,0,0,1.4
7800.0,0.5168159994657193,249.19455583922667,316.4275154536996,36962.079496552724,0,0,0,0,0,0,0,0,6.184379235463978,0,0,1.4
7820.0,0.5154945960426672,249.1106569331435,316.37424350874437,36855.161672314185,0,0,0,0,0,0,0,0,6.384841798378689,0,0,1.4
7840.0,0.514175824187045,249.02684797782788,316.3210197212253,36748.50883791638,0,0,0,0,0,0,0,0,6.590483875794107,0,0,1.4
7860.0,0.5128596821659436,248.94312902497256,316.267844148308,36642.12058562156,0,0,0,0,0,0,0,0,6.801388281515353,0,0,1.4
7880.0,0.5115461682464543,248.85950012627026,316.2147168471582,36535.99650769202,0,0,0,0,0,0,0,0,7.017637829347502,0,0,1.4
7900.0,0.5102352806956684,248.77596133341373,316.16163787494156,36430.136196389976,0,0,0,0,0,0,0,0,7.239315333095677,0,0,1.4
7920.0,0.5089270177667391,248.69251269803704,316.1086072888,36324.53924339075,0,0,0,0,0,0,0,0,7.466502944894506,0,0,1.4
7940.0,0.5076213776570659,248.60915427153984,316.05562514577997,36219.20523802175,0,0,0,0,0,0,0,0,7.699280170196865,0,0,1.4
7960.0,0.5063183585501109,248.5258861052632,316.0026915029043,36114.13376902342,0,0,0,0,0,0,0,0,7.937725852785147,0,0,1.4
7980.0,0.5050179586293349,248.44270825054804,315.9498064171957,36009.324425136205,0,0,0,0,0,0,0,0,8.181918836441778,0,0,1.4
8000.0,0.5037201760781996,248.35962075873547,315.896969945677,35904.776795100566,0,0,0,0,0,0,0,0,8.431937964949146,0,0,1.4
8020.0,0.5024250090666343,248.27662368110725,315.8441821453461,35800.49046710726,0,0,0,0,0,0,0,0,8.687861028094213,0,0,1.4
8040.000000000001,0.5011324557104389,248.19371706870848,315.79144307310264,35696.46502714827,0,0,0,0,0,0,0,0,8.949761599682116,0,0,1.4
8060.000000000001,0.49984251411188124,248.11090097252492,315.7387527858213,35592.70006066599,0,0,0,0,0,0,0,0,9.217712199522465,0,0,1.4
8080.0,0.4985551823732288,248.02817544354244,315.68611134037684,35489.195153102715,0,0,0,0,0,0,0,0,9.491785347424939,0,0,1.4
8100.0,0.4972704585967495,247.94554053274692,315.63351879364416,35385.94988990081,0,0,0,0,0,0,0,0,9.772053563199195,0,0,1.4
8120.000000000001,0.49598834087157995,247.86299629106438,315.5809752024725,35282.963855989416,0,0,0,0,0,0,0,0,10.058587885216502,0,0,1.4
8140.000000000001,0.49470882723433424,247.78054276918172,315.5284806236091,35180.23663424506,0,0,0,0,0,0,0,0,10.3514534260944,0,0,1.4
8160.0,0.49343191570849515,247.69818001772617,315.4760351137759,35077.76780703111,0,0,0,0,0,0,0,0,10.650713817012095,0,0,1.4
8180.0,0.4921576043175457,247.61590808732487,315.42363872969446,34975.5569567109,0,0,0,0,0,0,0,0,10.956432689148764,0,0,1.4
8200.0,0.4908858910849688,247.53372702860491,315.3712915280867,34873.60366564778,0,0,0,0,0,0,0,0,11.26867367368359,0,0,1.4
8220.0,0.48961677402151343,247.45163689213314,315.3189935656481,34771.907515727704,0,0,0,0,0,0,0,0,11.587498465984787,0,0,1.4
8240.0,0.48835025108699376,247.36963772823492,315.2667448989686,34670.46808692703,0,0,0,0,0,0,0,0,11.912961018176505,0,0,1.4
8260.0,0.4870863202284895,247.28772958717528,315.21454558461204,34569.2849587447,0,0,0,0,0,0,0,0,12.245113346571989,0,0,1.4
8280.0,0.48582497939308056,247.20591251921917,315.1623956791422,34468.357710679644,0,0,0,0,0,0,0,0,12.584007467484456,0,0,1.4
8300.0,0.4845662265278467,247.12418657463166,315.1102952391226,34367.68592223082,0,0,0,0,0,0,0,0,12.929695397227153,0,0,1.4
8320.0,0.4833100595675265,247.0425518036168,315.05824432108994,34267.26917245478,0,0,0,0,0,0,0,0,13.282226745473896,0,0,1.4
8340.0,0.48205647639749205,246.96100825613482,315.00624298147187,34167.10703863849,0,0,0,0,0,0,0,0,13.64164149534126,0,0,1.4
8360.0,0.48080547489077413,246.8795559820852,314.954291276669,34067.19909762653,0,0,0,0,0,0,0,0,14.007977223306444,0,0,1.4
8380.0,0.479557052920403,246.79819503136727,314.90238926308183,33967.54492626344,0,0,0,0,0,0,0,0,14.381271505846696,0,0,1.4
8400.0,0.4783112083594097,246.7169254538803,314.85053699711096,33868.14410139384,0,0,0,0,0,0,0,0,14.761561919439147,0,0,1.4
8420.0,0.47706793906887085,246.63574729946217,314.79873453512886,33768.99619945414,0,0,0,0,0,0,0,0,15.148883159298645,0,0,1.4
8440.0,0.47582724286204703,246.5546606177047,314.74698193339583,33670.10079524818,0,0,0,0,0,0,0,0,15.54325839559042,0,0,1.4
8460.0,0.47458911754024524,246.4736654581381,314.6952792481441,33571.457463171704,0,0,0,0,0,0,0,0,15.944707917217347,0,0,1.4
8480.0,0.4733535609047724,246.39276187029262,314.643626535606,33473.06577762043,0,0,0,0,0,0,0,0,16.35325201308219,0,0,1.4
8500.0,0.47212057075693525,246.31194990369846,314.5920238520138,33374.92531299009,0,0,0,0,0,0,0,0,16.768910972087824,0,0,1.4
8520.0,0.4708901448864694,246.23122960782385,314.54047125357084,33277.03564330174,0,0,0,0,0,0,0,0,17.191701738087023,0,0,1.4
8540.000000000002,0.46966228103682583,246.1506010318884,314.4889687963648,33179.396341077896,0,0,0,0,0,0,0,0,17.621627874732372,0,0,1.4
8560.0,0.46843697693988456,246.07006422504995,314.4375165364545,33082.00697846648,0,0,0,0,0,0,0,0,18.058689600626266,0,0,1.4
8580.0,0.4672142303275251,245.989619236466,314.3861145298988,32984.867127615355,0,0,0,0,0,0,0,0,18.50288713437123,0,0,1.4
8600.0,0.4659940389316274,245.90926611529434,314.3347628327565,32887.97636067241,0,0,0,0,0,0,0,0,18.95422069456973,0,0,1.4
8620.000000000002,0.4647764004728779,245.82900491062983,314.28346150105665,32791.33424944364,0,0,0,0,0,0,0,0,19.41268671807734,0,0,1.4
8640.0,0.4635613126271903,245.7488356713168,314.23221059070914,32694.94036436753,0,0,0,0,0,0,0,0,19.878266514761634,0,0,1.4
8660.0,0.462348773059285,245.66875844613682,314.1810101575943,32598.794275540688,0,0,0,0,0,0,0,0,20.350937612743362,0,0,1.4
8680.0,0.4611387794338824,245.5887732838714,314.12986025759216,32502.895553059698,0,0,0,0,0,0,0,0,20.830677540143217,0,0,1.4
8700.000000000002,0.45993132941570286,245.50888023330216,314.07876094658303,32407.24376702115,0,0,0,0,0,0,0,0,21.31746382508196,0,0,1.4
8720.0,0.4587264206586467,245.42907934314744,314.0277122804163,32311.838487211793,0,0,0,0,0,0,0,0,21.811269821738662,0,0,1.4
8740.0,0.4575240507733334,245.34937066187248,313.9767143148193,32216.6792821789,0,0,0,0,0,0,0,0,22.312052188526405,0,0,1.4
8760.0,0.4563242173595621,245.2697542378794,313.925767105488,32121.765720159874,0,0,0,0,0,0,0,0,22.8197634099167,0,0,1.4
8780.0,0.455126918017132,245.19023011957017,313.874870708119,32027.09736939213,0,0,0,0,0,0,0,0,23.33435597038105,0,0,1.4
8800.0,0.45393215034584256,245.11079835534693,313.8240251784086,31932.673798113075,0,0,0,0,0,0,0,0,23.85578235439101,0,0,1.4
8820.0,0.4527399119350408,245.03145899354786,313.7732305720217,31838.494574281547,0,0,0,0,0,0,0,0,24.383990542765552,0,0,1.4
8840.0,0.4515502003322655,244.95221208225576,313.72248694449706,31744.55926474203,0,0,0,0,0,0,0,0,24.918910501714088,0,0,1.4
8860.0,0.45036301307460325,244.87305766948975,313.6717943513421,31650.867436060427,0,0,0,0,0,0,0,0,25.46046769379352,0,0,1.4
8880.0,0.4491783476991404,244.79399580326884,313.621152848064,31557.418654802634,0,0,0,0,0,0,0,0,26.00858758156084,0,0,1.4
8900.0,0.4479962017429638,244.715026531612,313.5705624901702,31464.212487534558,0,0,0,0,0,0,0,0,26.563195627572863,0,0,1.4
8920.0,0.44681657273307085,244.6361499024739,313.52002333313544,31371.248500574067,0,0,0,0,0,0,0,0,27.12421254136991,0,0,1.4
8940.0,0.4456394581561031,244.55736596355155,313.46953543230535,31278.5262592469,0,0,0,0,0,0,0,0,27.69154002042566,0,0,1.4
8960.0,0.44446485548861264,244.47867476247743,313.41909884299264,31186.045328630724,0,0,0,0,0,0,0,0,28.265075009197183,0,0,1.4
8980.0,0.4432927622071522,244.4000763468841,313.36871362051056,31093.805273803246,0,0,0,0,0,0,0,0,28.8447144521414,0,0,1.4
9000.0,0.44212317578827387,244.32157076440424,313.3183798201721,31001.80565984217,0,0,0,0,0,0,0,0,29.430355293715387,0,0,1.4
9020.0,0.4409560936987991,244.24315806260535,313.26809749725686,30910.046051606958,0,0,0,0,0,0,0,0,30.02188957332047,0,0,1.4
9040.000000000002,0.43979151336662503,244.16483828879504,313.21786670691165,30818.526013084236,0,0,0,0,0,0,0,0,30.619189710135238,0,0,1.4
9060.0,0.4386294322099181,244.08661149021594,313.16768750424984,30727.245108042433,0,0,0,0,0,0,0,0,31.222123218282434,0,0,1.4
9080.0,0.43746984764684455,244.0084777141107,313.1175599443849,30636.202900249948,0,0,0,0,0,0,0,0,31.83055761188495,0,0,1.4
9100.0,0.4363127570955706,243.9304370077219,313.06748408243016,30545.3989534752,0,0,0,0,0,0,0,0,32.44436040506563,0,0,1.4
9120.000000000002,0.4351581579648843,243.85248941822667,313.01745997346495,30454.832831297485,0,0,0,0,0,0,0,0,33.06339416745853,0,0,1.4
9140.0,0.4340060476260616,243.7746349925398,312.967487672432,30364.504096539673,0,0,0,0,0,0,0,0,33.68750169074214,0,0,1.4
9160.0,0.43285642344100034,243.6968737775105,312.9175672342398,30274.412311835516,0,0,0,0,0,0,0,0,34.316520822106284,0,0,1.4
9180.0,0.43170928277159815,243.61920581998803,312.8676987137969,30184.557039818763,0,0,0,0,0,0,0,0,34.95028940874074,0,0,1.4
9200.000000000002,0.4305646229797528,243.54163116682162,312.81788216601194,30094.937843123153,0,0,0,0,0,0,0,0,35.58864529783533,0,0,1.4
9220.0,0.4294224414183319,243.4641498647944,312.7681176457583,30005.554284221733,0,0,0,0,0,0,0,0,36.23142147802349,0,0,1.4
9240.0,0.42828273540408174,243.3867619604249,312.7184052077694,29916.405924944636,0,0,0,0,0,0,0,0,36.87843150371409,0,0,1.4
9260.0,0.4271455022447185,243.3094675001655,312.66874490674365,29827.492326961277,0,0,0,0,0,0,0,0,37.529484070759686,0,0,1.4
9280.0,0.42601073924795807,243.23226653046862,312.6191367973793,29738.813051941048,0,0,0,0,0,0,0,0,38.184387875012916,0,0,1.4
9300.0,0.42487844372151656,243.1551590977866,312.56958093437476,29650.367661553366,0,0,0,0,0,0,0,0,38.84295161232638,0,0,1.4
9320.0,0.4237486129644227,243.07814524850514,312.52007737239234,29562.155717334623,0,0,0,0,0,0,0,0,39.504979340743034,0,0,1.4
9340.0,0.42262124424095415,243.0012250287431,312.470626165951,29474.17678028899,0,0,0,0,0,0,0,0,40.170256567067796,0,0,1.4
9360.0,0.42149633480670146,242.9243984845526,312.4212273695333,29386.43041128763,0,0,0,0,0,0,0,0,40.838564160295974,0,0,1.4
9380.0,0.4203738819172547,242.8476656619857,312.3718810376221,29298.916171201694,0,0,0,0,0,0,0,0,41.50968298942294,0,0,1.4
9400.0,0.41925388282820447,242.77102660709448,312.3225872247003,29211.63362090233,0,0,0,0,0,0,0,0,42.1833939234439,0,0,1.4
9420.0,0.41813633478679085,242.69448136586385,312.27334598521395,29124.582321154634,0,0,0,0,0,0,0,0,42.85947355452765,0,0,1.4
9440.0,0.4170212350068533,242.61802998400944,312.22415737346154,29037.761832299402,0,0,0,0,0,0,0,0,43.537681367536635,0,0,1.4
9460.0,0.41590858069388104,242.54167250717958,312.1750214437051,28951.17171457141,0,0,0,0,0,0,0,0,44.217772570506796,0,0,1.4
9480.0,0.41479836905336365,242.4654089810227,312.12593825020645,28864.8115282054,0,0,0,0,0,0,0,0,44.899502371473886,0,0,1.4
9500.0,0.41369059729079033,242.38923945118714,312.07690784722763,28778.68083343612,0,0,0,0,0,0,0,0,45.58262597847384,0,0,1.4
9520.0,0.4125852626036325,242.31316396325343,312.0279302889927,28692.779190418536,0,0,0,0,0,0,0,0,46.266894824738785,0,0,1.4
9540.000000000002,0.41148236215728984,242.23718256253062,311.97900562957506,28607.106158988485,0,0,0,0,0,0,0,0,46.9520452442859,0,0,1.4
9560.0,0.4103818931091445,242.16129529425987,311.9301339230103,28521.66129890201,0,0,0,0,0,0,0,0,47.637809796328405,0,0,1.4
9580.0,0.40928385261657835,242.08550220368247,311.881315223334,28436.444169915165,0,0,0,0,0,0,0,0,48.32392104007975,0,0,1.4
9600.0,0.40818823783697306,242.00980333603954,311.83254958458184,28351.45433178398,0,0,0,0,0,0,0,0,49.01011153475328,0,0,1.4
9620.000000000002,0.40709504592001977,241.93419873650387,311.7838370607508,28266.691344210318,0,0,0,0,0,0,0,0,49.696110703576224,0,0,1.4
9640.0,0.40600427398464595,241.85868844997452,311.7351777056833,28182.15476667927,0,0,0,0,0,0,0,0,50.38163542583085,0,0,1.4
9660.0,0.4049159191420884,241.78327252128204,311.68657157318347,28097.84415862174,0,0,0,0,0,0,0,0,51.06639944481343,0,0,1.4
9680.0,0.40382997850358354,241.70795099525705,311.63801871705505,28013.759079468622,0,0,0,0,0,0,0,0,51.75011650382015,0,0,1.4
9700.000000000002,0.40274644918036784,241.63272391673013,311.58951919110206,27929.899088650804,0,0,0,0,0,0,0,0,52.43250034614728,0,0,1.4
9720.0,0.40166532827630913,241.55759133046288,311.54107304908894,27846.26374556993,0,0,0,0,0,0,0,0,53.11326234519271,0,0,1.4
9740.0,0.40058661286579844,241.48255328094086,311.4926803446219,27762.852609510486,0,0,0,0,0,0,0,0,53.79210439476181,0,0,1.4
9760.0,0.39951030001585786,241.40760981258063,311.44434113126783,27679.665239727707,0,0,0,0,0,0,0,0,54.468726018761714,0,0,1.4
9780.0,0.3984363867935094,241.33276096979873,311.39605546259355,27596.701195476817,0,0,0,0,0,0,0,0,55.142826741099555,0,0,1.4
9800.0,0.397364870265775,241.25800679701175,311.3478233921659,27513.96003601305,0,0,0,0,0,0,0,0,55.81410608568251,0,0,1.4
9820.0,0.3962957474926244,241.18334733856665,311.2996449735112,27431.44132058659,0,0,0,0,0,0,0,0,56.48226208507115,0,0,1.4
9840.0,0.39522901550581674,241.10878263853212,311.25152025999415,27349.144608427458,0,0,0,0,0,0,0,0,57.146986806440374,0,0,1.4
9860.0,0.3941646713300585,241.03431274090727,311.20344930493906,27267.06945876063,0,0,0,0,0,0,0,0,57.807970825618575,0,0,1.4
9880.0,0.3931027119900564,240.95993768969115,311.15543216167015,27185.215430811088,0,0,0,0,0,0,0,0,58.46490471843421,0,0,1.4
9900.0,0.39204313451051725,240.88565752888292,311.1074688835117,27103.58208380382,0,0,0,0,0,0,0,0,59.117479060715546,0,0,1.4
9920.0,0.3909859359094062,240.81147230241146,311.05955952374654,27022.16897698234,0,0,0,0,0,0,0,0,59.765383908111914,0,0,1.4
9940.0,0.38993111317772366,240.73738205392524,311.01170413549244,26940.975669664273,0,0,0,0,0,0,0,0,60.408307235556116,0,0,1.4
9960.0,0.388878663299728,240.66338682700243,310.9639027718256,26860.001721185785,0,0,0,0,0,0,0,0,61.04593649780186,0,0,1.4
9980.0,0.38782858325967845,240.58948666522127,310.9161554858222,26779.246690883057,0,0,0,0,0,0,0,0,61.67795914960271,0,0,1.4
10000.0,0.38678087004183376,240.51568161215997,310.86846233055854,26698.710138092247,0,0,0,0,0,0,0,0,62.30406264571239,0,0,1.4
10020.0,0.38573552062401745,240.44197171132606,310.82082335906864,26618.391622190968,0,0,0,0,0,0,0,0,62.92393496008919,0,0,1.4
10040.000000000002,0.3846925319583116,240.36835700594418,310.7732386242176,26538.29070272259,0,0,0,0,0,0,0,0,63.53726614350991,0,0,1.4
10060.0,0.38365190099036345,240.29483753916833,310.72570817882803,26458.406939271965,0,0,0,0,0,0,0,0,64.14374676595583,0,0,1.4
10080.0,0.3826136246658199,240.22141335415233,310.6782320757228,26378.73989142391,0,0,0,0,0,0,0,0,64.74306739740835,0,0,1.4
10100.0,0.3815776999303279,240.14808449405027,310.63081036772485,26299.289118763245,0,0,0,0,0,0,0,0,65.33491860784885,0,0,1.4
10120.000000000002,0.38054412372339963,240.07485100194467,310.5834431076135,26220.054180938496,0,0,0,0,0,0,0,0,65.91899256584338,0,0,1.4
10140.0,0.37951289296000934,240.00171292063317,310.5361303479959,26141.034637853023,0,0,0,0,0,0,0,0,66.49498783429631,0,0,1.4
10160.0,0.37848400454899633,239.92867029284196,310.4888721414358,26062.230049473892,0,0,0,0,0,0,0,0,67.06260457469682,0,0,1.4
10180.0,0.37745745539920006,239.85572316129733,310.4416685404971,25983.639975768143,0,0,0,0,0,0,0,0,67.62154294853396,0,0,1.4
10200.000000000002,0.3764332424194598,239.78287156872548,310.39451959774345,25905.263976702838,0,0,0,0,0,0,0,0,68.17150311729694,0,0,1.4
10220.0,0.375411362512776,239.71011555778082,310.3474253656947,25827.10161233037,0,0,0,0,0,0,0,0,68.71218792934162,0,0,1.4
10240.0,0.3743918125587922,239.63745517083046,310.3003858966942,25749.152443044386,0,0,0,0,0,0,0,0,69.24331098049167,0,0,1.4
10260.0,0.3733745894313131,239.56489045016943,310.2534012430413,25671.41602932391,0,0,0,0,0,0,0,0,69.76458855343753,0,0,1.4
10280.0,0.3723596900041428,239.49242143809292,310.20647145703543,25593.891931647915,0,0,0,0,0,0,0,0,70.27573693086971,0,0,1.4
10300.0,0.3713471111510861,239.4200481768962,310.15959659097587,25516.579710495404,0,0,0,0,0,0,0,0,70.7764723954787,0,0,1.4
10320.0,0.37033684974039854,239.3477707088019,310.11277669711694,25439.47892645169,0,0,0,0,0,0,0,0,71.26651498116577,0,0,1.4
10340.0,0.36932890261813967,239.27558907574317,310.06601182753303,25362.589140527296,0,0,0,0,0,0,0,0,71.74559972667569,0,0,1.4
10360.0,0.3683232666248203,239.2035033195807,310.0193020342534,25285.909913839063,0,0,0,0,0,0,0,0,72.21346542196402,0,0,1.4
10380.0,0.3673199386009509,239.13151348217517,309.9726473693075,25209.44080750382,0,0,0,0,0,0,0,0,72.66985085698637,0,0,1.4
10400.0,0.3663189153870425,239.0596196053872,309.9260478847246,25133.181382638417,0,0,0,0,0,0,0,0,73.11449482169826,0,0,1.4
10420.0,0.36532019381834147,238.98782173100457,309.87950363248814,25057.131200486358,0,0,0,0,0,0,0,0,73.54714086434353,0,0,1.4
10440.0,0.36432377070903826,238.91611990052306,309.83301466439787,24981.28982279779,0,0,0,0,0,0,0,0,73.96755156631906,0,0,1.4
10460.0,0.3633296428680591,238.84451415536546,309.7865810322076,24905.656811449528,0,0,0,0,0,0,0,0,74.37549426730995,0,0,1.4
10480.0,0.36233780710433056,238.7730045369546,309.74020278767125,24830.231728318402,0,0,0,0,0,0,0,0,74.77073630700124,0,0,1.4
10500.0,0.36134826022677874,238.7015910867134,309.6938799825425,24755.01413528123,0,0,0,0,0,0,0,0,75.15304502507806,0,0,1.4
10520.0,0.3603609990393457,238.630273845991,309.6476126685285,24680.003594361235,0,0,0,0,0,0,0,0,75.52219343684119,0,0,1.4
10540.000000000002,0.35937602032603566,238.55905285584265,309.60140089714866,24605.19966816723,0,0,0,0,0,0,0,0,75.8779772600543,0,0,1.4
10560.0,0.3583933208658686,238.48792815724983,309.5552447198759,24530.60191945447,0,0,0,0,0,0,0,0,76.22019788809655,0,0,1.4
10580.0,0.3574128974378646,238.41689979119417,309.50914418818286,24456.209910978178,0,0,0,0,0,0,0,0,76.54865671434732,0,0,1.4
10600.0,0.3564347468210435,238.3459677986572,309.4630993535425,24382.023205493577,0,0,0,0,0,0,0,0,76.86315513218585,0,0,1.4
10620.000000000002,0.355458865789715,238.2751322205464,309.4171102673794,24308.041365921435,0,0,0,0,0,0,0,0,77.16350100788746,0,0,1.4
10640.0,0.35448525109934964,238.20439309747294,309.37117698092794,24234.263955844643,0,0,0,0,0,0,0,0,77.44952809931122,0,0,1.4
10660.0,0.3535138995007071,238.13375046997365,309.3252995453739,24160.69053901161,0,0,0,0,0,0,0,0,77.72107663721233,0,0,1.4
10680.0,0.3525448077445476,238.06320437858565,309.27947801190356,24087.320679170756,0,0,0,0,0,0,0,0,77.97798685234585,0,0,1.4
10700.000000000002,0.3515779725816312,237.99275486384582,309.2337124317031,24014.153940070493,0,0,0,0,0,0,0,0,78.22009897546693,0,0,1.4
10720.0,0.35061339075827724,237.92240196621648,309.18800285590993,23941.1898856433,0,0,0,0,0,0,0,0,78.4472603606316,0,0,1.4
10740.0,0.34965105900304183,237.85214572586136,309.1423493354666,23868.428080557886,0,0,0,0,0,0,0,0,78.65934685509978,0,0,1.4
10760.0,0.3486909740400404,237.78198618286936,309.0967519212672,23795.868089667005,0,0,0,0,0,0,0,0,78.85624142943225,0,0,1.4
10780.0,0.3477331325933882,237.71192337732955,309.0512106642054,23723.509477823423,0,0,0,0,0,0,0,0,79.03782705418988,0,0,1.4
10800.0,0.34677753138720047,237.6419573493309,309.00572561517555,23651.3518098799,0,0,0,0,0,0,0,0,79.20398669993345,0,0,1.4
10820.0,0.34582416714141606,237.5720881388872,308.9602968250217,23579.3946508912,0,0,0,0,0,0,0,0,79.35461094185362,0,0,1.4
10840.0,0.3448730365592662,237.50231578571132,308.9149243443896,23507.63756672005,0,0,0,0,0,0,0,0,79.48962077366028,0,0,1.4
10860.0,0.3439241363398055,237.43264032944097,308.8696082238756,23436.080123431162,0,0,0,0,0,0,0,0,79.60894479369323,0,0,1.4
10880.0,0.34297746318208827,237.36306180971383,308.82434851407584,23364.721887089254,0,0,0,0,0,0,0,0,79.71251160029216,0,0,1.4
10900.0,0.34203301378516954,237.29358026616754,308.7791452655864,23293.56242375906,0,0,0,0,0,0,0,0,79.80024979179682,0,0,1.4
10920.0,0.3410907848441857,237.22419573836405,308.733998528953,23222.601299724636,0,0,0,0,0,0,0,0,79.87209586682857,0,0,1.4
10940.0,0.3401507730386011,237.1549082655621,308.68890835451896,23151.838082147417,0,0,0,0,0,0,0,0,79.9280179251353,0,0,1.4
10960.0,0.33921297504396236,237.08571788694474,308.64387479257715,23081.27233840819,0,0,0,0,0,0,0,0,79.96799196674645,0,0,1.4
10980.0,0.3382773875358164,237.01662464169496,308.59889789342026,23010.903635887735,0,0,0,0,0,0,0,0,79.99199399169153,0,0,1.4
11000.0,0.33734400718970936,236.94762856899575,308.55397770734135,22940.731541966838,0,0,0,0,0,0,0,0,80.0,0,0,1.4
11020.0,0.3364128306775237,236.87872970795382,308.5091142845816,22870.755624262394,0,0,0,0,0,0,0,0,79.99199399169153,0,0,1.4
11040.000000000002,0.33548385465648395,236.8099280973705,308.4643076751763,22800.975451335788,0,0,0,0,0,0,0,0,79.96799196674645,0,0,1.4
11060.0,0.33455707578015065,236.74122377597072,308.4195579291095,22731.39059198452,0,0,0,0,0,0,0,0,79.9280179251353,0,0,1.4
11080.0,0.333632490702084,236.67261678247957,308.3748650963648,22662.000615006087,0,0,0,0,0,0,0,0,79.87209586682857,0,0,1.4
11100.0,0.3327100960758443,236.604107155622,308.33022922692635,22592.805089197987,0,0,0,0,0,0,0,0,79.80024979179682,0,0,1.4
11120.000000000002,0.331789888551576,236.53569493404612,308.2856503707254,22523.803583610043,0,0,0,0,0,0,0,0,79.71251160029213,0,0,1.4
11140.0,0.33087186476576025,236.46738015609247,308.24112857748383,22454.995668301417,0,0,0,0,0,0,0,0,79.60894479369323,0,0,1.4
11160.0,0.32995602135146196,236.3991628600248,308.19666389687086,22386.38091358358,0,0,0,0,0,0,0,0,79.48962077366029,0,0,1.4
11180.0,0.3290423549417462,236.33104308410674,308.1522563785559,22317.958889768015,0,0,0,0,0,0,0,0,79.35461094185362,0,0,1.4
11200.000000000002,0.3281308621696779,236.2630208666019,308.10790607220815,22249.729167166184,0,0,0,0,0,0,0,0,79.20398669993344,0,0,1.4
11220.0,0.32722153966514994,236.1950962456966,308.06361302744364,22181.69131635757,0,0,0,0,0,0,0,0,79.03782705418988,0,0,1.4
11240.0,0.3263143840453646,236.12726925926725,308.01937729366495,22113.84490899355,0,0,0,0,0,0,0,0,78.85624142943225,0,0,1.4
11260.0,0.3254093919243519,236.05953994511287,307.9751989202211,22046.189516993498,0,0,0,0,0,0,0,0,78.65934685509977,0,0,1.4
11280.0,0.3245065599161421,235.99190834103248,307.93107795646137,21978.724712276777,0,0,0,0,0,0,0,0,78.4472603606316,0,0,1.4
11300.0,0.32360588463476486,235.92437448482505,307.88701445173473,21911.450066762758,0,0,0,0,0,0,0,0,78.2200989754669,0,0,1.4
11320.0,0.3227073626913164,235.85693841421164,307.8430084553362,21844.36515265391,0,0,0,0,0,0,0,0,77.97798685234584,0,0,1.4
11340.0,0.32181099068515523,235.78960016660128,307.7990600163434,21777.469543285035,0,0,0,0,0,0,0,0,77.72107663721232,0,0,1.4
11360.0,0.32091676521270646,235.72235977932505,307.7551691837797,21710.762812274028,0,0,0,0,0,0,0,0,77.44952809931124,0,0,1.4
11380.0,0.3200246828703945,235.655217289714,307.7113360066684,21644.244533238772,0,0,0,0,0,0,0,0,77.16350100788743,0,0,1.4
11400.0,0.31913474025464433,235.58817273509914,307.667560534033,21577.914279797173,0,0,0,0,0,0,0,0,76.86315513218585,0,0,1.4
11420.0,0.3182469339591795,235.52122615273305,307.62384281484157,21511.771625864778,0,0,0,0,0,0,0,0,76.54865671434732,0,0,1.4
11440.0,0.31736126056692,235.45437757955398,307.5801828978414,21445.81614654774,0,0,0,0,0,0,0,0,76.22019788809655,0,0,1.4
11460.0,0.3164777166580845,235.38762705242186,307.53658083172434,21380.047417249858,0,0,0,0,0,0,0,0,75.87797726005428,0,0,1.4
11480.0,0.315596298812892,235.32097460819634,307.49303666518244,21314.465013374964,0,0,0,0,0,0,0,0,75.52219343684119,0,0,1.4
11500.0,0.3147170036115612,235.25442028373723,307.44955044690766,21249.06851032685,0,0,0,0,0,0,0,0,75.15304502507806,0,0,1.4
11520.0,0.3138398276318382,235.18796411582525,307.4061222255358,21183.85748382103,0,0,0,0,0,0,0,0,74.77073630700124,0,0,1.4
11540.000000000002,0.312964767441578,235.1216061409247,307.36275204947805,21118.831510819728,0,0,0,0,0,0,0,0,74.37549426730992,0,0,1.4
11560.0,0.3120918196061629,235.05534639542088,307.31943996708924,21053.990168596916,0,0,0,0,0,0,0,0,73.96755156631906,0,0,1.4
11580.0,0.311220980690975,234.98918491569898,307.2761860267243,20989.33303442652,0,0,0,0,0,0,0,0,73.54714086434353,0,0,1.4
11600.0,0.3103522472613966,234.92312173814423,307.2329902767383,20924.85968558247,0,0,0,0,0,0,0,0,73.11449482169826,0,0,1.4
11620.000000000002,0.30948561588056017,234.85715689906223,307.189852765429,20860.569699663916,0,0,0,0,0,0,0,0,72.66985085698633,0,0,1.4
11640.0,0.30862108310260045,234.79129043444007,307.14677354086587,20796.462655570816,0,0,0,0,0,0,0,0,72.21346542196402,0,0,1.4
11660.0,0.3077586454794023,234.72552238018514,307.1037526510612,20732.538132528334,0,0,0,0,0,0,0,0,71.74559972667569,0,0,1.4
11680.0,0.3068982995628506,234.65985277220477,307.0607901440273,20668.795709761624,0,0,0,0,0,0,0,0,71.26651498116578,0,0,1.4
11700.000000000002,0.30604004190483036,234.59428164640647,307.0178860677764,20605.234966495842,0,0,0,0,0,0,0,0,70.77647239547866,0,0,1.4
11720.0,0.30518386905519523,234.5288090386174,306.9750404702628,20541.855482294362,0,0,0,0,0,0,0,0,70.2757369308697,0,0,1.4
11740.0,0.3043297775556739,234.46343498434408,306.93225339920855,20478.656838073366,0,0,0,0,0,0,0,0,69.76458855343753,0,0,1.4
11760.0,0.30347776394596354,234.39815951901275,306.88952490227774,20415.63861508725,0,0,0,0,0,0,0,0,69.24331098049167,0,0,1.4
11780.0,0.3026278247657615,234.33298267804983,306.8468550271343,20352.80039459041,0,0,0,0,0,0,0,0,68.71218792934164,0,0,1.4
11800.0,0.3017799565547649,234.26790449688147,306.80424382144224,20290.14175783723,0,0,0,0,0,0,0,0,68.1715031172969,0,0,1.4
11820.0,0.3009341558508534,234.20292501085333,306.76169133280666,20227.662286432827,0,0,0,0,0,0,0,0,67.62154294853397,0,0,1.4
11840.0,0.3000904191846348,234.13804425498805,306.71919760859663,20165.361563385126,0,0,0,0,0,0,0,0,67.06260457469682,0,0,1.4
11860.0,0.2992487430848986,234.07326226422757,306.67676269612224,20103.239172052752,0,0,0,0,0,0,0,0,66.49498783429632,0,0,1.4
11880.0,0.2984091240804349,234.0085790735138,306.63438664269347,20041.294695794342,0,0,0,0,0,0,0,0,65.91899256584335,0,0,1.4
11900.0,0.29757155870003354,233.9439947177887,306.5920694956207,19979.527717968536,0,0,0,0,0,0,0,0,65.33491860784886,0,0,1.4
11920.0,0.29673604347087496,233.87950923191295,306.54981130215396,19917.93782229668,0,0,0,0,0,0,0,0,64.74306739740835,0,0,1.4
11940.0,0.2959025749137017,233.81512265042213,306.50761210930364,19856.524593950984,0,0,0,0,0,0,0,0,64.14374676595584,0,0,1.4
11960.0,0.2950711495476472,233.75083500777055,306.4654719640205,19795.287618466344,0,0,0,0,0,0,0,0,63.53726614350986,0,0,1.4
11980.0,0.29424176389184475,233.68664633841254,306.42339091325493,19734.22648137769,0,0,0,0,0,0,0,0,62.9239349600892,0,0,1.4
12000.0,0.29341441446542754,233.62255667680247,306.3813690039576,19673.34076821993,0,0,0,0,0,0,0,0,62.30406264571239,0,0,1.4
12020.0,0.29258909778612324,233.55856605731282,306.3394062830182,19612.630064902216,0,0,0,0,0,0,0,0,61.677959149602714,0,0,1.4
12040.000000000002,0.29176581036603616,233.49467451398885,306.297502797083,19552.093958830632,0,0,0,0,0,0,0,0,61.045936497801804,0,0,1.4
12060.0,0.29094454871586506,233.43088208079413,306.25565859273735,19491.73203778553,0,0,0,0,0,0,0,0,60.408307235556116,0,0,1.4
12080.0,0.29012530934630865,233.36718879169203,306.21387371656664,19431.543889547218,0,0,0,0,0,0,0,0,59.76538390811193,0,0,1.4
12100.0,0.2893080887680655,233.30359468064609,306.17214821515626,19371.52910189604,0,0,0,0,0,0,0,0,59.11747906071555,0,0,1.4
12120.000000000002,0.28849288349062746,233.24009978153742,306.13048213502987,19311.687262997602,0,0,0,0,0,0,0,0,58.464904718434155,0,0,1.4
12140.0,0.28767969001865884,233.17670412791776,306.0888755224637,19252.01796255866,0,0,0,0,0,0,0,0,57.80797082561858,0,0,1.4
12160.0,0.28686850485561666,233.11340775325644,306.04732842367247,19192.52079067123,0,0,0,0,0,0,0,0,57.146986806440374,0,0,1.4
12180.0,0.2860593245049583,233.05021069102298,306.00584088487085,19133.19533742735,0,0,0,0,0,0,0,0,56.48226208507114,0,0,1.4
12200.000000000002,0.2852521454701409,232.98711297468668,305.96441295227316,19074.041192919038,0,0,0,0,0,0,0,0,55.81410608568245,0,0,1.4
12220.0,0.2844469642536091,232.9241146376341,305.9230446720315,19015.05794763419,0,0,0,0,0,0,0,0,55.14282674109955,0,0,1.4
12240.0,0.2836437773537561,232.8612157129202,305.88173609004656,18956.24519364417,0,0,0,0,0,0,0,0,54.46872601876171,0,0,1.4
12260.0,0.2828425812679626,232.7984162335171,305.84048725215666,18897.602523416168,0,0,0,0,0,0,0,0,53.7921043947618,0,0,1.4
12280.000000000002,0.2820433724936089,232.73571623239695,305.7992982041999,18839.12952941741,0,0,0,0,0,0,0,0,53.113262345192645,0,0,1.4
12300.0,0.28124614752807586,232.67311574253176,305.7581689920145,18780.825804115113,0,0,0,0,0,0,0,0,52.432500346147215,0,0,1.4
12320.0,0.28045090286792057,232.61061479681032,305.71709966137485,18722.69094038248,0,0,0,0,0,0,0,0,51.75011650382015,0,0,1.4
12340.0,0.2796576350064067,232.5482134277876,305.6760902578008,18664.72453271666,0,0,0,0,0,0,0,0,51.06639944481343,0,0,1.4
12360.0,0.2788663404359747,232.48591166793526,305.63514082674845,18606.926176020796,0,0,0,0,0,0,0,0,50.381635425830844,0,0,1.4
12380.0,0.27807701564906484,232.4237095497248,305.594251413674,18549.295465198033,0,0,0,0,0,0,0,0,49.69611070357616,0,0,1.4
12400.0,0.2772896571381177,232.36160710562794,305.5534220640334,18491.831995151515,0,0,0,0,0,0,0,0,49.01011153475327,0,0,1.4
12420.0,0.27650426139493495,232.29960436803228,305.51265282321816,18434.53536120005,0,0,0,0,0,0,0,0,48.323921040079746,0,0,1.4
12440.0,0.27572082490876393,232.23770136898972,305.4719437363615,18377.4051603251,0,0,0,0,0,0,0,0,47.637809796328405,0,0,1.4
12460.0,0.2749393441682135,232.17589814046815,305.43129484853165,18320.440989923794,0,0,0,0,0,0,0,0,46.952045244285834,0,0,1.4
12480.0,0.2741598156618924,232.11419471443554,305.3907062047973,18263.64244739326,0,0,0,0,0,0,0,0,46.266894824738785,0,0,1.4
12500.0,0.2733822358784095,232.05259112285978,305.35017785022666,18207.00913013063,0,0,0,0,0,0,0,0,45.58262597847384,0,0,1.4
12520.0,0.2726066013059151,231.99108739762434,305.30970982982274,18150.540635957932,0,0,0,0,0,0,0,0,44.899502371473886,0,0,1.4
12540.000000000002,0.2718329084307258,231.9296835702747,305.2693021883263,18094.236564396793,0,0,0,0,0,0,0,0,44.21777257050673,0,0,1.4
12560.0,0.27106115373869977,231.868379672272,305.2289549704124,18038.09651539376,0,0,0,0,0,0,0,0,43.537681367536635,0,0,1.4
12580.0,0.27029133371569536,231.8071757350772,305.18866822075637,17982.120088895364,0,0,0,0,0,0,0,0,42.859473554527646,0,0,1.4
12600.0,0.2695234448475706,231.7460717901514,305.1484419840332,17926.306884848145,0,0,0,0,0,0,0,0,42.1833939234439,0,0,1.4
12620.000000000002,0.2687574836199009,231.68506786887068,305.10827630485153,17870.656503632337,0,0,0,0,0,0,0,0,41.50968298942288,0,0,1.4
12640.0,0.2679934465171303,231.624164002271,305.06817122755433,17815.168547363028,0,0,0,0,0,0,0,0,40.83856416029597,0,0,1.4
12660.0,0.26723133002341987,231.56336022130336,305.0281267964177,17759.842618588995,0,0,0,0,0,0,0,0,40.170256567067796,0,0,1.4
12680.0,0.26647113062293093,231.50265655691888,304.98814305571807,17704.67831985902,0,0,0,0,0,0,0,0,39.504979340743034,0,0,1.4
12700.000000000002,0.2657128447998245,231.44205304006852,304.9482200497316,17649.675253721893,0,0,0,0,0,0,0,0,38.84295161232632,0,0,1.4
12720.0,0.26495646903815007,231.38154970161776,304.9083578226672,17594.833023168492,0,0,0,0,0,0,0,0,38.1843878750129,0,0,1.4
12740.0,0.2642019998215102,231.32114657209,304.86855641846415,17540.15123295807,0,0,0,0,0,0,0,0,37.529484070759686,0,0,1.4
12760.0,0.2634494336333957,231.26084368192303,304.82881588099417,17485.62948829198,0,0,0,0,0,0,0,0,36.87843150371409,0,0,1.4
12780.000000000002,0.2626987669572972,231.2006410615547,304.7891362541291,17431.267394371564,0,0,0,0,0,0,0,0,36.231421478023435,0,0,1.4
12800.0,0.26194999627670557,231.1405387414229,304.74951758174075,17377.06455639818,0,0,0,0,0,0,0,0,35.58864529783527,0,0,1.4
12820.0,0.2612031180751664,231.08053675187935,304.70995990763254,17323.020580023247,0,0,0,0,0,0,0,0,34.950289408740744,0,0,1.4
12840.0,0.26045812883644515,231.02063512293157,304.6704632753346,17269.13507269845,0,0,0,0,0,0,0,0,34.3165208221063,0,0,1.4
12860.0,0.2597150250443617,230.9608338845011,304.63102772830865,17215.407642325546,0,0,0,0,0,0,0,0,33.68750169074214,0,0,1.4
12880.0,0.2589738031827364,230.9011330665095,304.59165331001634,17161.83789680628,0,0,0,0,0,0,0,0,33.06339416745847,0,0,1.4
12900.0,0.25823445973538944,230.84153269887818,304.55234006391953,17108.425444042423,0,0,0,0,0,0,0,0,32.44436040506563,0,0,1.4
12920.0,0.25749699118635816,230.7820328114421,304.51308803341055,17055.169892393358,0,0,0,0,0,0,0,0,31.830557611884952,0,0,1.4
12940.0,0.2567613940205483,230.72263343368988,304.4738972616049,17002.07085204904,0,0,0,0,0,0,0,0,31.222123218282434,0,0,1.4
12960.0,0.25602766472308297,230.66333459502357,304.43476779154855,16949.127933657048,0,0,0,0,0,0,0,0,30.61918971013519,0,0,1.4
12980.0,0.25529579977908506,230.6041363248452,304.3956996662876,16896.340747864968,0,0,0,0,0,0,0,0,30.021889573320472,0,0,1.4
13000.0,0.2545657956736778,230.5450386525568,304.3566929288682,16843.708905320393,0,0,0,0,0,0,0,0,29.430355293715387,0,0,1.4
13020.0,0.25383764889235905,230.4860416074733,304.31774762226615,16791.232017135713,0,0,0,0,0,0,0,0,28.8447144521414,0,0,1.4
13040.000000000002,0.2531113559221269,230.42714521856135,304.2788637891766,16738.909696282582,0,0,0,0,0,0,0,0,28.26507500919713,0,0,1.4
13060.0,0.2523869132503545,230.36834951470036,304.24004147222433,16686.741556197478,0,0,0,0,0,0,0,0,27.691540020425656,0,0,1.4
13080.0,0.2516643173644151,230.3096545247698,304.2012807140343,16634.72721031687,0,0,0,0,0,0,0,0,27.124212541369907,0,0,1.4
13100.0,0.2509435647516816,230.25106027764912,304.16258155723136,16582.86627207722,0,0,0,0,0,0,0,0,26.563195627572863,0,0,1.4
13120.000000000002,0.25022465190005583,230.19256680213022,304.12394404436924,16531.158355386604,0,0,0,0,0,0,0,0,26.008587581560786,0,0,1.4
13140.0,0.24950757529955397,230.1341741266545,304.0853682177172,16479.60307603951,0,0,0,0,0,0,0,0,25.460467693793518,0,0,1.4
13160.0,0.24879233144072063,230.07588227957575,304.0468541194733,16428.200050302043,0,0,0,0,0,0,0,0,24.918910501714084,0,0,1.4
13180.0,0.2480789168141006,230.01769128924778,304.0084017918357,16376.948894440278,0,0,0,0,0,0,0,0,24.383990542765552,0,0,1.4
13200.000000000002,0.24736732791023858,229.9596011840243,303.9700112770024,16325.849224720318,0,0,0,0,0,0,0,0,23.855782354390964,0,0,1.4
13220.0,0.2466575612203573,229.90161199217107,303.9316826170995,16274.900657886275,0,0,0,0,0,0,0,0,23.334355970381054,0,0,1.4
13240.0,0.24594961323839123,229.84372374160122,303.89341585396494,16224.102812594321,0,0,0,0,0,0,0,0,22.819763409916703,0,0,1.4
13260.0,0.24524348045895264,229.78593646013977,303.8552110293643,16173.455307978656,0,0,0,0,0,0,0,0,22.3120521885264,0,0,1.4
13280.000000000002,0.24453915937665385,229.72825017561175,303.81706818506353,16122.957763173466,0,0,0,0,0,0,0,0,21.81126982173861,0,0,1.4
13300.0,0.24383664648610737,229.67066491584222,303.77898736282833,16072.609797312958,0,0,0,0,0,0,0,0,21.31746382508191,0,0,1.4
13320.0,0.24313593828274857,229.61318070856757,303.74096860435156,16022.411030015382,0,0,0,0,0,0,0,0,20.830677540143213,0,0,1.4
13340.0,0.2424370312653053,229.55579758116963,303.70301195103417,15972.361082835238,0,0,0,0,0,0,0,0,20.350937612743355,0,0,1.4
13360.0,0.24173992193332838,229.49851556094157,303.6651174442041,15922.459577811082,0,0,0,0,0,0,0,0,19.878266514761634,0,0,1.4
13380.0,0.2410446067863687,229.4413346751766,303.6272851251892,15872.70613698148,0,0,0,0,0,0,0,0,19.4126867180773,0,0,1.4
13400.0,0.24035108232397712,229.38425495116795,303.5895150353175,15823.100382384997,0,0,0,0,0,0,0,0,18.95422069456973,0,0,1.4
13420.0,0.23965934504666866,229.3272764161196,303.5518072158431,15773.641936549933,0,0,0,0,0,0,0,0,18.50288713437123,0,0,1.4
13440.0,0.2389693914588147,229.27039909687903,303.51416170772427,15724.330423963576,0,0,0,0,0,0,0,0,18.058689600626266,0,0,1.4
13460.0,0.2382812180657505,229.21362302020455,303.4765785518459,15675.165469602962,0,0,0,0,0,0,0,0,17.621627874732333,0,0,1.4
13480.0,0.23759482137281182,229.15694821285447,303.4390577890924,15626.146698445125,0,0,0,0,0,0,0,0,17.191701738087026,0,0,1.4
13500.0,0.23691019788533388,229.10037470158707,303.4015994603484,15577.273735467097,0,0,0,0,0,0,0,0,16.768910972087824,0,0,1.4
13520.0,0.23622734410975327,229.043902513071,303.3642036064237,15528.54620614099,0,0,0,0,0,0,0,0,16.353252013082187,0,0,1.4
13540.000000000002,0.23554625655691044,228.98753167361627,303.32687026782884,15479.96373791922,0,0,0,0,0,0,0,0,15.94470791721731,0,0,1.4
13560.0,0.23486693173874718,228.9312622094433,303.2895994849995,15431.525958749302,0,0,0,0,0,0,0,0,15.54325839559042,0,0,1.4
13580.0,0.23418936616720504,228.87509414677237,303.25239129837155,15383.232496578725,0,0,0,0,0,0,0,0,15.148883159298643,0,0,1.4
13600.0,0.23351355635422558,228.8190275118239,303.2152457483806,15335.082979354996,0,0,0,0,0,0,0,0,14.761561919439146,0,0,1.4
13620.000000000002,0.23283949881298432,228.763062330728,303.17816287538676,15287.077035525675,0,0,0,0,0,0,0,0,14.381271505846662,0,0,1.4
13640.0,0.2321671900615927,228.70719862925432,303.1411427194471,15239.214295538613,0,0,0,0,0,0,0,0,14.007977223306446,0,0,1.4
13660.0,0.23149662661939582,228.65143643308218,303.1041853205431,15191.494390341708,0,0,0,0,0,0,0,0,13.64164149534126,0,0,1.4
13680.0,0.23082780500573882,228.59577576789107,303.06729071865607,15143.916950882864,0,0,0,0,0,0,0,0,13.282226745473897,0,0,1.4
13700.000000000002,0.23016072173996693,228.5402166593603,303.0304589537675,15096.481608109985,0,0,0,0,0,0,0,0,12.929695397227123,0,0,1.4
13720.0,0.22949537334278833,228.48475913307865,302.99369006578223,15049.187993475707,0,0,0,0,0,0,0,0,12.584007467484456,0,0,1.4
13740.0,0.22883175634036246,228.42940321427218,302.9569840942983,15002.035740451533,0,0,0,0,0,0,0,0,12.245113346571989,0,0,1.4
13760.0,0.22816986726021188,228.37414892807627,302.92034107883757,14955.024483013707,0,0,0,0,0,0,0,0,11.912961018176503,0,0,1.4
13780.000000000002,0.22750970262985887,228.31899629962635,302.88376105892155,14908.153855138455,0,0,0,0,0,0,0,0,11.587498465984753,0,0,1.4
13800.0,0.22685125897682606,228.26394535405785,302.84724407407185,14861.423490802024,0,0,0,0,0,0,0,0,11.268673673683587,0,0,1.4
13820.0,0.22619453283012372,228.208996116415,302.8107901637326,14814.833024489699,0,0,0,0,0,0,0,0,10.95643268914876,0,0,1.4
13840.0,0.22553952072471378,228.15414861137737,302.77439936703763,14768.382092722963,0,0,0,0,0,0,0,0,10.650713817012091,0,0,1.4
13860.0,0.2248862191970461,228.09940286353338,302.73807172304333,14722.070332532345,0,0,0,0,0,0,0,0,10.351453426094398,0,0,1.4
13880.0,0.22423462478357042,228.04475889747152,302.7018072708062,14675.897380948376,0,0,0,0,0,0,0,0,10.058587885216475,0,0,1.4
13900.0,0.22358473402073678,227.99021673778012,302.6656060493826,14629.862875001601,0,0,0,0,0,0,0,0,9.772053563199195,0,0,1.4
13920.0,0.22293654344660402,227.935776408956,302.6294680977504,14583.966452235605,0,0,0,0,0,0,0,0,9.491785347424939,0,0,1.4
13940.0,0.2222900496056673,227.88143793512927,302.59339345457374,14538.207752246213,0,0,0,0,0,0,0,0,9.217712199522465,0,0,1.4
13960.0,0.22164524904403093,227.8272013403384,302.55738215843843,14492.586415142316,0,0,0,0,0,0,0,0,8.949761599682093,0,0,1.4
13980.0,0.22100213830779933,227.77306664862186,302.5214342479303,14447.102081032795,0,0,0,0,0,0,0,0,8.687861028094213,0,0,1.4
14000.0,0.2203607139430767,227.7190338840181,302.4855497616349,14401.754390026543,0,0,0,0,0,0,0,0,8.431937964949146,0,0,1.4
14020.0,0.21972097249769382,227.66510307047344,302.4497287380587,14356.542982749195,0,0,0,0,0,0,0,0,8.18191883644178,0,0,1.4
14040.000000000002,0.21908291052638723,227.61127423156552,302.4139712153907,14311.467501893418,0,0,0,0,0,0,0,0,7.937725852785136,0,0,1.4
14060.0,0.21844652458562008,227.55754739077992,302.3782772317406,14266.527590668653,0,0,0,0,0,0,0,0,7.6992801701968565,0,0,1.4
14080.0,0.21781181123185533,227.50392257160212,302.3426468252181,14221.722892284324,0,0,0,0,0,0,0,0,7.466502944894507,0,0,1.4
14100.0,0.21717876702155609,227.45039979751763,302.3070800339327,14177.05304994986,0,0,0,0,0,0,0,0,7.2393153330956785,0,0,1.4
14120.000000000002,0.21654738851302538,227.39697909191935,302.27157689591405,14132.51770739483,0,0,0,0,0,0,0,0,7.017637829347494,0,0,1.4
14140.0,0.2159176722719269,227.34366047782956,302.2361374488706,14088.116510429452,0,0,0,0,0,0,0,0,6.801388281515344,0,0,1.4
14160.0,0.21528961486576423,227.29044397817785,302.20076173043043,14043.849105384064,0,0,0,0,0,0,0,0,6.590483875794108,0,0,1.4
14180.0,0.214663212862041,227.23732961589397,302.16544977822207,13999.715138589014,0,0,0,0,0,0,0,0,6.384841798378688,0,0,1.4
14200.000000000002,0.21403846282826078,227.18431741390748,302.1302016298735,13955.714256374642,0,0,0,0,0,0,0,0,6.184379235463968,0,0,1.4
14220.0,0.2134153613338774,227.1314073950549,302.09501732293205,13911.846105594566,0,0,0,0,0,0,0,0,5.989013062868706,0,0,1.4
14240.0,0.21279390495614475,227.07859958180023,302.0598968946201,13868.110335195399,0,0,0,0,0,0,0,0,5.798658914906881,0,0,1.4
14260.0,0.21217409027426687,227.0258939965142,302.0248403820794,13824.506594647013,0,0,0,0,0,0,0,0,5.613232115516315,0,0,1.4
14280.000000000002,0.21155591386744774,226.9732906615677,301.98984782245117,13781.034533419283,0,0,0,0,0,0,0,0,5.432647988634812,0,0,1.4
14300.0,0.2109393723148914,226.9207895993315,301.9549192528769,13737.693800982084,0,0,0,0,0,0,0,0,5.256821858200223,0,0,1.4
14320.0,0.21032446219785828,226.8683908320828,301.9200547104161,13694.484047331358,0,0,0,0,0,0,0,0,5.0856690442972665,0,0,1.4
14340.0,0.2097111801058344,226.81609438172427,301.8852542318001,13651.404924567321,0,0,0,0,0,0,0,0,4.9191048515983296,0,0,1.4
14360.0,0.2090995226303622,226.76390027006505,301.8505178536784,13608.45608531626,0,0,0,0,0,0,0,0,4.757044580922715,0,0,1.4
14380.0,0.20848948636298403,226.71180851891413,301.8158456127001,13565.637182204451,0,0,0,0,0,0,0,0,4.599403533089709,0,0,1.4
14400.0,0.20788106789524244,226.65981915008064,301.7812375455148,13522.947867858189,0,0,0,0,0,0,0,0,4.446097008918643,0,0,1.4
14420.0,0.207274263820839,226.60793218527954,301.74669368868877,13480.387795432356,0,0,0,0,0,0,0,0,4.297040565381194,0,0,1.4
14440.0,0.20666907074211205,226.5561476458493,301.71221407845695,13437.956620196255,0,0,0,0,0,0,0,0,4.152150784058626,0,0,1.4
14460.0,0.20606548526355906,226.50446555303444,301.6777987509712,13395.653997947784,0,0,0,0,0,0,0,0,4.011344502684579,0,0,1.4
14480.0,0.2054635039896777,226.45288592807938,301.6434477423835,13353.47958448486,0,0,0,0,0,0,0,0,3.8745385589927297,0,0,1.4
14500.0,0.20486312352496538,226.40140879222852,301.60916108884595,13311.433035605378,0,0,0,0,0,0,0,0,3.7416497907167185,0,0,1.4
14520.0,0.20426434047617817,226.35003416663173,301.57493882642655,13269.514007638116,0,0,0,0,0,0,0,0,3.6125955052435343,0,0,1.4
14540.000000000002,0.20366715145910572,226.29876207206044,301.5407809908583,13227.722159035293,0,0,0,0,0,0,0,0,3.4872948885734942,0,0,1.4
14560.0,0.20307155309179648,226.24759252919162,301.5066876177906,13186.057148780032,0,0,0,0,0,0,0,0,3.365667596360283,0,0,1.4
14580.0,0.20247754199229856,226.19652555870215,301.4726587428727,13144.518635855417,0,0,0,0,0,0,0,0,3.247633284257554,0,0,1.4
14600.0,0.20188511477866034,226.14556118126887,301.43869440175365,13103.106279244557,0,0,0,0,0,0,0,0,3.1331116079189685,0,0,1.4
14620.000000000002,0.20129426807128414,226.09469941747363,301.4047946299982,13061.819738463413,0,0,0,0,0,0,0,0,3.022022861149103,0,0,1.4
14640.0,0.20070499849998985,226.043940287518,301.37095946283245,13020.658675159413,0,0,0,0,0,0,0,0,2.9142898903562524,0,0,1.4
14660.0,0.2001173026969513,225.99328381150852,301.3371889353975,12979.622751512848,0,0,0,0,0,0,0,0,2.809836180099601,0,0,1.4
14680.0,0.1995311772943425,225.94273000955164,301.3034830828348,12938.711629704008,0,0,0,0,0,0,0,0,2.708585214938347,0,0,1.4
14700.000000000002,0.19894661892433724,225.8922789017539,301.2698419402857,12897.924971913177,0,0,0,0,0,0,0,0,2.6104604794316772,0,0,1.4
14720.0,0.19836362422155634,225.84193050812624,301.23626554280594,12857.262440855257,0,0,0,0,0,0,0,0,2.515386222482957,0,0,1.4
14740.0,0.19778218983040732,225.79168484829745,301.2027539251093,12816.723701383571,0,0,0,0,0,0,0,0,2.4232897503721293,0,0,1.4
14760.0,0.19720231239774438,225.74154194180076,301.16930712182386,12776.308418886048,0,0,0,0,0,0,0,0,2.3340991337232975,0,0,1.4
14780.000000000002,0.19662398857042182,225.69150180816942,301.13592516757774,12736.01625875061,0,0,0,0,0,0,0,0,2.2477424431605586,0,0,1.4
14800.0,0.19604721499529396,225.64156446693673,301.1026080969994,12695.846886365196,0,0,0,0,0,0,0,0,2.16414774930803,0,0,1.4
14820.0,0.1954719883217508,225.59172993753987,301.06935594463033,12655.799967653827,0,0,0,0,0,0,0,0,2.0832439746267304,0,0,1.4
14840.0,0.1948983052093259,225.54199823903198,301.03616874466695,12615.875170684925,0,0,0,0,0,0,0,0,2.0049634489253734,0,0,1.4
14860.0,0.19432616232008829,225.4923693903703,301.00304653121907,12576.072164063007,0,0,0,0,0,0,0,0,1.9292393538495944,0,0,1.4
14880.0,0.19375555631610727,225.44284341051198,300.9699893383965,12536.390616392591,0,0,0,0,0,0,0,0,1.8560048710450245,0,0,1.4
14900.0,0.19318648385945217,225.3934203184142,300.93699720030907,12496.830196278202,0,0,0,0,0,0,0,0,1.7851931821573115,0,0,1.4
14920.0,0.19261894161481377,225.3441001329376,300.90407015097946,12457.390572861703,0,0,0,0,0,0,0,0,1.716738373688325,0,0,1.4
14940.0,0.19205292625736967,225.29488287255697,300.8712082240813,12418.071417434352,0,0,0,0,0,0,0,0,1.6505781515649,0,0,1.4
14960.0,0.19148843446491912,225.24576855565053,300.8384114532008,12378.872401824749,0,0,0,0,0,0,0,0,1.5866511265701053,0,0,1.4
14980.0,0.19092546291526133,225.19675720059658,300.8056798719245,12339.79319786151,0,0,0,0,0,0,0,0,1.5248959094870274,0,0,1.4
15000.0,0.19036400828619554,225.14784882577337,300.77301351383863,12300.833477373235,0,0,0,0,0,0,0,0,1.4652511110987343,0,0,1.4
15020.0,0.18980406725822527,225.0990434494622,300.74041241244146,12261.99291272689,0,0,0,0,0,0,0,0,1.4076562701807775,0,0,1.4
15040.000000000002,0.18924563652267115,225.05034108955655,300.70787660087893,12223.271178442887,0,0,0,0,0,0,0,0,1.3520546374786087,0,0,1.4
15060.0,0.18868871277355817,225.00174176385312,300.67540611220875,12184.667949580005,0,0,0,0,0,0,0,0,1.2983903917301702,0,0,1.4
15080.0,0.1881332927049113,224.9532454901483,300.6430009794887,12146.182901197015,0,0,0,0,0,0,0,0,1.2466077116733894,0,0,1.4
15100.0,0.1875793730107555,224.90485228623876,300.6106612357765,12107.815708352695,0,0,0,0,0,0,0,0,1.1966507760461997,0,0,1.4
15120.000000000002,0.18702695038789932,224.8565621698237,300.5783869140409,12069.566046644957,0,0,0,0,0,0,0,0,1.1484646895562207,0,0,1.4
15140.0,0.18647602154428675,224.8083751582125,300.546178046895,12031.43359382832,0,0,0,0,0,0,0,0,1.1019982607898513,0,0,1.4
15160.0,0.18592658319064512,224.76029126861732,300.51403466686287,11993.418028196438,0,0,0,0,0,0,0,0,1.0572012243031699,0,0,1.4
15180.0,0.18537863203770202,224.7123105182502,300.48195680646853,11955.519028042967,0,0,0,0,0,0,0,0,1.0140233146522575,0,0,1.4
15200.000000000002,0.1848321647961849,224.66443292432334,300.44994449823605,11917.736271661559,0,0,0,0,0,0,0,0,0.9724142663931932,0,0,1.4
15220.0,0.1842871781796815,224.61665850395084,300.4179977745997,11880.069437885586,0,0,0,0,0,0,0,0,0.9323247175332009,0,0,1.4
15240.0,0.1837436689132198,224.56898727385547,300.3861166676346,11842.518207707255,0,0,0,0,0,0,0,0,0.8937089198840327,0,0,1.4
15260.0,0.18320163372468815,224.52141925066206,300.3543012093261,11805.08226265848,0,0,0,0,0,0,0,0,0.8565220287085789,0,0,1.4
15280.000000000002,0.18266106934197474,224.47395445099548,300.3225514316594,11767.761284271179,0,0,0,0,0,0,0,0,0.820719199269727,0,0,1.4
15300.0,0.18212197249296788,224.42659289148057,300.29086736661986,11730.554954077272,0,0,0,0,0,0,0,0,0.7862555868303738,0,0,1.4
15320.0,0.1815843399084893,224.37933458864384,300.25924904610224,11693.462954148734,0,0,0,0,0,0,0,0,0.7530872115358087,0,0,1.4
15340.0,0.18104816833109438,224.33217955861855,300.2276965016387,11656.484968717776,0,0,0,0,0,0,0,0,0.721173553060933,0,0,1.4
15360.0,0.18051345450627232,224.28512781743947,300.19620976467075,11619.620682556671,0,0,0,0,0,0,0,0,0.6904749559630502,0,0,1.4
15380.0,0.17998019517951191,224.23817938114152,300.16478886664004,11582.869780437688,0,0,0,0,0,0,0,0,0.6609517647994612,0,0,1.4
15400.0,0.17944838709630237,224.1913342657596,300.133433838988,11546.231947133103,0,0,0,0,0,0,0,0,0.6325643241274748,0,0,1.4
15420.0,0.1789180270051364,224.14459248722974,300.1021447130649,11509.706867955383,0,0,0,0,0,0,0,0,0.6052737928768053,0,0,1.4
15440.0,0.17838911166652202,224.09795406109288,300.0709215198547,11473.294230377795,0,0,0,0,0,0,0,0,0.5790445874668241,0,0,1.4
15460.0,0.17786163784397102,224.05141900279125,300.03976429025056,11436.993722413801,0,0,0,0,0,0,0,0,0.5538419386893144,0,0,1.4
15480.0,0.17733560230099527,224.0049873277669,300.00867305514504,11400.80503207687,0,0,0,0,0,0,0,0,0.5296310773360652,0,0,1.4
15500.0,0.17681100180110657,223.95865905146215,299.97764784543114,11364.727847380465,0,0,0,0,0,0,0,0,0.5063772341988597,0,0,1.4
15520.0,0.17628783311088794,223.9124341892198,299.9466886919093,11328.761856878193,0,0,0,0,0,0,0,0,0.48404639567995733,0,0,1.4
15540.000000000002,0.17576609300920729,223.86631275598586,299.91579562501096,11292.906751284192,0,0,0,0,0,0,0,0,0.462607570623514,0,0,1.4
15560.0,0.17524577827800386,223.8202947666072,299.88496867507524,11257.16222185277,0,0,0,0,0,0,0,0,0.4420305234841658,0,0,1.4
15580.0,0.17472688569921682,223.77438023593038,299.85420787244124,11221.527959838202,0,0,0,0,0,0,0,0,0.4222850187165432,0,0,1.4
15600.0,0.1742094120547853,223.72856917880225,299.8235132474482,11186.00365649478,0,0,0,0,0,0,0,0,0.40334082077527855,0,0,1.4
15620.000000000002,0.17369335412978418,223.6828616099699,299.79288483034213,11150.589003616671,0,0,0,0,0,0,0,0,0.38516838593124497,0,0,1.4
15640.0,0.17317870872183166,223.63725754378163,299.76232265099657,11115.283695157575,0,0,0,0,0,0,0,0,0.3677409377202908,0,0,1.4
15660.0,0.17266547263168153,223.59175699448616,299.73182673919223,11080.087425611051,0,0,0,0,0,0,0,0,0.35103239149450205,0,0,1.4
15680.0,0.1721536426600876,223.54635997633216,299.70139712470956,11044.999889470673,0,0,0,0,0,0,0,0,0.3350166626059663,0,0,1.4
15700.000000000002,0.17164321560780366,223.5010665035682,299.6710338373292,11010.020781230009,0,0,0,0,0,0,0,0,0.3196676664067698,0,0,1.4
15720.0,0.17113418827878119,223.4558765903429,299.64073690673774,10975.149795922065,0,0,0,0,0,0,0,0,0.30495994396741555,0,0,1.4
15740.0,0.17062655748976155,223.41079025040426,299.6105063622464,10940.386630737581,0,0,0,0,0,0,0,0,0.29087053923205325,0,0,1.4
15760.0,0.17012032006068367,223.3658074974002,299.5803422330719,10905.730983406724,0,0,0,0,0,0,0,0,0.27737712186324676,0,0,1.4
15780.000000000002,0.16961547281148645,223.32092834497857,299.5502445484317,10871.182551659665,0,0,0,0,0,0,0,0,0.26445736152355853,0,0,1.4
15800.0,0.16911201256210892,223.27615280678728,299.52021333754277,10836.741033226579,0,0,0,0,0,0,0,0,0.25208892787555487,0,0,1.4
15820.0,0.1686099361357465,223.23148089637368,299.4902486295275,10802.406126376442,0,0,0,0,0,0,0,0,0.2402500501391536,0,0,1.4
15840.0,0.1681092403686206,223.18691262688282,299.46035045312965,10768.177531533447,0,0,0,0,0,0,0,0,0.22892119576369516,0,0,1.4
15860.000000000002,0.16760992210020917,223.14244801135916,299.43051883699786,10734.05494966059,0,0,0,0,0,0,0,0,0.2180833917558746,0,0,1.4
15880.0,0.16711197816999024,223.09808706284727,299.40075380978095,10700.038081720879,0,0,0,0,0,0,0,0,0.20771766512238968,0,0,1.4
15900.0,0.16661540541744174,223.0538297943916,299.37105540012806,10666.126628677306,0,0,0,0,0,0,0,0,0.1978050428699352,0,0,1.4
15920.0,0.16612020068535444,223.00967621893562,299.34142363659237,10632.320292030872,0,0,0,0,0,0,0,0,0.188327047111933,0,0,1.4
15940.0,0.16562636082977017,222.96562634901886,299.3118585473452,10598.618775434565,0,0,0,0,0,0,0,0,0.1792671803887086,0,0,1.4
15960.0,0.1651338827100436,222.92168019707975,299.2823601604624,10565.021783079372,0,0,0,0,0,0,0,0,0.17060944034731282,0,0,1.4
15980.0,0.16464276318552948,222.87783777555677,299.25292850401985,10531.529019156284,0,0,0,0,0,0,0,0,0.1623378246347986,0,0,1.4
16000.0,0.1641529991155824,222.83409909688834,299.2235636060933,10498.140187856285,0,0,0,0,0,0,0,0,0.15443633089821673,0,0,1.4
16020.0,0.16366458736292352,222.79046417341152,299.1942654946623,10464.854993907386,0,0,0,0,0,0,0,0,0.14688939049378102,0,0,1.4
16040.0,0.16317752480373957,222.7469330170576,299.1650341973213,10431.673144185681,0,0,0,0,0,0,0,0,0.13968316961435473,0,0,1.4
16059.999999999998,0.16269180831758376,222.70350563965636,299.1358697415682,10398.594346104284,0,0,0,0,0,0,0,0,0.13280426816196347,0,0,1.4
16080.000000000002,0.16220743478400926,222.6601820530376,299.1067721549012,10365.618307076305,0,0,0,0,0,0,0,0,0.12623928603863166,0,0,1.4
16100.000000000002,0.16172440108256947,222.6169622690312,299.07774146481836,10332.74473451487,0,0,0,0,0,0,0,0,0.11997482314638722,0,0,1.4
16120.000000000002,0.161242704096235,222.57384629936516,299.0487776987206,10299.973336368967,0,0,0,0,0,0,0,0,0.11399785570877469,0,0,1.4
16140.0,0.1607623407216464,222.53083415535983,299.0198808836207,10267.303822731104,0,0,0,0,0,0,0,0,0.10829686523542019,0,0,1.4
16160.0,0.16028330785886177,222.48792584823394,298.9910510464342,10234.735904229674,0,0,0,0,0,0,0,0,0.10286070955747,0,0,1.4
16180.0,0.1598056024079392,222.445121389206,298.96228821407675,10202.26929149306,0,0,0,0,0,0,0,0,0.09767824650607033,0,0,1.4
16200.0,0.15932922126893673,222.40242078949467,298.93359241346394,10169.903695149656,0,0,0,0,0,0,0,0,0.09273833391236748,0,0,1.4
16219.999999999998,0.15885416134537844,222.35982406021623,298.90496367141355,10137.638826362425,0,0,0,0,0,0,0,0,0.08803015317310922,0,0,1.4
16240.000000000002,0.15838041955465215,222.31733121207782,298.87640201435187,10105.474398432636,0,0,0,0,0,0,0,0,0.08354417994744882,0,0,1.4
16260.000000000002,0.1579079928176122,222.2749422556842,298.8479074686076,10073.410125196157,0,0,0,0,0,0,0,0,0.0792712134601434,0,0,1.4
16280.000000000002,0.15743687805511225,222.23265720164025,298.81948006050914,10041.44572048883,0,0,0,0,0,0,0,0,0.07520205293594776,0,0,1.4
16300.0,0.15696707218800646,222.1904760605508,298.791119816385,10009.580898146509,0,0,0,0,0,0,0,0,0.07132749759961744,0,0,1.4
16320.0,0.1564985721406608,222.1483988429179,298.7628267624651,9977.815372538169,0,0,0,0,0,0,0,0,0.06763862245685298,0,0,1.4
16340.0,0.15603137485148924,222.1064255588328,298.7346009245851,9946.148860165278,0,0,0,0,0,0,0,0,0.06412760563713472,0,0,1.4
16360.0,0.15556547726241804,222.06455621828397,298.70644232848156,9914.581078062418,0,0,0,0,0,0,0,0,0.06078690105088799,0,0,1.4
16379.999999999998,0.15510087631537325,222.02279083125984,298.67835099989145,9883.111743264182,0,0,0,0,0,0,0,0,0.05760896260853811,0,0,1.4
16400.0,0.15463756895228095,221.981129407749,298.6503269645516,9851.740572805149,0,0,0,0,0,0,0,0,0.05458624422051036,0,0,1.4
16420.0,0.15417555211862288,221.93957195763667,298.6223702480994,9820.467284251425,0,0,0,0,0,0,0,0,0.051711432874127966,0,0,1.4
16440.0,0.15371482277410337,221.89811849039575,298.594480875775,9789.2915972952,0,0,0,0,0,0,0,0,0.04897814786430915,0,0,1.4
16460.0,0.15325537788198224,221.8567690153958,298.5666588727189,9758.213232160171,0,0,0,0,0,0,0,0,0.046380241562869004,0,0,1.4
16480.0,0.15279721440551927,221.81552354200653,298.5389042640717,9727.23190907004,0,0,0,0,0,0,0,0,0.04391156634162311,0,0,1.4
16500.0,0.15234032930797445,221.7743820795975,298.51121707497407,9696.347348248508,0,0,0,0,0,0,0,0,0.041565974572387074,0,0,1.4
16520.0,0.15188471955620442,221.7333446374348,298.4835973304665,9665.559270449048,0,0,0,0,0,0,0,0,0.03933751400883654,0,0,1.4
16540.0,0.15143038213145327,221.69241122437035,298.45604505518895,9634.867398544227,0,0,0,0,0,0,0,0,0.03722101393208734,0,0,1.4
16560.0,0.1509773140185621,221.65158184915236,298.4285602736814,9604.271455936387,0,0,0,0,0,0,0,0,0.03521149900511534,0,0,1.4
16580.000000000004,0.15052551220237176,221.6108565205291,298.4011430104837,9573.771166027853,0,0,0,0,0,0,0,0,0.03330399389089608,0,0,1.4
16600.0,0.15007497366772346,221.57023524724883,298.3737932901356,9543.36625222098,0,0,0,0,0,0,0,0,0.03149352325240612,0,0,1.4
16620.0,0.1496256954030938,221.52971803795592,298.3465111370763,9513.056438445992,0,0,0,0,0,0,0,0,0.029775274240808263,0,0,1.4
16640.0,0.1491776744115027,221.48930490087872,298.31929657534135,9482.841450744678,0,0,0,0,0,0,0,0,0.02814508396001482,0,0,1.4
16660.0,0.14873090769960573,221.44899584414173,298.29214962886545,9452.721015686711,0,0,0,0,0,0,0,0,0.02659895200212538,0,0,1.4
16680.0,0.1482853922740585,221.40879087586939,298.2650703215833,9422.694859841777,0,0,0,0,0,0,0,0,0.02513287795923954,0,0,1.4
16700.0,0.1478411251415166,221.3686900041861,298.23805867742965,9392.762709779548,0,0,0,0,0,0,0,0,0.0237428614234569,0,0,1.4
16720.0,0.14739810331230804,221.328693237112,298.21111472023756,9362.924292595582,0,0,0,0,0,0,0,0,0.022425036078708518,0,0,1.4
16740.000000000004,0.14695632381145038,221.28880058224954,298.184238473434,9333.179337488917,0,0,0,0,0,0,0,0,0.021176071976251126,0,0,1.4
16760.0,0.14651578366763382,221.24901204709693,298.15742996034373,9303.52757418449,0,0,0,0,0,0,0,0,0.01999277325917359,0,0,1.4
16780.0,0.1460764799095483,221.20932763915232,298.1306892042923,9273.96873240722,0,0,0,0,0,0,0,0,0.018871944070564105,0,0,1.4
16800.0,0.14563840956588386,221.16974736591388,298.1040162286047,9244.502541882028,0,0,0,0,0,0,0,0,0.017810388553511088,0,0,1.4
16820.0,0.14520156966903736,221.13027123477494,298.07741105650376,9215.12873285757,0,0,0,0,0,0,0,0,0.016805020677334113,0,0,1.4
16840.0,0.14476595726623306,221.09089925270973,298.05087371080305,9185.847037677428,0,0,0,0,0,0,0,0,0.015853193716277383,0,0,1.4
16860.0,0.14433156940840186,221.05163142658765,298.0244042142138,9156.657189208918,0,0,0,0,0,0,0,0,0.014952370770816261,0,0,1.4
16880.0,0.14389840314647495,221.01246776327818,297.9980025894474,9127.558920319349,0,0,0,0,0,0,0,0,0.0141000149414261,0,0,1.4
16900.0,0.14346645553138324,220.97340826965066,297.97166885921496,9098.551963876042,0,0,0,0,0,0,0,0,0.013293589328582257,0,0,1.4
16920.0,0.14303572361779673,220.9344529524694,297.94540304612474,9069.636053267766,0,0,0,0,0,0,0,0,0.012530646323141877,0,0,1.4
16940.0,0.14260620447534217,220.8956018180778,297.9192051723728,9040.810923969186,0,0,0,0,0,0,0,0,0.011809095477490147,0,0,1.4
16960.0,0.1421778951773849,220.85685487271417,297.8930752600523,9012.076311976409,0,0,0,0,0,0,0,0,0.011126935634393764,0,0,1.4
16980.0,0.14175079279729058,220.8182121226168,297.86701333125615,8983.431953285557,0,0,0,0,0,0,0,0,0.010482165636619559,0,0,1.4
17000.0,0.1413248944084247,220.77967357402397,297.84101940807756,8954.877583892743,0,0,0,0,0,0,0,0,0.009872784326934364,0,0,1.4
17020.0,0.140900197087922,220.74123923306837,297.81509351250577,8926.412940313174,0,0,0,0,0,0,0,0,0.009296862619403403,0,0,1.4
17040.0,0.14047669792799428,220.7029091054603,297.78923566611513,8898.037761138388,0,0,0,0,0,0,0,0,0.008752759713285452,0,0,1.4
17060.0,0.14005439402462236,220.66468319680453,297.7634458903764,8869.751785479019,0,0,0,0,0,0,0,0,0.008238906879137678,0,0,1.4
17080.000000000004,0.13963328247378717,220.62656151270582,297.73772420676005,8841.55475244569,0,0,0,0,0,0,0,0,0.007753735387517168,0,0,1.4
17100.0,0.13921336037146975,220.58854405876886,297.71207063673677,8813.446401149042,0,0,0,0,0,0,0,0,0.007295676508981257,0,0,1.4
17120.0,0.13879462481744828,220.55063084049246,297.6864852016727,8785.426471216291,0,0,0,0,0,0,0,0,0.006863219275384263,0,0,1.4
17140.0,0.13837707292669021,220.51282186295143,297.6609679225166,8757.494704341021,0,0,0,0,0,0,0,0,0.006455083763769538,0,0,1.4
17160.0,0.13796070181796027,220.4751171311146,297.63551882011205,8729.650842733414,0,0,0,0,0,0,0,0,0.006070047812477677,0,0,1.4
17180.0,0.13754550861002326,220.43751664995077,297.61013791530337,8701.894628603644,0,0,0,0,0,0,0,0,0.005706889259849266,0,0,1.4
17200.0,0.1371314904216439,220.40002042442885,297.58482522893456,8674.225804161892,0,0,0,0,0,0,0,0,0.005364385944224899,0,0,1.4
17220.0,0.13671864437541037,220.36262845941127,297.55958078174444,8646.64411213232,0,0,0,0,0,0,0,0,0.005041361674612464,0,0,1.4
17240.000000000004,0.1363069676092041,220.32534075933492,297.53440459405147,8619.149297295055,0,0,0,0,0,0,0,0,0.004736824142688992,0,0,1.4
17260.0,0.13589645726473026,220.28815732853047,297.509296686069,8591.741104944218,0,0,0,0,0,0,0,0,0.004449827010798968,0,0,1.4
17280.0,0.13548711048369375,220.25107817132846,297.48425707801016,8564.419280373924,0,0,0,0,0,0,0,0,0.004179423941286712,0,0,1.4
17300.0,0.13507892440779953,220.21410329205952,297.4592857900885,8537.183568878288,0,0,0,0,0,0,0,0,0.003924668596496604,0,0,1.4
17320.0,0.13467189618260003,220.1772326949474,297.4343828424113,8510.03371626271,0,0,0,0,0,0,0,0,0.003684650975140217,0,0,1.4
17340.0,0.13426602296903745,220.14046638378892,297.409548254663,8482.969470377726,0,0,0,0,0,0,0,0,0.003458606421397902,0,0,1.4
17360.0,0.13386130193190152,220.10380436227405,297.38478204642206,8455.990579585168,0,0,0,0,0,0,0,0,0.0032458066158172027,0,0,1.4
17380.0,0.13345773023598206,220.06724663409284,297.3600842372671,8429.096792246857,0,0,0,0,0,0,0,0,0.0030455232389456632,0,0,1.4
17400.000000000004,0.1330553050460686,220.03079320293523,297.3354548467764,8402.287856724612,0,0,0,0,0,0,0,0,0.0028570279713307964,0,0,1.4
17420.0,0.13265402353082067,219.99444407238414,297.3108938944222,8375.563521888747,0,0,0,0,0,0,0,0,0.002679621020932542,0,0,1.4
17440.0,0.13225388287437612,219.95819924559376,297.2864013992505,8348.923538643492,0,0,0,0,0,0,0,0,0.002512716705360052,0,0,1.4
17460.0,0.13185488026474243,219.92205872561132,297.2619773802012,8322.36765840156,0,0,0,0,0,0,0,0,0.002355757869634843,0,0,1.4
17480.0,0.13145701288992717,219.88602251548383,297.23762185621393,8295.89563257566,0,0,0,0,0,0,0,0,0.0022081873587784305,0,0,1.4
17500.0,0.13106027793793787,219.85009061825852,297.2133348462284,8269.50721257851,0,0,0,0,0,0,0,0,0.0020694480178123295,0,0,1.4
17520.0,0.130664672600672,219.8142630368749,297.18911636907717,8243.202150328407,0,0,0,0,0,0,0,0,0.001939004939353511,0,0,1.4
17540.0,0.13027019408558677,219.77853977384254,297.16496644316436,8216.980199765976,0,0,0,0,0,0,0,0,0.0018164122064007623,0,0,1.4
17560.0,0.12987683960402938,219.7429208315633,297.140885086787,8190.841115337442,0,0,0,0,0,0,0,0,0.0017012461495483256,0,0,1.4
17580.000000000004,0.12948460636734696,219.70740621243925,297.1168723182419,8164.784651489011,0,0,0,0,0,0,0,0,0.0015930830993904246,0,0,1.4
17600.0,0.12909349158688674,219.6719959188723,297.0929281558262,8138.81056266691,0,0,0,0,0,0,0,0,0.0014914993865213402,0,0,1.4
17620.0,0.12870349247790433,219.63668995315655,297.0690526177289,8112.918603819948,0,0,0,0,0,0,0,0,0.0013960885776741836,0,0,1.4
17640.0,0.12831460627128896,219.60148831715438,297.0452457217084,8087.108531907317,0,0,0,0,0,0,0,0,0.0013065131841376437,0,0,1.4
17660.0,0.12792683020183826,219.56639101262041,297.02150748541465,8061.380104390817,0,0,0,0,0,0,0,0,0.0012224529533392992,0,0,1.4
17680.0,0.12754016150435007,219.53139804130916,296.99783792649833,8035.733078732237,0,0,0,0,0,0,0,0,0.0011435876327067272,0,0,1.4
17700.0,0.12715459741362198,219.4965094049752,296.9742370626096,8010.1672123933695,0,0,0,0,0,0,0,0,0.0010695969696675061,0,0,1.4
17720.0,0.1267701351683768,219.4617251052648,296.95070491129036,7984.682263335531,0,0,0,0,0,0,0,0,0.0010001739784612897,0,0,1.4
17740.000000000004,0.12638677202303783,219.42704514339113,296.927241489649,7959.277991518127,0,0,0,0,0,0,0,0,0.0009350647405760228,0,0,1.4
17760.0,0.12600450523595363,219.3924695204591,296.90384681468544,7933.954157400096,0,0,0,0,0,0,0,0,0.0008740286043117601,0,0,1.4
17780.0,0.12562333206547263,219.35799823757364,296.8805209033994,7908.710521440365,0,0,0,0,0,0,0,0,0.000816824917968521,0,0,1.4
17800.0,0.1252432497699432,219.3236312958396,296.8572637727909,7883.546844097866,0,0,0,0,0,0,0,0,0.0007632130298463371,0,0,1.4
17820.0,0.12486425561165392,219.2893686962533,296.8340754397507,7858.462886327897,0,0,0,0,0,0,0,0,0.0007129624342193517,0,0,1.4
17840.0,0.12448634686865377,219.2552104393764,296.8109559207335,7833.4584110712285,0,0,0,0,0,0,0,0,0.0006658832092581542,0,0,1.4
17860.0,0.12410952082293172,219.22115652566197,296.787905232085,7808.533181765001,0,0,0,0,0,0,0,0,0.0006217955791074461,0,0,1.4
17880.0,0.12373377475647686,219.18720695556306,296.76492339015084,7783.686961846353,0,0,0,0,0,0,0,0,0.0005805197679119285,0,0,1.4
17900.000000000004,0.12335910595127811,219.1533617295327,296.7420104112767,7758.919514752421,0,0,0,0,0,0,0,0,0.0005418759998162961,0,0,1.4
17920.0,0.12298551169327804,219.11962084791494,296.7191663116986,7734.230604413485,0,0,0,0,0,0,0,0,0.0005056922088890177,0,0,1.4
17940.0,0.12261298928423257,219.08598431061785,296.6963911072138,7709.6199967323555,0,0,0,0,0,0,0,0,0.0004718271688935565,0,0,1.4
17960.0,0.12224153602985102,219.05245211744042,296.67368481351025,7685.087458104988,0,0,0,0,0,0,0,0,0.00044014736351713707,0,0,1.4
17980.0,0.1218711492358428,219.01902426818162,296.6510474462755,7660.632754927332,0,0,0,0,0,0,0,0,0.0004105192764469837,0,0,1.4
18000.0,0.1215018262079172,218.98570076264053,296.62847902119745,7636.255653595336,0,0,0,0,0,0,0,0,0.0003828093913703207,0,0,1.4
18020.0,0.12113356425574862,218.95248160050673,296.6059795538535,7611.955920994784,0,0,0,0,0,0,0,0,0.00035689001383872325,0,0,1.4
18040.0,0.12076636070487157,218.9193667810325,296.5835490593801,7587.733325970768,0,0,0,0,0,0,0,0,0.00033265673686116905,0,0,1.4
18060.0,0.12040021288478561,218.88635630336057,296.5611875528035,7563.587637858218,0,0,0,0,0,0,0,0,0.00031001097531098697,0,0,1.4
18080.000000000004,0.12003511812499022,218.85345016663373,296.53889504914974,7539.518625992052,0,0,0,0,0,0,0,0,0.00028885414406150183,0,0,1.4
18100.0,0.11967107375498508,218.82064836999493,296.51667156344513,7515.526059707205,0,0,0,0,0,0,0,0,0.00026908765798604986,0,0,1.4
18120.0,0.11930807710824474,218.78795091247716,296.49451711060493,7491.60970882505,0,0,0,0,0,0,0,0,0.00025061730067967616,0,0,1.4
18140.0,0.1189461255341442,218.75535779267463,296.4724317051012,7467.7693451127725,0,0,0,0,0,0,0,0,0.0002333663306243115,0,0,1.4
18160.0,0.11858521638603348,218.72286900907187,296.4504153612948,7444.004740824016,0,0,0,0,0,0,0,0,0.0002172623750236069,0,0,1.4
18180.0,0.11822534701726262,218.69048456015335,296.4284680935469,7420.315668212422,0,0,0,0,0,0,0,0,0.00020223306108121348,0,0,1.4
18200.0,0.11786651478118168,218.6582044444035,296.40658991621854,7396.701899531632,0,0,0,0,0,0,0,0,0.00018820601600078236,0,0,1.4
18220.0,0.11750871703512429,218.6260286601968,296.3847808435593,7373.163207518296,0,0,0,0,0,0,0,0,0.0001751121249773234,0,0,1.4
18240.000000000004,0.11715195115235834,218.5939572054673,296.36304088937317,7349.699366841098,0,0,0,0,0,0,0,0,0.00016289530517127953,0,0,1.4
18260.0,0.11679621451013543,218.5619900780391,296.34137006735244,7326.3101526517485,0,0,0,0,0,0,0,0,0.0001515027317344588,0,0,1.4
18280.0,0.11644150448570709,218.53012727573625,296.3197683911897,7302.995340101943,0,0,0,0,0,0,0,0,0.00014088157981866276,0,0,1.4
18300.0,0.11608781845632478,218.49836879638272,296.2982358745772,7279.754704343385,0,0,0,0,0,0,0,0,0.0001309790245756952,0,0,1.4
18320.0,0.11573515380323064,218.4667146376922,296.27677253109545,7256.588021007277,0,0,0,0,0,0,0,0,0.0001217446558960272,0,0,1.4
18340.0,0.11538350792362898,218.43516479693656,296.25537837387685,7233.495067642848,0,0,0,0,0,0,0,0,0.00011313772262479945,0,0,1.4
18360.0,0.11503287821871475,218.40371927127737,296.23405341594173,7210.475622278818,0,0,0,0,0,0,0,0,0.00010511988834581994,0,0,1.4
18380.0,0.11468326208968285,218.37237805787612,296.21279767031047,7187.529462943921,0,0,0,0,0,0,0,0,9.765281664289668e-05,0,0,1.4
18400.000000000004,0.11433465693772815,218.34114115389428,296.19161115000327,7164.65636766688,0,0,0,0,0,0,0,0,9.069817109983649e-05,0,0,1.4
18420.0,0.11398706016804178,218.31000855638266,296.1704938679281,7141.856114952372,0,0,0,0,0,0,0,0,8.421939413285504e-05,0,0,1.4
18440.0,0.11364046920179902,218.27898026194882,296.1494458365424,7119.128485208822,0,0,0,0,0,0,0,0,7.818704348778507e-05,0,0,1.4
18460.0,0.11329488146417124,218.2480562670898,296.128467068191,7096.473259320599,0,0,0,0,0,0,0,0,7.257345574286575e-05,0,0,1.4
18480.0,0.11295029438032994,218.21723656830244,296.10755757521906,7073.890218172071,0,0,0,0,0,0,0,0,6.73509674763363e-05,0,0,1.4
18500.0,0.1126067053754465,218.18652116208366,296.0867173699712,7051.379142647612,0,0,0,0,0,0,0,0,6.249191526643593e-05,0,0,1.4
18520.0,0.11226411187869254,218.1559100448193,296.06594646467937,7028.939814103907,0,0,0,0,0,0,0,0,5.796993814834465e-05,0,0,1.4
18540.0,0.11192251133524034,218.1254032124507,296.04524487112286,7006.572015786928,0,0,0,0,0,0,0,0,5.376388498500578e-05,0,0,1.4
18560.0,0.11158190119426241,218.09500066080818,296.0246126009678,6984.275531414962,0,0,0,0,0,0,0,0,4.98539070963035e-05,0,0,1.4
18580.000000000004,0.11124227890493109,218.06470238572203,296.0040496658804,6962.050144706296,0,0,0,0,0,0,0,0,4.6220155802121294e-05,0,0,1.4
18600.0,0.11090364191641906,218.03450838302254,295.9835560775268,6939.895639379229,0,0,0,0,0,0,0,0,4.284278242234464e-05,0,0,1.4
18620.0,0.11056598768190158,218.00441864842855,295.9631318474596,6917.811799620692,0,0,0,0,0,0,0,0,3.9702886199210444e-05,0,0,1.4
18640.0,0.11022931367056552,217.97443317721314,295.9427769867765,6895.798411492211,0,0,0,0,0,0,0,0,3.678535806437008e-05,0,0,1.4
18660.0,0.10989361735560066,217.94455196453796,295.9224915064618,6873.855261523964,0,0,0,0,0,0,0,0,3.407603687182836e-05,0,0,1.4
18680.0,0.10955889621019674,217.91477500556462,295.9022754174997,6851.982136246122,0,0,0,0,0,0,0,0,3.156076147559011e-05,0,0,1.4
18700.0,0.10922514770754353,217.8851022954548,295.8821287308744,6830.178822188858,0,0,0,0,0,0,0,0,2.9225370729660145e-05,0,0,1.4
18720.0,0.10889236932483502,217.85553382925835,295.86205145745583,6808.445106347274,0,0,0,0,0,0,0,0,2.7056389260039725e-05,0,0,1.4
18740.000000000004,0.10856055855528214,217.82606960157804,295.84204360765733,6786.780777576169,0,0,0,0,0,0,0,0,2.504308478071563e-05,0,0,1.4
18760.0,0.10822971289610021,217.79670960690487,295.8221051917779,6765.185625195278,0,0,0,0,0,0,0,0,2.3175410777672146e-05,0,0,1.4
18780.0,0.10789982984450436,217.7674538397299,295.8022362201165,6743.65943852433,0,0,0,0,0,0,0,0,2.144332073689247e-05,0,0,1.4
18800.0,0.10757090689770982,217.73830229454416,295.78243670297235,6722.202006883049,0,0,0,0,0,0,0,0,1.9836768144360183e-05,0,0,1.4
18820.0,0.10724294155693607,217.7092549657265,295.76270665052965,6700.813120052325,0,0,0,0,0,0,0,0,1.8346199659740977e-05,0,0,1.4
18840.0,0.10691593133941982,217.68031184720746,295.7430460725141,6679.492569657674,0,0,0,0,0,0,0,0,1.6964034637429042e-05,0,0,1.4
18860.0,0.10658987376640204,217.65147293280543,295.7234549785363,6658.240147785778,0,0,0,0,0,0,0,0,1.568318560550069e-05,0,0,1.4
18880.0,0.10626476635912367,217.62273821633886,295.7039333782072,6637.055646523311,0,0,0,0,0,0,0,0,1.4496565092032237e-05,0,0,1.4
18900.000000000004,0.10594060663882565,217.59410769162622,295.6844812811376,6615.9388579569495,0,0,0,0,0,0,0,0,1.3397085625099805e-05,0,0,1.4
18920.0,0.10561739213075216,217.5655813523734,295.665098696823,6594.889574630723,0,0,0,0,0,0,0,0,1.2378012304831202e-05,0,0,1.4
18940.0,0.10529512037615951,217.53715919183682,295.64578563429836,6573.907590918046,0,0,0,0,0,0,0,0,1.1434020519558056e-05,0,0,1.4
18960.0,0.10497378892030716,217.5088412031603,295.62654210248314,6552.992701649679,0,0,0,0,0,0,0,0,1.0560138229663303e-05,0,0,1.4
18980.0,0.10465339530845459,217.48062737948783,295.6073681102969,6532.144701656385,0,0,0,0,0,0,0,0,9.751393395529884e-06,0,0,1.4
19000.0,0.10433393708586126,217.4525177139632,295.58826366665915,6511.363385768931,0,0,0,0,0,0,0,0,9.00281397754073e-06,0,0,1.4
19020.0,0.10401541180178728,217.42451219961765,295.5692287803738,6490.648549271575,0,0,0,0,0,0,0,0,8.309678510982411e-06,0,0,1.4
19040.0,0.1036978170214953,217.39661082903137,295.55026345978195,6469.999989262567,0,0,0,0,0,0,0,0,7.668267830756036e-06,0,0,1.4
19060.0,0.10338115031424867,217.36881359467174,295.53136771310886,6449.41750329365,0,0,0,0,0,0,0,0,7.0751133466663356e-06,0,0,1.4
19080.000000000004,0.10306540924931062,217.34112048900627,295.51254154858,6428.90088891657,0,0,0,0,0,0,0,0,6.526746468517955e-06,0,0,1.4
19100.0,0.10275059139594456,217.31353150450244,295.4937849744205,6408.449943683081,0,0,0,0,0,0,0,0,6.019698606115822e-06,0,0,1.4
19120.0,0.10243669432741077,217.28604663351456,295.4750979987397,6388.064465594534,0,0,0,0,0,0,0,0,5.550678213609778e-06,0,0,1.4
19140.0,0.1021237156329576,217.25866586794487,295.456480629182,6367.744254450725,0,0,0,0,0,0,0,0,5.1171019225305786e-06,0,0,1.4
19160.0,0.10181165290583041,217.23138919958254,295.4379328732757,6347.489110501059,0,0,0,0,0,0,0,0,4.716563408754182e-06,0,0,1.4
19180.0,0.10150050373927452,217.20421662021658,295.41945473854906,6327.298833994941,0,0,0,0,0,0,0,0,4.346656348156549e-06,0,0,1.4
19200.0,0.10119026572653532,217.17714812163632,295.4010462325303,6307.1732251817775,0,0,0,0,0,0,0,0,4.004974416613641e-06,0,0,1.4
19220.0,0.10088093646485037,217.15018369551743,295.38270736263104,6287.112084756661,0,0,0,0,0,0,0,0,3.6892356537321395e-06,0,0,1.4
19240.000000000004,0.10057251356742608,217.12332333308225,295.3644381357963,6267.115215197437,0,0,0,0,0,0,0,0,3.397655554041578e-06,0,0,1.4
19260.0,0.10026499465146123,217.0965670254397,295.3462385588546,6247.182419427644,0,0,0,0,0,0,0,0,3.1285739758023665e-06,0,0,1.4
19280.0,0.09995837733415448,217.06991476369876,295.3281086386341,6227.313500370817,0,0,0,0,0,0,0,0,2.880330777274758e-06,0,0,1.4
19300.0,0.09965265923270447,217.04336653896843,295.3100483819633,6207.508260950491,0,0,0,0,0,0,0,0,2.6512658167190573e-06,0,0,1.4
19320.0,0.09934783796829626,217.0169223422439,295.2920577955535,6187.7665045319345,0,0,0,0,0,0,0,0,2.4398058053033366e-06,0,0,1.4
19340.0,0.09904391117806007,216.9905821640659,295.2741368856475,6168.088036247362,0,0,0,0,0,0,0,0,2.2447248658267196e-06,0,0,1.4
19360.0,0.0987408765031125,216.96434599486125,295.25628565837116,6148.4726616707185,0,0,0,0,0,0,0,0,2.064883973996098e-06,0,0,1.4
19380.0,0.09843873158457017,216.938213825057,295.23850411985006,6128.920186375954,0,0,0,0,0,0,0,0,1.8991441055183602e-06,0,0,1.4
19400.000000000004,0.09813747406354956,216.91218564508,295.2207922762101,6109.430415937011,0,0,0,0,0,0,0,0,1.74636623610037e-06,0,0,1.4
19420.0,0.0978371015851467,216.88626144524332,295.2031501334594,6090.003156365598,0,0,0,0,0,0,0,0,1.605471648079768e-06,0,0,1.4
19440.0,0.0975376118103748,216.86044121540394,295.18557769713607,6070.638215424428,0,0,0,0,0,0,0,0,1.4756228503169e-06,0,0,1.4
19460.0,0.09723900240422644,216.83472494530514,295.16807497266063,6051.3354013139715,0,0,0,0,0,0,0,0,1.3560426583028377e-06,0,0,1.4
19480.0,0.09694127103169417,216.80911262468987,295.1506419654535,6032.094522234698,0,0,0,0,0,0,0,0,1.2459538875286525e-06,0,0,1.4
19500.0,0.09664441535777059,216.7836042433014,295.1332786809351,6012.915386387079,0,0,0,0,0,0,0,0,1.144579353485415e-06,0,0,1.4
19520.0,0.09634843305141956,216.75819979076851,295.11598512440816,5993.797802405329,0,0,0,0,0,0,0,0,1.0511835055005128e-06,0,0,1.4
19540.0,0.09605332179749015,216.73289925626298,295.0987613007031,5974.7415806586505,0,0,0,0,0,0,0,0,9.651973282465956e-07,0,0,1.4
19560.0,0.09575907928480273,216.7077026288424,295.0816072145325,5955.746531949987,0,0,0,0,0,0,0,0,8.860934402326284e-07,0,0,1.4
19580.000000000004,0.09546570320217765,216.68260989756425,295.06452287060927,5936.812467082283,0,0,0,0,0,0,0,0,8.133444599675646e-07,0,0,1.4
19600.0,0.0951731912384353,216.6576210514861,295.04750827364586,5917.939196858491,0,0,0,0,0,0,0,0,7.464230059603952e-07,0,0,1.4
19620.0,0.09488154108635831,216.63273607955088,295.0305634282366,5899.12653251127,0,0,0,0,0,0,0,0,6.8483027516001e-07,0,0,1.4
19640.0,0.0945907504545783,216.60795497024338,295.01368833850205,5880.374286992138,0,0,0,0,0,0,0,0,6.281817782750643e-07,0,0,1.4
19660.0,0.0943008170556892,216.58327771193373,294.99688300844457,5861.682273682331,0,0,0,0,0,0,0,0,5.761216044541507e-07,0,0,1.4
19680.0,0.09401173860228483,216.55870429299216,294.98014744206654,5843.050305963082,0,0,0,0,0,0,0,0,5.282938428458623e-07,0,0,1.4
19700.0,0.09372351280695915,216.5342347017888,294.96348164337013,5824.478197215625,0,0,0,0,0,0,0,0,4.843425825987918e-07,0,0,1.4
19720.0,0.09343613738625828,216.509868926579,294.94688561623883,5805.965761246857,0,0,0,0,0,0,0,0,4.4393141808360225e-07,0,0,1.4
19740.000000000004,0.09314961007253718,216.48560695515872,294.930359364081,5787.51281356632,0,0,0,0,0,0,0,0,4.068019645592293e-07,0,0,1.4
19760.0,0.09286392860210324,216.46144877520902,294.91390289018614,5769.1191701092275,0,0,0,0,0,0,0,0,3.7271534250669803e-07,0,0,1.4
19780.0,0.09257909071126372,216.43739437441107,294.89751619784374,5750.784646810782,0,0,0,0,0,0,0,0,3.414326724070136e-07,0,0,1.4
19800.0,0.09229509413632585,216.4134437404459,294.8811992903433,5732.509059606191,0,0,0,0,0,0,0,0,3.12715074741188e-07,0,0,1.4
19820.0,0.09201193661753819,216.38959686087946,294.86495217085513,5714.292224852253,0,0,0,0,0,0,0,0,2.863369070854839e-07,0,0,1.4
19840.0,0.09172961591091434,216.36585372281735,294.8487748420728,5696.133960592127,0,0,0,0,0,0,0,0,2.6212547539716716e-07,0,0,1.4
19860.0,0.09144812977640915,216.3422143132497,294.83266730657084,5678.034085290566,0,0,0,0,0,0,0,0,2.3992132272875403e-07,0,0,1.4
19880.0,0.09116747597397747,216.31867861916703,294.8166295669234,5659.9924174123225,0,0,0,0,0,0,0,0,2.1956499213276108e-07,0,0,1.4
19900.000000000004,0.0908876522635741,216.29524662755952,294.800661625705,5642.008775422144,0,0,0,0,0,0,0,0,2.008970266617015e-07,0,0,1.4
19920.0,0.0906086564090834,216.27191832530218,294.7847634853705,5624.082978202293,0,0,0,0,0,0,0,0,1.8376690185926883e-07,0,0,1.4
19940.0,0.0903304861901071,216.24869369880824,294.7689351478963,5606.214846305032,0,0,0,0,0,0,0,0,1.6805982323382821e-07,0,0,1.4
19960.0,0.09005313939017627,216.22557273437565,294.7531766151395,5588.40420070013,0,0,0,0,0,0,0,0,1.5366992878491865e-07,0,0,1.4
19980.0,0.08977661379282213,216.20255541830218,294.73748788895705,5570.650862357357,0,0,0,0,0,0,0,0,1.4049135651207925e-07,0,0,1.4
20000.0,0.0895009071815758,216.17964173688577,294.721868971206,5552.954652246485,0,0,0,0,0,0,0,0,1.2841824441484893e-07,0,0,1.4
20020.0,0.08922601734388505,216.1568316763086,294.7063198636233,5535.315391750682,0,0,0,0,0,0,0,0,1.173507242465752e-07,0,0,1.4
20040.0,0.08895194208286414,216.13412522229015,294.69084056746635,5517.732903906721,0,0,0,0,0,0,0,0,1.0721290277583891e-07,0,0,1.4
20060.0,0.08867867920554393,216.11152236043418,294.6754310838725,5500.207012164779,0,0,0,0,0,0,0,0,9.793488052502936e-08,0,0,1.4
20080.000000000004,0.0884062265189552,216.08902307634452,294.6600914139793,5482.737539975028,0,0,0,0,0,0,0,0,8.944675801653435e-08,0,0,1.4
20100.0,0.08813458183012898,216.06662735562492,294.6448215589239,5465.324310787647,0,0,0,0,0,0,0,0,8.167863577274616e-08,0,0,1.4
20120.0,0.08786374294999906,216.04433518376325,294.6296215197237,5447.967148462095,0,0,0,0,0,0,0,0,7.45646135750672e-08,0,0,1.4
20140.0,0.08759370770511138,216.02214654578356,294.6144912969144,5430.665878494981,0,0,0,0,0,0,0,0,6.805478824096038e-08,0,0,1.4
20160.0,0.08732447392591482,216.00006142659382,294.59943089091195,5413.420326792198,0,0,0,0,0,0,0,0,6.210325584690332e-08,0,0,1.4
20180.0,0.08705603944285838,215.9780798111022,294.5844403021319,5396.230319259642,0,0,0,0,0,0,0,0,5.6664112469373646e-08,0,0,1.4
20200.0,0.08678840208639092,215.95620168421675,294.56951953098996,5379.095681803206,0,0,0,0,0,0,0,0,5.169145418484898e-08,0,0,1.4
20220.0,0.08652155969084999,215.93442703072927,294.5546685777813,5362.016240733948,0,0,0,0,0,0,0,0,4.714203058797677e-08,0,0,1.4
20240.000000000004,0.08625551010612735,215.91275583496676,294.5398874423184,5344.9918239835715,0,0,0,0,0,0,0,0,4.298320534608312e-08,0,0,1.4
20260.0,0.08599025118600351,215.89118808114006,294.5251761242933,5328.0222598889495,0,0,0,0,0,0,0,0,3.918499564466612e-08,0,0,1.4
20280.0,0.08572578078425883,215.86972375345988,294.510534623398,5311.10737678695,0,0,0,0,0,0,0,0,3.5717418669221636e-08,0,0,1.4
20300.0,0.08546209675467371,215.84836283613706,294.4959629393243,5294.24700301444,0,0,0,0,0,0,0,0,3.255049160524627e-08,0,0,1.4
20320.0,0.08519919695490193,215.82710531326586,294.48146107164337,5277.4409673093205,0,0,0,0,0,0,0,0,2.965598242698346e-08,0,0,1.4
20340.0,0.08493707925809073,215.80595116847462,294.46702901944246,5260.689100013609,0,0,0,0,0,0,0,0,2.7012662263663708e-08,0,0,1.4
20360.0,0.08467574154126065,215.78490038527536,294.4526667816878,5243.991231870355,0,0,0,0,0,0,0,0,2.460105303326433e-08,0,0,1.4
20380.0,0.08441518168143228,215.76395294717992,294.43837435734565,5227.347193622607,0,0,0,0,0,0,0,0,2.2401676653762614e-08,0,0,1.4
20400.000000000004,0.08415539755562619,215.74310883770016,294.42415174538235,5210.756816013412,0,0,0,0,0,0,0,0,2.0395055043135536e-08,0,0,1.4
20420.0,0.08389638704472042,215.72236804023134,294.40999894464284,5194.219930182717,0,0,0,0,0,0,0,0,1.8562858858747343e-08,0,0,1.4
20440.0,0.08363814804502245,215.70173053770162,294.3959159534872,5177.736368858024,0,0,0,0,0,0,0,0,1.6891353715506216e-08,0,0,1.4
20460.0,0.08338067845669715,215.6811963129226,294.38190277015406,5161.305965163738,0,0,0,0,0,0,0,0,1.5367953967706933e-08,0,0,1.4
20480.0,0.08312397617990945,215.6607653487057,294.3679593928822,5144.928552224252,0,0,0,0,0,0,0,0,1.3980073969644297e-08,0,0,1.4
20500.0,0.0828680391148242,215.6404376278625,294.3540858199104,5128.603963163969,0,0,0,0,0,0,0,0,1.2715128075613094e-08,0,0,1.4
20520.0,0.08261286516544698,215.62021313308753,294.3402820493557,5112.3320315000365,0,0,0,0,0,0,0,0,1.156128017506449e-08,0,0,1.4
20540.0,0.08235845225114613,215.60009184660728,294.3265480788491,5096.112592320601,0,0,0,0,0,0,0,0,1.0509692298075161e-08,0,0,1.4
20560.0,0.08210479829513061,215.5800737505315,294.3128839059001,5079.945481106554,0,0,0,0,0,0,0,0,9.552276009878152e-09,0,0,1.4
20580.000000000004,0.08185190122060929,215.56015882696965,294.2992895280178,5063.830533338792,0,0,0,0,0,0,0,0,8.680942875706364e-09,0,0,1.4
20600.0,0.08159975895079129,215.54034705803141,294.2857649427118,5047.7675844982095,0,0,0,0,0,0,0,0,7.887604460793157e-09,0,0,1.4
20620.0,0.08134836941270877,215.5206384257091,294.2723101473696,5031.756470454306,0,0,0,0,0,0,0,0,7.164658683380651e-09,0,0,1.4
20640.0,0.0810977305486871,215.50103291152618,294.2589251388912,5015.7970286309965,0,0,0,0,0,0,0,0,6.506448873748079e-09,0,0,1.4
20660.0,0.08084784030487482,215.48153049688884,294.24560991405514,4999.8890968408,0,0,0,0,0,0,0,0,5.907804715183913e-09,0,0,1.4
20680.0,0.08059869662742056,215.4621311632034,294.2323644696396,4984.0325128962395,0,0,0,0,0,0,0,0,5.363555890976624e-09,0,0,1.4
20700.0,0.08035029746247291,215.44283489187598,294.21918880242293,4968.227114609833,0,0,0,0,0,0,0,0,4.86853208441468e-09,0,0,1.4
20720.0,0.0801026407599856,215.42364166419537,294.20608290906137,4952.47274017856,0,0,0,0,0,0,0,0,4.417876817434343e-09,0,0,1.4
20740.000000000004,0.0798557244851332,215.40455146098043,294.19304678572263,4936.769229337234,0,0,0,0,0,0,0,0,4.007988966562968e-09,0,0,1.4
20760.0,0.07960954660689544,215.3855642629325,294.18008042845236,4921.116422205129,0,0,0,0,0,0,0,0,3.6355812469759137e-09,0,0,1.4
20780.0,0.07936410509425204,215.36668005075293,294.1671838332961,4905.514158901519,0,0,0,0,0,0,0,0,3.297366373848317e-09,0,0,1.4
20800.0,0.07911939791618268,215.34789880514313,294.15435699629967,4889.962279545674,0,0,0,0,0,0,0,0,2.9900570623553944e-09,0,0,1.4
20820.0,0.07887542304545354,215.32922050668674,294.1415999133862,4874.460624637182,0,0,0,0,0,0,0,0,2.710567428999172e-09,0,0,1.4
20840.0,0.0786321784699767,215.3106451354966,294.1289125799894,4859.009036196889,0,0,0,0,0,0,0,0,2.4566171955889275e-09,0,0,1.4
20860.0,0.07838966218145052,215.29217267156784,294.1162949914208,4843.607356625953,0,0,0,0,0,0,0,0,2.226127485260752e-09,0,0,1.4
20880.0,0.07814787217157353,215.27380309489556,294.10374714299166,4828.255428325535,0,0,0,0,0,0,0,0,2.017019421150738e-09,0,0,1.4
20900.000000000004,0.07790680643204416,215.25553638547487,294.09126903001356,4812.953093696791,0,0,0,0,0,0,0,0,1.8272141263949425e-09,0,0,1.4
20920.0,0.07766646295832806,215.23737252318296,294.0788606476752,4797.700195517059,0,0,0,0,0,0,0,0,1.6547612601815566e-09,0,0,1.4
20940.0,0.0774268397609592,215.21931148742524,294.06652199067474,4782.496578068361,0,0,0,0,0,0,0,0,1.4982246259067974e-09,0,0,1.4
20960.0,0.07718793485423865,215.20135325748913,294.0542530535882,4767.342086008891,0,0,0,0,0,0,0,0,1.3562965630189488e-09,0,0,1.4
20980.0,0.07694974625246759,215.18349781266213,294.042053830991,4752.236563996845,0,0,0,0,0,0,0,0,1.2276694109662955e-09,0,0,1.4
21000.0,0.07671227196994707,215.16574513223162,294.029924317459,4737.179856690419,0,0,0,0,0,0,0,0,1.1110355091971217e-09,0,0,1.4
21020.0,0.07647551002472541,215.14809519536698,294.01786450744504,4722.1718091198445,0,0,0,0,0,0,0,0,1.0051687801711148e-09,0,0,1.4
21040.0,0.07623945844983955,215.1305479807647,294.00587439491045,4707.212267803497,0,0,0,0,0,0,0,0,9.091694783935733e-10,0,0,1.4
21060.0,0.07600411528207353,215.11310346700333,293.99395397369403,4692.301079631782,0,0,0,0,0,0,0,0,8.222194413811982e-10,0,0,1.4
21080.000000000004,0.07576947855821149,215.09576163266118,293.98210323763425,4677.43809149511,0,0,0,0,0,0,0,0,7.43500506650677e-10,0,0,1.4
21100.0,0.07553554631503757,215.07852245631682,293.97032218056995,4662.623150283894,0,0,0,0,0,0,0,0,6.72194511718739e-10,0,0,1.4
21120.0,0.07530231659306251,215.06138591643023,293.95861079621653,4647.856103256444,0,0,0,0,0,0,0,0,6.075347922805135e-10,0,0,1.4
21140.0,0.07506978744770362,215.04435199098782,293.9469690777973,4633.1367991426905,0,0,0,0,0,0,0,0,5.489606767449174e-10,0,0,1.4
21160.0,0.07483795693810491,215.02742065785773,293.93539701841263,4618.465087040466,0,0,0,0,0,0,0,0,4.959629916993104e-10,0,0,1.4
21180.0,0.07460682312341037,215.01059189490798,293.9238946111626,4603.840816047603,0,0,0,0,0,0,0,0,4.480325637310528e-10,0,0,1.4
21200.0,0.07437638406276403,214.99386568000668,293.91246184914763,4589.263835261935,0,0,0,0,0,0,0,0,4.046602194275044e-10,0,0,1.4
21220.0,0.07414663781901545,214.97724199090322,293.90109872534464,4574.733994145074,0,0,0,0,0,0,0,0,3.6536911542642426e-10,0,0,1.4
21240.000000000004,0.07391758246983654,214.96072080487266,293.8898052322375,4560.251143613752,0,0,0,0,0,0,0,0,3.298117285671622e-10,0,0,1.4
21260.0,0.07368921609660496,214.94430209907136,293.87858136218694,4545.815134948487,0,0,0,0,0,0,0,0,2.97672865739486e-10,0,0,1.4
21280.0,0.07346153678069822,214.9279858506558,293.8674271075537,4531.425819429788,0,0,0,0,0,0,0,0,2.68637333833144e-10,0,0,1.4
21300.0,0.07323454260349392,214.9117720367823,293.8563424606982,4517.0830483381715,0,0,0,0,0,0,0,0,2.4238993973789125e-10,0,0,1.4
21320.0,0.0730082316500536,214.89566063448848,293.8453274138579,4502.786673313812,0,0,0,0,0,0,0,0,2.1863567624293611e-10,0,0,1.4
21340.0,0.07278260202017489,214.87965162033657,293.834381958776,4488.536547435548,0,0,0,0,0,0,0,0,1.9716027973530034e-10,0,0,1.4
21360.0,0.07255765181733945,214.86374497077,293.82350608707276,4474.332524141876,0,0,0,0,0,0,0,0,1.777696725014588e-10,0,0,1.4
21380.0,0.07233337914502891,214.84794066223225,293.81269979036773,4460.174456871299,0,0,0,0,0,0,0,0,1.6026977682788654e-10,0,0,1.4
21400.000000000004,0.07210978210672488,214.83223867116678,293.80196306028114,4446.062199062315,0,0,0,0,0,0,0,0,1.4446651500105585e-10,0,0,1.4
21420.0,0.07188685880957102,214.81663897389794,293.79129588830926,4431.995604508986,0,0,0,0,0,0,0,0,1.3017834423117019e-10,0,0,1.4
21440.0,0.0716646073753587,214.801141546274,293.7806982654537,4417.974528427608,0,0,0,0,0,0,0,0,1.1727386142331598e-10,0,0,1.4
21460.0,0.07144302592954113,214.78574636402422,293.7701701825929,4403.998826390036,0,0,0,0,0,0,0,0,1.0563419840630549e-10,0,0,1.4
21480.0,0.07122211259757168,214.77045340287782,293.7597116306049,4390.068353968127,0,0,0,0,0,0,0,0,9.514048700895094e-11,0,0,1.4
21500.0,0.0710018655049036,214.75526263856406,293.749322600368,4376.182966733737,0,0,0,0,0,0,0,0,8.567385906006462e-11,0,0,1.4
21520.0,0.07078228278062962,214.7401740466929,293.73900308263643,4362.3425206101865,0,0,0,0,0,0,0,0,7.712318800470131e-11,0,0,1.4
21540.0,0.07056336256839997,214.72518760239745,293.7287530676695,4348.546872926659,0,0,0,0,0,0,0,0,6.940831375288601e-11,0,0,1.4
21560.0,0.07034510301550435,214.71030328069142,293.7185725456027,4334.795881363803,0,0,0,0,0,0,0,0,6.245681783088625e-11,0,0,1.4
21580.000000000004,0.07012750226923234,214.69552105658866,293.70846150657144,4321.0894036022655,0,0,0,0,0,0,0,0,5.6196281764968535e-11,0,0,1.4
21600.0,0.06991055847687372,214.68084090510297,293.69841994071123,4307.427297322698,0,0,0,0,0,0,0,0,5.055428708140258e-11,0,0,1.4
21620.0,0.06969426978933448,214.6662628011287,293.68844783803354,4293.809420553132,0,0,0,0,0,0,0,0,4.546317065402727e-11,0,0,1.4
21640.0,0.06947863437198633,214.65178671908248,293.6785451880543,4280.235632711139,0,0,0,0,0,0,0,0,4.087429074697262e-11,0,0,1.4
21660.0,0.06926365039381728,214.63741263326148,293.6687119801651,4266.705793561672,0,0,0,0,0,0,0,0,3.6743760971941155e-11,0,0,1.4
21680.0,0.0690493160238154,214.62314051796292,293.6589482037579,4253.219762869685,0,0,0,0,0,0,0,0,3.302769494063541e-11,0,0,1.4
21700.0,0.0688356294309687,214.60897034748393,293.6492538482247,4239.777400400132,0,0,0,0,0,0,0,0,2.968220626475789e-11,0,0,1.4
21720.0,0.06862258878785825,214.5949020960021,293.63962890283307,4226.378566261284,0,0,0,0,0,0,0,0,2.6666313767487697e-11,0,0,1.4
21740.000000000004,0.06841019228143692,214.5809357372164,293.6300733563546,4213.023121934678,0,0,0,0,0,0,0,0,2.3950657117909672e-11,0,0,1.4
21760.0,0.06819843810225065,214.56707124470626,293.62058719743686,4199.710929245176,0,0,0,0,0,0,0,0,2.1508781196586655e-11,0,0,1.4
21780.0,0.06798732444084529,214.55330859205105,293.6111704147272,4186.441850017628,0,0,0,0,0,0,0,0,1.9314230884080016e-11,0,0,1.4
21800.0,0.06777684948776674,214.53964775283012,293.601822996873,4173.215746076892,0,0,0,0,0,0,0,0,1.734055106095163e-11,0,0,1.4
21820.0,0.06756701143713001,214.52608870050307,293.5925449323977,4160.032479587087,0,0,0,0,0,0,0,0,1.556305192242843e-11,0,0,1.4
21840.0,0.06735780849732667,214.51263140805017,293.5833362093277,4146.891914069393,0,0,0,0,0,0,0,0,1.3964104922397615e-11,0,0,1.4
21860.0,0.06714923888031749,214.49927584833188,293.57419681556536,4133.793913384256,0,0,0,0,0,0,0,0,1.2527846829411438e-11,0,0,1.4
21880.0,0.06694130079806312,214.48602199420864,293.5651267390131,4120.738341392116,0,0,0,0,0,0,0,0,1.1238414412022153e-11,0,0,1.4
21900.000000000004,0.06673399246252432,214.47286981854094,293.5561259675733,4107.725061953417,0,0,0,0,0,0,0,0,1.0079944438781824e-11,0,0,1.4
21920.0,0.06652731208920676,214.45981929406926,293.54719448902387,4094.7539392638346,0,0,0,0,0,0,0,0,9.037640567383183e-12,0,0,1.4
21940.0,0.06632125790779578,214.44687039305398,293.5383322906458,4081.824838859955,0,0,0,0,0,0,0,0,8.100974012078604e-12,0,0,1.4
21960.0,0.06611582815152159,214.43402308763552,293.5295393595958,4068.937626613591,0,0,0,0,0,0,0,0,7.260482876260736e-12,0,0,1.4
21980.0,0.0659110210536145,214.42127734995432,293.5208156830303,4056.0921683965594,0,0,0,0,0,0,0,0,6.506705263322234e-12,0,0,1.4
22000.0,0.06570683484730473,214.40863315215083,293.51216124810605,4043.2883300806743,0,0,0,0,0,0,0,0,5.830179276655754e-12,0,0,1.4
22020.0,0.06550326776934287,214.39609046624523,293.50357604185524,4030.5259778689597,0,0,0,0,0,0,0,0,5.222084337036407e-12,0,0,1.4
22040.0,0.0653003180705609,214.38364926377704,293.49506005081264,4017.8049792892816,0,0,0,0,0,0,0,0,4.676165134769137e-12,0,0,1.4
22060.0,0.06509798400531111,214.37130951616558,293.48661326138847,4005.1252022007106,0,0,0,0,0,0,0,0,4.1868076775413455e-12,0,0,1.4
22080.000000000004,0.06489626382794578,214.35907119483014,293.4782356599933,3992.486514462319,0,0,0,0,0,0,0,0,3.748397973040362e-12,0,0,1.4
22100.0,0.06469515579281726,214.34693427119007,293.46992723303725,3979.8887839331846,0,0,0,0,0,0,0,0,3.3553220289537434e-12,0,0,1.4
22120.0,0.06449465815777325,214.33489871654427,293.4616879668063,3967.3318787995877,0,0,0,0,0,0,0,0,3.0023492837008297e-12,0,0,1.4
22140.0,0.06429476919464305,214.32296450171035,293.45351784708873,3954.815668556647,0,0,0,0,0,0,0,0,2.685782898629137e-12,0,0,1.4
22160.0,0.06409548717875149,214.31113159738527,293.4454168595479,3942.340023026687,0,0,0,0,0,0,0,0,2.4023094658182045e-12,0,0,1.4
22180.0,0.06389681038542329,214.29939997426638,293.4373849898475,3929.904812032036,0,0,0,0,0,0,0,0,2.14861557734757e-12,0,0,1.4
22200.0,0.06369873708998325,214.28776960305063,293.42942222365116,3917.50990539502,0,0,0,0,0,0,0,0,1.921387825296773e-12,0,0,1.4
22220.0,0.06350126557122625,214.27624045431475,293.42152854649805,3905.1551732611933,0,0,0,0,0,0,0,0,1.7175408173323666e-12,0,0,1.4
22240.000000000004,0.06330439412182784,214.26481249815316,293.4137039434291,3892.8404870690188,0,0,0,0,0,0,0,0,1.5349012234689405e-12,0,0,1.4
22260.0,0.06310812103793381,214.2534857045399,293.40594839936097,3880.565718580193,0,0,0,0,0,0,0,0,1.371523729308196e-12,0,0,1.4
22280.0,0.06291244461568983,214.2422600434489,293.3982618992101,3868.3307395564057,0,0,0,0,0,0,0,0,1.2254630204517353e-12,0,0,1.4
22300.0,0.06271736315124164,214.23113548485415,293.3906444278931,3856.13542175935,0,0,0,0,0,0,0,0,1.0947737825011942e-12,0,0,1.4
22320.0,0.06252287494417953,214.22011199860893,293.3830959702019,3843.979637269983,0,0,0,0,0,0,0,0,9.776455691674987e-13,0,0,1.4
22340.0,0.06232897830787224,214.20918955408368,293.3756165104303,3831.8632594463297,0,0,0,0,0,0,0,0,8.728074065987302e-13,0,0,1.4
22360.0,0.06213567155913306,214.19836812052824,293.3682060327473,3819.786161965678,0,0,0,0,0,0,0,0,7.791231890522593e-13,0,0,1.4
22380.0,0.061942953014775315,214.18764766719238,293.3608645213222,3807.748218505315,0,0,0,0,0,0,0,0,6.954568107854566e-13,0,0,1.4
22400.000000000004,0.06175082099161227,214.17702816332587,293.3535919603241,3795.749302742533,0,0,0,0,0,0,0,0,6.2067216605568e-13,0,0,1.4
22420.0,0.06155927380987605,214.16650957805768,293.34638833379756,3783.789288669948,0,0,0,0,0,0,0,0,5.537124950064009e-13,0,0,1.4
22440.0,0.061368309803473714,214.1560918800333,293.3392536252888,3771.8680515414767,0,0,0,0,0,0,0,0,4.938384213253455e-13,0,0,1.4
22460.0,0.06117792730973105,214.1457750377774,293.33218781821927,3759.9854669263655,0,0,0,0,0,0,0,0,4.403899145863286e-13,0,0,1.4
22480.0,0.06098812466597389,214.1355590198147,293.3251908960108,3748.1414103938596,0,0,0,0,0,0,0,0,3.927069443631645e-13,0,0,1.4
22500.0,0.06079890020952806,214.12544379466976,293.3182628420847,3736.3357575132013,0,0,0,0,0,0,0,0,3.50129480229668e-13,0,0,1.4
22520.0,0.060610252281112,214.1154293307463,293.31140363973816,3724.568384165045,0,0,0,0,0,0,0,0,3.120439233077549e-13,0,0,1.4
22540.0,0.0604221792350147,214.1055155959639,293.3046132717695,3712.8391674756735,0,0,0,0,0,0,0,0,2.780224009117464e-13,0,0,1.4
22560.0,0.06023467942891777,214.09570255812116,293.2978917208528,3701.147984882774,0,0,0,0,0,0,0,0,2.476834719040651e-13,0,0,1.4
22580.000000000004,0.06004775122050283,214.0859901850167,293.2912389696619,3689.494713824037,0,0,0,0,0,0,0,0,2.2064569514712894e-13,0,0,1.4
22600.0,0.059861392967451535,214.0763784444491,293.28465500087054,3677.8792317371554,0,0,0,0,0,0,0,0,1.9652762950337004e-13,0,0,1.4
22620.0,0.059675603030811764,214.06686730409575,293.2781397970282,3666.3014163673283,0,0,0,0,0,0,0,0,1.7497485963844316e-13,0,0,1.4
22640.0,0.059490379785096435,214.05745673114956,293.27169334018544,3654.7611466898056,0,0,0,0,0,0,0,0,1.5574107343095744e-13,0,0,1.4
22660.0,0.059305721608184765,214.04814669268205,293.2653156122687,3643.258301987347,0,0,0,0,0,0,0,0,1.386069845627592e-13,0,0,1.4
22680.0,0.05912162687795599,214.03893715576493,293.259006595204,3631.792761542714,0,0,0,0,0,0,0,0,1.2335330671569477e-13,0,0,1.4
22700.0,0.0589380939722893,214.02982808746978,293.2527662709175,3620.364404638667,0,0,0,0,0,0,0,0,1.0976075357161062e-13,0,0,1.4
22720.0,0.05875512127240357,214.02081945474697,293.2465946212109,3608.973110861607,0,0,0,0,0,0,0,0,9.762568554821383e-14,0,0,1.4
22740.000000000004,0.058572707172876284,214.0119112240616,293.24049162738714,3597.618761012489,0,0,0,0,0,0,0,0,8.680705000665318e-14,0,0,1.4
22760.0,0.058390850071624666,214.00310336175747,293.23445727062494,3586.301236195915,0,0,0,0,0,0,0,0,7.717944104394374e-14,0,0,1.4
22780.0,0.058209548366565854,213.99439583417833,293.22849153210257,3575.0204175164827,0,0,0,0,0,0,0,0,6.861745275709483e-14,0,0,1.4
22800.0,0.05802880045561703,213.98578860766807,293.22259439299876,3563.776186078787,0,0,0,0,0,0,0,0,6.099567924311779e-14,0,0,1.4
22820.0,0.057848604740008185,213.97728164844898,293.21676583436727,3552.5684232872195,0,0,0,0,0,0,0,0,5.41977251529734e-14,0,0,1.4
22840.0,0.057668959634220696,213.96887492225767,293.21100583676383,3541.397011745333,0,0,0,0,0,0,0,0,4.8143237353420516e-14,0,0,1.4
22860.0,0.05748986355604876,213.9605683947092,293.20531438061926,3530.261834356477,0,0,0,0,0,0,0,0,4.2760873265167483e-14,0,0,1.4
22880.0,0.057311314923286574,213.95236203141877,293.19969144636474,3519.1627740239965,0,0,0,0,0,0,0,0,3.797929030892266e-14,0,0,1.4
22900.000000000004,0.05713331215372831,213.94425579800145,293.1941370144311,3508.099713651238,0,0,0,0,0,0,0,0,3.372714590539366e-14,0,0,1.4
22920.0,0.05695585366845405,213.93624965995082,293.1886510651248,3497.07253643752,0,0,0,0,0,0,0,0,2.993825884119959e-14,0,0,1.4
22940.0,0.05677893790168702,213.92834358227407,293.18323357825426,3486.0811267660274,0,0,0,0,0,0,0,0,2.656709336659421e-14,0,0,1.4
22960.0,0.05660256329093629,213.92053752985686,293.17788453350295,3475.1253693159188,0,0,0,0,0,0,0,0,2.357327509774136e-14,0,0,1.4
22980.0,0.05642672827371093,213.91283146758482,293.1726039105546,3464.205148766347,0,0,0,0,0,0,0,0,2.091642965080487e-14,0,0,1.4
23000.0,0.05625143128752003,213.90522536034356,293.167391689093,3453.3203497964714,0,0,0,0,0,0,0,0,1.8556182641948557e-14,0,0,1.4
23020.0,0.05607667077313126,213.89771917289707,293.1622478486773,3442.470857377618,0,0,0,0,0,0,0,0,1.645510049050761e-14,0,0,1.4
23040.0,0.055902445184346714,213.8903128695224,293.15717236836866,3431.656557649794,0,0,0,0,0,0,0,0,1.4587512828502634e-14,0,0,1.4
23060.0,0.05572875297822708,213.8830064143749,293.1521652271038,3420.8773370451836,0,0,0,0,0,0,0,0,1.2930690091125594e-14,0,0,1.4
23080.000000000004,0.05555559261183304,213.87579977161,293.1472264038195,3410.1330819959644,0,0,0,0,0,0,0,0,1.1461902713568203e-14,0,0,1.4
23100.0,0.05538296254222535,213.868692905383,293.1423558774523,3399.4236789343204,0,0,0,0,0,0,0,0,1.0158421131022941e-14,0,0,1.4
23120.0,0.05521086122969588,213.86168577972748,293.1375536268146,3388.749014580829,0,0,0,0,0,0,0,0,8.999182481123415e-15,0,0,1.4
23140.0,0.055039287147461445,213.85477835818958,293.132819630221,3378.1089768096676,0,0,0,0,0,0,0,0,7.969790711271189e-15,0,0,1.4
23160.0,0.054868238771970064,213.84797060419368,293.12815386586146,3367.5034537834117,0,0,0,0,0,0,0,0,7.057516471309753e-15,0,0,1.4
23180.0,0.05469771457966975,213.84126248116416,293.1235563119261,3356.932333664635,0,0,0,0,0,0,0,0,6.249630411082594e-15,0,0,1.4
23200.0,0.05452771304700853,213.83465395252531,293.1190269466052,3346.3955046159135,0,0,0,0,0,0,0,0,5.533403180433196e-15,0,0,1.4
23220.0,0.054358232653638094,213.82814498157958,293.1145657479643,3335.892855084479,0,0,0,0,0,0,0,0,4.897045030411621e-15,0,0,1.4
23240.000000000004,0.05418927189202486,213.8217355311415,293.11017269357194,3325.4242746561745,0,0,0,0,0,0,0,0,4.33252461689413e-15,0,0,1.4
23260.0,0.05402082925783902,213.81542556390372,293.105847760872,3314.9896532015086,0,0,0,0,0,0,0,0,3.832750196963854e-15,0,0,1.4
23280.0,0.05385290324675066,213.8092150425588,293.1015909273084,3304.5888805909813,0,0,0,0,0,0,0,0,3.3906300277036137e-15,0,0,1.4
23300.0,0.053685492354429924,213.80310392979945,293.0974021703253,3294.221846695094,0,0,0,0,0,0,0,0,2.9990723661963395e-15,0,0,1.4
23320.0,0.053518595079722925,213.79709218819613,293.0932814672424,3283.888441665288,0,0,0,0,0,0,0,0,2.651512365573756e-15,0,0,1.4
23340.0,0.05335220993417982,213.79117977983114,293.0892287948824,3273.5885567767505,0,0,0,0,0,0,0,0,2.3434927631627635e-15,0,0,1.4
23360.0,0.05318633543252678,213.78536666666463,293.0852441299436,3263.322083585606,0,0,0,0,0,0,0,0,2.071083192339058e-15,0,0,1.4
23380.0,0.053020970089489965,213.77965281065676,293.08132744912444,3253.0889136479786,0,0,0,0,0,0,0,0,1.8303532864783352e-15,0,0,1.4
23400.000000000004,0.05285611241979549,213.7740381737677,293.0774787291236,3242.8889385199936,0,0,0,0,0,0,0,0,1.6173726789562542e-15,0,0,1.4
23420.0,0.052691760941317785,213.76852271783548,293.07369794651515,3232.722050035026,0,0,0,0,0,0,0,0,1.4285049065618564e-15,0,0,1.4
23440.0,0.05252791418452398,213.76310640420934,293.0699850773767,3222.588141135435,0,0,0,0,0,0,0,0,1.261289119737149e-15,0,0,1.4
23460.0,0.05236457068302943,213.75778919411644,293.0663400976621,3212.4871050408346,0,0,0,0,0,0,0,0,1.11355837233745e-15,0,0,1.4
23480.0,0.05220172897044952,213.75257104878384,293.0627629833246,3202.4188349708324,0,0,0,0,0,0,0,0,9.831457182180778e-16,0,0,1.4
23500.0,0.05203938758039958,213.7474519294386,293.0592537103178,3192.3832241450395,0,0,0,0,0,0,0,0,8.678842112343502e-16,0,0,1.4
23520.0,0.05187754504961526,213.74243179718556,293.0558122544713,3182.380166056653,0,0,0,0,0,0,0,0,7.65769979341946e-16,0,0,1.4
23540.0,0.05171619992731334,213.7375106126404,293.0524385911184,3172.4095552932135,0,0,0,0,0,0,0,0,6.754514468979863e-16,0,0,1.4
23560.0,0.051555350765830864,213.73268833629643,293.04913269546836,3162.471286715851,0,0,0,0,0,0,0,0,5.957401123599529e-16,0,0,1.4
23580.000000000004,0.05139499611750484,213.72796492864705,293.0458945427307,3152.56525518569,0,0,0,0,0,0,0,0,5.254474741853164e-16,0,0,1.4
23600.0,0.051235134534672384,213.72334035018562,293.04272410811467,3142.6913555638635,0,0,0,0,0,0,0,0,4.633850308315831e-16,0,0,1.4
23620.0,0.05107576457276278,213.71881456128312,293.03962136670566,3132.8494829814513,0,0,0,0,0,0,0,0,4.084542861055343e-16,0,0,1.4
23640.0,0.050916884799574395,213.71438752182092,293.0365862930937,3123.0395336493507,0,0,0,0,0,0,0,0,3.599167652112146e-16,0,0,1.4
23660.0,0.050758493785997824,213.71005919155817,293.0336188617446,3113.261404048414,0,0,0,0,0,0,0,0,3.1712399870198103e-16,0,0,1.4
23680.0,0.05060059010292372,213.70582953025382,293.0307190471244,3103.514990659493,0,0,0,0,0,0,0,0,2.79427517131191e-16,0,0,1.4
23700.0,0.050443172321242694,213.70169849766694,293.0278868236991,3093.800189963439,0,0,0,0,0,0,0,0,2.461788510522015e-16,0,0,1.4
23720.0,0.050286239014909535,213.69766605343418,293.02512216581096,3084.1168987074548,0,0,0,0,0,0,0,0,2.1677894579688563e-16,0,0,1.4
23740.000000000004,0.05012978877013561,213.69373215670208,293.02242504730714,3074.465014704144,0,0,0,0,0,0,0,0,1.9082640581117627e-16,0,0,1.4
23760.0,0.04997382017619653,213.68989676649483,293.0197954419112,3064.8444360324656,0,0,0,0,0,0,0,0,1.6796925031953566e-16,0,0,1.4
23780.0,0.049818331822367834,213.6861598418366,293.01723332334666,3055.2550607713742,0,0,0,0,0,0,0,0,1.4785549854641206e-16,0,0,1.4
23800.0,0.049663322297925076,213.68252134175154,293.01473866533706,3045.6967869998257,0,0,0,0,0,0,0,0,1.3013316971625852e-16,0,0,1.4
23820.0,0.0495087901951798,213.67898122514123,293.01231144148227,3036.169513059553,0,0,0,0,0,0,0,0,1.144772699384028e-16,0,0,1.4
23840.0,0.04935473411858743,213.675539450417,293.00995162488783,3026.673138343398,0,0,0,0,0,0,0,0,1.0067075286167085e-16,0,0,1.4
23860.0,0.04920115267563938,213.67219597586754,293.00765918853585,3017.20756250698,0,0,0,0,0,0,0,0,8.852355901976328e-17,0,0,1.4
23880.0,0.0490480444738271,213.66895075978155,293.0054341054083,3007.7726852059177,0,0,0,0,0,0,0,0,7.784562894638064e-17,0,0,1.4
23900.000000000004,0.04889540812064193,213.66580376044777,293.00327634848713,2998.368406095828,0,0,0,0,0,0,0,0,6.844690317522193e-17,0,0,1.4
23920.0,0.04874324222658309,213.6627549360323,293.001185890631,2988.9946250915673,0,0,0,0,0,0,0,0,6.01519830560023e-17,0,0,1.4
23940.0,0.04859154541418065,213.6598042442105,292.9991627042048,2979.6512431449205,0,0,0,0,0,0,0,0,5.28441132024768e-17,0,0,1.4
23960.0,0.04844031630897238,213.65695164253526,292.99720676145023,2970.3381614669092,0,0,0,0,0,0,0,0,4.642119904441358e-17,0,0,1.4
23980.0,0.04828955353649612,213.6541970885593,292.99531803460883,2961.0552812685537,0,0,0,0,0,0,0,0,4.078114601158075e-17,0,0,1.4
24000.0,0.04813925572228966,213.65154053983542,292.99349649592205,2951.802503760874,0,0,0,0,0,0,0,0,3.582185953374641e-17,0,0,1.4
24020.0,0.04798942149487026,213.64898195379368,292.99174211750835,2942.5797304106122,0,0,0,0,0,0,0,0,3.144916777458696e-17,0,0,1.4
24040.0,0.047840049494672916,213.64652128737316,292.99005487099316,2933.386863707391,0,0,0,0,0,0,0,0,2.7600589833411826e-17,0,0,1.4
24060.000000000004,0.04769113836511205,213.64415849739024,292.9884347278788,2924.223806396552,0,0,0,0,0,0,0,0,2.422156754343813e-17,0,0,1.4
24080.000000000004,0.04754268674960216,213.64189354066133,292.9868816596675,2915.090461223442,0,0,0,0,0,0,0,0,2.125754273788475e-17,0,0,1.4
24100.0,0.047394693291557675,213.6397263740027,292.9853956378616,2905.9867309334027,0,0,0,0,0,0,0,0,1.8653957249968737e-17,0,0,1.4
24120.0,0.04724715663734413,213.63765695410797,292.9839766338403,2896.9125185240155,0,0,0,0,0,0,0,0,1.6360511892280833e-17,0,0,1.4
24140.0,0.047100075445131506,213.63568523717947,292.9826246184908,2887.8677280018137,0,0,0,0,0,0,0,0,1.4343943394903987e-17,0,0,1.4
24160.0,0.04695344837604088,213.63381117929663,292.9813395625772,2878.852263625568,0,0,0,0,0,0,0,0,1.2575247467294209e-17,0,0,1.4
24180.0,0.046807274091193334,213.63203473653903,292.980121436864,2869.8660296540493,0,0,0,0,0,0,0,0,1.1025419818907497e-17,0,0,1.4
24200.0,0.04666155125170994,213.63035586498611,292.9789702121151,2860.9089303460296,0,0,0,0,0,0,0,0,9.665456159199857e-18,0,0,1.4
24220.0,0.04651627852163455,213.62877452059453,292.97788585897194,2851.980870209064,0,0,0,0,0,0,0,0,8.468629661475456e-18,0,0,1.4
24240.000000000004,0.04637145457670191,213.62729065882934,292.9768683475849,2843.081754745857,0,0,0,0,0,0,0,0,7.417323354430955e-18,0,0,1.4
24260.0,0.04622707809556965,213.62590423503286,292.97591764798136,2834.2114897079,0,0,0,0,0,0,0,0,6.496197730611727e-18,0,0,1.4
24280.0,0.04608314775689529,213.62461520454718,292.9750337301886,2825.3699808466813,0,0,0,0,0,0,0,0,5.689913282562574e-18,0,0,1.4
24300.0,0.04593966223933637,213.62342352271466,292.97421656423415,2816.55713391369,0,0,0,0,0,0,0,0,4.983130502828497e-18,0,0,1.4
24320.0,0.04579662022444482,213.6223291447545,292.97346612002286,2807.772854905783,0,0,0,0,0,0,0,0,4.3617213600044135e-18,0,0,1.4
24340.0,0.04565402040535004,213.6213320253942,292.97278236696934,2799.0170508012798,0,0,0,0,0,0,0,0,3.8164037268849e-18,0,0,1.4
24360.0,0.04551186147807577,213.6204321192383,292.9721652743656,2790.2896288238685,0,0,0,0,0,0,0,0,3.3391069523144482e-18,0,0,1.4
24380.0,0.04537014213864579,213.61962938089133,292.9716148115037,2781.590496197234,0,0,0,0,0,0,0,0,2.9217603851375502e-18,0,0,1.4
24400.000000000004,0.04522886108308381,213.61892376495783,292.9711309476756,2772.9195601450633,0,0,0,0,0,0,0,0,2.5562933741986375e-18,0,0,1.4
24420.0,0.04508801701027964,213.6183152259193,292.970713652051,2764.276728133023,0,0,0,0,0,0,0,0,2.2352763264663602e-18,0,0,1.4
24440.0,0.044947608630586895,213.6178037177654,292.97036289331044,2755.661908594685,0,0,0,0,0,0,0,0,1.9538438814052966e-18,0,0,1.4
24460.0,0.04480763465722525,213.61738919436252,292.97007864001193,2747.0750102056013,0,0,0,0,0,0,0,0,1.7077717366041217e-18,0,0,1.4
24480.0,0.04466809380341436,213.61707160957724,292.9698608607137,2738.5159416413226,0,0,0,0,0,0,0,0,1.4928355896515136e-18,0,0,1.4
24500.0,0.04452898478237385,213.6168509172761,292.96970952397373,2729.9846115774017,0,0,0,0,0,0,0,0,1.3048111381361487e-18,0,0,1.4
24520.0,0.04439030631016098,213.6167270712026,292.96962459822817,2721.4809289280092,0,0,0,0,0,0,0,0,1.1398115231098476e-18,0,0,1.4
24540.0,0.04425205711418342,213.61670002460784,292.96960605142476,2713.0048035617997,0,0,0,0,0,0,0,0,9.952996594770064e-19,0,0,1.4
24560.000000000004,0.044114235924686364,213.61676973062012,292.9696538513891,2704.556145586044,0,0,0,0,0,0,0,0,8.690759056051439e-19,0,0,1.4
24580.000000000004,0.04397684147191513,213.6169361423676,292.9697679659472,2696.1348651080207,0,0,0,0,0,0,0,0,7.589406198618445e-19,0,0,1.4
24600.0,0.04383987248611494,213.61719921297833,292.9699483629246,2687.740872235001,0,0,0,0,0,0,0,0,6.626941606146241e-19,0,0,1.4
24620.0,0.043703327700340286,213.61755889545745,292.9701950100252,2679.374077309555,0,0,0,0,0,0,0,0,5.783135825174869e-19,0,0,1.4
24640.0,0.04356720585888257,213.6180151423176,292.9705078744658,2671.0343916154325,0,0,0,0,0,0,0,0,5.044827253702963e-19,0,0,1.4
24660.0,0.043431505708842424,213.61856790594828,292.9708869233414,2662.721726671681,0,0,0,0,0,0,0,0,4.400621252593795e-19,0,0,1.4
24680.0,0.043296225997320505,213.61921713873903,292.971332123747,2654.435993997346,0,0,0,0,0,0,0,0,3.8391231827106443e-19,0,0,1.4
24700.0,0.04316136547141745,213.61996279307942,292.97184344277747,2646.1771051114747,0,0,0,0,0,0,0,0,3.348938404916785e-19,0,0,1.4
24720.0,0.043026922881014784,213.62080482123577,292.97242084740634,2637.944971765115,0,0,0,0,0,0,0,0,2.9195926837168583e-19,0,0,1.4
24740.000000000004,0.04289289698711753,213.62174317498187,292.97306430412095,2629.739506637323,0,0,0,0,0,0,0,0,2.5442933981808863e-19,0,0,1.4
24760.0,0.042759286553511695,213.62277780596827,292.97377377928734,2621.5606226391633,0,0,0,0,0,0,0,0,2.217168331020451e-19,0,0,1.4
24780.0,0.042626090343983195,213.62390866584565,292.97454923927125,2613.4082326816933,0,0,0,0,0,0,0,0,1.9323452649469317e-19,0,0,1.4
24800.0,0.04249330712231796,213.62513570626456,292.9753906504386,2605.282249675975,0,0,0,0,0,0,0,0,1.6839519826717766e-19,0,0,1.4
24820.0,0.04236093565505451,213.62645887875243,292.97629797903414,2597.182586761809,0,0,0,0,0,0,0,0,1.4665931977466198e-19,0,0,1.4
24840.0,0.04222897471974166,213.6278781343439,292.9772711908177,2589.1091579939657,0,0,0,0,0,0,0,0,1.2767813470838313e-19,0,0,1.4
24860.0,0.042097423096680735,213.62939342395046,292.97831025142796,2581.0618776559554,0,0,0,0,0,0,0,0,1.1115057984359655e-19,0,0,1.4
24880.0,0.04196627956617312,213.63100469848362,292.9794151265033,2573.0406600312913,0,0,0,0,0,0,0,0,9.677559195555764e-20,0,0,1.4
24900.000000000004,0.041835542908520144,213.63271190885484,292.98058578168263,2565.0454194034824,0,0,0,0,0,0,0,0,8.425210781951974e-20,0,0,1.4
24920.0,0.041705211906747516,213.63451500585236,292.98182218248354,2557.0760702815555,0,0,0,0,0,0,0,0,7.330364864877136e-20,0,0,1.4
24940.0,0.04157528535477802,213.6364139397715,292.9831242939402,2549.1325280765896,0,0,0,0,0,0,0,0,6.375207340870872e-20,0,0,1.4
24960.0,0.0414457620492588,213.63840866078445,292.9844920809657,2541.214708425175,0,0,0,0,0,0,0,0,5.544382550275907e-20,0,0,1.4
24980.0,0.04131664078683696,213.64049911906324,292.9859255084733,2533.3225269639042,0,0,0,0,0,0,0,0,4.822534833434965e-20,0,0,1.4
25000.0,0.041187920364159615,213.64268526477997,292.9874245413762,2525.4558993293695,0,0,0,0,0,0,0,0,4.194308530690771e-20,0,0,1.4
25020.0,0.04105959958056997,213.64496704798356,292.9889891444669,2517.6147413804806,0,0,0,0,0,0,0,0,3.6456086324579006e-20,0,0,1.4
25040.0,0.04093167724619545,213.64734441822984,292.9906192820559,2509.7989698654187,0,0,0,0,0,0,0,0,3.167382729438321e-20,0,0,1.4
25060.000000000004,0.04080415217385959,213.64981732495139,292.9923149183326,2502.0085017546817,0,0,0,0,0,0,0,0,2.7518390624057835e-20,0,0,1.4
25080.000000000004,0.04067702317638595,213.65238571758087,292.994076017487,2494.243254018772,0,0,0,0,0,0,0,0,2.391185872134251e-20,0,0,1.4
25100.0,0.040550289066598015,213.65504954555084,292.99590254370855,2486.503143628187,0,0,0,0,0,0,0,0,2.0776313993974628e-20,0,0,1.4
25120.0,0.040423948659987226,213.6578087581706,292.99779446106686,2478.7880877725815,0,0,0,0,0,0,0,0,1.8040269572046215e-20,0,0,1.4
25140.0,0.04029800078271657,213.6606633042564,292.9997517331503,2471.0980045182278,0,0,0,0,0,0,0,0,1.565796147506464e-20,0,0,1.4
25160.0,0.04017244426361696,213.66361313250118,293.0017743234271,2463.432812150554,0,0,0,0,0,0,0,0,1.3590056444891136e-20,0,0,1.4
25180.0,0.04004727793151932,213.66665819159786,293.00386219536557,2455.7924289549887,0,0,0,0,0,0,0,0,1.1797221223386918e-20,0,0,1.4
25200.0,0.039922500615254514,213.66979843023938,293.00601531243376,2448.1767732169583,0,0,0,0,0,0,0,0,1.0240122552413208e-20,0,0,1.4
25220.0,0.03979811114629325,213.67303379699533,293.0082336379801,2440.5857634379163,0,0,0,0,0,0,0,0,8.88269047696045e-21,0,0,1.4
25240.000000000004,0.039674108366665385,213.67636423994222,293.0105171348733,2433.0193189834113,0,0,0,0,0,0,0,0,7.701908254535783e-21,0,0,1.4
25260.0,0.0395504911210406,213.6797897070332,293.01286576586205,2425.4773594350218,0,0,0,0,0,0,0,0,6.678022445776179e-21,0,0,1.4
25280.0,0.03942725825408854,213.68331014622146,293.0152794936953,2417.9598043743204,0,0,0,0,0,0,0,0,5.791279611317981e-21,0,0,1.4
25300.0,0.039304408610478854,213.68692550546015,293.01775828112176,2410.4665733828824,0,0,0,0,0,0,0,0,5.021926311797745e-21,0,0,1.4
25320.0,0.039181941037492965,213.69063573257915,293.0203020907707,2402.9975862552105,0,0,0,0,0,0,0,0,4.351856469700963e-21,0,0,1.4
25340.0,0.039059854392859306,213.69444077491502,293.02291088479336,2395.552763637514,0,0,0,0,0,0,0,0,3.769553454908851e-21,0,0,1.4
25360.0,0.038938147536918086,213.6983405796811,293.02558462522114,2388.13202638893,0,0,0,0,0,0,0,0,3.265147999151551e-21,0,0,1.4
25380.0,0.03881681933000951,213.7023350940907,293.0283232740856,2380.7352953685954,0,0,0,0,0,0,0,0,2.8287708341592097e-21,0,0,1.4
25400.000000000004,0.038695868632473776,213.70642426535713,293.0311267934185,2373.362491435646,0,0,0,0,0,0,0,0,2.4505526916619092e-21,0,0,1.4
25420.0,0.03857529430723493,213.71060804057038,293.03399514513205,2366.013535659084,0,0,0,0,0,0,0,0,2.121451589935236e-21,0,0,1.4
25440.0,0.03845509522755218,213.71488636632716,293.03692829066193,2358.6883499473565,0,0,0,0,0,0,0,0,1.835734693435809e-21,0,0,1.4
25460.0,0.03833527026926857,213.7192591891009,293.03992619132487,2351.386856418776,0,0,0,0,0,0,0,0,1.5884964531656301e-21,0,0,1.4
25480.0,0.038215818308227165,213.72372645536504,293.04298880843726,2344.108977191653,0,0,0,0,0,0,0,0,1.3748313201266989e-21,0,0,1.4
25500.0,0.038096738220270966,213.72828811159292,293.0461161033158,2336.8546343843,0,0,0,0,0,0,0,0,1.1898337453210165e-21,0,0,1.4
25520.0,0.037978028883798996,213.73294410413467,293.04930803715814,2329.6237503218586,0,0,0,0,0,0,0,0,1.0290114743186703e-21,0,0,1.4
25540.0,0.03785968918743395,213.73769437884707,293.0525645706869,2322.4162481567932,0,0,0,0,0,0,0,0,8.895254309620936e-22,0,0,1.4
25560.000000000004,0.03774171802235451,213.74253888146364,293.05588566450604,2315.2320512483984,0,0,0,0,0,0,0,0,7.689498336617868e-22,0,0,1.4
25580.000000000004,0.037624114279739364,213.74747755771781,293.05927127921933,2308.071082955971,0,0,0,0,0,0,0,0,6.648589008283125e-22,0,0,1.4
25600.0,0.03750687685076715,213.75251035334315,293.0627213754306,2300.9332666388045,0,0,0,0,0,0,0,0,5.748268508721677e-22,0,0,1.4
25620.0,0.03739000462914473,213.75763721394978,293.0662359136254,2293.8185258600265,0,0,0,0,0,0,0,0,4.96633302747405e-22,0,0,1.4
25640.0,0.0372734965186916,213.7628580846546,293.0698148538155,2286.7267849980917,0,0,0,0,0,0,0,0,4.288794775822047e-22,0,0,1.4
25660.0,0.037157351425755394,213.76817291045114,293.0734581558945,2279.6579686352848,0,0,0,0,0,0,0,0,3.7037199704828033e-22,0,0,1.4
25680.0,0.03704156825668383,213.77358163633303,293.0771657797559,2272.612001353893,0,0,0,0,0,0,0,0,3.199174828173446e-22,0,0,1.4
25700.0,0.03692614591782454,213.77908420729383,293.08093768529324,2265.5888077362038,0,0,0,0,0,0,0,0,2.7632255656111057e-22,0,0,1.4
25720.0,0.036811083318025704,213.78468056820378,293.0847738322819,2258.5883125653672,0,0,0,0,0,0,0,0,2.3849539066468893e-22,0,0,1.4
25740.000000000004,0.036696379376137414,213.79037066343994,293.0886741800257,2251.610441427999,0,0,0,0,0,0,0,0,2.0575036036677628e-22,0,0,1.4
25760.0,0.036582033013510346,213.796154437256,293.09263868771006,2244.6551201115826,0,0,0,0,0,0,0,0,1.7750339161948395e-22,0,0,1.4
25780.0,0.03646804315149507,213.80203183390563,293.09666731452097,2237.722274403599,0,0,0,0,0,0,0,0,1.5317041037490552e-22,0,0,1.4
25800.0,0.036354408711442215,213.80800279764262,293.10076001964376,2230.8118300915294,0,0,0,0,0,0,0,0,1.321673425851408e-22,0,0,1.4
25820.0,0.03624112861717533,213.81406727259733,293.1049167621467,2223.923713160788,0,0,0,0,0,0,0,0,1.1396006071622447e-22,0,0,1.4
25840.0,0.03612820180240966,213.82022520240702,293.10913750062747,2217.057850388521,0,0,0,0,0,0,0,0,9.821422328993076e-23,0,0,1.4
25860.0,0.036015627203333365,213.82647653058552,293.1134221935665,2210.214168749807,0,0,0,0,0,0,0,0,8.464543534196885e-23,0,0,1.4
25880.0,0.03590340375613462,213.83282120064683,293.117770799444,2203.3925952197255,0,0,0,0,0,0,0,0,7.29693019080478e-23,0,0,1.4
25900.000000000004,0.035791530397001586,213.83925915610484,293.1221832767403,2196.5930567733535,0,0,0,0,0,0,0,0,6.290142802387511e-23,0,0,1.4
25920.0,0.03568000606456793,213.84579034035016,293.12665958381854,2189.815480580806,0,0,0,0,0,0,0,0,5.418185694016275e-23,0,0,1.4
25940.0,0.03556882970724917,213.8524146962803,293.13119967857335,2183.0597945923246,0,0,0,0,0,0,0,0,4.6648384767614476e-23,0,0,1.4
25960.0,0.03545800027590629,213.8591321666695,293.1358035187822,2176.3259269531836,0,0,0,0,0,0,0,0,4.016324583193529e-23,0,0,1.4
25980.0,0.03534751672140029,213.86594269429196,293.1404710622227,2169.613805808661,0,0,0,0,0,0,0,0,3.458867445883015e-23,0,0,1.4
26000.0,0.03523737799459217,213.87284622192192,293.14520226667236,2162.9233593040294,0,0,0,0,0,0,0,0,2.978690497400408e-23,0,0,1.4
26020.0,0.035127583048761055,213.87984269221036,293.14999708979207,2156.2545157767318,0,0,0,0,0,0,0,0,2.5632067050640445e-23,0,0,1.4
26040.0,0.0350181308468586,213.8869320473152,293.1548554887757,2149.6072043328704,0,0,0,0,0,0,0,0,2.2045871751836176e-23,0,0,1.4
26060.000000000004,0.03490902035425459,213.89411422927108,293.159777420701,2142.981354270713,0,0,0,0,0,0,0,0,1.896192548816607e-23,0,0,1.4
26080.000000000004,0.03480025053631887,213.90138918011274,293.16476284264525,2136.3768948885295,0,0,0,0,0,0,0,0,1.631383467020653e-23,0,0,1.4
26100.0,0.034691820358421215,213.9087568418748,293.16981171168584,2129.7937554845876,0,0,0,0,0,0,0,0,1.4035205708532285e-23,0,0,1.4
26120.0,0.03458372878832233,213.91621715646872,293.174923984784,2123.231865546486,0,0,0,0,0,0,0,0,1.206540510497231e-23,0,0,1.4
26140.0,0.03447597480334664,213.92377006531297,293.18009961843603,2116.691155319149,0,0,0,0,0,0,0,0,1.0366839726370285e-23,0,0,1.4
26160.0,0.034368557383209444,213.9314155097029,293.1853385690219,2110.1715552368296,0,0,0,0,0,0,0,0,8.907676530823557e-24,0,0,1.4
26180.0,0.03426147550762608,213.93915343093371,293.1906407929218,2103.672995733782,0,0,0,0,0,0,0,0,7.656082476429474e-24,0,0,1.4
26200.0,0.034154728156311875,213.94698377030076,293.1960062465156,2097.1954072442604,0,0,0,0,0,0,0,0,6.580224521285387e-24,0,0,1.4
26220.0,0.034048314311345994,213.95490646897608,293.20143488606783,2090.7387203890485,0,0,0,0,0,0,0,0,5.651044395941067e-24,0,0,1.4
26240.000000000004,0.033942232964262915,213.96292146763895,293.20692666737966,2084.3028665350444,0,0,0,0,0,0,0,0,4.8505829207558815e-24,0,0,1.4
26260.0,0.03383648310896102,213.9710287068455,293.2124815461365,2077.887777235681,0,0,0,0,0,0,0,0,4.163655688542036e-24,0,0,1.4
26280.0,0.03373106373933866,213.97922812715174,293.2180994780238,2071.4933840443846,0,0,0,0,0,0,0,0,3.575078292111303e-24,0,0,1.4
26300.0,0.03362597384929415,213.98751966911382,293.2237804187272,2065.1196185145855,0,0,0,0,0,0,0,0,3.069666324275605e-24,0,0,1.4
26320.0,0.03352121243506275,213.99590327316463,293.22952432381675,2058.766412383473,0,0,0,0,0,0,0,0,2.6335651350097945e-24,0,0,1.4
26340.0,0.03341677850222722,214.00437887924448,293.23533114840166,2052.433698123276,0,0,0,0,0,0,0,0,2.2582391029404213e-24,0,0,1.4
26360.0,0.03331267105870725,214.01294642717045,293.2412008474756,2046.1214083899854,0,0,0,0,0,0,0,0,1.9364823638569627e-24,0,0,1.4
26380.0,0.03320888911242249,214.02160585675966,293.2471333760324,2039.8294758395891,0,0,0,0,0,0,0,0,1.6610890535488943e-24,0,0,1.4
26400.000000000004,0.0331054316712926,214.0303571078293,293.2531286890659,2033.5578331280765,0,0,0,0,0,0,0,0,1.4248533078056538e-24,0,0,1.4
26420.0,0.03300229774554736,214.0392001200733,293.259186741455,2027.3064130924627,0,0,0,0,0,0,0,0,1.2212032275961373e-24,0,0,1.4
26440.0,0.03289948635465679,214.0481348326932,293.2653074876195,2021.0751492938532,0,0,0,0,0,0,0,0,1.0461027746064638e-24,0,0,1.4
26460.0,0.03279699652040102,214.05716118476744,293.2714908818645,2014.8639754743788,0,0,0,0,0,0,0,0,8.961498757021345e-25,0,0,1.4
26480.0,0.032694827264560175,214.06627911537439,293.277736878495,2008.6728253761696,0,0,0,0,0,0,0,0,7.6794245774865e-25,0,0,1.4
26500.0,0.032592977608914366,214.07548856359247,293.28404543181597,2002.5016327413546,0,0,0,0,0,0,0,0,6.580784476115122e-25,0,0,1.4
26520.0,0.03249144657752711,214.08478946837704,293.2904164960181,1996.350331490385,0,0,0,0,0,0,0,0,5.634564543411705e-25,0,0,1.4
26540.0,0.0323902332035956,214.09418176819113,293.29685002483507,1990.2188562569868,0,0,0,0,0,0,0,0,4.821778157278671e-25,0,0,1.4
26560.000000000004,0.03228933652260038,214.1036654013747,293.3033459718861,1984.1071418532067,0,0,0,0,0,0,0,0,4.126445517467811e-25,0,0,1.4
26580.000000000004,0.03218875557002205,214.1132403062678,293.3099042907902,1978.0151230910924,0,0,0,0,0,0,0,0,3.532586823731275e-25,0,0,1.4
26600.0,0.03208848938134118,214.1229064212104,293.31652493516685,1971.9427347826902,0,0,0,0,0,0,0,0,3.024222275820836e-25,0,0,1.4
26620.0,0.031988536994295214,214.1326636844194,293.3232078585214,1965.8899119156936,0,0,0,0,0,0,0,0,2.5867908053304225e-25,0,0,1.4
26640.0,0.03188889745564918,214.14251203361977,293.32995301390434,1959.8565901803877,0,0,0,0,0,0,0,0,2.211406271222062e-25,0,0,1.4
26660.0,0.03178956981442498,214.15245140641335,293.336760354252,1953.8427054427038,0,0,0,0,0,0,0,0,1.8906012642998066e-25,0,0,1.4
26680.0,0.03169055311964453,214.162481740402,293.34362983250105,1947.848193568575,0,0,0,0,0,0,0,0,1.616908375367709e-25,0,0,1.4
26700.0,0.031591846420329715,214.17260297318774,293.3505614015879,1941.8729904239337,0,0,0,0,0,0,0,0,1.3828601952298205e-25,0,0,1.4
26720.0,0.031493448767732975,214.18281504224936,293.35755501433607,1935.9170320477194,0,0,0,0,0,0,0,0,1.1816552688523213e-25,0,0,1.4
26740.000000000004,0.031395359222028796,214.19311788457404,293.3646106231156,1929.9802551709047,0,0,0,0,0,0,0,0,1.0091559578498743e-25,0,0,1.4
26760.0,0.03129757684562225,214.2035114370258,293.3717281801835,1924.0625966974703,0,0,0,0,0,0,0,0,8.618905779993607e-26,0,0,1.4
26780.0,0.03120010070091836,214.21399563646884,293.37890763779666,1918.1639935313979,0,0,0,0,0,0,0,0,7.363874450775671e-26,0,0,1.4
26800.0,0.031102929850322147,214.22457041976722,293.38614894821205,1912.2843825766665,0,0,0,0,0,0,0,0,6.291748748613136e-26,0,0,1.4
26820.0,0.031006063358442963,214.23523572366219,293.393452063574,1906.4237009076578,0,0,0,0,0,0,0,0,5.370921691111342e-26,0,0,1.4
26840.0,0.030909500298707374,214.24599148440345,293.40081693557573,1900.5818862803555,0,0,0,0,0,0,0,0,4.582225735224185e-26,0,0,1.4
26860.0,0.0308132397467463,214.2568376381177,293.4082435157978,1894.7588766211438,0,0,0,0,0,0,0,0,3.9096031977427014e-26,0,0,1.4
26880.0,0.0307172807781906,214.2677741209317,293.4157317558208,1888.9546098564083,0,0,0,0,0,0,0,0,3.336996395457925e-26,0,0,1.4
26900.000000000004,0.030621622468671183,214.27880086897224,293.42328160722536,1883.1690239125314,0,0,0,0,0,0,0,0,2.8483476451608117e-26,0,0,1.4
26920.0,0.030526263895997215,214.28991781824323,293.4308930214798,1877.4020568837252,0,0,0,0,0,0,0,0,2.429044007252655e-26,0,0,1.4
26940.0,0.030431204146690892,214.30112490425728,293.4385659496038,1871.6536475354992,0,0,0,0,0,0,0,0,2.0702515165748302e-26,0,0,1.4
26960.0,0.03033644230945265,214.31242206240418,293.4463003425048,1865.9237348011893,0,0,0,0,0,0,0,0,1.7645809515788937e-26,0,0,1.4
26980.0,0.030241977472982948,214.3238092280737,293.4540961510901,1860.2122576141305,0,0,0,0,0,0,0,0,1.504643090716402e-26,0,0,1.4
27000.0,0.03014780872598224,214.33528633665563,293.46195332626723,1854.5191549076592,0,0,0,0,0,0,0,0,1.2830487124389103e-26,0,0,1.4
27020.0,0.030053935159303356,214.34685332341695,293.46987181883196,1848.8443657803923,0,0,0,0,0,0,0,0,1.0930763165256986e-26,0,0,1.4
27040.0,0.029960355872408594,214.35851012313375,293.4778515791336,1843.1878299920734,0,0,0,0,0,0,0,0,9.306752880669358e-27,0,0,1.4
27060.000000000004,0.02986706996691264,214.3702566704592,293.4858925574098,1837.5494874677265,0,0,0,0,0,0,0,0,7.924627334804916e-27,0,0,1.4
27080.000000000004,0.029774076544430195,214.38209290004667,293.493994703898,1831.9292781323788,0,0,0,0,0,0,0,0,6.750557591843073e-27,0,0,1.4
27100.0,0.029681374706575933,214.39401874654936,293.50215796883595,1826.3271419110542,0,0,0,0,0,0,0,0,5.7507147159624746e-27,0,0,1.4
27120.0,0.029588963557091195,214.40603414449788,293.5103823023502,1820.7430188915466,0,0,0,0,0,0,0,0,4.894339890299454e-27,0,0,1.4
27140.0,0.02949684220822392,214.4181390279321,293.51866765412296,1815.17684981273,0,0,0,0,0,0,0,0,4.1629547738199495e-27,0,0,1.4
27160.0,0.02940500977434872,214.4303333307693,293.52701397372533,1809.6285755762458,0,0,0,0,0,0,0,0,3.54115114444731e-27,0,0,1.4
27180.0,0.029313465369840187,214.4426169869265,293.53542121072854,1804.098137083737,0,0,0,0,0,0,0,0,3.0135207801048785e-27,0,0,1.4
27200.0,0.029222208109072927,214.4549899303211,293.5438893147038,1798.5854752368462,0,0,0,0,0,0,0,0,2.564655458716002e-27,0,0,1.4
27220.0,0.029131237108522647,214.46745209474756,293.5524182351116,1793.0905310975043,0,0,0,0,0,0,0,0,2.1805512961056087e-27,0,0,1.4
27240.000000000004,0.02904055149306944,214.48000341351025,293.5610079209707,1787.6132463687995,0,0,0,0,0,0,0,0,1.8528217597049106e-27,0,0,1.4
27260.0,0.028950150389694566,214.4926438197907,293.5696583211892,1782.1535629141104,0,0,0,0,0,0,0,0,1.5744846548468715e-27,0,0,1.4
27280.0,0.02886003292537923,214.50537324677063,293.5783693846754,1776.7114225968126,0,0,0,0,0,0,0,0,1.3385577868642794e-27,0,0,1.4
27300.0,0.028770198227104648,214.5181916276317,293.58714106033733,1771.2867672802845,0,0,0,0,0,0,0,0,1.1380589610899834e-27,0,0,1.4
27320.0,0.028680645423927766,214.53109889543302,293.5959732969732,1765.879538985742,0,0,0,0,0,0,0,0,9.666450484553595e-28,0,0,1.4
27340.0,0.02859137365320845,214.54409498274376,293.60486604294164,1760.4896803657628,0,0,0,0,0,0,0,0,8.205291822858895e-28,0,0,1.4
27360.0,0.028502382054382273,214.55717982201057,293.61381924649123,1755.1171342307632,0,0,0,0,0,0,0,0,6.965635615055812e-28,0,0,1.4
27380.0,0.02841366976688483,214.57035334568005,293.62283285587057,1749.7618433911605,0,0,0,0,0,0,0,0,5.916003850384427e-28,0,0,1.4
27400.000000000004,0.028325235930151686,214.58361548619882,293.6319068193283,1744.42375065737,0,0,0,0,0,0,0,0,5.0249185180846745e-28,0,0,1.4
27420.0,0.02823707968566898,214.59696617589114,293.64104108500374,1739.1027989952324,0,0,0,0,0,0,0,0,4.263794801704558e-28,0,0,1.4
27440.0,0.028149200183124938,214.61040534659153,293.6502356005989,1733.798931992274,0,0,0,0,0,0,0,0,3.6156206620220444e-28,0,0,1.4
27460.0,0.02806159657425831,214.62393293001227,293.65949031370627,1728.5120933914432,0,0,0,0,0,0,0,0,3.066277254122885e-28,0,0,1.4
27480.0,0.027974268010807858,214.63754885786545,293.66880517191873,1723.2422269356884,0,0,0,0,0,0,0,0,2.6016457330928317e-28,0,0,1.4
27500.0,0.027887213644512337,214.6512530618632,293.67818012282873,1717.9892763679586,0,0,0,0,0,0,0,0,2.2076072540176338e-28,0,0,1.4
27520.0,0.02780043262913602,214.66504547359543,293.6876151139203,1712.7531855842374,0,0,0,0,0,0,0,0,1.8713460457931163e-28,0,0,1.4
27540.0,0.027713924126545213,214.67892602416276,293.69711009224244,1707.533899092648,0,0,0,0,0,0,0,0,1.5852586325553967e-28,0,0,1.4
27560.000000000004,0.0276276873006317,214.6928946445435,293.70666500473544,1702.3313615543475,0,0,0,0,0,0,0,0,1.3430446122506267e-28,0,0,1.4
27580.000000000004,0.027541721315287346,214.70695126571593,293.7162797983395,1697.1455176304967,0,0,0,0,0,0,0,0,1.1384035828250813e-28,0,0,1.4
27600.0,0.02745602533440393,214.72109581865834,293.72595441999493,1691.9763119822526,0,0,0,0,0,0,0,0,9.650351422249051e-29,0,0,1.4
27620.0,0.02737059852387395,214.73532823422687,293.7356888165339,1686.823689421452,0,0,0,0,0,0,0,0,8.172227643324681e-29,0,0,1.4
27640.0,0.027285440057592564,214.74964844278875,293.7454829343562,1681.687595362646,0,0,0,0,0,0,0,0,6.915854267748566e-29,0,0,1.4
27660.0,0.02720054911145562,214.76405637458905,293.75533671975325,1676.5679753710654,0,0,0,0,0,0,0,0,5.853259831153364e-29,0,0,1.4
27680.0,0.02711592486135896,214.77855195987286,293.7652501190167,1671.4647750119404,0,0,0,0,0,0,0,0,4.9564728691717335e-29,0,0,1.4
27700.0,0.027031566483198422,214.7931351288852,293.7752230784381,1666.377939850501,0,0,0,0,0,0,0,0,4.197521917436331e-29,0,0,1.4
27720.0,0.026947473154845872,214.80780581174906,293.78525554420156,1661.30741560033,0,0,0,0,0,0,0,0,3.551038265804017e-29,0,0,1.4
27740.000000000004,0.02686364406207722,214.822563938099,293.79534746206116,1656.2531485684226,0,0,0,0,0,0,0,0,3.0020642210283735e-29,0,0,1.4
27760.0,0.026780078392644464,214.83740943744743,293.8054987776634,1651.215085210128,0,0,0,0,0,0,0,0,2.5382448440874753e-29,0,0,1.4
27780.0,0.026696775334299535,214.85234223930695,293.81570943665486,1646.193171980795,0,0,0,0,0,0,0,0,2.1472251959590955e-29,0,0,1.4
27800.0,0.02661373407479439,214.86736227318985,293.8259793846822,1641.1873553357698,0,0,0,0,0,0,0,0,1.816650337621113e-29,0,0,1.4
27820.0,0.026530953803832538,214.88246946848676,293.83630856728513,1636.197581876459,0,0,0,0,0,0,0,0,1.535319600629425e-29,0,0,1.4
27840.0,0.026448433718923692,214.8976637541001,293.8466969295757,1631.2237987885003,0,0,0,0,0,0,0,0,1.2966493988520013e-29,0,0,1.4
27860.0,0.02636617301952912,214.91294505881055,293.8571444165595,1626.2659534035859,0,0,0,0,0,0,0,0,1.095210416734828e-29,0,0,1.4
27880.0,0.026284170905110094,214.92831331139857,293.8676509732416,1621.3239930534107,0,0,0,0,0,0,0,0,9.25573338723893e-30,0,0,1.4
27900.000000000004,0.02620242657512786,214.94376844064473,293.8782165446276,1616.3978650696688,0,0,0,0,0,0,0,0,7.823088492651596e-30,0,0,1.4
27920.0,0.02612093923097099,214.95931037520774,293.8888410756165,1611.4875169278478,0,0,0,0,0,0,0,0,6.604968989622253e-30,0,0,1.4
27940.0,0.026039708081737126,214.9749390432588,293.8995245106825,1606.592896678604,0,0,0,0,0,0,0,0,5.5725450304884976e-30,0,0,1.4
27960.0,0.025958732338451182,214.99065437284733,293.91026679419366,1601.7139525163866,0,0,0,0,0,0,0,0,4.702079429163807e-30,0,0,1.4
27980.0,0.025878011212138074,215.00645629202265,293.9210678705177,1596.850632635645,0,0,0,0,0,0,0,0,3.9698349995616555e-30,0,0,1.4
28000.0,0.025797543913822715,215.02234472883413,293.9319276840227,1592.0028852308292,0,0,0,0,0,0,0,0,3.352074555595518e-30,0,0,1.4
28020.0,0.025717329656433224,215.03831961120943,293.9428461789711,1587.1706586379453,0,0,0,0,0,0,0,0,2.827296261319171e-30,0,0,1.4
28040.0,0.025637367660510463,215.05438086658913,293.9538232992026,1582.3539017592293,0,0,0,0,0,0,0,0,2.382939681347583e-30,0,0,1.4
28060.000000000004,0.025557657148498475,215.0705284222922,293.96485898845197,1577.5525636384734,0,0,0,0,0,0,0,0,2.0086797304359604e-30,0,0,1.4
28080.000000000004,0.025478197342841333,215.08676220563748,293.97595319045337,1572.7665933194726,0,0,0,0,0,0,0,0,1.694191323339703e-30,0,0,1.4
28100.0,0.025398987465983076,215.1030821439439,293.9871058489414,1567.9959398460192,0,0,0,0,0,0,0,0,1.4291493748140057e-30,0,0,1.4
28120.0,0.025320026742247058,215.11948816440875,293.99831690754536,1563.240552401258,0,0,0,0,0,0,0,0,1.2042049363679858e-30,0,0,1.4
28140.0,0.025241314403473804,215.13598019374288,294.009586309475,1558.5003807257417,0,0,0,0,0,0,0,0,1.0139136065261584e-30,0,0,1.4
28160.0,0.025162849683383143,215.15255815853547,294.02091399783524,1553.7753746993744,0,0,0,0,0,0,0,0,8.538071205668877e-31,0,0,1.4
28180.0,0.025084631815694904,215.1692219853758,294.0322999157308,1549.0654842020608,0,0,0,0,0,0,0,0,7.194172137685387e-31,0,0,1.4
28200.0,0.025006660034128915,215.1859716008531,294.0437440062665,1544.3706591137047,0,0,0,0,0,0,0,0,6.062756214094756e-31,0,0,1.4
28220.0,0.0249289335742606,215.20280693143508,294.05524621244285,1539.6908494513866,0,0,0,0,0,0,0,0,5.103381520671978e-31,0,0,1.4
28240.000000000004,0.02485145167908776,215.21972790310357,294.0668064768433,1535.0260057808894,0,0,0,0,0,0,0,0,4.292569075157311e-31,0,0,1.4
28260.0,0.024774213593463816,215.23673444171897,294.078424741947,1530.3760788051734,0,0,0,0,0,0,0,0,3.611080628282781e-31,0,0,1.4
28280.0,0.024697218562242176,215.2538264731416,294.09010095023314,1525.741019227198,0,0,0,0,0,0,0,0,3.0396779307799736e-31,0,0,1.4
28300.0,0.02462046583027624,215.2710039232318,294.1018350441808,1521.120777749922,0,0,0,0,0,0,0,0,2.559122733380631e-31,0,0,1.4
28320.0,0.02454395464425151,215.2882667177286,294.11362696616567,1516.5153052113337,0,0,0,0,0,0,0,0,2.1520096798937765e-31,0,0,1.4
28340.0,0.02446768425818187,215.3056147818856,294.1254766581488,1511.9245529895393,0,0,0,0,0,0,0,0,1.8082649864375573e-31,0,0,1.4
28360.0,0.02439165392791329,215.32304804083518,294.1373840619878,1507.3484725976723,0,0,0,0,0,0,0,0,1.519647762207404e-31,0,0,1.4
28380.0,0.02431586290929175,215.34056641970957,294.14934911954,1502.7870155488677,0,0,0,0,0,0,0,0,1.277917116398745e-31,0,0,1.4
28400.000000000004,0.024240310458163206,215.3581698436411,294.16137177266324,1498.2401333562584,0,0,0,0,0,0,0,0,1.0748321582069773e-31,0,0,1.4
28420.0,0.024164995832182457,215.37585823764087,294.173451963112,1493.7077776658923,0,0,0,0,0,0,0,0,9.029401307799915e-32,0,0,1.4
28440.0,0.024089918296239403,215.39363152623523,294.18558963222915,1489.1899006554602,0,0,0,0,0,0,0,0,7.579408130751309e-32,0,0,1.4
28460.0,0.02401507711703276,215.41148963382923,294.19778472125466,1484.6864546355655,0,0,0,0,0,0,0,0,6.363221180021692e-32,0,0,1.4
28480.0,0.023940471561261237,215.42943248482806,294.2100371714286,1480.1973919168108,0,0,0,0,0,0,0,0,5.345719584708792e-32,0,0,1.4
28500.0,0.02386610089562354,215.4474600036368,294.2223469239909,1475.7226648097999,0,0,0,0,0,0,0,0,4.491782473910348e-32,0,0,1.4
28520.0,0.023791964388604064,215.46557211453953,294.23471392007934,1471.262225755958,0,0,0,0,0,0,0,0,3.769660532889965e-32,0,0,1.4
28540.0,0.023718061315829944,215.4837687413361,294.2471381004228,1466.816027720002,0,0,0,0,0,0,0,0,3.161090671574746e-32,0,0,1.4
28560.000000000004,0.023644390954713983,215.50204980770542,294.2596194056476,1462.3840237974698,0,0,0,0,0,0,0,0,2.651181356057586e-32,0,0,1.4
28580.000000000004,0.023570952582669023,215.5204152373263,294.2721577763804,1457.9661670839027,0,0,0,0,0,0,0,0,2.2250410524316424e-32,0,0,1.4
28600.0,0.023497745477107854,215.53886495387755,294.28475315324783,1453.562410674839,0,0,0,0,0,0,0,0,1.8677782267897918e-32,0,0,1.4
28620.0,0.023424768917206087,215.55739888091716,294.2974054767748,1449.1727077945798,0,0,0,0,0,0,0,0,1.5659362694046162e-32,0,0,1.4
28640.0,0.023352022189190424,215.57601694151947,294.3101146870803,1444.797012182476,0,0,0,0,0,0,0,0,1.3117982672671142e-32,0,0,1.4
28660.0,0.023279504581050353,215.59471905863793,294.3228807241813,1440.4352777066406,0,0,0,0,0,0,0,0,1.0990822315478889e-32,0,0,1.4
28680.0,0.02320721538077536,215.61350515522602,294.3357035280952,1436.0874582351871,0,0,0,0,0,0,0,0,9.215061734175432e-33,0,0,1.4
28700.0,0.023135153876354935,215.6323751542372,294.34858303883937,1431.7535076362285,0,0,0,0,0,0,0,0,7.727881040466799e-33,0,0,1.4
28720.0,0.023063319357518642,215.65132897850413,294.36151919633005,1427.433379904608,0,0,0,0,0,0,0,0,6.472536047521137e-33,0,0,1.4
28740.000000000004,0.02299171112095632,215.6703665503767,294.3745119400804,1423.1270295420895,0,0,0,0,0,0,0,0,5.4165853743548705e-33,0,0,1.4
28760.0,0.02292032846509793,215.6894877920839,294.38756120950256,1418.8344111771698,0,0,0,0,0,0,0,0,4.533663341447095e-33,0,0,1.4
28780.0,0.02284917068837338,215.70869262585472,294.4006669440087,1414.555479438343,0,0,0,0,0,0,0,0,3.797404269276331e-33,0,0,1.4
28800.0,0.022778237089212613,215.72798097391833,294.41382908301097,1410.290188954104,0,0,0,0,0,0,0,0,3.181442478321299e-33,0,0,1.4
28820.0,0.022707526967763122,215.74735275838313,294.42704756582145,1406.0384944776742,0,0,0,0,0,0,0,0,2.661971661720233e-33,0,0,1.4
28840.0,0.022637039631042716,215.76680790087534,294.44032233135175,1401.8003512611817,0,0,0,0,0,0,0,0,2.225423003249417e-33,0,0,1.4
28860.0,0.022566774387786773,215.78634632290056,294.453653318413,1397.5757146814801,0,0,0,0,0,0,0,0,1.860787059344647e-33,0,0,1.4
28880.0,0.022496730546730653,215.80596794596445,294.46704046581675,1393.3645401154236,0,0,0,0,0,0,0,0,1.557054386441718e-33,0,0,1.4
28900.000000000004,0.022426907416609736,215.8256726915726,294.4804837123742,1389.1667829398662,0,0,0,0,0,0,0,0,1.3032155409763851e-33,0,0,1.4
28920.0,0.022357304307854688,215.84546048111028,294.4939829967974,1384.9823986544131,0,0,0,0,0,0,0,0,1.0893336871885247e-33,0,0,1.4
28940.0,0.022287920537677246,215.86533123548102,294.50753825740054,1380.8113432496698,0,0,0,0,0,0,0,0,9.097624205338486e-34,0,0,1.4
28960.0,0.022218755424984415,215.88528487546802,294.5211494323984,1376.6535728389915,0,0,0,0,0,0,0,0,7.599279442721099e-34,0,0,1.4
28980.0,0.022149808288683223,215.90532132185453,294.53481646000574,1372.5090435357345,0,0,0,0,0,0,0,0,6.3525646166306195e-34,0,0,1.4
29000.0,0.022081078447680685,215.9254404954237,294.5485392784375,1368.3777114532545,0,0,0,0,0,0,0,0,5.311741759664588e-34,0,0,1.4
29020.0,0.022012565222557,215.9456423168385,294.5623178258096,1364.2595328257091,0,0,0,0,0,0,0,0,4.435545085602537e-34,0,0,1.4
29040.0,0.021944267940585092,215.96592670628092,294.5761520398435,1360.154464370464,0,0,0,0,0,0,0,0,3.7005975329520065e-34,0,0,1.4
29060.000000000004,0.021876185930711067,215.98629358381288,294.5900418581617,1356.0624629256856,0,0,0,0,0,0,0,0,3.0879942214024424e-34,0,0,1.4
29080.000000000004,0.021808318521881045,216.00674286949612,294.6039872183868,1351.9834853295436,0,0,0,0,0,0,0,0,2.578830270643601e-34,0,0,1.4
29100.0,0.021740665043041136,216.02727448339246,294.6179880581413,1347.9174884202039,0,0,0,0,0,0,0,0,2.1542008003649053e-34,0,0,1.4
29120.0,0.02167322482478874,216.04788834544368,294.6320443149499,1343.8644291547148,0,0,0,0,0,0,0,0,1.7970560395942122e-34,0,0,1.4
29140.0,0.02160599720432641,216.06858437511136,294.6461559259453,1339.8242649656472,0,0,0,0,0,0,0,0,1.4977666547126308e-34,0,0,1.4
29160.0,0.021538981520508007,216.08936249173695,294.6603228281622,1335.7969534044519,0,0,0,0,0,0,0,0,1.2485584214395837e-34,0,0,1.4
29180.0,0.021472177112187383,216.11022261466198,294.6745449586353,1331.78245202258,0,0,0,0,0,0,0,0,1.0416571154944944e-34,0,0,1.4
29200.0,0.021405583318218402,216.131164663228,294.6888222543995,1327.7807183714822,0,0,0,0,0,0,0,0,8.692885125967854e-35,0,0,1.4
29220.0,0.02133919947908451,216.15218855665657,294.703154652392,1323.7917101195974,0,0,0,0,0,0,0,0,7.24443970932622e-35,0,0,1.4
29240.000000000004,0.02127302494178761,216.17329421368993,294.71754208916155,1319.8153854033076,0,0,0,0,0,0,0,0,6.03177178555117e-35,0,0,1.4
29260.0,0.021207059054959215,216.19448155295026,294.73198450115933,1315.8517024759856,0,0,0,0,0,0,0,0,5.023074059841884e-35,0,0,1.4
29280.0,0.02114130116723082,216.21575049305994,294.7464818248368,1311.9006195910003,0,0,0,0,0,0,0,0,4.186539237396888e-35,0,0,1.4
29300.0,0.021075750627233932,216.2371009526413,294.761033996645,1307.9620950017227,0,0,0,0,0,0,0,0,3.4903600234149313e-35,0,0,1.4
29320.0,0.02101040678520818,216.25853285019684,294.7756409529389,1304.0360870766422,0,0,0,0,0,0,0,0,2.905872434734045e-35,0,0,1.4
29340.0,0.020945268997825717,216.28004610375058,294.790302629687,1300.1225546447254,0,0,0,0,0,0,0,0,2.4169857347493434e-35,0,0,1.4
29360.0,0.02088033662336683,216.30164063120657,294.80501896276195,1296.2214566500575,0,0,0,0,0,0,0,0,2.0107524984952195e-35,0,0,1.4
29380.0,0.0208156090201118,216.32331635046916,294.81978988803576,1292.332752036724,0,0,0,0,0,0,0,0,1.674225301006061e-35,0,0,1.4
29400.000000000004,0.020751085546340902,216.34507317944244,294.8346153413808,1288.4563997488099,0,0,0,0,0,0,0,0,1.3944567173162134e-35,0,0,1.4
29420.0,0.020686765561921294,216.3669110359112,294.8494952585736,1284.5923588436806,0,0,0,0,0,0,0,0,1.1597832973645156e-35,0,0,1.4
29440.0,0.020622648433067537,216.38882983718213,294.8644295750076,1280.740588831813,0,0,0,0,0,0,0,0,9.636774907070661e-36,0,0,1.4
29460.0,0.02055873352758107,216.41082950044262,294.8794182259807,1276.901049336963,0,0,0,0,0,0,0,0,8.008957218043696e-36,0,0,1.4
29480.0,0.020495020213263323,216.43290994287992,294.89446114679055,1273.0736999828866,0,0,0,0,0,0,0,0,6.661944151169315e-36,0,0,1.4
29500.0,0.02043150785791573,216.45507108168135,294.90955827273484,1269.25850039334,0,0,0,0,0,0,0,0,5.543299951052568e-36,0,0,1.4
29520.0,0.020368195830905513,216.47731283391488,294.92470953901653,1265.455410303543,0,0,0,0,0,0,0,0,4.6058068120166487e-36,0,0,1.4
29540.0,0.020305083507863076,216.49963511617136,294.93991488045816,1261.664389894571,0,0,0,0,0,0,0,0,3.823118727257328e-36,0,0,1.4
29560.000000000004,0.020242170265984603,216.52203784492235,294.95517423178757,1257.8853994589626,0,0,0,0,0,0,0,0,3.174107639688419e-36,0,0,1.4
29580.000000000004,0.020179455482466305,216.54452093663934,294.9704875277325,1254.1183992892588,0,0,0,0,0,0,0,0,2.637645492224066e-36,0,0,1.4
29600.0,0.020116938534504372,216.56708430779392,294.98585470302066,1250.3633496779976,0,0,0,0,0,0,0,0,2.192604227778059e-36,0,0,1.4
29620.0,0.02005461880083993,216.58972787473851,295.00127569228556,1246.6202110273944,0,0,0,0,0,0,0,0,1.819965476716225e-36,0,0,1.4
29640.0,0.019992495666393842,216.61245155334922,295.01675042978377,1242.888944178365,0,0,0,0,0,0,0,0,1.5091496192120346e-36,0,0,1.4
29660.0,0.019930568517631923,216.63525525938317,295.03227884967754,1239.1695100815011,0,0,0,0,0,0,0,0,1.2516867228908707e-36,0,0,1.4
29680.0,0.01986883674101996,216.65813890859732,295.0478608861291,1235.4618696873947,0,0,0,0,0,0,0,0,1.0391068553781147e-36,0,0,1.4
29700.0,0.01980729972302377,216.68110241674876,295.0634964733009,1231.7659839466367,0,0,0,0,0,0,0,0,8.629400842991483e-37,0,0,1.4
29720.0,0.019745956851633432,216.70414569947556,295.0791855452616,1228.0818139177322,0,0,0,0,0,0,0,0,7.155650944809296e-37,0,0,1.4
29740.000000000004,0.019684807520936168,216.72726867194046,295.09492803570623,1224.4093210908347,0,0,0,0,0,0,0,0,5.927550395566988e-37,0,0,1.4
29760.0,0.019623851126543506,216.75047124918714,295.11072387823606,1220.7484670640135,0,0,0,0,0,0,0,0,4.911316903613361e-37,0,0,1.4
29780.0,0.019563087064066936,216.77375334625938,295.12657300645253,1217.099213435335,0,0,0,0,0,0,0,0,4.073168177296547e-37,0,0,1.4
29800.0,0.019502514729117973,216.7971148782009,295.142475353957,1213.4615218028666,0,0,0,0,0,0,0,0,3.3793219249649143e-37,0,0,1.4
29820.0,0.019442133518811962,216.82055575993678,295.15843085425826,1209.8353538708518,0,0,0,0,0,0,0,0,2.7993919639426183e-37,0,0,1.4
29840.0,0.019381942836279614,216.8440759059174,295.1744394404941,1206.220671768234,0,0,0,0,0,0,0,0,2.3165765474569567e-37,0,0,1.4
29860.0,0.019321942086155473,216.86767523047465,295.1905010457097,1202.6174377301334,0,0,0,0,0,0,0,0,1.9174700377110136e-37,0,0,1.4
29880.0,0.019262130673074085,216.89135364794012,295.2066156029502,1199.0256139916692,0,0,0,0,0,0,0,0,1.5886667969078738e-37,0,0,1.4
29900.000000000004,0.019202508001669987,216.91511107264574,295.2227830452607,1195.4451627879612,0,0,0,0,0,0,0,0,1.3167611872505758e-37,0,0,1.4
29920.0,0.019143073478061347,216.93894741880473,295.23900330559445,1191.8760464585932,0,0,0,0,0,0,0,0,1.0896997308829738e-37,0,0,1.4
29940.0,0.01908382651430071,216.96286260015654,295.25527631653694,1188.318227761001,0,0,0,0,0,0,0,0,9.00837589711471e-38,0,0,1.4
29960.0,0.019024766523924253,216.98685653032237,295.27160201058166,1184.7716695570841,0,0,0,0,0,0,0,0,7.448820855831977e-38,0,0,1.4
29980.0,0.018965892920468123,217.0109291229232,295.28798032022206,1181.2363347087419,0,0,0,0,0,0,0,0,6.165405403452849e-38,0,0,1.4
30000.0,0.01890720511746849,217.03508029158004,295.30441117795186,1177.7121860778748,0,0,0,0,0,0,0,0,5.105202758448632e-38,0,0,1.4
30020.0,0.01884870252992508,217.0593099497958,295.32089451617327,1174.1991866291585,0,0,0,0,0,0,0,0,4.2206422771761015e-38,0,0,1.4
30040.0,0.01879038457869193,217.0836180106004,295.33743026692406,1170.6972997383732,0,0,0,0,0,0,0,0,3.4855778675338977e-38,0,0,1.4
30060.000000000004,0.018732250686086617,217.10800438690546,295.3540183621509,1167.206488884076,0,0,0,0,0,0,0,0,2.879219575306034e-38,0,0,1.4
30080.000000000004,0.018674300274426764,217.13246899162277,295.3706587338002,1163.7267175448244,0,0,0,0,0,0,0,0,2.380777446276831e-38,0,0,1.4
30100.0,0.018616532766029946,217.15701173766394,295.3873513138187,1160.257949199175,0,0,0,0,0,0,0,0,1.9694615262302795e-38,0,0,1.4
30120.0,0.018558947584657513,217.1816325378227,295.40409603406255,1156.800147426799,0,0,0,0,0,0,0,0,1.626592690829994e-38,0,0,1.4
30140.0,0.018501544159845795,217.20633130442073,295.42089282602643,1153.3532762118218,0,0,0,0,0,0,0,0,1.341935135257611e-38,0,0,1.4
30160.0,0.018444321922574898,217.23110794966178,295.4377416211148,1149.9172996394836,0,0,0,0,0,0,0,0,1.1073638845742731e-38,0,0,1.4
30180.0,0.018387280303824895,217.25596238574948,295.45464235073194,1146.4921817950244,0,0,0,0,0,0,0,0,9.147539638411224e-39,0,0,1.4
30200.0,0.018330418734575873,217.2808945248876,295.47159494628215,1143.0778867636836,0,0,0,0,0,0,0,0,7.559803981193014e-39,0,0,1.4
30220.0,0.01827373664723206,217.30590427916195,295.4885993390802,1139.6743787301778,0,0,0,0,0,0,0,0,6.237458364665372e-39,0,0,1.4
30240.000000000004,0.018217233479894176,217.3309915601875,295.5056554600826,1136.281622277124,0,0,0,0,0,0,0,0,5.140634239268786e-39,0,0,1.4
30260.0,0.01816090867208714,217.35615627946123,295.5227632401561,1132.8995820866191,0,0,0,0,0,0,0,0,4.2377392954101666e-39,0,0,1.4
30280.0,0.018104761663335803,217.3813983484803,295.5399226101676,1129.5282228407573,0,0,0,0,0,0,0,0,3.4971812234958216e-39,0,0,1.4
30300.0,0.01804879189316505,217.4067176787417,295.55713350098387,1126.1675092216328,0,0,0,0,0,0,0,0,2.8873677139322774e-39,0,0,1.4
30320.0,0.01799299880250448,217.43211418162502,295.57439584338294,1122.8174060092026,0,0,0,0,0,0,0,0,2.3799348904312918e-39,0,0,1.4
30340.0,0.017937381837902562,217.45758776803967,295.5917095677878,1119.4778783748711,0,0,0,0,0,0,0,0,1.9594326099255745e-39,0,0,1.4
30360.0,0.01788194044731251,217.48313834877754,295.60907460453245,1116.1488915879052,0,0,0,0,0,0,0,0,1.613639162653073e-39,0,0,1.4
30380.0,0.01782667407868751,217.50876583463054,295.62649088395096,1112.8304109175706,0,0,0,0,0,0,0,0,1.330332838851733e-39,0,0,1.4
30400.000000000004,0.017771582179980757,217.5344701363905,295.6439583363775,1109.5224016331335,0,0,0,0,0,0,0,0,1.0972919287594636e-39,0,0,1.4
30420.0,0.017716664200530988,217.56025116473208,295.66147689205815,1106.2248291001338,0,0,0,0,0,0,0,0,9.035476618358088e-40,0,0,1.4
30440.0,0.01766191959521896,217.58610882986068,295.67904648088694,1102.9376590691963,0,0,0,0,0,0,0,0,7.431430244262551e-40,0,0,1.4
30460.0,0.017607347820310974,217.61204304186452,295.69666703267006,1099.6608573872204,0,0,0,0,0,0,0,0,6.113739420978507e-40,0,0,1.4
30480.0,0.017552948332073322,217.6380537108316,295.71433847721363,1096.3943899011038,0,0,0,0,0,0,0,0,5.035363404176449e-40,0,0,1.4
30500.0,0.017498720586772286,217.66414074685017,295.7320607443238,1093.1382224577453,0,0,0,0,0,0,0,0,4.1492614495268585e-40,0,0,1.4
30520.0,0.017444664042040682,217.69030405989128,295.74983376371944,1089.8923209987483,0,0,0,0,0,0,0,0,3.413230615477852e-40,0,0,1.4
30540.0,0.01739077816097738,217.71654355945788,295.76765746477076,1086.6566518445395,0,0,0,0,0,0,0,0,2.8044191715880485e-40,0,0,1.4
30560.000000000004,0.017337062408047756,217.74285915493581,295.7855317767607,1083.4311814102507,0,0,0,0,0,0,0,0,2.304813190193614e-40,0,0,1.4
30580.000000000004,0.01728351624771721,217.76925075571089,295.8034566289723,1080.2158761110145,0,0,0,0,0,0,0,0,1.896398743630972e-40,0,0,1.4
30600.0,0.017230139144451127,217.79571827116905,295.82143195068835,1077.010702361963,0,0,0,0,0,0,0,0,1.5611619042362703e-40,0,0,1.4
30620.0,0.01717693056406261,217.82226161057935,295.83945767110555,1073.8156266713904,0,0,0,0,0,0,0,0,1.282947176899503e-40,0,0,1.4
30640.0,0.01712388997775564,217.84888068274367,295.857533719075,1070.6306159202416,0,0,0,0,0,0,0,0,1.0530327967256545e-40,0,0,1.4
30660.0,0.017071016858081926,217.87557539634716,295.87566002336115,1067.4556370826235,0,0,0,0,0,0,0,0,8.645554313734548e-41,0,0,1.4
30680.0,0.017018310677593178,217.90234566007484,295.8938365127287,1064.2906571326444,0,0,0,0,0,0,0,0,7.106517485016353e-41,0,0,1.4
30700.0,0.016965770908841087,217.92919138261192,295.9120631159423,1061.1356430444107,0,0,0,0,0,0,0,0,5.84458415768927e-41,0,0,1.4
30720.0,0.0169133970257065,217.95611247252688,295.9303397616812,1057.9905618836726,0,0,0,0,0,0,0,0,4.798223757057389e-41,0,0,1.4
30740.000000000004,0.016861188507386753,217.9831088379222,295.9486663782819,1054.8553810827502,0,0,0,0,0,0,0,0,3.934316703291837e-41,0,0,1.4
30760.0,0.016809144834408367,218.01018038678367,295.96704289399565,1051.7300681656081,0,0,0,0,0,0,0,0,3.226846165280963e-41,0,0,1.4
30780.0,0.016757265487297807,218.03732702709723,295.98546923707374,1048.614590656209,0,0,0,0,0,0,0,0,2.6497953119126537e-41,0,0,1.4
30800.0,0.016705549946581567,218.06454866684874,296.0039453357671,1045.508916078516,0,0,0,0,0,0,0,0,2.1771473120749598e-41,0,0,1.4
30820.0,0.016653997694096877,218.09184521390776,296.0224711182423,1042.413012046638,0,0,0,0,0,0,0,0,1.7855861046569246e-41,0,0,1.4
30840.0,0.01660260821692393,218.11921657567876,296.0410465123267,1039.3268465352653,0,0,0,0,0,0,0,0,1.4625987085515577e-41,0,0,1.4
30860.0,0.01655138100345367,218.14666265944996,296.0596714457627,1036.2503876092335,0,0,0,0,0,0,0,0,1.198372912652861e-41,0,0,1.4
30880.0,0.016500315542077024,218.17418337250948,296.07834584629296,1033.1836033333786,0,0,0,0,0,0,0,0,9.830965058548349e-42,0,0,1.4
30900.000000000004,0.016449411321184933,218.20177862214555,296.0970696416601,1030.1264617725358,0,0,0,0,0,0,0,0,8.069572770514529e-42,0,0,1.4
30920.0,0.016398667830460907,218.22944831553033,296.1158427595226,1027.0789310802124,0,0,0,0,0,0,0,0,6.611647324474715e-42,0,0,1.4
30940.0,0.016348084564758673,218.257192359372,296.1346651272034,1024.0409797645984,0,0,0,0,0,0,0,0,5.410152474903316e-42,0,0,1.4
30960.0,0.016297661020224515,218.28501066026263,296.1535366719413,1021.0125764225546,0,0,0,0,0,0,0,0,4.428269149382041e-42,0,0,1.4
30980.0,0.01624739669300473,218.31290312479433,296.17245732097524,1017.9936896509421,0,0,0,0,0,0,0,0,3.629178275492591e-42,0,0,1.4
31000.0,0.016197291079245606,218.34086965955927,296.19142700154396,1014.9842880466224,0,0,0,0,0,0,0,0,2.976060780816669e-42,0,0,1.4
31020.0,0.01614734367636801,218.36891017103378,296.21044564080336,1011.9843402936744,0,0,0,0,0,0,0,0,2.4359431245799523e-42,0,0,1.4
31040.0,0.016097553986891115,218.39702456523128,296.2295131655765,1008.9938154250518,0,0,0,0,0,0,0,0,1.9912338925840023e-42,0,0,1.4
31060.000000000004,0.01604792151460866,218.42521274804938,296.24862950260365,1006.0126825609258,0,0,0,0,0,0,0,0,1.6281872022742954e-42,0,0,1.4
31080.000000000004,0.015998445763314415,218.45347462538575,296.2677945786248,1003.040910821469,0,0,0,0,0,0,0,0,1.3330571710964929e-42,0,0,1.4
31100.0,0.01594912623680211,218.481810103138,296.28700832037987,1000.0784693268529,0,0,0,0,0,0,0,0,1.0920979164960567e-42,0,0,1.4
31120.0,0.015899962440122296,218.5102190870883,296.3062706545269,997.1253272830374,0,0,0,0,0,0,0,0,8.930035642145806e-43,0,0,1.4
31140.0,0.01585095388335271,218.538701482557,296.3255815073942,994.1814542391348,0,0,0,0,0,0,0,0,7.29228273177893e-43,0,0,1.4
31160.0,0.015802100077827865,218.56725719474883,296.344940805228,991.2468198300464,0,0,0,0,0,0,0,0,5.9566621060788126e-43,0,0,1.4
31180.0,0.015753400534882292,218.59588612886867,296.3643484742747,988.3213936906726,0,0,0,0,0,0,0,0,4.8721154372643296e-43,0,0,1.4
31200.0,0.015704854765850516,218.62458819012136,296.3838044407804,985.4051454559135,0,0,0,0,0,0,0,0,3.987584397554353e-43,0,0,1.4
31220.000000000004,0.015656462283306274,218.6533632835964,296.4033086309098,982.4980448450494,0,0,0,0,0,0,0,0,3.2573755024238412e-43,0,0,1.4
31240.000000000004,0.015608222604780177,218.6822113139228,296.4228609705018,979.6000619148796,0,0,0,0,0,0,0,0,2.65725464037295e-43,0,0,1.4
31260.0,0.015560135249042055,218.71113218561422,296.4424613853136,976.7111668065811,0,0,0,0,0,0,0,0,2.1683525431576385e-43,0,0,1.4
31280.0,0.015512199734861714,218.74012580318424,296.4621098011026,973.8313296613319,0,0,0,0,0,0,0,0,1.7717999425340103e-43,0,0,1.4
31300.0,0.015464415581008995,218.76919207114665,296.48180614362616,970.9605206203096,0,0,0,0,0,0,0,0,1.448727570258169e-43,0,0,1.4
31320.0,0.015416782307475544,218.79833089390013,296.5015503385608,968.0987099076847,0,0,0,0,0,0,0,0,1.182254691921554e-43,0,0,1.4
31340.0,0.015369299439140364,218.8275421753839,296.5213423112607,965.2458680795961,0,0,0,0,0,0,0,0,9.634547084569497e-44,0,0,1.4
31360.0,0.015321966502104305,218.85682581942208,296.54118198699905,962.4019657751767,0,0,0,0,0,0,0,0,7.853895546324768e-44,0,0,1.4
31380.0,0.015274783022468201,218.88618172983902,296.5610692910494,959.5669736335578,0,0,0,0,0,0,0,0,6.411211652162558e-44,0,0,1.4
31400.000000000004,0.015227748526332881,218.91560981045882,296.58100414868505,956.7408622938713,0,0,0,0,0,0,0,0,5.237114749763888e-44,0,0,1.4
31420.0,0.01518086254100386,218.9451099649911,296.6009864850995,953.9236024768762,0,0,0,0,0,0,0,0,4.2695573828157854e-44,0,0,1.4
31440.0,0.015134124598605246,218.97468209668708,296.621016225167,951.115165229837,0,0,0,0,0,0,0,0,3.4758248790263264e-44,0,0,1.4
31460.0,0.01508753423246581,219.0043261086832,296.64109329368205,948.3155216816436,0,0,0,0,0,0,0,0,2.830535762109236e-44,0,0,1.4
31480.0,0.015041090975914327,219.03404190411592,296.66121761543894,945.5246429611874,0,0,0,0,0,0,0,0,2.308308555778238e-44,0,0,1.4
31500.0,0.014994794362279566,219.06382938612185,296.6813891152321,942.7425001973587,0,0,0,0,0,0,0,0,1.8837617837470548e-44,0,0,1.4
31520.0,0.014948643926077976,219.09368845772315,296.70160771777694,939.96906459933,0,0,0,0,0,0,0,0,1.534204503283976e-44,0,0,1.4
31540.0,0.014902639206576682,219.12361902148461,296.721873347473,937.2043076973989,0,0,0,0,0,0,0,0,1.2477079058755414e-44,0,0,1.4
31560.000000000004,0.014856779744230483,219.1536209798569,296.7421859286406,934.4482011021448,0,0,0,0,0,0,0,0,1.0150337165628187e-44,0,0,1.4
31580.000000000004,0.014811065079494201,219.1836942352905,296.7625453856002,931.7007164241479,0,0,0,0,0,0,0,0,8.269436603869933e-45,0,0,1.4
31600.0,0.014765494752822628,219.21383869023586,296.7829516426723,928.9618252739867,0,0,0,0,0,0,0,0,6.741994623891234e-45,0,0,1.4
31620.0,0.014720068305841456,219.24405424702962,296.8034046240991,926.2314993411982,0,0,0,0,0,0,0,0,5.4854497717964905e-45,0,0,1.4
31640.0,0.014674785284859911,219.27434080755216,296.8239042538102,923.5097106311473,0,0,0,0,0,0,0,0,4.456525776463527e-45,0,0,1.4
31660.0,0.014629645237358118,219.3046982735698,296.8444504556572,920.7964312281563,0,0,0,0,0,0,0,0,3.6217676624635233e-45,0,0,1.4
31680.0,0.014584647710816193,219.33512654684898,296.86504315349146,918.0916332165475,0,0,0,0,0,0,0,0,2.947720454367662e-45,0,0,1.4
31700.0,0.014539792252714257,219.365625529156,296.88568227116457,915.3952886806435,0,0,0,0,0,0,0,0,2.4009291767471234e-45,0,0,1.4
31720.000000000004,0.014495078411686712,219.39619512214352,296.9063677324506,912.7073697824189,0,0,0,0,0,0,0,0,1.951505704221826e-45,0,0,1.4
31740.000000000004,0.014450505740985175,219.42683522700932,296.92709946081436,910.0278489944637,0,0,0,0,0,0,0,0,1.5838293116071606e-45,0,0,1.4
31760.0,0.014406073795015526,219.45754574483732,296.94787737964344,907.3566988670192,0,0,0,0,0,0,0,0,1.2858461237670854e-45,0,0,1.4
31780.0,0.014361782128183651,219.4883265767116,296.96870141232546,904.6938919503276,0,0,0,0,0,0,0,0,1.0455022655656462e-45,0,0,1.4
31800.0,0.014317630294895455,219.5191776237161,296.98957148224775,902.0394007946301,0,0,0,0,0,0,0,0,8.507438618668898e-46,0,0,1.4
31820.0,0.014273617850694718,219.55009878682148,297.01048751272145,899.3931980265389,0,0,0,0,0,0,0,0,6.9080584201782036e-46,0,0,1.4
31840.0,0.014229744355676834,219.58108996654454,297.03144942675175,896.7552565781435,0,0,0,0,0,0,0,0,5.600783532972772e-46,0,0,1.4
31860.0,0.014186009371075097,219.61215106328888,297.0524571472671,894.1255494579028,0,0,0,0,0,0,0,0,4.5424034746705855e-46,0,0,1.4
31880.0,0.014142412458122795,219.6432819774579,297.0735105971962,891.5040496742762,0,0,0,0,0,0,0,0,3.689707762889623e-46,0,0,1.4
31900.000000000004,0.014098953178053217,219.67448260945505,297.0946096994677,888.8907302357227,0,0,0,0,0,0,0,0,2.9994859152477543e-46,0,0,1.4
31920.0,0.014055631093221362,219.70575285957074,297.1157543769345,886.2855642258079,0,0,0,0,0,0,0,0,2.433160593044236e-46,0,0,1.4
31940.0,0.014012445770469006,219.7370926276429,297.1369445521469,883.6885250285193,0,0,0,0,0,0,0,0,1.970687032302097e-46,0,0,1.4
31960.0,0.013969396777759631,219.76850181339634,297.15818014757974,881.0995861029505,0,0,0,0,0,0,0,0,1.5966536127255387e-46,0,0,1.4
31980.0,0.013926483683056717,219.7999803165559,297.17946108570777,878.5187209081954,0,0,0,0,0,0,0,0,1.295648714018763e-46,0,0,1.4
32000.0,0.013883706054323739,219.83152803684632,297.20078728900575,875.9459029033472,0,0,0,0,0,0,0,0,1.0522607158859715e-46,0,0,1.4
32020.000000000004,0.013841063460629861,219.86314487387972,297.22215867987353,873.3811056213609,0,0,0,0,0,0,0,0,8.527351084977145e-47,0,0,1.4
32040.0,0.013798555475467036,219.8948307268169,297.24357518041177,870.8243028906398,0,0,0,0,0,0,0,0,6.899458238901917e-47,0,0,1.4
32060.000000000004,0.013756181673432847,219.92658549470593,297.26503671264646,868.2754686134447,0,0,0,0,0,0,0,0,5.584239045657699e-47,0,0,1.4
32080.0,0.013713941629124936,219.95840907659485,297.2865431986035,865.7345766920407,0,0,0,0,0,0,0,0,4.527003930270281e-47,0,0,1.4
32100.0,0.013671834917140892,219.99030137153176,297.30809456030875,863.2016010286893,0,0,0,0,0,0,0,0,3.6730633177637375e-47,0,0,1.4
32119.999999999996,0.01362986111316823,220.0222622784522,297.3296907197141,860.6765155982923,0,0,0,0,0,0,0,0,2.9736244077171096e-47,0,0,1.4
32140.0,0.01358801979725389,220.05429169584187,297.3513315984758,858.1592946662953,0,0,0,0,0,0,0,0,2.403481497922656e-47,0,0,1.4
32160.000000000004,0.013546310550534733,220.086389522074,297.3730171181758,855.6499125707827,0,0,0,0,0,0,0,0,1.9433256607269888e-47,0,0,1.4
32180.0,0.01350473295414761,220.11855565552176,297.39474720039635,853.14834364984,0,0,0,0,0,0,0,0,1.573847968476563e-47,0,0,1.4
32200.000000000004,0.013463286589229339,220.1507899945584,297.41652176671954,850.6545622415491,0,0,0,0,0,0,0,0,1.2757394935174605e-47,0,0,1.4
32220.0,0.013421971037991032,220.18309243744497,297.43834073865435,848.1685427554272,0,0,0,0,0,0,0,0,1.0317789950877711e-47,0,0,1.4
32240.000000000004,0.013380785886940727,220.21546288199397,297.4602040374174,845.6902598867123,0,0,0,0,0,0,0,0,8.330959799913006e-48,0,0,1.4
32259.999999999996,0.013339730723660749,220.24790122590565,297.48211158415194,843.219688402078,0,0,0,0,0,0,0,0,6.729076419237007e-48,0,0,1.4
32280.0,0.013298805135733385,220.2804073668804,297.5040633000015,840.7568030681931,0,0,0,0,0,0,0,0,5.4443117458036485e-48,0,0,1.4
32299.999999999996,0.013258008710740963,220.31298120261852,297.52605910610947,838.301578651731,0,0,0,0,0,0,0,0,4.408837716568942e-48,0,0,1.4
32320.0,0.01321734103732457,220.34562263070853,297.548098923547,835.8539899896059,0,0,0,0,0,0,0,0,3.562179942598478e-48,0,0,1.4
32340.000000000004,0.013176801708360553,220.3783315482916,297.57018267309604,833.4140121997115,0,0,0,0,0,0,0,0,2.8732787314039936e-48,0,0,1.4
32360.0,0.013136390317784059,220.4111078523972,297.59231027546645,830.9816204701876,0,0,0,0,0,0,0,0,2.3184280646082674e-48,0,0,1.4
32380.000000000004,0.013096106459530205,220.44395144005475,297.61448165136807,828.5567899891703,0,0,0,0,0,0,0,0,1.873921923833511e-48,0,0,1.4
32400.0,0.013055949727534157,220.47686220829357,297.6366967215104,826.1394959447994,0,0,0,0,0,0,0,0,1.5160542907026584e-48,0,0,1.4
32420.0,0.013015919716774578,220.50984005403163,297.658955406532,823.729713594288,0,0,0,0,0,0,0,0,1.2236962509417077e-48,0,0,1.4
32439.999999999996,0.012976016026404408,220.54288487374092,297.6812576267855,821.3274184711572,0,0,0,0,0,0,0,0,9.860273066917027e-49,0,0,1.4
32460.0,0.012936238256620084,220.57599656378184,297.7036033025519,818.9325861780018,0,0,0,0,0,0,0,0,7.948040641969484e-49,0,0,1.4
32480.000000000004,0.012896586007618083,220.609175020515,297.7259923541125,816.545192317419,0,0,0,0,0,0,0,0,6.4178312970201076e-49,0,0,1.4
32500.0,0.012857058879594888,220.6424201403008,297.7484247017486,814.1652124920059,0,0,0,0,0,0,0,0,5.187211094514013e-49,0,0,1.4
32520.000000000004,0.012817656473775422,220.6757318193886,297.77090026567066,811.7926223722836,0,0,0,0,0,0,0,0,4.1827317262368595e-49,0,0,1.4
32540.0,0.012778378395498632,220.70910995358315,297.7934189658069,809.4273979004839,0,0,0,0,0,0,0,0,3.3668874013430545e-49,0,0,1.4
32560.000000000004,0.012739224251131904,220.7425544385781,297.8159807220152,807.0695150867613,0,0,0,0,0,0,0,0,2.7111579583274745e-49,0,0,1.4
32580.0,0.012700193647042668,220.77606517006703,297.8385854541531,804.7189499412742,0,0,0,0,0,0,0,0,2.1870232356860596e-49,0,0,1.4
32600.0,0.012661286189598312,220.80964204374357,297.86123308207834,802.3756784741774,0,0,0,0,0,0,0,0,1.7659630719138944e-49,0,0,1.4
32619.999999999996,0.01262250148617988,220.84328495519048,297.8839235255789,800.0396767624244,0,0,0,0,0,0,0,0,1.4225744316178597e-49,0,0,1.4
32640.0,0.012583839148222814,220.87699379954748,297.90665670416377,797.7109211501453,0,0,0,0,0,0,0,0,1.1439227838487244e-49,0,0,1.4
32660.000000000004,0.012545298788176196,220.91076847184323,297.9294325372722,795.3893880482685,0,0,0,0,0,0,0,0,9.201907237687455e-50,0,0,1.4
32680.0,0.012506880018489125,220.94460886710655,297.95225094434346,793.0750538677216,0,0,0,0,0,0,0,0,7.415608465401028e-50,0,0,1.4
32700.000000000004,0.012468582451610638,220.97851488036625,297.9751118448169,790.7678950194304,0,0,0,0,0,0,0,0,5.982157473247943e-50,0,0,1.4
32720.0,0.012430405700988766,221.0124864065406,297.9980151580629,788.4678879800053,0,0,0,0,0,0,0,0,4.81413866908891e-50,0,0,1.4
32740.000000000004,0.012392349384067133,221.04652334010612,298.0209608031762,786.1750094887792,0,0,0,0,0,0,0,0,3.8671702857363383e-50,0,0,1.4
32759.999999999996,0.012354413119288345,221.08062557542888,298.0439486991828,783.8892363507705,0,0,0,0,0,0,0,0,3.107629012242561e-50,0,0,1.4
32780.0,0.012316596525094953,221.11479300687483,298.06697876510856,781.6105453709932,0,0,0,0,0,0,0,0,2.501891537658678e-50,0,0,1.4
32800.0,0.012278899219929557,221.14902552881014,298.09005091997943,779.3389133544658,0,0,0,0,0,0,0,0,2.0163345510367811e-50,0,0,1.4
32820.0,0.01224132082321911,221.18332303549064,298.11316508275337,777.0743171707882,0,0,0,0,0,0,0,0,1.6210290708933363e-50,0,0,1.4
32840.0,0.012203860958328214,221.2176854207319,298.13632117211597,774.8167339479048,0,0,0,0,0,0,0,0,1.3008234336060503e-50,0,0,1.4
32860.0,0.012166519249605882,221.25211257823932,298.1595191066851,772.5661408783457,0,0,0,0,0,0,0,0,1.0442603050176968e-50,0,0,1.4
32880.0,0.012129295321401078,221.2866044017183,298.1827588050783,770.3225151546379,0,0,0,0,0,0,0,0,8.398823509707902e-51,0,0,1.4
32900.0,0.01209218879806282,221.32116078487434,298.20604018591325,768.0858339693127,0,0,0,0,0,0,0,0,6.762322373081778e-51,0,0,1.4
32920.0,0.01205519930491015,221.35578162130304,298.22936316774053,765.8560745784043,0,0,0,0,0,0,0,0,5.431147820950322e-51,0,0,1.4
32940.0,0.01201832647114245,221.39046680416112,298.2527276688419,763.6332144919783,0,0,0,0,0,0,0,0,4.353834122871068e-51,0,0,1.4
32960.0,0.01198156992692913,221.42521622649545,298.2761336074316,761.4172312836034,0,0,0,0,0,0,0,0,3.491537070625727e-51,0,0,1.4
32980.00000000001,0.01194492930243962,221.46002978135294,298.29958090172437,759.2081025268518,0,0,0,0,0,0,0,0,2.805412455997193e-51,0,0,1.4
33000.0,0.011908404227843372,221.49490736178055,298.32306946993464,757.0058057952947,0,0,0,0,0,0,0,0,2.2566160707681082e-51,0,0,1.4
33020.0,0.011871994334265707,221.5298488607158,298.34659923021053,754.8103187249469,0,0,0,0,0,0,0,0,1.8105939177509945e-51,0,0,1.4
33040.0,0.011835699256655677,221.56485417065858,298.37017010043485,752.6216192016085,0,0,0,0,0,0,0,0,1.449952843880825e-51,0,0,1.4
33060.0,0.011799518630918208,221.5999231839996,298.3937819984239,750.4396851735219,0,0,0,0,0,0,0,0,1.1615899071224231e-51,0,0,1.4
33080.0,0.011763452092958277,221.63505579312945,298.41743484199435,748.2644945889323,0,0,0,0,0,0,0,0,9.324021654410793e-52,0,0,1.4
33100.0,0.011727499278680805,221.6702518904387,298.44112854896235,746.0960253960823,0,0,0,0,0,0,0,0,7.492866768017101e-52,0,0,1.4
33120.0,0.011691659824932718,221.7055113682089,298.464863037079,743.9342556046182,0,0,0,0,0,0,0,0,6.00591396676732e-52,0,0,1.4
33140.0,0.01165593337232867,221.74083411828556,298.4886382238331,741.7791634697882,0,0,0,0,0,0,0,0,4.804678705671258e-52,0,0,1.4
33160.00000000001,0.01162031956242531,221.77622003240515,298.5124540266481,739.6307273082433,0,0,0,0,0,0,0,0,3.845185414812366e-52,0,0,1.4
33180.0,0.011584818036779283,221.81166900230411,298.5363103629474,737.4889254366348,0,0,0,0,0,0,0,0,3.083458524273759e-52,0,0,1.4
33200.0,0.0115494284369472,221.84718091971894,298.5602071501544,735.3537361716116,0,0,0,0,0,0,0,0,2.4755224641377766e-52,0,0,1.4
33220.0,0.011514150405413863,221.88275567627738,298.58414430562783,733.2251378901991,0,0,0,0,0,0,0,0,1.9822835357662798e-52,0,0,1.4
33240.0,0.011478983588376636,221.9183931631727,298.6081217464678,731.1031092109129,0,0,0,0,0,0,0,0,1.5841755256344354e-52,0,0,1.4
33260.0,0.011443927632961077,221.95409327148934,298.6321393897099,728.9876288126449,0,0,0,0,0,0,0,0,1.2665140914965788e-52,0,0,1.4
33280.0,0.011408982186292698,221.98985589231194,298.65619715238944,726.8786753742838,0,0,0,0,0,0,0,0,1.0146148911065306e-52,0,0,1.4
33300.0,0.011374146895497058,222.02568091672495,298.68029495154195,724.7762275747218,0,0,0,0,0,0,0,0,8.1379358221852275e-53,0,0,1.4
33320.0,0.0113394214086142,222.06156823570467,298.70443270413915,722.6802641522096,0,0,0,0,0,0,0,0,6.510001074875396e-53,0,0,1.4
33340.0,0.011304805377342316,222.09751773979426,298.72861032689735,720.590764082449,0,0,0,0,0,0,0,0,5.197215491731161e-53,0,0,1.4
33360.0,0.01127029845429414,222.13352931942856,298.75282773646927,718.5077064005036,0,0,0,0,0,0,0,0,4.150792744358252e-53,0,0,1.4
33380.0,0.01123590029208236,222.16960286504246,298.7770848495074,716.4310701414347,0,0,0,0,0,0,0,0,3.321946504361336e-53,0,0,1.4
33400.0,0.011201610543319713,222.20573826707084,298.8013815826645,714.3608343403071,0,0,0,0,0,0,0,0,2.6618904433464393e-53,0,0,1.4
33420.0,0.011167428861519977,222.24193541584071,298.8257178525301,712.2969780905489,0,0,0,0,0,0,0,0,2.127281522095921e-53,0,0,1.4
33440.0,0.0111333549038013,222.27819420124735,298.8500935754421,710.2394807190597,0,0,0,0,0,0,0,0,1.6965498581026605e-53,0,0,1.4
33460.0,0.011099388328182875,222.3145145130783,298.8745086676753,708.1883216111031,0,0,0,0,0,0,0,0,1.3535688580362518e-53,0,0,1.4
33480.00000000001,0.01106552879268392,222.350896241121,298.89896304550444,706.1434801519447,0,0,0,0,0,0,0,0,1.0822119285667623e-53,0,0,1.4
33500.0,0.011031775955323661,222.38733927516287,298.9234566252044,704.1049357268502,0,0,0,0,0,0,0,0,8.663524763641573e-54,0,0,1.4
33520.0,0.010998129475009097,222.4238435048839,298.94798932298784,702.0726677784713,0,0,0,0,0,0,0,0,6.916677047445671e-54,0,0,1.4
33540.0,0.010964589014198504,222.460408819534,298.97256105481904,700.0466559790146,0,0,0,0,0,0,0,0,5.510500036099349e-54,0,0,1.4
33560.0,0.010931154236237927,222.4970351082555,298.9971717366001,698.026880058072,0,0,0,0,0,0,0,0,4.3919555950835813e-54,0,0,1.4
33580.0,0.01089782480447345,222.5337222601907,299.021821284233,696.0133197452377,0,0,0,0,0,0,0,0,3.508005589881162e-54,0,0,1.4
33600.0,0.010864600382251116,222.57047016448203,299.04650961361995,694.0059547701037,0,0,0,0,0,0,0,0,2.80561188597344e-54,0,0,1.4
33620.0,0.010831480633791721,222.60727871016474,299.07123664060174,692.0047649186893,0,0,0,0,0,0,0,0,2.2376834674912373e-54,0,0,1.4
33640.0,0.010798465226814834,222.64414778584552,299.09600228077414,690.0097302027102,0,0,0,0,0,0,0,0,1.7809177931577816e-54,0,0,1.4
33660.00000000001,0.010765553829914766,222.6810772800239,299.12080644967153,688.0208306903091,0,0,0,0,0,0,0,0,1.4179594403452553e-54,0,0,1.4
33680.0,0.010732746111685832,222.7180670811995,299.1456490628283,686.0380464496284,0,0,0,0,0,0,0,0,1.1314529864257057e-54,0,0,1.4
33700.0,0.010700041740722303,222.75511707787192,299.170530035779,684.0613575488086,0,0,0,0,0,0,0,0,9.040430087708916e-55,0,0,1.4
33720.0,0.010667440386480277,222.79222715843392,299.1954492839975,682.0907441114701,0,0,0,0,0,0,0,0,7.203249120162951e-55,0,0,1.4
33740.0,0.010634941721862893,222.82939721085145,299.22040672271606,680.1261864831391,0,0,0,0,0,0,0,0,5.726974098504973e-55,0,0,1.4
33760.0,0.010602545420635108,222.86662712298363,299.2454022671066,678.1676650648216,0,0,0,0,0,0,0,0,4.5551004322566895e-55,0,0,1.4
33780.0,0.010570251156561837,222.9039167826896,299.270435832341,676.2151602575206,0,0,0,0,0,0,0,0,3.631123530937896e-55,0,0,1.4
33800.0,0.010538058603408033,222.94126607782852,299.2955073335908,674.2686524622424,0,0,0,0,0,0,0,0,2.898538804069906e-55,0,0,1.4
33820.0,0.010505967435787618,222.97867489615325,299.3206166859685,672.3281221345349,0,0,0,0,0,0,0,0,2.3072085099742587e-55,0,0,1.4
33840.0,0.010473977331710573,223.01614312499115,299.34576380434777,670.393549948127,0,0,0,0,0,0,0,0,1.832462302179045e-55,0,0,1.4
33860.0,0.010442087970035886,223.05367065156332,299.370948603543,668.4649166312931,0,0,0,0,0,0,0,0,1.4559966830136285e-55,0,0,1.4
33880.0,0.010410299029622512,223.09125736309085,299.3961709983684,666.5422029123048,0,0,0,0,0,0,0,0,1.1595081548069933e-55,0,0,1.4
33900.0,0.01037861018932945,223.1289031467949,299.4214309036382,664.6253895194368,0,0,0,0,0,0,0,0,9.246932198886085e-56,0,0,1.4
33920.0,0.010347021128852064,223.16660788979058,299.446728234108,662.7144572345886,0,0,0,0,0,0,0,0,7.353157785322925e-56,0,0,1.4
33940.0,0.010315531531231397,223.20437147876927,299.47206290429807,660.8093870541727,0,0,0,0,0,0,0,0,5.834093227911013e-56,0,0,1.4
33960.0,0.010284141080344861,223.2421938003164,299.4974348286703,658.9101600282265,0,0,0,0,0,0,0,0,4.630747426625776e-56,0,0,1.4
33980.00000000001,0.0102528494600699,223.2800747410174,299.5228439216864,657.0167572067895,0,0,0,0,0,0,0,0,3.684129281444307e-56,0,0,1.4
34000.0,0.010221656354283952,223.3180141874577,299.548290097808,655.1291596399013,0,0,0,0,0,0,0,0,2.9352476923433307e-56,0,0,1.4
34020.0,0.010190561447688406,223.35601202611724,299.57377327143894,653.2473484303245,0,0,0,0,0,0,0,0,2.3317906564430214e-56,0,0,1.4
34040.0,0.010159564428280593,223.3940681430537,299.5992933567514,651.3713048917255,0,0,0,0,0,0,0,0,1.848162559441323e-56,0,0,1.4
34060.0,0.010128664984881776,223.43218242421938,299.6248502678596,649.5010103904933,0,0,0,0,0,0,0,0,1.4654468841795934e-56,0,0,1.4
34080.0,0.010097862806313258,223.4703547555664,299.65044391887767,647.6364462930196,0,0,0,0,0,0,0,0,1.164727113499814e-56,0,0,1.4
34100.0,0.010067157581396305,223.508585023047,299.67607422391984,645.7775939656934,0,0,0,0,0,0,0,0,9.270867302434714e-57,0,0,1.4
34120.0,0.010036548999763927,223.5468731125083,299.70174109704334,643.9244348267441,0,0,0,0,0,0,0,0,7.357560879308826e-57,0,0,1.4
34140.0,0.010006036754295915,223.58521890937683,299.72744445207684,642.0769505017487,0,0,0,0,0,0,0,0,5.825530227958106e-57,0,0,1.4
34160.00000000001,0.0099756205386838,223.62362229897406,299.7531842027923,640.2351226681238,0,0,0,0,0,0,0,0,4.614422417506689e-57,0,0,1.4
34180.0,0.009945300046619109,223.6620831666214,299.7789602629612,638.3989330032865,0,0,0,0,0,0,0,0,3.663884517078253e-57,0,0,1.4
34200.0,0.009915074971793338,223.70060139764033,299.80477254635537,636.5683631846512,0,0,0,0,0,0,0,0,2.913563595795518e-57,0,0,1.4
34220.0,0.009884945008697627,223.73917687724753,299.83062096669033,634.7433949405998,0,0,0,0,0,0,0,0,2.3099724849870852e-57,0,0,1.4
34240.0,0.009854909855021465,223.77780949024097,299.85650543745663,632.9240102033698,0,0,0,0,0,0,0,0,1.8270870647991475e-57,0,0,1.4
34260.0,0.009824969209253985,223.81649912131368,299.8824258720884,631.1101909561653,0,0,0,0,0,0,0,0,1.4457489775833262e-57,0,0,1.4
34280.0,0.009795122769884276,223.85524565515894,299.90838218401996,629.3019191821882,0,0,0,0,0,0,0,0,1.1467998656906214e-57,0,0,1.4
34300.00000000001,0.009765370235401456,223.8940489764698,299.93437428668557,627.499176864642,0,0,0,0,0,0,0,0,9.110813714724485e-58,0,0,1.4
34320.0,0.0097357113050823,223.93290896983515,299.960402093464,625.7019460368359,0,0,0,0,0,0,0,0,7.216197108717478e-58,0,0,1.4
34340.0,0.009706145681354153,223.97182551942663,299.9864655175125,623.9102089324996,0,0,0,0,0,0,0,0,5.701793941977272e-58,0,0,1.4
34360.0,0.009676673067432051,224.01079850931166,300.0125644719327,622.1239478354704,0,0,0,0,0,0,0,0,4.5070950535145506e-58,0,0,1.4
34380.0,0.009647293166530992,224.04982782355754,300.03869886982653,620.3431450295838,0,0,0,0,0,0,0,0,3.571591282338046e-58,0,0,1.4
34400.0,0.009618005681866016,224.0889133462316,300.06486862429574,618.567782798677,0,0,0,0,0,0,0,0,2.8347734674580297e-58,0,0,1.4
34420.0,0.00958881031742798,224.1280549612974,300.0910736483874,616.797843475846,0,0,0,0,0,0,0,0,2.2430482084008557e-58,0,0,1.4
34440.0,0.009559706780311239,224.16725255230293,300.11731385493044,615.0333095912322,0,0,0,0,0,0,0,0,1.770485146763007e-58,0,0,1.4
34460.0,0.009530694778385978,224.20650600269227,300.1435891566991,613.2741637242348,0,0,0,0,0,0,0,0,1.3980696846574907e-58,0,0,1.4
34480.00000000001,0.009501774019522407,224.24581519590959,300.16989946646765,611.5203884542556,0,0,0,0,0,0,0,0,1.1067872241978323e-58,0,0,1.4
34500.0,0.009472944211590732,224.28518001539894,300.19624469701034,609.7719663606956,0,0,0,0,0,0,0,0,8.776231674974415e-59,0,0,1.4
34520.0,0.009444205063225367,224.32460034450105,300.2226247610477,608.0288800713844,0,0,0,0,0,0,0,0,6.937411723199975e-59,0,0,1.4
34540.0,0.009415556286117706,224.36407606614276,300.24903957108523,606.2911124078723,0,0,0,0,0,0,0,0,5.4701791903147265e-59,0,0,1.4
34560.0,0.009386997592723318,224.40360706314752,300.2754890395747,604.5586462401371,0,0,0,0,0,0,0,0,4.315083436480983e-59,0,0,1.4
34580.0,0.009358528695497829,224.44319321833868,300.30197307896776,602.8314644381591,0,0,0,0,0,0,0,0,3.4126738218629515e-59,0,0,1.4
34600.0,0.009330149306896822,224.4828344145397,300.3284916017161,601.1095498719158,0,0,0,0,0,0,0,0,2.703499706623348e-59,0,0,1.4
34620.0,0.00930185914012867,224.52253053447095,300.35504452021866,599.3928854589999,0,0,0,0,0,0,0,0,2.134936567140049e-59,0,0,1.4
34640.0,0.009273657911412748,224.56228146044074,300.3816317466624,597.6814543074508,0,0,0,0,0,0,0,0,1.6816643446459675e-59,0,0,1.4
34660.00000000001,0.009245545337721225,224.6020870746545,300.40825319318157,595.9752395729223,0,0,0,0,0,0,0,0,1.3251890965886347e-59,0,0,1.4
34680.0,0.009217521136026257,224.6419472593174,300.4349087719102,594.2742244110677,0,0,0,0,0,0,0,0,1.0470168804154434e-59,0,0,1.4
34700.0,0.009189585023299985,224.6818618966348,300.4615983949827,592.5783919775391,0,0,0,0,0,0,0,0,8.286537535735076e-60,0,0,1.4
34720.0,0.009161736717256019,224.72183086870947,300.48832197448087,590.8877254747988,0,0,0,0,0,0,0,0,6.537340826789216e-60,0,0,1.4
34740.0,0.009133975938573687,224.76185405723382,300.5150794222786,589.2022082925407,0,0,0,0,0,0,0,0,5.144054710219711e-60,0,0,1.4
34760.0,0.0091063024086738,224.80193134379758,300.5418706501971,587.5218238672693,0,0,0,0,0,0,0,0,4.0494383106178873e-60,0,0,1.4
34780.0,0.00907871584897713,224.84206260999065,300.56869557005814,585.8465556354867,0,0,0,0,0,0,0,0,3.196250752573274e-60,0,0,1.4
34800.00000000001,0.00905121598090447,224.88224773740274,300.59555409368323,584.1763870336969,0,0,0,0,0,0,0,0,2.5272511606766023e-60,0,0,1.4
34820.0,0.009023802526606898,224.92248660752153,300.6224461328425,582.5113015444215,0,0,0,0,0,0,0,0,1.9918009137616985e-60,0,0,1.4
34840.0,0.008996475211156542,224.9627791014262,300.6493715991011,580.8512828342513,0,0,0,0,0,0,0,0,1.5656704076353074e-60,0,0,1.4
34860.0,0.008969233760355848,225.00312510009363,300.6763304039729,579.1963146157968,0,0,0,0,0,0,0,0,1.2312322923482307e-60,0,0,1.4
34880.0,0.00894207790000722,225.04352448450072,300.7033224589716,577.5463806016664,0,0,0,0,0,0,0,0,9.708592179507218e-61,0,0,1.4
34900.0,0.008915007355913098,225.08397713562445,300.7303476756111,575.9014645044708,0,0,0,0,0,0,0,0,7.669238344934653e-61,0,0,1.4
34920.0,0.008888021854595148,225.12448293434005,300.7574059653548,574.2615500820581,0,0,0,0,0,0,0,0,6.038365215616476e-61,0,0,1.4
34940.0,0.008861121125452094,225.165041761116,300.78449723946403,572.6266212732394,0,0,0,0,0,0,0,0,4.741585768800829e-61,0,0,1.4
34960.0,0.00883430489860188,225.20565349631897,300.81162140915006,570.9966620620628,0,0,0,0,0,0,0,0,3.724890277082132e-61,0,0,1.4
34980.00000000001,0.008807572904162479,225.24631802031578,300.83877838562375,569.3716564325782,0,0,0,0,0,0,0,0,2.9342690130562277e-61,0,0,1.4
35000.0,0.008780924872251863,225.2870352134731,300.86596808009625,567.751588368836,0,0,0,0,0,0,0,0,2.3157122493186402e-61,0,0,1.4
35020.0,0.00875436053369637,225.32780495605653,300.8931904037289,566.1364418993594,0,0,0,0,0,0,0,0,1.821467715505496e-61,0,0,1.4
35040.0,0.008727879622155935,225.3686271279264,300.92044526748435,564.5262012305752,0,0,0,0,0,0,0,0,1.428812969418613e-61,0,0,1.4
35060.0,0.008701481871998856,225.40950160884208,300.947732582276,562.9208506133831,0,0,0,0,0,0,0,0,1.1212830259003887e-61,0,0,1.4
35080.0,0.008675167017593455,225.45042827856267,300.97505225901676,561.3203742986843,0,0,0,0,0,0,0,0,8.824128997937254e-62,0,0,1.4
35100.0,0.00864893479330803,225.49140701684752,301.00240420861985,559.7247565373787,0,0,0,0,0,0,0,0,6.957376059411294e-62,0,0,1.4
35120.0,0.008622784934208582,225.53243770335493,301.02978834194954,558.1339816240906,0,0,0,0,0,0,0,0,5.4670397708807984e-62,0,0,1.4
35140.0,0.008596717178151771,225.57352021734016,301.05720456967475,556.5480340283349,0,0,0,0,0,0,0,0,4.2840611759046225e-62,0,0,1.4
35160.00000000001,0.008570731263691964,225.61465443795768,301.0846528024157,554.9668982633502,0,0,0,0,0,0,0,0,3.3584994970698925e-62,0,0,1.4
35180.0,0.008544826929383516,225.6558402443618,301.11213295079244,553.390558842376,0,0,0,0,0,0,0,0,2.6404139569633734e-62,0,0,1.4
35200.0,0.008519003913780765,225.697077515707,301.13964492542505,551.8190002786491,0,0,0,0,0,0,0,0,2.0798637781711067e-62,0,0,1.4
35220.0,0.008493261956125186,225.73836613104734,301.16718863688567,550.252207128393,0,0,0,0,0,0,0,0,1.6327197435842162e-62,0,0,1.4
35240.0,0.008467600798406624,225.77970596903552,301.1947639955543,548.6901641197608,0,0,0,0,0,0,0,0,1.2780988773096935e-62,0,0,1.4
35260.0,0.008442020183302071,225.8210969082239,301.2223709117629,547.1328560238917,0,0,0,0,0,0,0,0,1.0009297637592613e-62,0,0,1.4
35280.0,0.008416519853488479,225.86253882716477,301.25000929584337,545.5802676119225,0,0,0,0,0,0,0,0,7.861409873441855e-63,0,0,1.4
35300.00000000001,0.008391099551642824,225.9040316044105,301.27767905812766,544.0323836549918,0,0,0,0,0,0,0,0,6.186611324760364e-63,0,0,1.4
35320.0,0.008365759021118767,225.94557511841356,301.3053801089005,542.4891889664937,0,0,0,0,0,0,0,0,4.851764514342566e-63,0,0,1.4
35340.0,0.008340498007976645,225.9871692472269,301.33311235825784,540.9506685288438,0,0,0,0,0,0,0,0,3.794038679699197e-63,0,0,1.4
35360.0,0.008315316258953516,226.02881386880355,301.36087571624824,539.4168073667161,0,0,0,0,0,0,0,0,2.968179737022127e-63,0,0,1.4
35380.0,0.008290213520786398,226.07050886109653,301.38867009292045,537.8875905047821,0,0,0,0,0,0,0,0,2.3289336025018686e-63,0,0,1.4
35400.0,0.008265189540212341,226.11225410205896,301.41649539832304,536.3630029677156,0,0,0,0,0,0,0,0,1.8310461923299971e-63,0,0,1.4
35420.0,0.008240244064634765,226.15404946954442,301.44435154245826,534.8430298217284,0,0,0,0,0,0,0,0,1.4345524885960494e-63,0,0,1.4
35440.0,0.008215376844122695,226.1958948410089,301.4722384351427,533.3276562991961,0,0,0,0,0,0,0,0,1.1206437369853723e-63,0,0,1.4
35460.0,0.00819058762941153,226.2377900938089,301.5001559861465,531.8168676740324,0,0,0,0,0,0,0,0,8.758002490815873e-64,0,0,1.4
35480.00000000001,0.008165876171236684,226.27973510530103,301.5281041052399,530.3106492201526,0,0,0,0,0,0,0,0,6.865023364686612e-64,0,0,1.4
35500.0,0.00814124222033358,226.32172975284166,301.5560827021929,528.8089862114723,0,0,0,0,0,0,0,0,5.3923031073048124e-64,0,0,1.4
35520.0,0.008116685528093862,226.36377391368853,301.5840916867302,527.3118639627419,0,0,0,0,0,0,0,0,4.2204798866989096e-64,0,0,1.4
35540.0,0.008092205848534238,226.40586746470328,301.61213096839367,525.8192679520616,0,0,0,0,0,0,0,0,3.293532079663329e-64,0,0,1.4
35560.0,0.008067802936327641,226.44801028264885,301.64020045667996,524.3311836983665,0,0,0,0,0,0,0,0,2.5712731151819995e-64,0,0,1.4
35580.0,0.00804347654614703,226.490202244288,301.6683000610855,522.8475967205937,0,0,0,0,0,0,0,0,2.0135164222400417e-64,0,0,1.4
35600.0,0.008019226432665338,226.5324432263836,301.6964296911068,521.368492537678,0,0,0,0,0,0,0,0,1.5800754298216444e-64,0,0,1.4
35620.0,0.007995052351201784,226.57473310559996,301.7245892561954,519.8938567087017,0,0,0,0,0,0,0,0,1.235480488203933e-64,0,0,1.4
35640.0,0.00797095405966058,226.61707175820757,301.7527786656239,518.4236749533253,0,0,0,0,0,0,0,0,9.631296328323144e-65,0,0,1.4
35660.00000000001,0.007946931316592222,226.65945906037842,301.7809978286196,516.9579330313555,0,0,0,0,0,0,0,0,7.5113782044478785e-65,0,0,1.4
35680.0,0.00792298388054721,226.70189488828447,301.8092466544103,515.4966167025995,0,0,0,0,0,0,0,0,5.8762000777926755e-65,0,0,1.4
35700.0,0.007899111510076011,226.74437911809767,301.8375250522235,514.0397117268627,0,0,0,0,0,0,0,0,4.606911515735038e-65,0,0,1.4
35720.0,0.007875313964365529,226.78691162589203,301.8658329312428,512.5872039034174,0,0,0,0,0,0,0,0,3.5986417459886567e-65,0,0,1.4
35740.0,0.007851591005148217,226.82949228734952,301.89417020047557,511.1390791893931,0,0,0,0,0,0,0,0,2.8024386376018757e-65,0,0,1.4
35760.0,0.007827942394792965,226.87212097805406,301.9225367688853,509.6953235813858,0,0,0,0,0,0,0,0,2.1833297199584184e-65,0,0,1.4
35780.0,0.007804367895668618,226.91479757358968,301.9509325454355,508.2559230759901,0,0,0,0,0,0,0,0,1.7063425224409894e-65,0,0,1.4
35800.00000000001,0.007780867270144057,226.95752194954025,301.97935743908937,506.8208636698014,0,0,0,0,0,0,0,0,1.3365045744329688e-65,0,0,1.4
35820.0,0.007757440281214833,227.0002939813923,302.00781135876724,505.3901313982114,0,0,0,0,0,0,0,0,1.0429656495167967e-65,0,0,1.4
35840.0,0.007734086694383173,227.04311354424217,302.03629421321654,503.9637124517939,0,0,0,0,0,0,0,0,8.113644980714704e-66,0,0,1.4
35860.0,0.007710806275778004,227.08598051308877,302.06480591114115,502.5415930599204,0,0,0,0,0,0,0,0,6.314621146755804e-66,0,0,1.4
35880.0,0.007687598791528227,227.12889476293103,302.0933463612452,501.1237594519607,0,0,0,0,0,0,0,0,4.930194939074191e-66,0,0,1.4
35900.0,0.007664464007762775,227.17185616876776,302.1219154722327,499.71019785728635,0,0,0,0,0,0,0,0,3.857976303455106e-66,0,0,1.4
35920.0,0.007641401691227634,227.2148646055009,302.1505131527653,498.3008945434051,0,0,0,0,0,0,0,0,3.0076691911795987e-66,0,0,1.4
35940.0,0.00761841161113717,227.25791994764407,302.17913931133484,496.8958359303791,0,0,0,0,0,0,0,0,2.337353575520518e-66,0,0,1.4
35960.0,0.007595493537322814,227.301022069614,302.20779385639065,495.4950084764068,0,0,0,0,0,0,0,0,1.8172034352472115e-66,0,0,1.4
35980.00000000001,0.007572647239616013,227.34417084582734,302.2364766963821,494.09839863968807,0,0,0,0,0,0,0,0,1.417392749129762e-66,0,0,1.4
36000.0,0.007549872487848218,227.38736615070076,302.2651877397587,492.70599287842265,0,0,0,0,0,0,0,0,1.1080954959380814e-66,0,0,1.4
36020.0,0.007527169052458488,227.4306078585544,302.293926894928,491.31777768830034,0,0,0,0,0,0,0,0,8.630159104317927e-67,0,0,1.4
36040.0,0.007504536706316463,227.47389584332223,302.3226940701311,489.93373971497886,0,0,0,0,0,0,0,0,6.69979251330985e-67,0,0,1.4
36060.0,0.007481975222899381,227.51722997884173,302.35148917356753,488.55386564160455,0,0,0,0,0,0,0,0,5.2034103334544666e-67,0,0,1.4
36080.0,0.007459484375684516,227.56061013895032,302.3803121134367,487.17814215132654,0,0,0,0,0,0,0,0,4.0545677118521333e-67,0,0,1.4
36100.0,0.007437063938149109,227.6040361974855,302.4091627979378,485.8065559272916,0,0,0,0,0,0,0,0,3.1668197956012854e-67,0,0,1.4
36120.0,0.007414713684368749,227.64750802818864,302.43804113522975,484.43909368950403,0,0,0,0,0,0,0,0,2.4639745218462976e-67,0,0,1.4
36140.0,0.00739243339081226,227.69102550441693,302.4669470333072,483.0757423053879,0,0,0,0,0,0,0,0,1.910850987908183e-67,0,0,1.4
36160.00000000001,0.0073702228345468085,227.73458849943154,302.4958804001245,481.7164886792246,0,0,0,0,0,0,0,0,1.4825210811531844e-67,0,0,1.4
36180.0,0.007348081792639558,227.77819688649356,302.5248411436357,480.36131971529505,0,0,0,0,0,0,0,0,1.1540566889473652e-67,0,0,1.4
36200.0,0.007326010042157651,227.82185053886425,302.5538291717949,479.010222317879,0,0,0,0,0,0,0,0,9.005296986564622e-68,0,0,1.4
36220.0,0.007304007360757387,227.86554932970913,302.58284439251617,477.6631834274884,0,0,0,0,0,0,0,0,6.999746315799493e-68,0,0,1.4
36240.0,0.007282073528451555,227.90929313181167,302.61188671355296,476.3201901295541,0,0,0,0,0,0,0,0,5.422765447502193e-68,0,0,1.4
36260.0,0.007260208325842103,227.9530818178597,302.64095604261894,474.98122954573915,0,0,0,0,0,0,0,0,4.202831291332373e-68,0,0,1.4
36280.0,0.007238411533530949,227.9969152605412,302.67005228742755,473.6462887977046,0,0,0,0,0,0,0,0,3.2684207569476662e-68,0,0,1.4
36300.00000000001,0.007216682932120028,228.04079333254396,302.6991753556923,472.31535500711317,0,0,0,0,0,0,0,0,2.548010754007042e-68,0,0,1.4
36320.0,0.007195022302791356,228.08471590646087,302.72832515508736,470.98841533124283,0,0,0,0,0,0,0,0,1.9785957328597268e-68,0,0,1.4
36340.0,0.007173429429047208,228.12868285450455,302.7575015931295,469.6654570698321,0,0,0,0,0,0,0,0,1.531240306616651e-68,0,0,1.4
36360.0,0.007151904094969956,228.17269404879264,302.78670457729623,468.34646755823667,0,0,0,0,0,0,0,0,1.185526629080046e-68,0,0,1.4
36380.0,0.007130446084641948,228.21674936144274,302.815934015065,467.0314341318103,0,0,0,0,0,0,0,0,9.210368540515706e-69,0,0,1.4
36400.0,0.007109055182145561,228.2608486645724,302.8451898139134,465.72034412590904,0,0,0,0,0,0,0,0,7.173531353333276e-69,0,0,1.4
36420.0,0.007087731172134282,228.30499183020473,302.8744718812802,464.41318491089777,0,0,0,0,0,0,0,0,5.564940400497615e-69,0,0,1.4
36440.0,0.007066473841546201,228.3491787299846,302.90378012445024,463.1099439971873,0,0,0,0,0,0,0,0,4.302237886163185e-69,0,0,1.4
36460.0,0.007045282977890516,228.39340923546249,302.93311445066934,461.8106089301978,0,0,0,0,0,0,0,0,3.3274301477092084e-69,0,0,1.4
36480.00000000001,0.007024158368676452,228.43768321818868,302.96247476718383,460.5151672553512,0,0,0,0,0,0,0,0,2.582523522516292e-69,0,0,1.4
36500.0,0.0070030998014132305,228.4820005497136,302.99186098123977,459.22360651806844,0,0,0,0,0,0,0,0,2.0095243479647153e-69,0,0,1.4
36520.0,0.006982107064172393,228.52636110149365,303.0212730000455,457.9359142981869,0,0,0,0,0,0,0,0,1.5573730353226105e-69,0,0,1.4
36540.0,0.00696117994727487,228.57076474460902,303.05071073065784,456.6520783132123,0,0,0,0,0,0,0,0,1.2027462914125294e-69,0,0,1.4
36560.0,0.006940318241603906,228.615211350046,303.0801740800964,455.3720863150654,0,0,0,0,0,0,0,0,9.292548969448572e-70,0,0,1.4
36580.0,0.006919521738042772,228.65970078879076,303.1096629553803,454.09592605566866,0,0,0,0,0,0,0,0,7.205096326304335e-70,0,0,1.4
36600.0,0.0068987902274747085,228.70423293182958,303.13917726352884,452.823585286943,0,0,0,0,0,0,0,0,5.601212791797467e-70,0,0,1.4
36620.0,0.0068781235013366535,228.74880765005514,303.1687169115242,451.5550517946434,0,0,0,0,0,0,0,0,4.336640993705792e-70,0,0,1.4
36640.0,0.006857521353280165,228.79342481398618,303.19828180620055,450.290313499853,0,0,0,0,0,0,0,0,3.345662842485984e-70,0,0,1.4
36660.00000000001,0.006836983577510487,228.8380842940478,303.2278718543549,449.0293583574893,0,0,0,0,0,0,0,0,2.5821950692663513e-70,0,0,1.4
36680.0,0.0068165099682328655,228.8827859606652,303.2574869627841,447.7721743224688,0,0,0,0,0,0,0,0,2.000154405174884e-70,0,0,1.4
36700.0,0.006796100319652524,228.92752968426353,303.28712703828546,446.51874934970755,0,0,0,0,0,0,0,0,1.5534575813389872e-70,0,0,1.4
36720.0,0.0067757544265198266,228.97231533517498,303.3167919876196,445.2690714273811,0,0,0,0,0,0,0,0,1.2015531306515023e-70,0,0,1.4
36740.0,0.006755472085765548,229.0171427833598,303.34648171740196,444.0231286766956,0,0,0,0,0,0,0,0,9.260167930634153e-71,0,0,1.4
36760.0,0.00673525309486561,229.06201189868514,303.3761961342121,442.7809092521171,0,0,0,0,0,0,0,0,7.139561102908499e-71,0,0,1.4
36780.0,0.0067150972512959005,229.1069225510183,303.40593514462915,441.5424013081098,0,0,0,0,0,0,0,0,5.5247862404957664e-71,0,0,1.4
36800.00000000001,0.00669500435253233,229.15187461022649,303.43569865523244,440.30759299913933,0,0,0,0,0,0,0,0,4.286918760555999e-71,0,0,1.4
36820.0,0.00667497419658749,229.19686794608444,303.46548657256574,439.0764725123647,0,0,0,0,0,0,0,0,3.312540362741908e-71,0,0,1.4
36840.0,0.006655006583620677,229.2419024279971,303.4952988030308,437.8490281657166,0,0,0,0,0,0,0,0,2.550257876678149e-71,0,0,1.4
36860.0,0.00663510131432789,229.28697792527686,303.52513525299355,436.6252483098214,0,0,0,0,0,0,0,0,1.9641844144838546e-71,0,0,1.4
36880.0,0.006615258189405105,229.33209430723616,303.5549958288202,435.4051212953032,0,0,0,0,0,0,0,0,1.518433088277187e-71,0,0,1.4
36900.0,0.006595477009548324,229.37725144318742,303.5848804368767,434.18863547278823,0,0,0,0,0,0,0,0,1.1771170101770545e-71,0,0,1.4
36920.0,0.006575757575981893,229.42244920235117,303.6147889834944,432.97577922503876,0,0,0,0,0,0,0,0,9.086739367164907e-72,0,0,1.4
36940.0,0.006556099692043674,229.4676874535801,303.64472137486564,431.7665410633718,0,0,0,0,0,0,0,0,6.988402020877546e-72,0,0,1.4
36960.0,0.006536503161599875,229.51296606563508,303.6746775171475,430.56090953124067,0,0,0,0,0,0,0,0,5.376767848974553e-72,0,0,1.4
36980.00000000001,0.00651696778851672,229.55828490727689,303.70465731649756,429.3588731720995,0,0,0,0,0,0,0,0,4.152446637524318e-72,0,0,1.4
37000.0,0.006497493376660439,229.60364384726628,303.734660679073,428.1604205294032,0,0,0,0,0,0,0,0,3.2160481725946843e-72,0,0,1.4
37020.0,0.0064780797304174196,229.64904275427273,303.76468751099725,426.96554017819733,0,0,0,0,0,0,0,0,2.480182619173475e-72,0,0,1.4
37040.0,0.006458726656254808,229.6944814966,303.79473771825735,425.77422081989835,0,0,0,0,0,0,0,0,1.9054616579333532e-72,0,0,1.4
37060.0,0.006439433961159904,229.73995994246047,303.8248112068065,424.5864511875137,0,0,0,0,0,0,0,0,1.464497348466936e-72,0,0,1.4
37080.0,0.006420201452120038,229.7854779600665,303.8549078825977,423.40222001405203,0,0,0,0,0,0,0,0,1.1299017503675772e-72,0,0,1.4
37100.0,0.00640102893612251,229.83103541763052,303.885027651584,422.22151603252087,0,0,0,0,0,0,0,0,8.742869232280631e-73,0,0,1.4
37120.0,0.0063819162206667605,229.876632183274,303.91517041968524,421.0443280069847,0,0,0,0,0,0,0,0,6.735780802208583e-73,0,0,1.4
37140.0,0.006362863115300648,229.92226812475502,303.94533609268797,419.8706448257296,0,0,0,0,0,0,0,0,5.16953048835075e-73,0,0,1.4
37160.00000000001,0.006343869430084165,229.96794310974076,303.97552457634544,418.70045540809866,0,0,0,0,0,0,0,0,3.969028101392931e-73,0,0,1.4
37180.0,0.0063249349750773,230.01365700589832,304.00573577641086,417.5337486734348,0,0,0,0,0,0,0,0,3.0591834520204003e-73,0,0,1.4
37200.0,0.0063060595603400245,230.05940968089496,304.03596959863745,416.3705135410799,0,0,0,0,0,0,0,0,2.3649063509175364e-73,0,0,1.4
37220.0,0.006287242996436495,230.10520100230747,304.06622594874585,415.2107389609057,0,0,0,0,0,0,0,0,1.820207636497931e-73,0,0,1.4
37240.0,0.006268485095947465,230.1510308373514,304.0965047323266,414.05441400489514,0,0,0,0,0,0,0,0,1.395502258086489e-73,0,0,1.4
37260.0,0.006249785671957878,230.196899053152,304.1268058549372,412.901527775561,0,0,0,0,0,0,0,0,1.0703061927368682e-73,0,0,1.4
37280.0,0.006231144537552646,230.24280551683444,304.1571292221356,411.7520693754148,0,0,0,0,0,0,0,0,8.241354175021853e-74,0,0,1.4
37300.00000000001,0.006212561505816702,230.28875009552397,304.1874747394796,410.60602790696913,0,0,0,0,0,0,0,0,6.36505909435913e-74,0,0,1.4
37320.0,0.006194036390331298,230.33473265625594,304.21784231249507,409.463392502746,0,0,0,0,0,0,0,0,4.8942102350836005e-74,0,0,1.4
37340.0,0.00617556900666294,230.38075306570673,304.2482318465806,408.3241524153049,0,0,0,0,0,0,0,0,3.7483362635737014e-74,0,0,1.4
37360.0,0.006157159170874476,230.42681119046281,304.278643247103,407.1882969272172,0,0,0,0,0,0,0,0,2.8718396253789642e-74,0,0,1.4
37380.0,0.00613880669902873,230.47290689711076,304.3090764194288,406.0558153210523,0,0,0,0,0,0,0,0,2.209122766047461e-74,0,0,1.4
37400.0,0.006120511407188548,230.51904005223705,304.33953126892476,404.92669687938087,0,0,0,0,0,0,0,0,1.704588131128382e-74,0,0,1.4
37420.0,0.00610227311190535,230.56521052233902,304.3700077009266,403.80093091427256,0,0,0,0,0,0,0,0,1.3094020444168988e-74,0,0,1.4
37440.0,0.006084091631684949,230.61141817355698,304.4005056206453,402.6785068557978,0,0,0,0,0,0,0,0,1.0017863426961848e-74,0,0,1.4
37460.0,0.0060659667855217266,230.65766287194216,304.43102493326097,401.55941416352584,0,0,0,0,0,0,0,0,7.667267409957377e-75,0,0,1.4
37480.00000000001,0.006047898392410087,230.70394448354568,304.46156554395355,400.4436422970266,0,0,0,0,0,0,0,0,5.892089543453937e-75,0,0,1.4
37500.0,0.006029886271344431,230.75026287441867,304.492127357903,399.3311807158702,0,0,0,0,0,0,0,0,4.542186977749075e-75,0,0,1.4
37520.0,0.006011930241800123,230.79661791052362,304.522710280259,398.22201890862453,0,0,0,0,0,0,0,0,3.4857169293048456e-75,0,0,1.4
37540.0,0.0059940301251764725,230.8430094574683,304.5533142160494,397.116146479854,0,0,0,0,0,0,0,0,2.6640368792484393e-75,0,0,1.4
37560.0,0.0059761857433537485,230.88943738077177,304.5839390702719,396.01355306312047,0,0,0,0,0,0,0,0,2.0368043748715277e-75,0,0,1.4
37580.0,0.005958396918212244,230.93590154595302,304.614584747924,394.914228291987,0,0,0,0,0,0,0,0,1.563676963466831e-75,0,0,1.4
37600.0,0.0059406634716322225,230.9824018185312,304.6452511540034,393.81816180001545,0,0,0,0,0,0,0,0,1.2043121923262672e-75,0,0,1.4
37620.0,0.0059229852259674596,231.0289380639372,304.67593819347786,392.7253432492752,0,0,0,0,0,0,0,0,9.232938151912275e-76,0,0,1.4
37640.0,0.005905362005465617,231.07551014724956,304.7066457711966,391.635762415859,0,0,0,0,0,0,0,0,7.049104115980933e-76,0,0,1.4
37660.00000000001,0.005887793634847858,231.12211793345858,304.737373791979,390.54940910436693,0,0,0,0,0,0,0,0,5.3837676753242107e-76,0,0,1.4
37680.0,0.0058702799388353445,231.16876128755467,304.7681221606446,389.4662731193989,0,0,0,0,0,0,0,0,4.129076689796939e-76,0,0,1.4
37700.0,0.005852820742149219,231.21544007452826,304.79889078201296,388.38634426555393,0,0,0,0,0,0,0,0,3.177179019252703e-76,0,0,1.4
37720.0,0.005835415869976738,231.2621541592821,304.82967956087447,387.3096123754543,0,0,0,0,0,0,0,0,2.4334165036000307e-76,0,0,1.4
37740.0,0.005818065149369485,231.30890340636878,304.86048840190375,386.2360673938088,0,0,0,0,0,0,0,0,1.8559069029595344e-76,0,0,1.4
37760.0,0.005800768407845158,231.35568768025334,304.89131720974626,385.16569929334963,0,0,0,0,0,0,0,0,1.4159619575061182e-76,0,0,1.4
37780.0,0.005783525472921429,231.40250684540078,304.92216588904785,384.0984980468075,0,0,0,0,0,0,0,0,1.0848934074139477e-76,0,0,1.4
37800.00000000001,0.005766336172115986,231.44936076627613,304.95303434445407,383.03445362691406,0,0,0,0,0,0,0,0,8.340129928576737e-77,0,0,1.4
37820.0,0.0057492003334053245,231.49624930725741,304.9839224805821,381.97355603394715,0,0,0,0,0,0,0,0,6.381484024570391e-77,0,0,1.4
37840.0,0.0057321177866011385,231.5431723323747,305.0148302019364,380.9157953783672,0,0,0,0,0,0,0,0,4.8619111861243786e-77,0,0,1.4
37860.0,0.005715088361973953,231.59012970557106,305.04575741299277,379.86116179818197,0,0,0,0,0,0,0,0,3.705485721697264e-77,0,0,1.4
37880.0,0.005698111889794265,231.63712129078962,305.07670401822736,378.80964543139777,0,0,0,0,0,0,0,0,2.8362819397456756e-77,0,0,1.4
37900.0,0.0056811882003325945,231.68414695197345,305.1076699221161,377.76123641602254,0,0,0,0,0,0,0,0,2.1783741487277152e-77,0,0,1.4
37920.0,0.005664317124311073,231.73120655297922,305.1386550291074,376.7159249171406,0,0,0,0,0,0,0,0,1.6651587371034504e-77,0,0,1.4
37940.0,0.005647498494258365,231.77829995731796,305.16965924353934,375.6737012081502,0,0,0,0,0,0,0,0,1.2673204133461395e-77,0,0,1.4
37960.0,0.0056307321431547435,231.82542702841423,305.20068246972266,374.634555589526,0,0,0,0,0,0,0,0,9.648659659314621e-78,0,0,1.4
37980.00000000001,0.005614017903980497,231.8725876296926,305.2317246119678,373.59847836174407,0,0,0,0,0,0,0,0,7.378021833355337e-78,0,0,1.4
38000.0,0.005597355609715913,231.9197816245776,305.2627855745854,372.5654598252803,0,0,0,0,0,0,0,0,5.661358540343639e-78,0,0,1.4
38020.0,0.005580745093785824,231.9670088764081,305.2938652618591,371.5354903072275,0,0,0,0,0,0,0,0,4.323329276877679e-78,0,0,1.4
38040.0,0.005564186191393313,232.01426924817937,305.32496357796515,370.50856024115274,0,0,0,0,0,0,0,0,3.2869599869168004e-78,0,0,1.4
38060.0,0.005547678738186003,232.061562602801,305.35608042705286,369.48466008723943,0,0,0,0,0,0,0,0,2.499868226258366e-78,0,0,1.4
38080.0,0.005531222569811533,232.10888880318248,305.3872157132716,368.46378030567274,0,0,0,0,0,0,0,0,1.9096715507010574e-78,0,0,1.4
38100.0,0.005514817521917523,232.15624771223335,305.4183693407706,367.44591135663615,0,0,0,0,0,0,0,0,1.4639875160425536e-78,0,0,1.4
38120.0,0.005498463430589209,232.20363919277787,305.4495412136731,366.43104372648077,0,0,0,0,0,0,0,0,1.1168882165594847e-78,0,0,1.4
38140.0,0.00548216013366217,232.25106310729925,305.48073123599755,365.4191680062204,0,0,0,0,0,0,0,0,8.482639004406714e-79,0,0,1.4
38160.00000000001,0.005465907469409595,232.29851931819542,305.51193931173606,364.41027481303587,0,0,0,0,0,0,0,0,6.444593543535136e-79,0,0,1.4
38180.0,0.005449705276104673,232.34600768786433,305.543165344881,363.40435476410823,0,0,0,0,0,0,0,0,4.91819364965318e-79,0,0,1.4
38200.0,0.005433553392020574,232.39352807870392,305.5744092394244,362.4013984766173,0,0,0,0,0,0,0,0,3.7668871894324097e-79,0,0,1.4
38220.0,0.005417451655861222,232.44108035302744,305.6056708993332,361.4013965934661,0,0,0,0,0,0,0,0,2.870977761180167e-79,0,0,1.4
38240.0,0.005401399908053433,232.48866437280944,305.636950228472,360.4043398604427,0,0,0,0,0,0,0,0,2.178191889737596e-79,0,0,1.4
38260.0,0.005385397989454773,232.5362799999398,305.6682471306801,359.4102190490585,0,0,0,0,0,0,0,0,1.6531118315808218e-79,0,0,1.4
38280.0,0.005369445740922787,232.58392709630846,305.6995615097967,358.41902493082347,0,0,0,0,0,0,0,0,1.2603198431850841e-79,0,0,1.4
38300.00000000001,0.005353543003315036,232.63160552380523,305.7308932696612,357.4307482772485,0,0,0,0,0,0,0,0,9.643981810262025e-80,0,0,1.4
38320.0,0.0053376896179130485,232.67931514423591,305.76224231408787,356.44537988512946,0,0,0,0,0,0,0,0,7.343087013104435e-80,0,0,1.4
38340.0,0.005321885427694206,232.72705581907,305.793608546792,355.46291065240064,0,0,0,0,0,0,0,0,5.565316591662079e-80,0,0,1.4
38360.0,0.005306130276059877,232.77482740969276,305.82499187146385,354.4833315022827,0,0,0,0,0,0,0,0,4.21926909452781e-80,0,0,1.4
38380.0,0.005290424006411411,232.82262977748954,305.8563921917938,353.5066333579946,0,0,0,0,0,0,0,0,3.2135430702922246e-80,0,0,1.4
38400.0,0.0052747664621501785,232.8704627838457,305.8878094114723,352.53280714275706,0,0,0,0,0,0,0,0,2.4567370675476324e-80,0,0,1.4
38420.0,0.005259157487094833,232.91832629006308,305.9192434341654,351.5618438046448,0,0,0,0,0,0,0,0,1.8687717042772877e-80,0,0,1.4
38440.0,0.005243596926733277,232.9662201571095,305.95069416344296,350.5937343911562,0,0,0,0,0,0,0,0,1.4148558760344287e-80,0,0,1.4
38460.0,0.005228084626970694,233.01414424586935,305.9821615028503,349.6284699746436,0,0,0,0,0,0,0,0,1.0715205477637976e-80,0,0,1.4
38480.00000000001,0.005212620433712289,233.06209841722696,306.013645355933,348.66604162746063,0,0,0,0,0,0,0,0,8.152966844106344e-81,0,0,1.4
38500.0,0.005197204192863261,233.1100825320667,306.04514562623666,347.70644042196074,0,0,0,0,0,0,0,0,6.227152509200557e-81,0,0,1.4
38520.0,0.005181835750739543,233.15809645119003,306.07666221728323,346.74965745493006,0,0,0,0,0,0,0,0,4.732194173713389e-81,0,0,1.4
38540.0,0.005166514955300061,233.20614003506685,306.1081950325009,345.7956839208901,0,0,0,0,0,0,0,0,3.579011743814053e-81,0,0,1.4
38560.0,0.005151241654914464,233.25421314408402,306.1397439752943,344.8445110387947,0,0,0,0,0,0,0,0,2.7076471770133223e-81,0,0,1.4
38580.0,0.005136015697952426,233.30231563862853,306.17130894906825,343.8961300275989,0,0,0,0,0,0,0,0,2.0581424308234366e-81,0,0,1.4
38600.0,0.005120836932783595,233.35044737908743,306.20288985722743,342.9505321062565,0,0,0,0,0,0,0,0,1.5705394627555265e-81,0,0,1.4
38620.0,0.005105705208181923,233.39860822576526,306.23448660315364,342.0077085177414,0,0,0,0,0,0,0,0,1.1923330918175334e-81,0,0,1.4
38640.0,0.00509062037453846,233.44679803863758,306.2660990901377,341.0676506011012,0,0,0,0,0,0,0,0,9.008295830006732e-82,0,0,1.4
38660.00000000001,0.005075582282648549,233.49501667759748,306.29772722144736,340.13034971940345,0,0,0,0,0,0,0,0,6.807880627925595e-82,0,0,1.4
38680.0,0.005060590783307537,233.54326400253814,306.32937090035057,339.1957972357154,0,0,0,0,0,0,0,0,5.169676576807047e-82,0,0,1.4
38700.0,0.005045645727310753,233.5915398733528,306.3610300301152,338.26398451310354,0,0,0,0,0,0,0,0,3.941274941524583e-82,0,0,1.4
38720.0,0.005030746965851458,233.63984414985282,306.39270451398704,337.3349029382466,0,0,0,0,0,0,0,0,2.9892440608686244e-82,0,0,1.4
38740.0,0.005015894351714544,233.68817669152295,306.42439425512305,336.4085439922665,0,0,0,0,0,0,0,0,2.2560605692872727e-82,0,0,1.4
38760.0,0.0050010877380828305,233.73653735776628,306.4560991566585,335.48489917989747,0,0,0,0,0,0,0,0,1.7031781751446758e-82,0,0,1.4
38780.0,0.004986326978139118,233.7849260079858,306.48781912172836,334.5639600058724,0,0,0,0,0,0,0,0,1.2920505868040493e-82,0,0,1.4
38800.00000000001,0.004971611925066227,233.8333425015845,306.51955405346763,333.6457179749252,0,0,0,0,0,0,0,0,9.841315126292167e-83,0,0,1.4
38820.0,0.00495694243243861,233.88178669788434,306.55130385498984,332.7301646150002,0,0,0,0,0,0,0,0,7.456823983243943e-83,0,0,1.4
38840.0,0.00494231835539727,233.93025845588295,306.58306842932257,331.8172915468822,0,0,0,0,0,0,0,0,5.6219563895573455e-83,0,0,1.4
38860.0,0.004927739549474861,233.97875763449684,306.614847679472,330.90709041456756,0,0,0,0,0,0,0,0,4.239713669302387e-83,0,0,1.4
38880.0,0.004913205870204021,234.02728409264253,306.6466415084442,329.99955286205164,0,0,0,0,0,0,0,0,3.2130971465467478e-83,0,0,1.4
38900.0,0.004898717173117411,234.07583768923658,306.6784498192452,329.0946705333307,0,0,0,0,0,0,0,0,2.4451081453598692e-83,0,0,1.4
38920.0,0.004884273314133128,234.12441828311503,306.7102725148603,328.19243509521664,0,0,0,0,0,0,0,0,1.8508667355396352e-83,0,0,1.4
38940.0,0.004869874150711134,234.1730257327921,306.7421094981916,327.2928383057885,0,0,0,0,0,0,0,0,1.3939679698040311e-83,0,0,1.4
38960.0,0.004855519540696834,234.22165989670148,306.7739606721199,326.3958719459407,0,0,0,0,0,0,0,0,1.0501256466000644e-83,0,0,1.4
38980.00000000001,0.004841209341935645,234.27032063327698,306.8058259395265,325.5015277965687,0,0,0,0,0,0,0,0,7.95053564375245e-84,0,0,1.4
39000.0,0.004826943412272985,234.31900780095228,306.8377052032925,324.6097976385677,0,0,0,0,0,0,0,0,6.0446552157695685e-84,0,0,1.4
39020.0,0.004812721609933633,234.36772125808127,306.8695983662787,323.72067327526173,0,0,0,0,0,0,0,0,4.571146633308443e-84,0,0,1.4
39040.0,0.004798543794659887,234.41646086269847,306.90150533126524,322.8341465996935,0,0,0,0,0,0,0,0,3.439115214765859e-84,0,0,1.4
39060.0,0.004784409826573397,234.4652264727585,306.93342600101215,321.95020952733404,0,0,0,0,0,0,0,0,2.5880597453211708e-84,0,0,1.4
39080.0,0.0047703195657958376,234.51401794621603,306.9653602782793,321.0688539736555,0,0,0,0,0,0,0,0,1.957479010155169e-84,0,0,1.4
39100.0,0.004756272872448861,234.56283514102577,306.99730806582676,320.1900718541291,0,0,0,0,0,0,0,0,1.4868717944475645e-84,0,0,1.4
39120.0,0.004742269607027519,234.61167791506304,307.02926926639475,319.3138551062759,0,0,0,0,0,0,0,0,1.1233210628363544e-84,0,0,1.4
39140.0,0.004728309631520366,234.6605461258865,307.06124378264565,318.4401957558119,0,0,0,0,0,0,0,0,8.442464977888469e-85,0,0,1.4
39160.00000000001,0.004714392808289354,234.70943963097534,307.09323151722197,317.56908585050263,0,0,0,0,0,0,0,0,6.346519612302345e-85,0,0,1.4
39180.0,0.0047005189996964306,234.7583582878089,307.1252323727664,316.70051743811416,0,0,0,0,0,0,0,0,4.7954131508561084e-85,0,0,1.4
39200.0,0.0046866880681035354,234.80730195386653,307.15724625192155,315.83448256641105,0,0,0,0,0,0,0,0,3.6391842127991675e-85,0,0,1.4
39220.0,0.004672899876240096,234.85627048654894,307.18927305731114,314.97097330483456,0,0,0,0,0,0,0,0,2.746701096605496e-85,0,0,1.4
39240.0,0.004659154288305432,234.90526374294242,307.2213126914834,314.1099818095247,0,0,0,0,0,0,0,0,2.0621508176378886e-85,0,0,1.4
39260.0,0.0046454511688663585,234.9542815800548,307.25336505696725,313.251500258298,0,0,0,0,0,0,0,0,1.5485500704828684e-85,0,0,1.4
39280.0,0.0046317903824896695,235.00332385489384,307.28543005629217,312.3955208289693,0,0,0,0,0,0,0,0,1.1689155497260906e-85,0,0,1.4
39300.00000000001,0.0046181717937421735,235.05239042446732,307.317507591987,311.54203569935504,0,0,0,0,0,0,0,0,8.862639499537747e-86,0,0,1.4
39320.0,0.004604595267552342,235.10148114570498,307.34959756656286,310.69103706857857,0,0,0,0,0,0,0,0,6.682633623044501e-86,0,0,1.4
39340.0,0.004591060670295273,235.1505958752248,307.38169988245727,309.8425172209926,0,0,0,0,0,0,0,0,5.011874641262372e-86,0,0,1.4
39360.0,0.004577567868707753,235.19973446956672,307.41381444208986,308.9964684622585,0,0,0,0,0,0,0,0,3.759613293199877e-86,0,0,1.4
39380.0,0.004564116729526538,235.24889678527072,307.44594114788003,308.1528830980364,0,0,0,0,0,0,0,0,2.8351003178634063e-86,0,0,1.4
39400.0,0.004550707119488413,235.29808267887674,307.47807990224715,307.3117534339877,0,0,0,0,0,0,0,0,2.1475864542609467e-86,0,0,1.4
39420.0,0.004537338905686072,235.3472920068475,307.51023060759303,306.4730717967189,0,0,0,0,0,0,0,0,1.6177546488989187e-86,0,0,1.4
39440.0,0.004524011956635968,235.39652462533627,307.54239316624887,305.636830596623,0,0,0,0,0,0,0,0,1.2120166782831921e-86,0,0,1.4
39460.0,0.00451072614121047,235.44578039041915,307.5745674805282,304.8030222650378,0,0,0,0,0,0,0,0,9.082165264185983e-87,0,0,1.4
39480.00000000001,0.004497481328281955,235.4950591581722,307.60675345274433,303.9716392333025,0,0,0,0,0,0,0,0,6.841981773104155e-87,0,0,1.4
39500.0,0.0044842773867228075,235.54436078467143,307.6389509852109,303.142673932756,0,0,0,0,0,0,0,0,5.178056149638108e-87,0,0,1.4
39520.0,0.004471114185755688,235.5936851259162,307.67115998022433,302.3161188153276,0,0,0,0,0,0,0,0,3.896784764648605e-87,0,0,1.4
39540.0,0.0044579915960044495,235.64303203759914,307.7033803400129,301.49196641531324,0,0,0,0,0,0,0,0,2.9163901122414648e-87,0,0,1.4
39560.0,0.004444909488443224,235.69240137533623,307.73561196678787,300.6702092875985,0,0,0,0,0,0,0,0,2.183051217331583e-87,0,0,1.4
39580.0,0.004431867734046155,235.7417929947433,307.76785476276046,299.8508399870705,0,0,0,0,0,0,0,0,1.6429471048350998e-87,0,0,1.4
39600.0,0.004418866203787379,235.79120675143636,307.8001086301419,299.0338510686152,0,0,0,0,0,0,0,0,1.2422567996672216e-87,0,0,1.4
39620.0,0.004405904768985776,235.84064250095528,307.83237347112697,298.2192351073619,0,0,0,0,0,0,0,0,9.33961427547599e-88,0,0,1.4
39640.0,0.004392983302339171,235.89010009853587,307.8646491878449,297.4069847594085,0,0,0,0,0,0,0,0,6.982505174103623e-88,0,0,1.4
39660.00000000001,0.004380101676890137,235.93957939933784,307.89693568240835,296.59709270109585,0,0,0,0,0,0,0,0,5.221156989937355e-88,0,0,1.4
39680.0,0.004367259765681249,235.98908025852094,307.92923285692996,295.7895516087651,0,0,0,0,0,0,0,0,3.9254860203585783e-88,0,0,1.4
39700.0,0.004354457441755068,236.03860253124495,307.96154061352246,294.9843541587565,0,0,0,0,0,0,0,0,2.965408562747413e-88,0,0,1.4
39720.0,0.004341694578493441,236.08814607259416,307.99385885428273,294.1814930473107,0,0,0,0,0,0,0,0,2.2273077297514445e-88,0,0,1.4
39740.0,0.004328971050635267,236.13771073735145,308.02618748124445,293.38096105026546,0,0,0,0,0,0,0,0,1.6634338950802563e-88,0,0,1.4
39760.0,0.004316286733258732,236.18729638022418,308.0585263964253,292.5827509633587,0,0,0,0,0,0,0,0,1.2425042477101941e-88,0,0,1.4
39780.0,0.004303641501442008,236.2369028559198,308.0908755018431,291.7868555823276,0,0,0,0,0,0,0,0,9.332359766168881e-89,0,0,1.4
39800.00000000001,0.004291035230263276,236.28653001914572,308.1232346995156,290.99326770291,0,0,0,0,0,0,0,0,7.043462707764307e-89,0,0,1.4
39820.0,0.004278467795134597,236.33617772453456,308.1556038914455,290.20198014040625,0,0,0,0,0,0,0,0,5.28518596539613e-89,0,0,1.4
39840.0,0.004265939072803543,236.38584582642025,308.1879829795743,289.41298578836563,0,0,0,0,0,0,0,0,3.943015297563127e-89,0,0,1.4
39860.0,0.004253448940351584,236.43553417906173,308.2203718658288,288.62627755990104,0,0,0,0,0,0,0,0,2.942099236514481e-89,0,0,1.4
39880.0,0.00424099727486017,236.48524263671817,308.25277045213534,287.8418483681245,0,0,0,0,0,0,0,0,2.2075863144976665e-89,0,0,1.4
39900.0,0.004228583953410769,236.53497105364858,308.28517864042055,287.05969112614855,0,0,0,0,0,0,0,0,1.664625063761434e-89,0,0,1.4
39920.0,0.00421620885341341,236.58471928403802,308.3175963325963,286.27979876631645,0,0,0,0,0,0,0,0,1.2478692683375477e-89,0,0,1.4
39940.0,0.004203871853592434,236.63448718177514,308.35002343051605,285.502164297897,0,0,0,0,0,0,0,0,9.299937193943375e-90,0,0,1.4
39960.0,0.004191572833000746,236.68427460067457,308.3824598360186,284.7267807493898,0,0,0,0,0,0,0,0,6.931784598835755e-90,0,0,1.4
39980.00000000001,0.004179311670691257,236.73408139455097,308.41490545094285,283.95364114929424,0,0,0,0,0,0,0,0,5.196035327573822e-90,0,0,1.4
40000.0,0.004167088245716884,236.78390741721898,308.4473601771275,283.18273852611077,0,0,0,0,0,0,0,0,3.9144898096778895e-90,0,0,1.4
40020.0,0.004154902437453877,236.83375252241984,308.4798239163975,282.414065927244,0,0,0,0,0,0,0,0,2.9316132487315726e-90,0,0,1.4
40040.0,0.00414275412657191,236.88361656360115,308.5122965705214,281.6476164757228,0,0,0,0,0,0,0,0,2.182529944578329e-90,0,0,1.4
40060.0,0.004130643194063985,236.93349939413727,308.5447780412541,280.88338331348075,0,0,0,0,0,0,0,0,1.6250289711249009e-90,0,0,1.4
40080.0,0.004118569520923126,236.98340086740228,308.57726823035034,280.1213595824522,0,0,0,0,0,0,0,0,1.2168994022789776e-90,0,0,1.4
40100.0,0.004106532988142335,237.0333208367706,308.60976703956476,279.36153842457065,0,0,0,0,0,0,0,0,9.159303119475437e-91,0,0,1.4
40120.0,0.004094533477032841,237.08325915554363,308.6422743706387,278.6039130003565,0,0,0,0,0,0,0,0,6.852878545555661e-91,0,0,1.4
40140.0,0.004082570870178678,237.133215676732,308.67479012525973,277.8484765446721,0,0,0,0,0,0,0,0,5.096465065974763e-91,0,0,1.4
40160.00000000001,0.004070645050482097,237.18319025327355,308.707314205102,277.0952223109663,0,0,0,0,0,0,0,0,3.7905782508542583e-91,0,0,1.4
40180.0,0.004058755900845353,237.23318273810608,308.73984651183963,276.3441435526881,0,0,0,0,0,0,0,0,2.835733670315018e-91,0,0,1.4
40200.0,0.004046903304170683,237.2831929841675,308.77238694714674,275.5952335232858,0,0,0,0,0,0,0,0,2.1324468944769777e-91,0,0,1.4
40220.0,0.0040350871436734825,237.33322084432353,308.80493541268464,274.8484854944799,0,0,0,0,0,0,0,0,1.593926053063715e-91,0,0,1.4
40240.0,0.004023307303821695,237.38326617115175,308.8374918100632,274.1038928110754,0,0,0,0,0,0,0,0,1.1841495142075847e-91,0,0,1.4
40260.0,0.004011563669396411,237.43332881715762,308.87005604087955,273.36144883614975,0,0,0,0,0,0,0,0,8.797882056440558e-92,0,0,1.4
40280.0,0.00399985612517871,237.48340863484665,308.9026280067306,272.62114693277925,0,0,0,0,0,0,0,0,6.575130551080795e-92,0,0,1.4
40300.00000000001,0.003988184555949683,237.53350547672426,308.9352076092135,271.88298046404117,0,0,0,0,0,0,0,0,4.939949903349417e-92,0,0,1.4
40320.0,0.003976548846798571,237.58361919522457,308.9677947499129,271.14694281097485,0,0,0,0,0,0,0,0,3.6888592245603714e-92,0,0,1.4
40340.0,0.003964948884047213,237.63374964249624,309.00038933036467,270.4130274264688,0,0,0,0,0,0,0,0,2.737616961874205e-92,0,0,1.4
40360.0,0.0039533845543256105,237.68389667061638,309.03299125209213,269.68122778137433,0,0,0,0,0,0,0,0,2.0317913964150134e-92,0,0,1.4
40380.0,0.003941855744263749,237.73406013166232,309.0656004166188,268.95153734654235,0,0,0,0,0,0,0,0,1.5169508093056886e-92,0,0,1.4
40400.0,0.003930362340491634,237.7842398777113,309.09821672546803,268.22394959282445,0,0,0,0,0,0,0,0,1.13866348167002e-92,0,0,1.4
40420.0,0.003918904229942491,237.83443576076976,309.13084008015164,267.4984580087298,0,0,0,0,0,0,0,0,8.49463602444396e-93,0,0,1.4
40440.0,0.003907481300762521,237.88464763256147,309.1634703821346,266.7750561534036,0,0,0,0,0,0,0,0,6.297489918187792e-93,0,0,1.4
40460.0,0.00389609344140115,237.9348753447396,309.19610753287014,266.0537376036485,0,0,0,0,0,0,0,0,4.668833777960339e-93,0,0,1.4
40480.00000000001,0.0038847405403078113,237.98511874895706,309.22875143381157,265.33449593626807,0,0,0,0,0,0,0,0,3.4823048837926805e-93,0,0,1.4
40500.0,0.003873422485931943,238.03537769686696,309.26140198641207,264.61732472806574,0,0,0,0,0,0,0,0,2.6115405157152582e-93,0,0,1.4
40520.0,0.0038621391670213725,238.08565204005234,309.2940590921138,263.9022175732045,0,0,0,0,0,0,0,0,1.9463738077601917e-93,0,0,1.4
40540.0,0.003850890473517556,238.13594162981624,309.3267226523144,263.1891681352893,0,0,0,0,0,0,0,0,1.4414213099707859e-93,0,0,1.4
40560.0,0.003839676295660335,238.1862463173917,309.3593925684005,262.47817009528444,0,0,0,0,0,0,0,0,1.0674954263920042e-93,0,0,1.4
40580.0,0.003828496523689573,238.2365659540117,309.39206874175835,261.7692171341551,0,0,0,0,0,0,0,0,7.954085610694492e-94,0,0,1.4
40600.0,0.003817351047845112,238.28690039090932,309.4247510737746,261.06230293286546,0,0,0,0,0,0,0,0,5.959731180482499e-94,0,0,1.4
40620.0,0.0038062397586604516,238.33724947924821,309.4574394658252,260.35742118944773,0,0,0,0,0,0,0,0,4.437481079548951e-94,0,0,1.4
40640.0,0.0037951625478436415,238.38761306991492,309.49013381924374,259.65456567020067,0,0,0,0,0,0,0,0,3.2827896773966246e-94,0,0,1.4
40660.00000000001,0.003784119307396384,238.4379910137265,309.5228340353534,258.9537301584909,0,0,0,0,0,0,0,0,2.428577409340116e-94,0,0,1.4
40680.0,0.0037731099293203795,238.48838316150017,309.5555400154773,258.2549084376848,0,0,0,0,0,0,0,0,1.8077647106935941e-94,0,0,1.4
40700.0,0.003762134305617319,238.538789364053,309.5882516609384,257.5580942911482,0,0,0,0,0,0,0,0,1.3532720167706174e-94,0,0,1.4
40720.0,0.003751192328577861,238.58920947213355,309.62096887304995,256.86328151902666,0,0,0,0,0,0,0,0,1.0066432035594911e-94,0,0,1.4
40740.0,0.003740283891648458,238.63964333621598,309.65369155308497,256.17046398857923,0,0,0,0,0,0,0,0,7.439159097437516e-95,0,0,1.4
40760.0,0.003729408888564532,238.69009080670565,309.68641960230644,255.47963558384498,0,0,0,0,0,0,0,0,5.4975121468133385e-95,0,0,1.4
40780.0,0.0037185672130614885,238.74055173400816,309.7191529219777,254.79079018886185,0,0,0,0,0,0,0,0,4.088101977298414e-95,0,0,1.4
40800.00000000001,0.003707758758874745,238.79102596852888,309.75189141336153,254.1039216876684,0,0,0,0,0,0,0,0,3.0575393824709134e-95,0,0,1.4
40820.0,0.0036969834200240555,238.84151336060543,309.78463497771173,253.41902398079878,0,0,0,0,0,0,0,0,2.2721835351353724e-95,0,0,1.4
40840.0,0.0036862410916665062,238.89201376030377,309.817383516244,252.7360910347679,0,0,0,0,0,0,0,0,1.6773871250032375e-95,0,0,1.4
40860.0,0.003675531669243535,238.94252701762179,309.85013693016475,252.05511683258698,0,0,0,0,0,0,0,0,1.2382512210138773e-95,0,0,1.4
40880.0,0.003664855048196565,238.99305298255763,309.88289512068025,251.37609535726645,0,0,0,0,0,0,0,0,9.198768921059073e-96,0,0,1.4
40900.0,0.0036542111239670346,239.0435915051092,309.9156579889969,250.69902059181746,0,0,0,0,0,0,0,0,6.8736520721850065e-96,0,0,1.4
40920.0,0.0036435997922761565,239.09414243520737,309.94842543631205,250.0238865354674,0,0,0,0,0,0,0,0,5.10317010988618e-96,0,0,1.4
40940.0,0.0036330209499643266,239.14470562251412,309.98119736378766,249.3506872523126,0,0,0,0,0,0,0,0,3.763322508463223e-96,0,0,1.4
40960.0,0.0036224744941517144,239.19528091662437,310.0139736725766,248.6794168226655,0,0,0,0,0,0,0,0,2.775106499196533e-96,0,0,1.4
40980.00000000001,0.003611960321958502,239.24586816713287,310.04675426383164,248.01006932683921,0,0,0,0,0,0,0,0,2.0595193133679886e-96,0,0,1.4
41000.0,0.00360147833050487,239.29646722363452,310.07953903870595,247.34263884514684,0,0,0,0,0,0,0,0,1.5375581822590793e-96,0,0,1.4
41020.0,0.0035910284171863063,239.34707793565764,310.11232789834395,246.6771194738442,0,0,0,0,0,0,0,0,1.1404217174972053e-96,0,0,1.4
41040.0,0.0035806104804995786,239.3977001524646,310.1451207438568,246.01350537296162,0,0,0,0,0,0,0,0,8.401140520960887e-97,0,0,1.4
41060.0,0.003570224419216755,239.44833372325127,310.17791747634715,245.35179071847188,0,0,0,0,0,0,0,0,6.188406994153543e-97,0,0,1.4
41080.0,0.003559870132109919,239.49897849721353,310.2107179969177,244.69196968634873,0,0,0,0,0,0,0,0,4.5880717281500605e-97,0,0,1.4
41100.0,0.0035495475179511404,239.54963432354722,310.24352220667123,244.03403645256486,0,0,0,0,0,0,0,0,3.422189856547684e-97,0,0,1.4
41120.0,0.0035392564757834133,239.60030105138244,310.27633000670266,243.37798520876865,0,0,0,0,0,0,0,0,2.535827530141284e-97,0,0,1.4
41140.0,0.003528996905733362,239.65097852958635,310.3091412980754,242.72381020930553,0,0,0,0,0,0,0,0,1.866094968506583e-97,0,0,1.4
41160.00000000001,0.003518768708198534,239.70166660696015,310.3419559818455,242.07150572419621,0,0,0,0,0,0,0,0,1.3731134084158795e-97,0,0,1.4
41180.0,0.0035085717835764752,239.75236513230513,310.37477395906865,241.42106602346155,0,0,0,0,0,0,0,0,1.0170040866412227e-97,0,0,1.4
41200.0,0.003498406032264722,239.80307395442267,310.4075951308006,240.77248537712154,0,0,0,0,0,0,0,0,7.578882399543105e-98,0,0,1.4
41220.0,0.0034882713549273985,239.85379292204897,310.44041939808983,240.12575807060742,0,0,0,0,0,0,0,0,5.610515260441705e-98,0,0,1.4
41240.0,0.0034781676532949094,239.90452188366007,310.47324666195584,239.48087845099062,0,0,0,0,0,0,0,0,4.124372862669865e-98,0,0,1.4
41260.0,0.003468094829364249,239.95526068766702,310.50607682341047,238.83784088075387,0,0,0,0,0,0,0,0,3.0315328289606884e-98,0,0,1.4
41280.0,0.003458052785132396,240.00600918248082,310.5389097834658,238.19663972237896,0,0,0,0,0,0,0,0,2.2430727820453995e-98,0,0,1.4
41300.00000000001,0.003448041422596341,240.05676721651244,310.5717454431338,237.5572693383483,0,0,0,0,0,0,0,0,1.6700703446564288e-98,0,0,1.4
41320.0,0.0034380606440153776,240.1075346381086,310.6045837034198,236.91972410629495,0,0,0,0,0,0,0,0,1.2351354550714128e-98,0,0,1.4
41340.0,0.003428110352698007,240.15831129535874,310.637424465302,236.28399846445376,0,0,0,0,0,0,0,0,9.070073137496541e-99,0,0,1.4
41360.0,0.003418190452215046,240.20909703628803,310.6702676297517,235.65008686621104,0,0,0,0,0,0,0,0,6.659574366965337e-99,0,0,1.4
41380.0,0.0034083008461372995,240.25989170892154,310.70311309774064,235.01798376495228,0,0,0,0,0,0,0,0,4.922573399170177e-99,0,0,1.4
41400.0,0.0033984414380355855,240.31069516128437,310.7359607702399,234.38768361406375,0,0,0,0,0,0,0,0,3.661785394163771e-99,0,0,1.4
41420.0,0.003388612131738809,240.36150724133816,310.76881054821496,233.7591808818264,0,0,0,0,0,0,0,0,2.705547959125288e-99,0,0,1.4
41440.0,0.0033788128321082913,240.41232779679007,310.801662332606,233.13247009610345,0,0,0,0,0,0,0,0,1.984688489750393e-99,0,0,1.4
41460.0,0.003369043444263441,240.46315667528373,310.83451602434695,232.50754579965292,0,0,0,0,0,0,0,0,1.455656828862247e-99,0,0,1.4
41480.00000000001,0.0033593038733236756,240.51399372446278,310.8673715243718,231.88440253523322,0,0,0,0,0,0,0,0,1.07490281928481e-99,0,0,1.4
41500.0,0.0033495940244084145,240.5648387919708,310.9002287336146,231.26303484560302,0,0,0,0,0,0,0,0,7.988763038418323e-100,0,0,1.4
41520.0,0.0033399138028910283,240.61569172538864,310.9330875530036,230.64343728816468,0,0,0,0,0,0,0,0,5.896912659979809e-100,0,0,1.4
41540.0,0.0033302631151607524,240.66655237204566,310.96594788344413,230.02560447890014,0,0,0,0,0,0,0,0,4.3211825178301285e-100,0,0,1.4
41560.0,0.003320641867860772,240.71742057920844,310.99880962583586,229.40953104843493,0,0,0,0,0,0,0,0,3.165919478676001e-100,0,0,1.4
41580.0,0.003311049967634286,240.76829619414352,311.0316726810785,228.7952116273956,0,0,0,0,0,0,0,0,2.335470409226126e-100,0,0,1.4
41600.0,0.0033014873211244787,240.81917906411755,311.0645369500716,228.18264084640765,0,0,0,0,0,0,0,0,1.7341821761877556e-100,0,0,1.4
41620.0,0.003291953835224438,240.87006903633494,311.0974023337096,227.57181335049572,0,0,0,0,0,0,0,0,1.2788598926258457e-100,0,0,1.4
41640.0,0.0032824494178267938,240.9209659577518,311.13026873286634,226.96272384227615,0,0,0,0,0,0,0,0,9.361416570312116e-101,0,0,1.4
41660.00000000001,0.003272973977074075,240.9718696752621,311.16313604840985,226.35536703876392,0,0,0,0,0,0,0,0,6.851238142518319e-101,0,0,1.4
41680.0,0.0032635274211088097,241.02278003575987,311.1960041812089,225.7497376569741,0,0,0,0,0,0,0,0,5.049027091355557e-101,0,0,1.4
41700.0,0.003254109658073518,241.07369688613906,311.22887303213156,225.14583041392112,0,0,0,0,0,0,0,0,3.7457468653005603e-101,0,0,1.4
41720.0,0.0032447205963566095,241.1246200732323,311.2617425020417,224.54364004077618,0,0,0,0,0,0,0,0,2.759624901513429e-101,0,0,1.4
41740.0,0.0032353601453300007,241.1755494436269,311.29461249178433,223.94316132533336,0,0,0,0,0,0,0,0,2.017944591876875e-101,0,0,1.4
41760.0,0.003226028214611499,241.22648484384862,311.3274829021994,223.3443890695435,0,0,0,0,0,0,0,0,1.475253316955953e-101,0,0,1.4
41780.0,0.0032167247138188975,241.27742612042346,311.3603536341272,222.7473180753567,0,0,0,0,0,0,0,0,1.0860984573147791e-101,0,0,1.4
41800.00000000001,0.0032074495525700004,241.3283731198772,311.3932245884079,222.1519431447235,0,0,0,0,0,0,0,0,8.050273935180723e-102,0,0,1.4
41820.0,0.003198202640724544,241.37932568867518,311.42609566587754,221.55825909351253,0,0,0,0,0,0,0,0,5.925240214069145e-102,0,0,1.4
41840.0,0.0031889838891099795,241.43028367304032,311.45896676735515,220.96626079326325,0,0,0,0,0,0,0,0,4.3281829792828745e-102,0,0,1.4
41860.0,0.003179793208795705,241.48124691913497,311.491837793656,220.37594312943384,0,0,0,0,0,0,0,0,3.1607669530596827e-102,0,0,1.4
41880.0,0.0031706305108511034,241.5322152731214,311.5247086455949,219.78730098748161,0,0,0,0,0,0,0,0,2.3246568576353402e-102,0,0,1.4
41900.0,0.0031614957063455717,241.58318858116198,311.5575792239869,219.2003292528649,0,0,0,0,0,0,0,0,1.7215174152470776e-102,0,0,1.4
41920.0,0.00315238870658654,241.6341666893592,311.59044942964334,218.61502282472483,0,0,0,0,0,0,0,0,1.2658746114944133e-102,0,0,1.4
41940.0,0.0031433094238336357,241.68514944357625,311.62331916336075,218.03137665693959,0,0,0,0,0,0,0,0,9.236994854310625e-103,0,0,1.4
41960.0,0.0031342577705845164,241.7361366896164,311.6561883259319,217.4493857170703,0,0,0,0,0,0,0,0,6.738243394735281e-103,0,0,1.4
41980.00000000001,0.003125233659336854,241.78712827328297,311.68905681814965,216.86904497267872,0,0,0,0,0,0,0,0,4.9508147603869e-103,0,0,1.4
42000.0,0.0031162370025883163,241.8381240403793,311.72192454080675,216.29034939132669,0,0,0,0,0,0,0,0,3.663031975433262e-103,0,0,1.4
42020.0,0.003107267713070784,241.88912383664967,311.75479139469286,215.71329395402933,0,0,0,0,0,0,0,0,2.69094140985849e-103,0,0,1.4
42040.0,0.0030983257044530366,241.94012750760203,311.78765728058477,215.13787369561905,0,0,0,0,0,0,0,0,1.9614828169186197e-103,0,0,1.4
42060.0,0.003089410890638058,241.99113489868526,311.82052209925604,214.56408366438149,0,0,0,0,0,0,0,0,1.4293192956860082e-103,0,0,1.4
42080.0,0.003080523185528848,242.0421458553483,311.8533857514803,213.99191890860303,0,0,0,0,0,0,0,0,1.0491139452339301e-103,0,0,1.4
42100.0,0.0030716625030283917,242.0931602230401,311.88624813803114,213.4213744765692,0,0,0,0,0,0,0,0,7.755298646349886e-104,0,0,1.4
42120.0,0.003062828757270144,242.14417784715118,311.91910915967935,212.8524454297947,0,0,0,0,0,0,0,0,5.691760549507198e-104,0,0,1.4
42140.0,0.003054021863309372,242.19519857283905,311.95196871718514,212.2851268827058,0,0,0,0,0,0,0,0,4.1444512519609625e-104,0,0,1.4
42160.00000000001,0.0030452417364318094,242.24622224520286,311.9848267113057,211.7194139629579,0,0,0,0,0,0,0,0,3.0167558637476866e-104,0,0,1.4
42180.0,0.003036488291923187,242.29724870934166,312.0176830427983,211.15530179820618,0,0,0,0,0,0,0,0,2.2120594949032895e-104,0,0,1.4
42200.0,0.0030277614450692296,242.3482778103547,312.0505376124203,210.59278551610507,0,0,0,0,0,0,0,0,1.6337472554628967e-104,0,0,1.4
42220.0,0.0030190611113824223,242.39930939328352,312.08339032092687,210.03186025731623,0,0,0,0,0,0,0,0,1.1978924568858364e-104,0,0,1.4
42240.0,0.003010387207282238,242.4503433029397,312.1162410690641,209.47252121452493,0,0,0,0,0,0,0,0,8.713212163233598e-105,0,0,1.4
42260.0,0.0030017396494149127,242.50137938407718,312.1490897575759,208.91476359342312,0,0,0,0,0,0,0,0,6.3354785235044865e-105,0,0,1.4
42280.0,0.0029931183544266693,242.55241748145002,312.1819362872062,208.35858259970226,0,0,0,0,0,0,0,0,4.640866835416736e-105,0,0,1.4
42300.00000000001,0.00298452323896374,242.60345743981222,312.214780558699,207.80397343905412,0,0,0,0,0,0,0,0,3.4245202847186696e-105,0,0,1.4
42320.0,0.0029759542198954598,242.65449910386099,312.2476224727964,207.2509313299587,0,0,0,0,0,0,0,0,2.508521754914188e-105,0,0,1.4
42340.0,0.0029674112149835636,242.70554231806665,312.2804619302337,206.699451542047,0,0,0,0,0,0,0,0,1.8227129205313916e-105,0,0,1.4
42360.0,0.0029588941422129043,242.7565869268428,312.31329883174425,206.14952935773903,0,0,0,0,0,0,0,0,1.3238751538558204e-105,0,0,1.4
42380.0,0.002950402919568319,242.80763277460306,312.34613307806154,205.6011600594538,0,0,0,0,0,0,0,0,9.687898271721521e-106,0,0,1.4
42400.0,0.0029419374650346596,242.8586797057609,312.37896456991905,205.05433892961116,0,0,0,0,0,0,0,0,7.142383127656928e-106,0,0,1.4
42420.0,0.002933497696816276,242.90972756467409,312.4117932080489,204.5090612632037,0,0,0,0,0,0,0,0,5.226930778375183e-106,0,0,1.4
42440.0,0.0029250835339955776,242.9607761954763,312.4446188931782,203.96532240551895,0,0,0,0,0,0,0,0,3.793909692539553e-106,0,0,1.4
42460.0,0.0029166948958744745,243.0118254422456,312.4774415260328,203.42311771441678,0,0,0,0,0,0,0,0,2.752599287973181e-106,0,0,1.4
42480.00000000001,0.002908331701754884,243.06287514905975,312.5102610073385,202.88244254775822,0,0,0,0,0,0,0,0,2.0122789825007998e-106,0,0,1.4
42500.0,0.0028999938709387257,243.1139251599966,312.54307723782114,202.34329226340387,0,0,0,0,0,0,0,0,1.4822281939467136e-106,0,0,1.4
42520.0,0.0028916813229438866,243.16497531907893,312.57589011820573,201.80566223157666,0,0,0,0,0,0,0,0,1.0836884975677267e-106,0,0,1.4
42540.0,0.002883393978152178,243.2160254701088,312.608699549214,201.26954787195152,0,0,0,0,0,0,0,0,7.857500983533589e-107,0,0,1.4
42560.0,0.00287513175716138,243.26707545683317,312.6415054315671,200.7349446165655,0,0,0,0,0,0,0,0,5.69465358725626e-107,0,0,1.4
42580.0,0.0028668945805692806,243.31812512299894,312.67430766598596,200.20184789745633,0,0,0,0,0,0,0,0,4.158866411069176e-107,0,0,1.4
42600.0,0.0028586823689736593,243.36917431235304,312.70710615319166,199.67025314666103,0,0,0,0,0,0,0,0,3.0606630791935277e-107,0,0,1.4
42620.0,0.0028504950431848053,243.420222868588,312.7399007939048,199.140155808373,0,0,0,0,0,0,0,0,2.235584138760527e-107,0,0,1.4
42640.0,0.0028423325248629946,243.47127063517905,312.77269148884477,198.61155137540786,0,0,0,0,0,0,0,0,1.619237828532292e-107,0,0,1.4
42660.00000000001,0.0028341947358810123,243.52231745554693,312.8054781387306,198.0844353527374,0,0,0,0,0,0,0,0,1.1722493101799453e-107,0,0,1.4
42680.0,0.002826081598111644,243.57336317311243,312.8382606442814,197.55880324533342,0,0,0,0,0,0,0,0,8.552437453743702e-108,0,0,1.4
42700.0,0.002817993033427665,243.6244076312963,312.8710389062159,197.03465055816724,0,0,0,0,0,0,0,0,6.2884629578613924e-108,0,0,1.4
42720.0,0.002809928963910939,243.6754506734658,312.9038128252535,196.51197280816305,0,0,0,0,0,0,0,0,4.5888770249991985e-108,0,0,1.4
42740.0,0.002801889312479624,243.72649214277396,312.936582302114,195.99076556005303,0,0,0,0,0,0,0,0,3.3202102425484494e-108,0,0,1.4
42760.0,0.002793874002260964,243.7775318823202,312.96934723751696,195.47102439052247,0,0,0,0,0,0,0,0,2.4010489920395547e-108,0,0,1.4
42780.0,0.002785882956382192,243.828569735204,313.0021075321821,194.95274487625585,0,0,0,0,0,0,0,0,1.749979655001331e-108,0,0,1.4
42800.00000000001,0.0027779160979705514,243.87960554452476,313.03486308682943,194.4359225939381,0,0,0,0,0,0,0,0,1.2855886129636075e-108,0,0,1.4
42820.0,0.00276997335035899,243.9306391533292,313.06761380217927,193.9205531320065,0,0,0,0,0,0,0,0,9.372396768198936e-109,0,0,1.4
42840.0,0.002762054637703275,243.98167040445307,313.1003595789543,193.40663212590653,0,0,0,0,0,0,0,0,6.774063749191828e-109,0,0,1.4
42860.0,0.002754159884364892,244.03269914067943,313.1331003178779,192.89415522283667,0,0,0,0,0,0,0,0,4.893396649748668e-109,0,0,1.4
42880.0,0.0027462890147053162,244.0837252047913,313.1658359196735,192.38311806999465,0,0,0,0,0,0,0,0,3.562905047000109e-109,0,0,1.4
42900.0,0.0027384419530860327,244.13474843957167,313.19856628506443,191.87351631457898,0,0,0,0,0,0,0,0,2.6150985180791613e-109,0,0,1.4
42920.0,0.002730618624070905,244.18576868775165,313.231291314775,191.36534561534296,0,0,0,0,0,0,0,0,1.9046876297494082e-109,0,0,1.4
42940.0,0.0027228189530333715,244.23678579185454,313.26401090953374,190.85860167726335,0,0,0,0,0,0,0,0,1.3751869073047664e-109,0,0,1.4
42960.0,0.0027150428655492477,244.28779959435187,313.29672497007033,190.35328021687155,0,0,0,0,0,0,0,0,9.923118656705428e-110,0,0,1.4
42980.00000000001,0.0027072902871943584,244.338809937715,313.3294333971143,189.8493769506998,0,0,0,0,0,0,0,0,7.217780197726293e-110,0,0,1.4
43000.0,0.0026995611435445288,244.38981666441535,313.36213609139526,189.34688759528012,0,0,0,0,0,0,0,0,5.293008845367588e-110,0,0,1.4
43020.0,0.002691855360374702,244.44081961687328,313.3948329536442,188.84580787850663,0,0,0,0,0,0,0,0,3.851462811967338e-110,0,0,1.4
43040.0,0.0026841728642563374,244.49181863730462,313.4275238845983,188.34613357372422,0,0,0,0,0,0,0,0,2.7778125621961657e-110,0,0,1.4
43060.0,0.0026765135819600133,244.5428135678743,313.4602087849961,187.84786046563937,0,0,0,0,0,0,0,0,2.0022316238053798e-110,0,0,1.4
43080.0,0.0026688774402563184,244.59380425074713,313.4928875555761,187.3509843389595,0,0,0,0,0,0,0,0,1.4548935245476363e-110,0,0,1.4
43100.0,0.002661264365915827,244.64479052808795,313.5255600970769,186.85550097839126,0,0,0,0,0,0,0,0,1.0659717921746146e-110,0,0,1.4
43120.0,0.0026536742859050435,244.6957722420113,313.558226310239,186.3614061798146,0,0,0,0,0,0,0,0,7.749193608875855e-111,0,0,1.4
43140.0,0.002646107127974116,244.7467492344306,313.59088609581073,185.86869578379947,0,0,0,0,0,0,0,0,5.58306790682888e-111,0,0,1.4
43160.00000000001,0.0026385628200691143,244.79772134720898,313.6235393545422,185.37736564208907,0,0,0,0,0,0,0,0,4.0198404800608184e-111,0,0,1.4
43180.0,0.002631041290136111,244.84868842220965,313.6561859871836,184.8874116064264,0,0,0,0,0,0,0,0,2.9180109930264065e-111,0,0,1.4
43200.0,0.0026235424661211685,244.8996503012957,313.68882589448515,184.3988295285542,0,0,0,0,0,0,0,0,2.1360791101793212e-111,0,0,1.4
43220.0,0.002616066276163114,244.95060682628088,313.72145897719935,183.91161527120175,0,0,0,0,0,0,0,0,1.5513727970621349e-111,0,0,1.4
43240.0,0.0026086126491717742,245.00155783878117,313.7540851360885,183.42576474104237,0,0,0,0,0,0,0,0,1.116533223566466e-111,0,0,1.4
43260.0,0.002601181514249743,245.052503180363,313.7867042719169,182.94127385573606,0,0,0,0,0,0,0,0,8.030298606721912e-112,0,0,1.4
43280.0,0.0025937728004996018,245.10344269259295,313.81931628544913,182.45813853294212,0,0,0,0,0,0,0,0,5.823321793586408e-112,0,0,1.4
43300.00000000001,0.0025863864370239383,245.1543762170376,313.8519210774497,181.97635469032045,0,0,0,0,0,0,0,0,4.259096506054922e-112,0,0,1.4
43320.0,0.0025790223531149846,245.20530359521476,313.88451854868583,181.49591825633365,0,0,0,0,0,0,0,0,3.0903288273058977e-112,0,0,1.4
43340.0,0.0025716804788235314,245.256224668448,313.9171085999362,181.01682520265504,0,0,0,0,0,0,0,0,2.221770334047159e-112,0,0,1.4
43360.0,0.0025643607443900217,245.30713927801216,313.9496911319822,180.5390715117613,0,0,0,0,0,0,0,0,1.5961839763706426e-112,0,0,1.4
43380.0,0.0025570630800548877,245.3580472651822,313.9822660456052,180.06265316612854,0,0,0,0,0,0,0,0,1.1563327043671973e-112,0,0,1.4
43400.0,0.0025497874160585726,245.40894847123295,314.01483324158653,179.58756614823344,0,0,0,0,0,0,0,0,8.449794681284541e-113,0,0,1.4
43420.0,0.002542533682828088,245.45984273739163,314.04739262071104,179.11380645117464,0,0,0,0,0,0,0,0,6.125225436029283e-113,0,0,1.4
43440.0,0.0025353018115367777,245.51072990469427,314.0799440837763,178.641370110542,0,0,0,0,0,0,0,0,4.3990151016933487e-113,0,0,1.4
43460.0,0.0025280917335445516,245.5616098141294,314.1124875315832,178.17025317254723,0,0,0,0,0,0,0,0,3.1569127306354845e-113,0,0,1.4
43480.00000000001,0.0025209033802113304,245.6124823066853,314.14502286493286,177.70045168340252,0,0,0,0,0,0,0,0,2.284667375216344e-113,0,0,1.4
43500.0,0.0025137366828970335,245.66334722335037,314.177549984626,177.23196168932017,0,0,0,0,0,0,0,0,1.668028087796053e-113,0,0,1.4
43520.0,0.0025065915731451393,245.7142044050661,314.2100687914674,176.76477924695746,0,0,0,0,0,0,0,0,1.2080038774688323e-113,0,0,1.4
43540.0,0.0024994679832334023,245.76505369258638,314.24257918627643,176.2989004547545,0,0,0,0,0,0,0,0,8.666435802684102e-114,0,0,1.4
43560.0,0.0024923658456231365,245.81589492661817,314.275081069876,175.83432142159631,0,0,0,0,0,0,0,0,6.212559889626034e-114,0,0,1.4
43580.0,0.0024852850927756616,245.86672794786833,314.30757434308924,175.37103825636862,0,0,0,0,0,0,0,0,4.491498963196565e-114,0,0,1.4
43600.0,0.0024782256571522897,245.9175525970439,314.34005890673916,174.90904706795638,0,0,0,0,0,0,0,0,3.276340951075067e-114,0,0,1.4
43620.0,0.002471187471394945,245.96836871480576,314.3725346616529,174.44834397551685,0,0,0,0,0,0,0,0,2.370519038442843e-114,0,0,1.4
43640.0,0.0024641704688679452,246.01917614163065,314.40500150867405,173.98892513929272,0,0,0,0,0,0,0,0,1.6988474404786292e-114,0,0,1.4
43660.00000000001,0.0024571745831162162,246.0699747179493,314.43745934865035,173.5307867297987,0,0,0,0,0,0,0,0,1.2164856298619285e-114,0,0,1.4
43680.0,0.0024501997476846843,246.12076428419235,314.46990808242947,173.0739249175495,0,0,0,0,0,0,0,0,8.785930792719762e-115,0,0,1.4
43700.0,0.0024432458961182696,246.17154468079056,314.50234761085915,172.61833587305938,0,0,0,0,0,0,0,0,6.40329261387681e-115,0,0,1.4
43720.0,0.0024363129621395837,246.2223157481294,314.53477783479156,172.16401577694373,0,0,0,0,0,0,0,0,4.628576433452348e-115,0,0,1.4
43740.0,0.002429400880181961,246.27307732641378,314.56719865509723,171.7109608502194,0,0,0,0,0,0,0,0,3.3135767010794816e-115,0,0,1.4
43760.0,0.002422509584856428,246.3238292558033,314.59960997265085,171.25916732400444,0,0,0,0,0,0,0,0,2.3701278109621497e-115,0,0,1.4
43780.0,0.0024156390107740013,246.37457137645765,314.63201168832757,170.80863142941627,0,0,0,0,0,0,0,0,1.7100641573026452e-115,0,0,1.4
43800.00000000001,0.0024087890925457074,246.42530352853643,314.6644037030022,170.3593493975727,0,0,0,0,0,0,0,0,1.245220134304299e-115,0,0,1.4
43820.0,0.0024019597649573804,246.476025552155,314.6967859175546,169.91131746952408,0,0,0,0,0,0,0,0,8.992497078705847e-116,0,0,1.4
43840.0,0.0023951509634940935,246.52673728725154,314.7291582328846,169.46453192605006,0,0,0,0,0,0,0,0,6.430851307063433e-116,0,0,1.4
43860.0,0.0023883626238157406,246.57743857371966,314.76152054989655,169.01898905786334,0,0,0,0,0,0,0,0,4.594782272172818e-116,0,0,1.4
43880.0,0.002381594681582205,246.62812925145334,314.7938727694953,168.57468515567595,0,0,0,0,0,0,0,0,3.311808218087858e-116,0,0,1.4
43900.0,0.00237484707245338,246.6788091603462,314.8262147925853,168.13161651020067,0,0,0,0,0,0,0,0,2.409447388864717e-116,0,0,1.4
43920.0,0.0023681197322611355,246.72947814024866,314.85854652007674,167.68977942191682,0,0,0,0,0,0,0,0,1.7383693267649702e-116,0,0,1.4
43940.0,0.00236141259752529,246.78013603083744,314.89086785290084,167.24917023037358,0,0,0,0,0,0,0,0,1.2418487668796605e-116,0,0,1.4
43960.0,0.002354725604937638,246.83078267174574,314.9231786919947,166.80978528488677,0,0,0,0,0,0,0,0,8.863117425060602e-117,0,0,1.4
43980.00000000001,0.002348058691189983,246.88141790260687,314.9554789382949,166.3716209347727,0,0,0,0,0,0,0,0,6.381842869419906e-117,0,0,1.4
44000.0,0.002341411792974126,246.93204156305399,314.9877684927386,165.93467352934763,0,0,0,0,0,0,0,0,4.63892433485123e-117,0,0,1.4
44020.0,0.0023347848471510653,246.9826534926779,315.02004725626824,165.49893942753243,0,0,0,0,0,0,0,0,3.343741329382669e-117,0,0,1.4
44040.0,0.0023281777912586257,247.0332535308991,315.0523151298495,165.0644150266682,0,0,0,0,0,0,0,0,2.3861500612568347e-117,0,0,1.4
44060.0,0.002321590563003826,247.08384151709552,315.08457201445407,164.63109673370053,0,0,0,0,0,0,0,0,1.7011259137677355e-117,0,0,1.4
44080.0,0.002315023100093695,247.13441729064516,315.1168178110534,164.19898095557556,0,0,0,0,0,0,0,0,1.2236442702105805e-117,0,0,1.4
44100.0,0.0023084753402352505,247.18498069092593,315.14905242061894,163.76806409923884,0,0,0,0,0,0,0,0,8.886805138797186e-118,0,0,1.4
44120.0,0.002301947221301989,247.2355315572742,315.1812757441284,163.3383425810819,0,0,0,0,0,0,0,0,6.399590465589427e-118,0,0,1.4
44140.0,0.002295438681833266,247.28606972885962,315.21348768258434,162.9098128552775,0,0,0,0,0,0,0,0,4.562003439869715e-118,0,0,1.4
44160.00000000001,0.002288949660534913,247.33659504481034,315.24568813699534,162.48247138544423,0,0,0,0,0,0,0,0,3.248739003916422e-118,0,0,1.4
44180.0,0.0022824800961127613,247.38710734425442,315.2778770083701,162.05631463520075,0,0,0,0,0,0,0,0,2.334492100007177e-118,0,0,1.4
44200.0,0.002276029927272634,247.4376064663199,315.3100541977172,161.63133906816515,0,0,0,0,0,0,0,0,1.6939576704187214e-118,0,0,1.4
44220.0,0.002269599092884139,247.48809225009407,315.3422196060519,161.20754115724483,0,0,0,0,0,0,0,0,1.218710557861045e-118,0,0,1.4
44240.0,0.0022631875324719713,247.53856453450135,315.3743731344159,160.78491741250122,0,0,0,0,0,0,0,0,8.678452067716628e-119,0,0,1.4
44260.0,0.002256795185724611,247.58902315842516,315.40651468385744,160.36346435328483,0,0,0,0,0,0,0,0,6.173359620207858e-119,0,0,1.4
44280.0,0.0022504219923305275,247.6394679607492,315.43864415542464,159.9431784989457,0,0,0,0,0,0,0,0,4.431571684781869e-119,0,0,1.4
44300.00000000001,0.002244067891978198,247.68989878035686,315.47076145016575,159.52405636883432,0,0,0,0,0,0,0,0,3.2128317101391373e-119,0,0,1.4
44320.0,0.0022377328245172237,247.74031545609193,315.502866469136,159.1060944914356,0,0,0,0,0,0,0,0,2.3092867297443375e-119,0,0,1.4
44340.0,0.0022314167304416984,247.79071782663866,315.53495911341867,158.68928943177247,0,0,0,0,0,0,0,0,1.6426981161210656e-119,0,0,1.4
44360.0,0.002225119550406847,247.8411057306415,315.5670392841037,158.27363776400273,0,0,0,0,0,0,0,0,1.1672308265590159e-119,0,0,1.4
44380.0,0.0022188412250678875,247.8914790067449,315.5991068822815,157.85913606228388,0,0,0,0,0,0,0,0,8.370498183470505e-120,0,0,1.4
44400.0,0.0022125816950800464,247.9418374935932,315.63116180904217,157.44578090077385,0,0,0,0,0,0,0,0,6.0632004877462516e-120,0,0,1.4
44420.0,0.002206340901257057,247.99218102979202,315.6632039654832,157.03356886261312,0,0,0,0,0,0,0,0,4.353955926975912e-120,0,0,1.4
44440.0,0.0022001187850467312,248.042509453791,315.6952332527319,156.62249656687533,0,0,0,0,0,0,0,0,3.093869952393923e-120,0,0,1.4
44460.0,0.002193915288055387,248.09282260400116,315.72724957192275,156.2125606416166,0,0,0,0,0,0,0,0,2.1959391909007778e-120,0,0,1.4
44480.00000000001,0.002187730351889348,248.1431203188332,315.7592528241903,155.80375771489346,0,0,0,0,0,0,0,0,1.5731602693983727e-120,0,0,1.4
44500.0,0.0021815639181549406,248.19340243669802,315.7912429106692,155.39608441476258,0,0,0,0,0,0,0,0,1.1385298147882136e-120,0,0,1.4
44520.0,0.002175415928614434,248.24366879596846,315.8232197325017,154.98953737811436,0,0,0,0,0,0,0,0,8.168063498612297e-121,0,0,1.4
44540.0,0.002169286325653911,248.2939192348652,315.85518319086145,154.58411327717704,0,0,0,0,0,0,0,0,5.797959809682351e-121,0,0,1.4
44560.0,0.002163175051815397,248.34415359157097,315.88713318692953,154.1798087930126,0,0,0,0,0,0,0,0,4.110667103494636e-121,0,0,1.4
44580.0,0.0021570820496409245,248.39437170426845,315.9190696218874,153.77662060668354,0,0,0,0,0,0,0,0,2.9418654024544566e-121,0,0,1.4
44600.0,0.0021510072616725195,248.44457341114037,315.9509923969162,153.37454539925187,0,0,0,0,0,0,0,0,2.127234728965002e-121,0,0,1.4
44620.0,0.0021449506306056416,248.49475855033225,315.98290141320547,152.97357986046813,0,0,0,0,0,0,0,0,1.5246952951941645e-121,0,0,1.4
44640.0,0.0021389120997494476,248.54492695984138,316.01479657197734,152.57372071483445,0,0,0,0,0,0,0,0,1.0811280723616778e-121,0,0,1.4
44660.00000000001,0.002132891612566524,248.59507847762794,316.0466777744624,152.17496469554138,0,0,0,0,0,0,0,0,7.656542214511742e-122,0,0,1.4
44680.0,0.0021268891125194598,248.645212941652,316.07854492189074,151.77730853577947,0,0,0,0,0,0,0,0,5.47394903446105e-122,0,0,1.4
44700.0,0.002120904543070837,248.69533018987383,316.11039791549297,151.38074896873889,0,0,0,0,0,0,0,0,3.9547127932971046e-122,0,0,1.4
44720.0,0.002114937847834188,248.74543006021733,316.142236656508,150.98528273615463,0,0,0,0,0,0,0,0,2.8318871512051095e-122,0,0,1.4
44740.0,0.002108988971026804,248.7955123904619,316.17406104620886,150.59090661393827,0,0,0,0,0,0,0,0,2.005893969768442e-122,0,0,1.4
44760.0,0.0021030578570169285,248.84557701835067,316.2058709858777,150.19761738654626,0,0,0,0,0,0,0,0,1.4189971609219518e-122,0,0,1.4
44780.0,0.002097144450172795,248.89562378162685,316.23766637679597,149.8054118384345,0,0,0,0,0,0,0,0,1.013460636599457e-122,0,0,1.4
44800.00000000001,0.0020912486948626444,248.94565251803363,316.2694471202458,149.4142867540593,0,0,0,0,0,0,0,0,7.31548308735424e-123,0,0,1.4
44820.0,0.002085370535603214,248.9956630652789,316.3012131175177,149.02423892627996,0,0,0,0,0,0,0,0,5.2335658023075956e-123,0,0,1.4
44840.0,0.002079509917505224,249.04565526092978,316.3329642699384,148.63526518156732,0,0,0,0,0,0,0,0,3.703118178526687e-123,0,0,1.4
44860.0,0.0020736667858278998,249.09562894251812,316.3647004788433,148.2473623547958,0,0,0,0,0,0,0,0,2.6167287933524378e-123,0,0,1.4
44880.0,0.002067841085830459,249.14558394757572,316.39642164556807,147.86052728083916,0,0,0,0,0,0,0,0,1.8669862241238604e-123,0,0,1.4
44900.0,0.002062032762772128,249.19552011363442,316.4281276714482,147.4747567945719,0,0,0,0,0,0,0,0,1.3464790481813262e-123,0,0,1.4
44920.0,0.0020562417620582163,249.24543727819184,316.4598184578286,147.09004773913193,0,0,0,0,0,0,0,0,9.623840107131024e-124,0,0,1.4
44940.0,0.0020504680296784096,249.2953352786084,316.4914939060916,146.7063969907145,0,0,0,0,0,0,0,0,6.8023052830356845e-124,0,0,1.4
44960.0,0.002044711511768478,249.34521395221034,316.5231539176286,146.32380143377827,0,0,0,0,0,0,0,0,4.801361853854907e-124,0,0,1.4
44980.00000000001,0.002038972154464199,249.39507313632387,316.55479839383133,145.9422579527825,0,0,0,0,0,0,0,0,3.422185663919474e-124,0,0,1.4
45000.0,0.0020332499039013483,249.44491266827518,316.58642723609137,145.56176343218635,0,0,0,0,0,0,0,0,2.4659525575592786e-124,0,0,1.4
45020.0,0.0020275447063594215,249.49473238535714,316.61804034581,145.1823147645763,0,0,0,0,0,0,0,0,1.7608725891576292e-124,0,0,1.4
45040.0,0.0020218565086928247,249.54453212472936,316.6496376244275,144.80390887505,0,0,0,0,0,0,0,0,1.243292653316328e-124,0,0,1.4
45060.0,0.0020161852578996797,249.59431172351808,316.68121897339364,144.42654269683237,0,0,0,0,0,0,0,0,8.765938546905877e-125,0,0,1.4
45080.0,0.0020105309009781167,249.64407101884956,316.71278429415844,144.05021316314875,0,0,0,0,0,0,0,0,6.241572979362671e-125,0,0,1.4
45100.0,0.0020048933849262595,249.69380984785002,316.7443334881717,143.67491720722404,0,0,0,0,0,0,0,0,4.493640877087668e-125,0,0,1.4
45120.0,0.0019992726568836346,249.74352804761338,316.77586645689354,143.30065177027717,0,0,0,0,0,0,0,0,3.2058005774501704e-125,0,0,1.4
45140.0,0.001993668664555348,249.79322545510416,316.8073831018243,142.9274138255008,0,0,0,0,0,0,0,0,2.2610995810656152e-125,0,0,1.4
45160.00000000001,0.0019880813557879074,249.8429019072544,316.8388833244746,142.55520035408148,0,0,0,0,0,0,0,0,1.5924326793629872e-125,0,0,1.4
45180.0,0.001982510678427821,249.8925572409963,316.8703670263548,142.18400833720582,0,0,0,0,0,0,0,0,1.1326946637708816e-125,0,0,1.4
45200.0,0.0019769565803215926,249.94219129326194,316.90183410897555,141.81383475605998,0,0,0,0,0,0,0,0,8.147803257174495e-126,0,0,1.4
45220.0,0.001971419009454836,249.99180390095205,316.9332844738578,141.44467659969246,0,0,0,0,0,0,0,0,5.8072938812183306e-126,0,0,1.4
45240.0,0.001965897914369582,250.04139490084177,316.96471802256434,141.0765308885981,0,0,0,0,0,0,0,0,4.091612998643909e-126,0,0,1.4
45260.0,0.0019603932437469744,250.09096412967483,316.9961346566687,140.70939465113418,0,0,0,0,0,0,0,0,2.8784044131618903e-126,0,0,1.4
45280.0,0.001954904946268148,250.140511424195,317.02753427774394,140.34326491565722,0,0,0,0,0,0,0,0,2.0453119284807946e-126,0,0,1.4
45300.00000000001,0.001949432970614244,250.19003662114596,317.0589167873637,139.97813871052432,0,0,0,0,0,0,0,0,1.4699793483104794e-126,0,0,1.4
45320.0,0.0019439772656032555,250.23953955724105,317.0902820871121,139.6140130718247,0,0,0,0,0,0,0,0,1.0467435505729948e-126,0,0,1.4
45340.0,0.0019385377806005726,250.28902006907205,317.1216300786166,139.25088506657585,0,0,0,0,0,0,0,0,7.367137100402548e-127,0,0,1.4
45360.0,0.0019331144651084432,250.33847799320017,317.15296066351567,138.88875176952803,0,0,0,0,0,0,0,0,5.17692075697279e-127,0,0,1.4
45380.0,0.0019277072686291073,250.38791316618676,317.184273743448,138.52761025543083,0,0,0,0,0,0,0,0,3.6748089652869996e-127,0,0,1.4
45400.0,0.0019223161406648154,250.43732542459307,317.21556922005186,138.1674575990346,0,0,0,0,0,0,0,0,2.6388242151942407e-127,0,0,1.4
45420.0,0.00191694103085244,250.48671460495103,317.2468469949769,137.80829088269374,0,0,0,0,0,0,0,0,1.8773070046946357e-127,0,0,1.4
45440.0,0.0019115818893673954,250.53608054367464,317.2781069699177,137.45010721918277,0,0,0,0,0,0,0,0,1.319869864401673e-127,0,0,1.4
45460.0,0.0019062386665197203,250.58542307714868,317.30934904658005,137.0929037288805,0,0,0,0,0,0,0,0,9.264433330808907e-128,0,0,1.4
45480.00000000001,0.0019009113126194589,250.6347420417577,317.3405731266696,136.736677532166,0,0,0,0,0,0,0,0,6.56957949498447e-128,0,0,1.4
45500.0,0.0018955997779766564,250.68403727388645,317.37177911189207,136.38142574941858,0,0,0,0,0,0,0,0,4.713442524203216e-128,0,0,1.4
45520.0,0.001890304013033802,250.7333086098911,317.40296690396485,136.02714550849663,0,0,0,0,0,0,0,0,3.3501159047312335e-128,0,0,1.4
45540.0,0.0018850239687631942,250.78255588601417,317.4341364046515,135.67383396717793,0,0,0,0,0,0,0,0,2.3528455172689854e-128,0,0,1.4
45560.0,0.001879759596269574,250.8317789384697,317.4652875157274,135.32148829071934,0,0,0,0,0,0,0,0,1.6496653411231887e-128,0,0,1.4
45580.0,0.0018745108466576906,250.8809776034717,317.4964201389678,134.97010564437832,0,0,0,0,0,0,0,0,1.1686093556018074e-128,0,0,1.4
45600.0,0.0018692776710322848,250.93015171723428,317.52753417614787,134.61968319341187,0,0,0,0,0,0,0,0,8.377115400119263e-129,0,0,1.4
45620.0,0.0018640600206284086,250.979301115944,317.5586295290549,134.270218110434,0,0,0,0,0,0,0,0,5.948567383814383e-129,0,0,1.4
45640.0,0.0018588578472023198,251.02842563567768,317.5897060995239,133.92170759748515,0,0,0,0,0,0,0,0,4.173332536186027e-129,0,0,1.4
45660.00000000001,0.0018536711026405843,251.0775251124848,317.6207637894019,133.57414886396268,0,0,0,0,0,0,0,0,2.92280253352152e-129,0,0,1.4
45680.0,0.0018484997388297686,251.12659938241472,317.6518025005358,133.2275391192641,0,0,0,0,0,0,0,0,2.068369052107445e-129,0,0,1.4
45700.0,0.001843343707656433,251.17564828151686,317.6828221347725,132.88187557278647,0,0,0,0,0,0,0,0,1.4814237682295602e-129,0,0,1.4
45720.0,0.0018382029611353364,251.22467164581417,317.7138225939714,132.53715544116312,0,0,0,0,0,0,0,0,1.05098189397347e-129,0,0,1.4
45740.0,0.0018330774517939922,251.27366931122393,317.744803780041,132.19337596997005,0,0,0,0,0,0,0,0,7.365527846190685e-130,0,0,1.4
45760.0,0.001827967132288112,251.3226411136368,317.77576559490217,131.85053441201956,0,0,0,0,0,0,0,0,5.15269331245563e-130,0,0,1.4
45780.0,0.001822871955273399,251.37158688894365,317.8067079404757,131.5086280201234,0,0,0,0,0,0,0,0,3.642644249317698e-130,0,0,1.4
45800.00000000001,0.0018177918734055632,251.4205064730353,317.8376307186825,131.16765404709378,0,0,0,0,0,0,0,0,2.6067095675674916e-130,0,0,1.4
45820.0,0.0018127268394664258,251.46939970177695,317.868533831456,130.82760975285976,0,0,0,0,0,0,0,0,1.8475871744120604e-130,0,0,1.4
45840.0,0.001807676806742251,251.5182664109325,317.89941718078063,130.48849242581804,0,0,0,0,0,0,0,0,1.2934509627263291e-130,0,0,1.4
45860.0,0.0018026417286454214,251.56710643624015,317.93028066865315,130.15029936148267,0,0,0,0,0,0,0,0,9.038438218033283e-131,0,0,1.4
45880.0,0.0017976215585883135,251.61591961343834,317.9611241970705,129.81302785536732,0,0,0,0,0,0,0,0,6.383086409353998e-131,0,0,1.4
45900.0,0.0017926162499833098,251.6647057782653,317.9919476680298,129.47667520298606,0,0,0,0,0,0,0,0,4.563883094153703e-131,0,0,1.4
45920.0,0.0017876257563668532,251.713464766435,318.02275098354085,129.1412387068526,0,0,0,0,0,0,0,0,3.231816877199951e-131,0,0,1.4
45940.0,0.0017826500317716621,251.7621964135637,318.0535340456658,128.80671569748188,0,0,0,0,0,0,0,0,2.2601152106334293e-131,0,0,1.4
45960.0,0.0017776890303545126,251.81090055524325,318.08429675647983,128.47310351238855,0,0,0,0,0,0,0,0,1.5775652584358843e-131,0,0,1.4
45980.00000000001,0.0017727427062721878,251.85957702706557,318.11503901805787,128.14039948908746,0,0,0,0,0,0,0,0,1.1129541845901371e-131,0,0,1.4
46000.0,0.0017678110136814702,251.90822566462248,318.14576073247514,127.80860096509363,0,0,0,0,0,0,0,0,7.950691530786947e-132,0,0,1.4
46020.0,0.0017628939068611924,251.95684630348256,318.17646180182015,127.477705284807,0,0,0,0,0,0,0,0,5.624871835459265e-132,0,0,1.4
46040.0,0.0017579913405784131,252.00543877912085,318.20714212823503,127.14770982016965,0,0,0,0,0,0,0,0,3.92944718285229e-132,0,0,1.4
46060.0,0.0017531032697222398,252.0540029269892,318.23780161387515,126.81861195000843,0,0,0,0,0,0,0,0,2.739680552518561e-132,0,0,1.4
46080.0,0.0017482296491817858,252.1025385825393,318.26844016089626,126.49040905315078,0,0,0,0,0,0,0,0,1.930834924012728e-132,0,0,1.4
46100.0,0.001743370433846159,252.15104558122295,318.2990576714537,126.16309850842369,0,0,0,0,0,0,0,0,1.3781732768879598e-132,0,0,1.4
46120.0,0.0017385255787245486,252.19952375846952,318.32965404771676,125.83667770142704,0,0,0,0,0,0,0,0,9.741255674827968e-133,0,0,1.4
46140.0,0.0017336950393064385,252.24797294961922,318.36022919190975,125.51114404485051,0,0,0,0,0,0,0,0,6.7978965927247265e-133,0,0,1.4
46160.00000000001,0.0017288787712013923,252.2963929899897,318.3907830062706,125.18649495815669,0,0,0,0,0,0,0,0,4.734303925170295e-133,0,0,1.4
46180.0,0.0017240767300189747,252.34478371489877,318.42131539303733,124.86272786080805,0,0,0,0,0,0,0,0,3.3331260747638446e-133,0,0,1.4
46200.0,0.0017192888713687448,252.3931449596642,318.4518262544479,124.53984017226689,0,0,0,0,0,0,0,0,2.377011444103207e-133,0,0,1.4
46220.0,0.0017145151509783965,252.44147655958247,318.48231549275437,124.21782931865748,0,0,0,0,0,0,0,0,1.6785512424090842e-133,0,0,1.4
46240.0,0.001709755525048128,252.48977834986493,318.51278301026537,123.89669275275035,0,0,0,0,0,0,0,0,1.1701079053853769e-133,0,0,1.4
46260.0,0.0017050099498962731,252.53805016570172,318.5432287093033,123.57642793397812,0,0,0,0,0,0,0,0,8.139866753579869e-134,0,0,1.4
46280.0,0.0017002783818411582,252.58629184228298,318.57365249219106,123.25703232177297,0,0,0,0,0,0,0,0,5.724927946521822e-134,0,0,1.4
46300.00000000001,0.001695560777201115,252.6345032147988,318.604054261251,122.93850337556742,0,0,0,0,0,0,0,0,4.079315055936254e-134,0,0,1.4
46320.0,0.0016908570924106866,252.68268411841908,318.6344339188203,122.62083856134657,0,0,0,0,0,0,0,0,2.878069361397191e-134,0,0,1.4
46340.0,0.0016861672843692592,252.7308343882328,318.66479136729396,122.30403537130599,0,0,0,0,0,0,0,0,2.004187567751703e-134,0,0,1.4
46360.0,0.0016814913100924357,252.77895385930884,318.6951265090812,121.98809130419406,0,0,0,0,0,0,0,0,1.3926552361669227e-134,0,0,1.4
46380.0,0.0016768291265958145,252.82704236671594,318.7254392465914,121.67300385875895,0,0,0,0,0,0,0,0,9.784579278088995e-135,0,0,1.4
46400.0,0.001672180690894999,252.87509974552287,318.7557294822339,121.35877053374915,0,0,0,0,0,0,0,0,6.96581203844439e-135,0,0,1.4
46420.0,0.0016675459601199134,252.92312583077936,318.78599711843304,121.04538883435829,0,0,0,0,0,0,0,0,4.9098545352972695e-135,0,0,1.4
46440.0,0.0016629248918577954,252.97112045745823,318.81624205767196,120.73285629156246,0,0,0,0,0,0,0,0,3.4153037848094776e-135,0,0,1.4
46460.0,0.0016583174438102033,253.01908346051354,318.846464202449,120.42117044278284,0,0,0,0,0,0,0,0,2.370505084039414e-135,0,0,1.4
46480.00000000001,0.001653723573678699,253.06701467489896,318.8766634552624,120.11032882544089,0,0,0,0,0,0,0,0,1.6638037300471327e-135,0,0,1.4
46500.0,0.001649143239164846,253.11491393556838,318.90683971861023,119.80032897695807,0,0,0,0,0,0,0,0,1.1835450198922055e-135,0,0,1.4
46520.0,0.0016445763980826745,253.16278107745757,318.93699289500586,119.49116844109582,0,0,0,0,0,0,0,0,8.335071619693391e-136,0,0,1.4
46540.0,0.0016400230086961092,253.21061593542993,318.9671228870234,119.18284478697674,0,0,0,0,0,0,0,0,5.79200010016165e-136,0,0,1.4
46560.0,0.0016354830293815424,253.2584183443308,318.99722959725176,118.87535559006324,0,0,0,0,0,0,0,0,4.015663291054455e-136,0,0,1.4
46580.0,0.0016309564185153708,253.30618813900557,319.02731292828037,118.56869842581814,0,0,0,0,0,0,0,0,2.8154888431025916e-136,0,0,1.4
46600.0,0.0016264431344739862,253.35392515429962,319.0573727826981,118.26287086970382,0,0,0,0,0,0,0,0,2.0009044070346302e-136,0,0,1.4
46620.0,0.0016219431357444337,253.40162922504123,319.08740906310976,117.95787050341984,0,0,0,0,0,0,0,0,1.4076959224856984e-136,0,0,1.4
46640.0,0.0016174563812563437,253.44930018599072,319.117421672182,117.65369493361206,0,0,0,0,0,0,0,0,9.77082484710005e-137,0,0,1.4
46660.00000000001,0.0016129828300499988,253.49693787189145,319.1474105125969,117.3503417731634,0,0,0,0,0,0,0,0,6.766414778674662e-137,0,0,1.4
46680.0,0.0016085224411656813,253.54454211748674,319.1773754870367,117.04780863495674,0,0,0,0,0,0,0,0,4.739502861178131e-137,0,0,1.4
46700.0,0.0016040751736436688,253.59211275751994,319.20731649818356,116.74609313187472,0,0,0,0,0,0,0,0,3.365862936205846e-137,0,0,1.4
46720.0,0.0015996409866330988,253.6396496267184,319.2372334487354,116.44519288293525,0,0,0,0,0,0,0,0,2.3661851978518764e-137,0,0,1.4
46740.0,0.0015952198397185125,253.68715255974598,319.26712624145387,116.14510553169563,0,0,0,0,0,0,0,0,1.6408252501930749e-137,0,0,1.4
46760.0,0.0015908116925933097,253.73462139125047,319.2969947791161,115.84582872784857,0,0,0,0,0,0,0,0,1.1350550498037101e-137,0,0,1.4
46780.0,0.0015864165049508843,253.78205595587977,319.32683896449936,115.54736012108626,0,0,0,0,0,0,0,0,7.941465532571492e-138,0,0,1.4
46800.00000000001,0.0015820342364846348,253.82945608828174,319.356658700381,115.24969736110134,0,0,0,0,0,0,0,0,5.633717171273187e-138,0,0,1.4
46820.0,0.0015776648469950467,253.87682162308943,319.38645388955445,114.95283810362125,0,0,0,0,0,0,0,0,3.9558493684213346e-138,0,0,1.4
46840.0,0.001573308296710949,253.92415239487667,319.416224434878,114.65678002851303,0,0,0,0,0,0,0,0,2.7397036324595455e-138,0,0,1.4
46860.0,0.0015689645459682643,253.97144823820236,319.44597023922614,114.36152082167905,0,0,0,0,0,0,0,0,1.8929458603750644e-138,0,0,1.4
46880.0,0.0015646335551029083,254.01870898762553,319.47569120547325,114.06705816902125,0,0,0,0,0,0,0,0,1.3232419491536257e-138,0,0,1.4
46900.0,0.001560315284450803,254.06593447770513,319.50538723649396,113.77338975644196,0,0,0,0,0,0,0,0,9.382577957820151e-139,0,0,1.4
46920.0,0.001556009694453214,254.1131245429865,319.5350582351791,113.48051327577977,0,0,0,0,0,0,0,0,6.584836284207948e-139,0,0,1.4
46940.0,0.0015517167459728114,254.16027901796002,319.56470410448594,113.18842644262028,0,0,0,0,0,0,0,0,4.557069999290477e-139,0,0,1.4
46960.0,0.001547436399977608,254.20739773710255,319.59432474738816,112.89712697848509,0,0,0,0,0,0,0,0,3.1453979434002054e-139,0,0,1.4
46980.00000000001,0.0015431686174356219,254.2544805348909,319.6239200668596,112.60661260489636,0,0,0,0,0,0,0,0,2.1959389568718418e-139,0,0,1.4
47000.0,0.0015389133593148707,254.30152724580174,319.65348996587403,112.31688104337604,0,0,0,0,0,0,0,0,1.5548118800394343e-139,0,0,1.4
47020.0,0.001534670586687008,254.34853770429933,319.68303434742194,112.02793002128595,0,0,0,0,0,0,0,0,1.0894799724601243e-139,0,0,1.4
47040.0,0.001530440261038257,254.39551174479752,319.7125531145616,111.73975728934823,0,0,0,0,0,0,0,0,7.527841705865854e-140,0,0,1.4
47060.0,0.0015262223439584746,254.44244920169746,319.7420461703679,111.45236060412475,0,0,0,0,0,0,0,0,5.18909830094575e-140,0,0,1.4
47080.0,0.001522016797037525,254.48934990940043,319.77151341791597,111.16573772217771,0,0,0,0,0,0,0,0,3.6204230666026994e-140,0,0,1.4
47100.0,0.0015178235818652647,254.5362137023076,319.8009547602809,110.87988640006894,0,0,0,0,0,0,0,0,2.563669559595549e-140,0,0,1.4
47120.0,0.0015136426601335168,254.58304041480878,319.83037010055483,110.59480440010564,0,0,0,0,0,0,0,0,1.796667359946261e-140,0,0,1.4
47140.0,0.0015094739939419345,254.62982988124787,319.85975934189906,110.31048950757484,0,0,0,0,0,0,0,0,1.2411501407199153e-140,0,0,1.4
47160.00000000001,0.001505317545492135,254.67658193595744,319.8891223874919,110.02693951350875,0,0,0,0,0,0,0,0,8.54827598243585e-141,0,0,1.4
47180.0,0.0015011732769857349,254.72329641327,319.9184591405119,109.74415220893965,0,0,0,0,0,0,0,0,5.954094288441051e-141,0,0,1.4
47200.0,0.001497041150624348,254.76997314751796,319.94776950413757,109.46212538489955,0,0,0,0,0,0,0,0,4.20605328848062e-141,0,0,1.4
47220.0,0.0014929211287098973,254.81661197302356,319.9770533815648,109.18085683807242,0,0,0,0,0,0,0,0,2.9398920811109357e-141,0,0,1.4
47240.0,0.001488813173945522,254.8632127240677,320.00631067605985,108.90034438774863,0,0,0,0,0,0,0,0,2.0259183060351077e-141,0,0,1.4
47260.0,0.0014847172491346725,254.90977523492086,320.0355412909068,108.62058585887048,0,0,0,0,0,0,0,0,1.393081738245111e-141,0,0,1.4
47280.0,0.0014806333170807927,254.9562993398536,320.0647451293892,108.34157907637992,0,0,0,0,0,0,0,0,9.703321527317869e-142,0,0,1.4
47300.00000000001,0.0014765613405873315,255.00278487313648,320.0939220947912,108.06332186521924,0,0,0,0,0,0,0,0,6.866193244866757e-142,0,0,1.4
47320.0,0.0014725012825564155,255.0492316690308,320.1230720904144,107.78581205589053,0,0,0,0,0,0,0,0,4.808504670423279e-142,0,0,1.4
47340.0,0.00146845310628488,255.09563956176126,320.15219501963225,107.50904750113519,0,0,0,0,0,0,0,0,3.317625480959578e-142,0,0,1.4
47360.0,0.0014644167751682426,255.1420083855433,320.1812907858362,107.23302605925491,0,0,0,0,0,0,0,0,2.280499738862547e-142,0,0,1.4
47380.0,0.0014603922526020162,255.18833797459234,320.2103592924174,106.9577455885509,0,0,0,0,0,0,0,0,1.5840715065172314e-142,0,0,1.4
47400.0,0.0014563795019817197,255.23462816312392,320.2394004427674,106.68320394732484,0,0,0,0,0,0,0,0,1.11528484630996e-142,0,0,1.4
47420.0,0.001452378486799943,255.28087878534538,320.2684141402958,106.40939899934769,0,0,0,0,0,0,0,0,7.766937114738169e-143,0,0,1.4
47440.0,0.0014483891709375907,255.32708967543215,320.29740028848505,106.13632863026943,0,0,0,0,0,0,0,0,5.332916186330679e-143,0,0,1.4
47460.0,0.0014444115183726398,255.3732606675515,320.3263587908362,105.86399073120938,0,0,0,0,0,0,0,0,3.6568197525920846e-143,0,0,1.4
47480.00000000001,0.0014404454930830707,255.41939159587085,320.3552895508501,105.59238319328708,0,0,0,0,0,0,0,0,2.5446818882400346e-143,0,0,1.4
47500.0,0.0014364910590468649,255.46548229455752,320.38419247202756,105.32150390762216,0,0,0,0,0,0,0,0,1.8025366679913794e-143,0,0,1.4
47520.0,0.0014325481803375009,255.51153259777195,320.41306745788825,105.05135077071488,0,0,0,0,0,0,0,0,1.2639140247804922e-143,0,0,1.4
47540.0,0.0014286168214104745,255.5575423396472,320.4419144120259,104.78192170058986,0,0,0,0,0,0,0,0,8.72327324415522e-144,0,0,1.4
47560.0,0.0014246969468167776,255.6035113543094,320.47073323805296,104.51321462065233,0,0,0,0,0,0,0,0,5.987857909221328e-144,0,0,1.4
47580.0,0.0014207885211074086,255.6494394758847,320.49952383958197,104.24522745430791,0,0,0,0,0,0,0,0,4.1429864832647253e-144,0,0,1.4
47600.0,0.0014168915088333598,255.69532653849924,320.5282861202253,103.9779581249618,0,0,0,0,0,0,0,0,2.898751206543521e-144,0,0,1.4
47620.0,0.0014130058746395825,255.7411723762735,320.55701998361445,103.71140456131343,0,0,0,0,0,0,0,0,2.0046322593735496e-144,0,0,1.4
47640.0,0.0014091315835468362,255.78697682330528,320.5857253334564,103.44556471323712,0,0,0,0,0,0,0,0,1.3676615822907725e-144,0,0,1.4
47660.00000000001,0.0014052686006698382,255.83273971368652,320.61440207347744,103.1804365359012,0,0,0,0,0,0,0,0,9.342590558875884e-145,0,0,1.4
47680.0,0.0014014168911233057,255.87846088150928,320.64305010740355,102.91601798447405,0,0,0,0,0,0,0,0,6.508445607561077e-145,0,0,1.4
47700.0,0.001397576420021952,255.9241401608657,320.67166933896084,102.65230701412385,0,0,0,0,0,0,0,0,4.638379774881747e-145,0,0,1.4
47720.0,0.0013937471525729255,255.96977738584323,320.7002596718946,102.38930158522712,0,0,0,0,0,0,0,0,3.274530297813596e-145,0,0,1.4
47740.0,0.001389929054353086,256.0153723905115,320.7288210100275,102.12699967899263,0,0,0,0,0,0,0,0,2.2707881375446744e-145,0,0,1.4
47760.0,0.0013861220910317304,256.06092500893544,320.75735325720115,101.86539928183751,0,0,0,0,0,0,0,0,1.558982686318484e-145,0,0,1.4
47780.0,0.0013823262282781485,256.1064350751802,320.7858563172573,101.60449838017855,0,0,0,0,0,0,0,0,1.0709433363772806e-145,0,0,1.4
47800.00000000001,0.0013785414317616343,256.1519024233108,320.8143300940378,101.34429496043292,0,0,0,0,0,0,0,0,7.384994799641018e-146,0,0,1.4
47820.0,0.0013747676672424133,256.1973268873889,320.842774491404,101.08478701414153,0,0,0,0,0,0,0,0,5.0222252857794735e-146,0,0,1.4
47840.0,0.0013710049008444276,256.2427083014631,320.8711894132957,100.82597255334062,0,0,0,0,0,0,0,0,3.3765197074233543e-146,0,0,1.4
47860.0,0.001367253098782556,256.2880464995784,320.8995747636723,100.56784959519065,0,0,0,0,0,0,0,0,2.2906931423726515e-146,0,0,1.4
47880.0,0.0013635122272716719,256.33334131578005,320.9279304464934,100.3104161568517,0,0,0,0,0,0,0,0,1.607560668425348e-146,0,0,1.4
47900.0,0.0013597822525266534,256.3785925841132,320.95625636571833,100.05367025548428,0,0,0,0,0,0,0,0,1.1699373633807504e-146,0,0,1.4
47920.0,0.0013560631408518296,256.42380013862083,320.98455242532646,99.79760991328952,0,0,0,0,0,0,0,0,8.448097611218169e-147,0,0,1.4
47940.0,0.0013523548589093569,256.4689638133377,321.0128185293771,99.5422331726332,0,0,0,0,0,0,0,0,5.95850219870239e-147,0,0,1.4
47960.0,0.0013486573734508415,256.51408344229645,321.04105458194954,99.28753808092183,0,0,0,0,0,0,0,0,4.1090255393183407e-147,0,0,1.4
47980.00000000001,0.0013449706512278945,256.55915885952953,321.06926048712296,99.03352268556215,0,0,0,0,0,0,0,0,2.7781057761269576e-147,0,0,1.4
48000.0,0.0013412946589921265,256.6041898990695,321.09743614897667,98.7801850339609,0,0,0,0,0,0,0,0,1.844181052188452e-147,0,0,1.4
48020.0,0.0013376293635831487,256.64917639494826,321.1255814716101,98.52752317848427,0,0,0,0,0,0,0,0,1.197004964524845e-147,0,0,1.4
48040.0,0.0013339747321925984,256.69411818119363,321.153696359204,98.27553519133737,0,0,0,0,0,0,0,0,7.715929260102088e-148,0,0,1.4
48060.0,0.0013303307321001114,256.739015091833,321.18178071595935,98.02421914968463,0,0,0,0,0,0,0,0,5.142758034805393e-148,0,0,1.4
48080.0,0.0013266973305853303,256.7838669608935,321.20983444607714,97.77357313069088,0,0,0,0,0,0,0,0,3.7138446377234355e-148,0,0,1.4
48100.0,0.0013230744949278908,256.8286736224022,321.2378574537584,97.5235952115205,0,0,0,0,0,0,0,0,2.892497737218174e-148,0,0,1.4
48120.00000000001,0.0013194621924940116,256.8734349103868,321.2658496432248,97.27428347421787,0,0,0,0,0,0,0,0,2.232716767814474e-148,0,0,1.4
48140.0,0.001315860390996222,256.9181506588759,321.29381091878037,97.02563602034586,0,0,0,0,0,0,0,0,1.6512642286821164e-148,0,0,1.4
48160.00000000001,0.0013122690582336252,256.9628207018989,321.3217411847502,96.77765095634669,0,0,0,0,0,0,0,0,1.1555933851516325e-148,0,0,1.4
48180.0,0.00130868816200533,257.007444873485,321.34964034545897,96.53032638866297,0,0,0,0,0,0,0,0,7.531575025543148e-149,0,0,1.4
48200.0,0.00130511767011044,257.0520230076635,321.37750830523163,96.28366042373692,0,0,0,0,0,0,0,0,4.514098462208209e-149,0,0,1.4
48220.0,0.0013015575504332372,257.096554938465,321.405344968414,96.03765117281209,0,0,0,0,0,0,0,0,2.5265358109880212e-149,0,0,1.4
48240.0,0.0012980077711986953,257.14104049992653,321.43315023943575,95.7922967663355,0,0,0,0,0,0,0,0,1.3859147060151936e-149,0,0,1.4
48260.0,0.0012944683007169663,257.1854795260869,321.4609240227477,95.54759533955547,0,0,0,0,0,0,0,0,8.577617775895717e-150,0,0,1.4
48280.0,0.001290939107298197,257.22987185098447,321.4886662228006,95.30354502772002,0,0,0,0,0,0,0,0,7.07603656009707e-150,0,0,1.4
48300.00000000001,0.001287420159252539,257.274217308658,321.51637674404515,95.06014396607733,0,0,0,0,0,0,0,0,7.009669715747365e-150,0,0,1.4
48320.0,0.0012839114249739354,257.31851573314884,321.54405549095344,94.8173902945993,0,0,0,0,0,0,0,0,6.473325054341161e-150,0,0,1.4
48340.0,0.0012804128731914988,257.36276695850967,321.57170236808275,94.57528217215197,0,0,0,0,0,0,0,0,5.319976421395026e-150,0,0,1.4
48360.0,0.0012769244727181385,257.4069708187959,321.59931728001186,94.33381776232534,0,0,0,0,0,0,0,0,3.842139170932284e-150,0,0,1.4
48380.0,0.001273446192366759,257.45112714806305,321.6269001313194,94.09299522870906,0,0,0,0,0,0,0,0,2.33232865697452e-150,0,0,1.4
48400.0,0.0012699780009502702,257.4952357803666,321.65445082658397,93.85281273489315,0,0,0,0,0,0,0,0,1.0830602335453117e-150,0,0,1.4
48420.0,0.0012665198673640111,257.5392965497661,321.68196927040594,93.61326844911484,0,0,0,0,0,0,0,0,3.163182270843164e-151,0,0,1.4
48440.0,0.0012630717608330647,257.5833092903373,321.70945536747246,93.37436055820206,0,0,0,0,0,0,0,0,-2.80371462959323e-152,0,0,1.4
48460.0,0.001259633650664942,257.6272738361601,321.73690902249194,93.13608725363004,0,0,0,0,0,0,0,0,-8.067669806592412e-152,0,0,1.4
48480.00000000001,0.0012562055061671592,257.6711900213144,321.7643301401731,92.89844672687416,0,0,0,0,0,0,0,0,2.772876030424961e-152,0,0,1.4
48500.0,0.0012527872966472315,257.71505767988,321.79171862522475,92.66143716940987,0,0,0,0,0,0,0,0,1.6650841734426573e-151,0,0,1.4
48520.0,0.0012493789914937697,257.7588766459421,321.81907438237744,92.42505677728518,0,0,0,0,0,0,0,0,2.3125490041746435e-151,0,0,1.4
48540.0,0.0012459805604197803,257.8026467536073,321.8463973164499,92.18930376483978,0,0,0,0,0,0,0,0,2.2261459222094714e-151,0,0,1.4
48560.0,0.0012425919732193648,257.8463678369875,321.8736873322828,91.95417635098589,0,0,0,0,0,0,0,0,1.6749731428532524e-151,0,0,1.4
48580.0,0.001239213199686628,257.89003973019453,321.90094433471705,91.71967275463598,0,0,0,0,0,0,0,0,9.281288814124195e-152,0,0,1.4
48600.0,0.001235844209615671,257.9336622673403,321.9281682285931,91.48579119470224,0,0,0,0,0,0,0,0,2.54711353192614e-152,0,0,1.4
48620.00000000001,0.0012324849728803816,257.9772352825433,321.9553589187742,91.25252989459648,0,0,0,0,0,0,0,0,-1.3513076936794288e-152,0,0,1.4
48640.0,0.001229135459673782,258.02075860994836,321.9825163102128,91.01988709572787,0,0,0,0,0,0,0,0,-2.670469853043745e-152,0,0,1.4
48660.00000000001,0.0012257956402686745,258.0642320837072,322.0096403078837,90.78786104400466,0,0,0,0,0,0,0,0,-2.2563633652016033e-152,0,0,1.4
48680.0,0.0012224654849378649,258.1076555379712,322.03673081676175,90.55644998533542,0,0,0,0,0,0,0,0,-9.54978649186753e-153,0,0,1.4
48700.0,0.0012191449639541566,258.151028806892,322.0637877418217,90.32565216562844,0,0,0,0,0,0,0,0,3.8769387596786953e-153,0,0,1.4
48720.0,0.0012158340476688461,258.1943517246289,322.09081098806115,90.09546583521941,0,0,0,0,0,0,0,0,1.1012478492252637e-152,0,0,1.4
48740.0,0.0012125327067471889,258.23762412537303,322.11780046056845,89.86588926215214,0,0,0,0,0,0,0,0,1.2176131415397227e-152,0,0,1.4
48760.0,0.0012092409119329346,258.2808458433232,322.1447560644545,89.63692071889783,0,0,0,0,0,0,0,0,9.443036818624431e-153,0,0,1.4
48780.0,0.0012059586339698287,258.3240167126784,322.1716777048303,89.40855847792739,0,0,0,0,0,0,0,0,4.888333991446121e-153,0,0,1.4
48800.00000000001,0.0012026858436016204,258.3671365676374,322.1985652868068,89.180800811712,0,0,0,0,0,0,0,0,5.8716222337707766e-154,0,0,1.4
48820.0,0.0011994225116492767,258.4102052424083,322.2254187155181,88.95364599707887,0,0,0,0,0,0,0,0,-1.8287444938732646e-153,0,0,1.4
48840.0,0.0011961686092426358,258.45322257123615,322.2522378961905,88.72709232827931,0,0,0,0,0,0,0,0,-2.501273359819596e-153,0,0,1.4
48860.0,0.001192924107588758,258.496188388375,322.2790227340731,88.50113810392102,0,0,0,0,0,0,0,0,-2.0157168717796368e-153,0,0,1.4
48880.0,0.0011896889778947003,258.53910252807896,322.30577313441535,88.27578162261143,0,0,0,0,0,0,0,0,-9.573675270715136e-154,0,0,1.4
48900.0,0.0011864631913675238,258.58196482460227,322.3324890024665,88.05102118295822,0,0,0,0,0,0,0,0,8.848217698582264e-155,0,0,1.4
48920.0,0.0011832467192902515,258.6247751122095,322.35917024349914,87.82685508785505,0,0,0,0,0,0,0,0,6.594858918941616e-154,0,0,1.4
48940.0,0.0011800395332497804,258.6675332252071,322.3858167628796,87.60328165734086,0,0,0,0,0,0,0,0,7.850818644326107e-154,0,0,1.4
48960.0,0.0011768416049089709,258.7102389979123,322.41242846599727,87.38029921574054,0,0,0,0,0,0,0,0,6.176544902004963e-154,0,0,1.4
48980.00000000001,0.001173652905930686,258.75289226464224,322.439005258242,87.15790608737916,0,0,0,0,0,0,0,0,3.0958816479698726e-154,0,0,1.4
49000.0,0.001170473407977789,258.795492859714,322.46554704500306,86.93610059658187,0,0,0,0,0,0,0,0,1.3267283821449161e-155,0,0,1.4
49020.0,0.0011673030827878757,258.83804061745644,322.492053731694,86.71488107189113,0,0,0,0,0,0,0,0,-1.5123830894101523e-154,0,0,1.4
49040.0,0.0011641419023974934,258.8805353722459,322.5185252238229,86.49424585872015,0,0,0,0,0,0,0,0,-1.931169769606431e-154,0,0,1.4
49060.0,0.0011609898389179196,258.9229769584705,322.5449614269221,86.27419330669942,0,0,0,0,0,0,0,0,-1.5387163552172942e-154,0,0,1.4
49080.0,0.0011578468644604376,258.9653652105184,322.57136224652345,86.05472176545976,0,0,0,0,0,0,0,0,-7.500519990854747e-155,0,0,1.4
49100.0,0.0011547129511363255,259.00769996277774,322.5977275881591,85.83582958463164,0,0,0,0,0,0,0,0,1.9794145946936015e-156,0,0,1.4
49120.00000000001,0.0011515880711303907,259.04998104964983,322.62405735738514,85.61751511799591,0,0,0,0,0,0,0,0,4.433305838900965e-155,0,0,1.4
49140.0,0.0011484721969215442,259.09220830558843,322.65035145985394,85.39977673593383,0,0,0,0,0,0,0,0,5.432164461670893e-155,0,0,1.4
49160.00000000001,0.0011453653010622183,259.13438156506066,322.67660980124225,85.18261281297652,0,0,0,0,0,0,0,0,4.296485210541947e-155,0,0,1.4
49180.0,0.0011422673561048513,259.1765006625335,322.70283228722644,84.96602172365539,0,0,0,0,0,0,0,0,2.1282359682765097e-155,0,0,1.4
49200.0,0.0011391783346018753,259.21856543247407,322.72901882348305,84.75000184250163,0,0,0,0,0,0,0,0,2.938461763512445e-157,0,0,1.4
49220.0,0.001136098209178063,259.2605757093637,322.7551693157131,84.53455154813038,0,0,0,0,0,0,0,0,-1.1312260123354547e-155,0,0,1.4
49240.0,0.001133026952747521,259.3025313277422,322.7812836697153,84.31966923549149,0,0,0,0,0,0,0,0,-1.417253307456402e-155,0,0,1.4
49260.0,0.0011299645382966937,259.3444321221634,322.8073617913129,84.10535330361888,0,0,0,0,0,0,0,0,-1.125479707264289e-155,0,0,1.4
49280.0,0.0011269109388120232,259.38627792718165,322.83340358632915,83.89160215154611,0,0,0,0,0,0,0,0,-5.526876512958262e-156,0,0,1.4
49300.00000000001,0.001123866127279954,259.428068577351,322.85940896058713,83.67841417830702,0,0,0,0,0,0,0,0,4.340420911963469e-158,0,0,1.4
49320.0,0.001120830076758093,259.4698039072412,322.8853778199349,83.46578778695395,0,0,0,0,0,0,0,0,3.115020881180829e-156,0,0,1.4
49340.0,0.0011178027605886986,259.5114837514859,322.91131007031964,83.25372139661306,0,0,0,0,0,0,0,0,3.8541500226606224e-156,0,0,1.4
49360.0,0.0011147841521851963,259.5531079447343,322.9372056177131,83.04221343042924,0,0,0,0,0,0,0,0,3.053768335951929e-156,0,0,1.4
49380.0,0.0011117742249610076,259.59467632163546,322.9630643680876,82.8312623115472,0,0,0,0,0,0,0,0,1.5068525234479795e-156,0,0,1.4
49400.0,0.0011087729523295575,259.63618871683866,322.9888862274147,82.6208664631119,0,0,0,0,0,0,0,0,6.379287543318778e-159,0,0,1.4
49420.0,0.0011057803077742785,259.67764496501053,323.01467110169165,82.4110243122223,0,0,0,0,0,0,0,0,-8.223058967933317e-157,0,0,1.4
49440.0,0.00110279626505865,259.7190449008862,323.04041889701614,82.20173430179514,0,0,0,0,0,0,0,0,-1.024382464288124e-156,0,0,1.4
49460.0,0.0010998207980161584,259.7603883592185,323.06612951951104,81.99299487870115,0,0,0,0,0,0,0,0,-8.12661077092245e-157,0,0,1.4
49480.00000000001,0.0010968538804802931,259.80167517475974,323.091802875299,81.78480448981134,0,0,0,0,0,0,0,0,-3.999523973566245e-157,0,0,1.4
49500.0,0.0010938954862845431,259.8429051822627,323.1174388705029,81.57716158199669,0,0,0,0,0,0,0,0,9.329127675164205e-160,0,0,1.4
49520.0,0.0010909455893312727,259.88407821649844,323.1430374112711,81.37006460601926,0,0,0,0,0,0,0,0,2.221481911744367e-157,0,0,1.4
49540.0,0.0010880041637983588,259.9251941123127,323.1685984038538,81.16351202820657,0,0,0,0,0,0,0,0,2.757027759379361e-157,0,0,1.4
49560.0,0.0010850711839325527,259.9662527045696,323.1941217545271,80.95750231877716,0,0,0,0,0,0,0,0,2.1857000517700035e-157,0,0,1.4
49580.0,0.0010821466239806093,260.00725382813346,323.2196073695667,80.75203394794988,0,0,0,0,0,0,0,0,1.0772321701059102e-157,0,0,1.4
49600.0,0.0010792304581892802,260.0481973178685,323.2450551552484,80.5471053859433,0,0,0,0,0,0,0,0,1.3574955757724823e-160,0,0,1.4
49620.00000000001,0.0010763226608730809,260.08908300865903,323.270465017874,80.3427151068054,0,0,0,0,0,0,0,0,-5.926014228345855e-158,0,0,1.4
49640.0,0.0010734232066175774,260.1299107354692,323.29583686384865,80.13886159990138,0,0,0,0,0,0,0,0,-7.369653649563066e-158,0,0,1.4
49660.00000000001,0.001070532070076095,260.17068033328314,323.32117059960325,79.9355433584254,0,0,0,0,0,0,0,0,-5.844659428247364e-158,0,0,1.4
49680.0,0.0010676492259019618,260.2113916370852,323.346466131569,79.73275887557199,0,0,0,0,0,0,0,0,-2.87834768475153e-158,0,0,1.4
49700.0,0.0010647746487485038,260.2520444818595,323.37172336617675,79.53050664453531,0,0,0,0,0,0,0,0,1.965460574107382e-161,0,0,1.4
49720.0,0.0010619083133357153,260.29263870261167,323.39694220988383,79.3287851622782,0,0,0,0,0,0,0,0,1.5917062485687063e-158,0,0,1.4
49740.0,0.0010590501946502492,260.33317413443297,323.4221225692523,79.12759294083642,0,0,0,0,0,0,0,0,1.977270364846653e-158,0,0,1.4
49760.0,0.0010562002677454289,260.3736506124358,323.44726435087057,78.92692849601438,0,0,0,0,0,0,0,0,1.567795856213988e-158,0,0,1.4
49780.0,0.0010533585076745733,260.4140679717332,323.472367461327,78.72679034361616,0,0,0,0,0,0,0,0,7.724207694769259e-159,0,0,1.4
49800.00000000001,0.0010505248894910045,260.45442604743744,323.49743180720986,78.52717699944611,0,0,0,0,0,0,0,0,2.8315144212555257e-162,0,0,1.4
49820.0,0.0010476993883136304,260.494724674684,323.5224572951342,78.32808698301689,0,0,0,0,0,0,0,0,-4.259425362169069e-159,0,0,1.4
49840.0,0.0010448819795237047,260.5349636886997,323.54744383182117,78.12951882867439,0,0,0,0,0,0,0,0,-5.294361723598614e-159,0,0,1.4
49860.0,0.0010420726385680689,260.575142924734,323.5723913240188,77.93147107447312,0,0,0,0,0,0,0,0,-4.1984122097920997e-159,0,0,1.4
49880.0,0.0010392713408935628,260.6152622180362,323.59729967847466,77.73394225846732,0,0,0,0,0,0,0,0,-2.0680114606747106e-159,0,0,1.4
49900.0,0.0010364780619470289,260.655321403856,323.62216880193694,77.53693091871155,0,0,0,0,0,0,0,0,4.058838265821375e-163,0,0,1.4
49920.0,0.0010336927772398319,260.69532031746706,323.64699860118026,77.34043559690944,0,0,0,0,0,0,0,0,1.1421054137998946e-159,0,0,1.4
49940.0,0.0010309154625414432,260.7352587942401,323.6717889830873,77.1444548493627,0,0,0,0,0,0,0,0,1.4191536393822136e-159,0,0,1.4
49960.0,0.0010281460936858557,260.77513666957026,323.6965398545677,76.94898723602218,0,0,0,0,0,0,0,0,1.1253173007245318e-159,0,0,1.4
49980.00000000001,0.0010253846465070652,260.8149537788523,323.72125112253093,76.7540313168389,0,0,0,0,0,0,0,0,5.543631379774965e-160,0,0,1.4
50000.0,0.0010226310968390684,260.8547099574814,323.7459226938867,76.55958565176397,0,0,0,0,0,0,0,0,5.789129215398408e-164,0,0,1.4
50020.0,0.0010198854205793397,260.89440504087815,323.7705544755719,76.36564880433963,0,0,0,0,0,0,0,0,-3.059124438867129e-160,0,0,1.4
50040.0,0.0010171475938792834,260.93403886456593,323.7951463746325,76.17221935247431,0,0,0,0,0,0,0,0,-3.801848509360919e-160,0,0,1.4
50060.0,0.0010144175929537836,260.97361126409385,323.8196982981423,75.97929587766762,0,0,0,0,0,0,0,0,-3.0147705793883075e-160,0,0,1.4
50080.0,0.0010116953940177264,261.0131220750108,323.8442101531746,75.78687696141941,0,0,0,0,0,0,0,0,-1.4850679297774215e-160,0,0,1.4
50100.0,0.0010089809732859944,261.05257113286603,323.8686818468028,75.5949611852293,0,0,0,0,0,0,0,0,8.215864486948593e-165,0,0,1.4
50120.00000000001,0.0010062743070359292,261.0919582732356,323.89311328612825,75.40354713413153,0,0,0,0,0,0,0,0,8.198517830321033e-161,0,0,1.4
50140.0,0.0010035753717946908,261.13128333180424,323.9175043783628,75.21263340729836,0,0,0,0,0,0,0,0,1.0188105524669271e-160,0,0,1.4
50160.00000000001,0.001000884144151892,261.17054614428395,323.941855030746,75.02221860743626,0,0,0,0,0,0,0,0,8.0787745401422e-161,0,0,1.4
50180.0,0.00099820060069715,261.2097465463865,323.96616515051767,74.83230133725205,0,0,0,0,0,0,0,0,3.979714747387674e-161,0,0,1.4
50200.0,0.0009955247180200777,261.24888437382384,323.9904346449173,74.6428801994522,0,0,0,0,0,0,0,0,1.1601705018740826e-165,0,0,1.4
50220.0,0.0009928564727717357,261.2879594623364,324.01466342121256,74.45395380022194,0,0,0,0,0,0,0,0,-2.196557120005736e-161,0,0,1.4
50240.0,0.0009901958418489626,261.3269716477792,324.0388513867836,74.26552075966003,0,0,0,0,0,0,0,0,-2.729741492059133e-161,0,0,1.4
50260.0,0.0009875428022100446,261.36592076603574,324.0629984490383,74.07757970134391,0,0,0,0,0,0,0,0,-2.1645992671719737e-161,0,0,1.4
50280.0,0.0009848973308132637,261.4048066529895,324.08710451538457,73.89012924885078,0,0,0,0,0,0,0,0,-1.0662926134064655e-161,0,0,1.4
50300.00000000001,0.000982259404616906,261.44362914452404,324.11116949323076,73.70316802575803,0,0,0,0,0,0,0,0,1.6301174569245165e-166,0,0,1.4
50320.0,0.000979629000639708,261.4823880765529,324.1351932900131,73.51669465906639,0,0,0,0,0,0,0,0,5.885979755073108e-162,0,0,1.4
50340.0,0.00097700609614221,261.5210832851101,324.1591758132818,73.33070778946978,0,0,0,0,0,0,0,0,7.314535765247721e-162,0,0,1.4
50360.0,0.0009743906684454075,261.55971460625943,324.18311697061563,73.14520606108577,0,0,0,0,0,0,0,0,5.800169381584579e-162,0,0,1.4
50380.0,0.0009717826948702927,261.5982818760649,324.2070166695931,72.96018811803164,0,0,0,0,0,0,0,0,2.8572189433993706e-162,0,0,1.4
50400.0,0.0009691821527378604,261.63678493059047,324.2308748177928,72.77565260442493,0,0,0,0,0,0,0,0,2.2790010262075528e-167,0,0,1.4
50420.0,0.0009665890194285769,261.67522360593165,324.2546913228223,72.59159816775207,0,0,0,0,0,0,0,0,-1.577098299274095e-162,0,0,1.4
50440.0,0.0009640032725608104,261.7135977383102,324.2784660924043,72.40802346897654,0,0,0,0,0,0,0,0,-1.959893785167193e-162,0,0,1.4
50460.0,0.0009614248898123972,261.7519071639798,324.3021990342904,72.22492717243065,0,0,0,0,0,0,0,0,-1.5541306883905284e-162,0,0,1.4
50480.00000000001,0.0009588538488611791,261.7901517191938,324.3258900562322,72.042307942447,0,0,0,0,0,0,0,0,-7.655760296651284e-163,0,0,1.4
50500.0,0.0009562901273849967,261.8283312402055,324.34953906598133,71.8601644433581,0,0,0,0,0,0,0,0,3.1702874362471387e-168,0,0,1.4
50520.0,0.0009537337031202007,261.8664455633016,324.3731459713185,71.67849534281223,0,0,0,0,0,0,0,0,4.225885217512618e-163,0,0,1.4
50540.0,0.0009511845540371985,261.9044945249008,324.3967106801413,71.49729932172143,0,0,0,0,0,0,0,0,5.251561590285935e-163,0,0,1.4
50560.0,0.0009486426581649063,261.94247796145504,324.4202331003766,71.31657506431348,0,0,0,0,0,0,0,0,4.1643084742678855e-163,0,0,1.4
50580.0,0.0009461079935322445,261.98039570941603,324.44371313995106,71.13632125481632,0,0,0,0,0,0,0,0,2.0513735225315737e-163,0,0,1.4
50600.0,0.0009435805381681294,262.01824760523573,324.4671507067915,70.95653657745771,0,0,0,0,0,0,0,0,4.3881483531289415e-169,0,0,1.4
50620.00000000001,0.000941060270159048,262.05603348540046,324.4905457088542,70.77721971972905,0,0,0,0,0,0,0,0,-1.132313781645925e-163,0,0,1.4
50640.0,0.0009385471678217579,262.0937531865352,324.51389805421394,70.59836938217586,0,0,0,0,0,0,0,0,-1.4071458629678352e-163,0,0,1.4
50660.00000000001,0.0009360412095305821,262.1314065452994,324.537207650975,70.41998426860701,0,0,0,0,0,0,0,0,-1.1158192377719879e-163,0,0,1.4
50680.0,0.0009335423736598468,262.16899339835237,324.56047440724166,70.24206308283158,0,0,0,0,0,0,0,0,-5.49661288012866e-164,0,0,1.4
50700.0,0.0009310506385838747,262.20651358235364,324.5836982311184,70.0646045286584,0,0,0,0,0,0,0,0,6.043555173443744e-170,0,0,1.4
50720.0,0.00092856598273363,262.24396693399876,324.6068790307393,69.88760731310862,0,0,0,0,0,0,0,0,3.034037713455729e-164,0,0,1.4
50740.0,0.0009260883847666236,262.28135329012775,324.6300167143587,69.71107015605105,0,0,0,0,0,0,0,0,3.770444008387154e-164,0,0,1.4
50760.0,0.000923617823397008,262.31867248761677,324.6531111902607,69.5349917805668,0,0,0,0,0,0,0,0,2.98983394683199e-164,0,0,1.4
50780.0,0.0009211542773389318,262.35592436334207,324.67616236672944,69.35937090973673,0,0,0,0,0,0,0,0,1.4728165472731107e-164,0,0,1.4
50800.00000000001,0.0009186977253065464,262.39310875417965,324.69917015204913,69.1842062666419,0,0,0,0,0,0,0,0,8.281942452989724e-171,0,0,1.4
50820.0,0.0009162481460697263,262.43022549704347,324.7221344545343,69.00949657752467,0,0,0,0,0,0,0,0,-8.129662957127891e-165,0,0,1.4
50840.0,0.0009138055186212348,262.467274428998,324.7450551826209,68.8352405812727,0,0,0,0,0,0,0,0,-1.0102863249248528e-164,0,0,1.4
50860.0,0.0009113698220095615,262.5042553871455,324.76793224477547,68.66143701993515,0,0,0,0,0,0,0,0,-8.011228637099955e-165,0,0,1.4
50880.0,0.0009089410352831926,262.5411682085882,324.7907655494643,68.48808463556101,0,0,0,0,0,0,0,0,-3.9463951633635875e-165,0,0,1.4
50900.0,0.0009065191374906183,262.57801273042816,324.8135550051537,68.31518217019945,0,0,0,0,0,0,0,0,1.1292758015277594e-171,0,0,1.4
50920.0,0.0009041041077351474,262.6147887898071,324.8363005203411,68.14272836901101,0,0,0,0,0,0,0,0,2.1783388923063717e-165,0,0,1.4
50940.0,0.0009016959253393856,262.6514962240231,324.85900200364665,67.97072198960254,0,0,0,0,0,0,0,0,2.707055553886421e-165,0,0,1.4
50960.0,0.0008992945696807582,262.68813487041376,324.88165936372104,67.79916179269229,0,0,0,0,0,0,0,0,2.1466032363451453e-165,0,0,1.4
50980.00000000001,0.0008969000201366928,262.7247045663166,324.90427250921556,67.62804653899856,0,0,0,0,0,0,0,0,1.057434062011093e-165,0,0,1.4
51000.0,0.0008945122560846174,262.76120514906916,324.9268413487811,67.45737498923975,0,0,0,0,0,0,0,0,1.5321356773712045e-172,0,0,1.4
51020.0,0.000892131256955895,262.79763645604976,324.9493657910998,67.28714590719663,0,0,0,0,0,0,0,0,-5.836838385441197e-166,0,0,1.4
51040.0,0.0008897570023976446,262.8339983247999,324.9718457449784,67.11735806890036,0,0,0,0,0,0,0,0,-7.253531450563853e-166,0,0,1.4
51060.0,0.0008873894721109197,262.87029059290205,324.994281119255,66.94801025344445,0,0,0,0,0,0,0,0,-5.751804689428723e-166,0,0,1.4
51080.0,0.0008850286457967769,262.9065130979385,325.01667182276765,66.77910123992264,0,0,0,0,0,0,0,0,-2.8333851282315583e-166,0,0,1.4
51100.0,0.0008826745031562698,262.9426656774915,325.0390177643541,66.61062980742844,0,0,0,0,0,0,0,0,2.068342832497129e-173,0,0,1.4
51120.00000000001,0.0008803270239435217,262.9787481691859,325.0613188528842,66.44259473806994,0,0,0,0,0,0,0,0,1.5639765492077258e-166,0,0,1.4
51140.0,0.0008779861881249264,263.01476041081594,325.0835749973535,66.27499482601272,0,0,0,0,0,0,0,0,1.943578170871214e-166,0,0,1.4
51160.00000000001,0.0008756519757199423,263.05070224021824,325.10578610678965,66.10782886843657,0,0,0,0,0,0,0,0,1.5411916034429717e-166,0,0,1.4
51180.0,0.0008733243667480317,263.08657349522935,325.12795209022,65.9410956625216,0,0,0,0,0,0,0,0,7.592033785410411e-167,0,0,1.4
51200.0,0.0008710033412286528,263.12237401368606,325.1500728566719,65.77479400544757,0,0,0,0,0,0,0,0,2.7782821794174657e-174,0,0,1.4
51220.0,0.0008686888792334788,263.1581036334689,325.17214831520477,65.60892269736158,0,0,0,0,0,0,0,0,-4.1906619712585365e-167,0,0,1.4
51240.0,0.0008663809610430247,263.1937621926343,325.194178375006,65.44348055027847,0,0,0,0,0,0,0,0,-5.2078016412998085e-167,0,0,1.4
51260.0,0.0008640795669900191,263.22934952928307,325.21616294529485,65.2784663791804,0,0,0,0,0,0,0,0,-4.129610210866937e-167,0,0,1.4
51280.0,0.0008617846774071882,263.2648654815156,325.23810193529056,65.11387899904928,0,0,0,0,0,0,0,0,-2.034279158531716e-167,0,0,1.4
51300.00000000001,0.0008594962726272604,263.30030988743255,325.2599952542126,64.94971722486719,0,0,0,0,0,0,0,0,3.7132886354691553e-175,0,0,1.4
51320.0,0.0008572143330343324,263.33568258518,325.28184281131246,64.78597987453661,0,0,0,0,0,0,0,0,1.1228845662704903e-167,0,0,1.4
51340.0,0.0008549388392179752,263.37098341308644,325.30364451597154,64.62266577764159,0,0,0,0,0,0,0,0,1.3954262938926148e-167,0,0,1.4
51360.0,0.0008526697718191313,263.4062122095259,325.3254002776033,64.45977376668684,0,0,0,0,0,0,0,0,1.1065257537263884e-167,0,0,1.4
51380.0,0.00085040711147874,263.4413688128726,325.3471100056216,64.29730267417682,0,0,0,0,0,0,0,0,5.45083479499065e-168,0,0,1.4
51400.0,0.0008481508388377443,263.47645306150065,325.3687736094399,64.13525133261622,0,0,0,0,0,0,0,0,4.9383671201711065e-176,0,0,1.4
51420.0,0.0008459009345876235,263.5114647938313,325.39039099850476,63.97361857738415,0,0,0,0,0,0,0,0,-3.008760026841013e-168,0,0,1.4
51440.0,0.0008436573796220228,263.5464038484748,325.41196208239387,63.812403255358376,0,0,0,0,0,0,0,0,-3.739033419181795e-168,0,0,1.4
51460.0,0.000841420154885124,263.5812700640887,325.43348677071765,63.65160421629109,0,0,0,0,0,0,0,0,-2.9649267776954188e-168,0,0,1.4
51480.00000000001,0.0008391892413211114,263.6160632793304,325.4549649730867,63.49122030993462,0,0,0,0,0,0,0,0,-1.460546752437713e-168,0,0,1.4
51500.0,0.0008369646198741695,263.6507833328573,325.47639659911147,63.331250386041326,0,0,0,0,0,0,0,0,6.534449433392238e-177,0,0,1.4
51520.0,0.0008347462715382058,263.68543006337586,325.49778155843575,63.17169329719293,0,0,0,0,0,0,0,0,8.061948327315661e-169,0,0,1.4
51540.0,0.0008325341775060331,263.72000330978784,325.51911976083613,63.01254790728965,0,0,0,0,0,0,0,0,1.0018709939250515e-168,0,0,1.4
51560.0,0.0008303283190201863,263.75450291104386,325.54041111612264,62.85381308306105,0,0,0,0,0,0,0,0,7.944497414526386e-169,0,0,1.4
51580.0,0.0008281286773232038,263.78892870609457,325.56165553410506,62.69548769123686,0,0,0,0,0,0,0,0,3.913523266519707e-169,0,0,1.4
51600.0,0.0008259352336576208,263.8232805338907,325.5828529245932,62.53757059854669,0,0,0,0,0,0,0,0,8.603535191853378e-178,0,0,1.4
51620.00000000001,0.0008237479693148986,263.8575582334332,325.6040031974308,62.38006067450548,0,0,0,0,0,0,0,0,-2.1601925261439575e-169,0,0,1.4
51640.0,0.0008215668657821944,263.8917616439257,325.62510626259586,62.222956799769214,0,0,0,0,0,0,0,0,-2.6845052258442686e-169,0,0,1.4
51660.00000000001,0.0008193919045955873,263.92589060462166,325.64616203010036,62.066257857779014,0,0,0,0,0,0,0,0,-2.1287216589186597e-169,0,0,1.4
51680.0,0.0008172230672911589,263.95994495477504,325.6671704099561,61.909962731976165,0,0,0,0,0,0,0,0,-1.0486253937881524e-169,0,0,1.4
51700.0,0.0008150603354049883,263.9939245336396,325.6881313121748,61.754070305801754,0,0,0,0,0,0,0,0,1.1271284318483969e-178,0,0,1.4
51720.0,0.0008129036905212929,264.0278291805213,325.70904464680257,61.598579465438775,0,0,0,0,0,0,0,0,5.7882184518499344e-170,0,0,1.4
51740.0,0.000810753114416829,264.0616587349349,325.72991032402143,61.44348910803671,0,0,0,0,0,0,0,0,7.193110088612906e-170,0,0,1.4
51760.0,0.0008086085889164911,264.0954130364474,325.750728254048,61.28879813348691,0,0,0,0,0,0,0,0,5.7038925041059304e-170,0,0,1.4
51780.0,0.0008064700958451717,264.1290919246256,325.7714983470985,61.13450544168053,0,0,0,0,0,0,0,0,2.809783280875391e-170,0,0,1.4
51800.00000000001,0.0008043376170277646,264.16269523903645,325.7922205133893,60.98060993250889,0,0,0,0,0,0,0,0,1.4692591300909056e-179,0,0,1.4
51820.0,0.0008022111343365238,264.1962228193008,325.8128946631712,60.82711050856213,0,0,0,0,0,0,0,0,-1.5509484567705689e-170,0,0,1.4
51840.0,0.0008000906298331413,264.229674505255,325.8335207068333,60.67400608322554,0,0,0,0,0,0,0,0,-1.9273880373287904e-170,0,0,1.4
51860.0,0.0007979760856266722,264.2630501367894,325.8540985547991,60.521295572583476,0,0,0,0,0,0,0,0,-1.5283533888948536e-170,0,0,1.4
51880.0,0.0007958674838261683,264.296349553794,325.8746281174921,60.36897789272005,0,0,0,0,0,0,0,0,-7.528791601583823e-171,0,0,1.4
51900.0,0.0007937648065406845,264.3295725961592,325.89510930533584,60.21705195971961,0,0,0,0,0,0,0,0,1.9035631063372177e-180,0,0,1.4
51920.0,0.0007916680359258701,264.36271910383095,325.9155420287888,60.06551669232296,0,0,0,0,0,0,0,0,4.155753868863164e-171,0,0,1.4
51940.0,0.0007895771543237654,264.39578891697704,325.9359261984493,59.91437101989777,0,0,0,0,0,0,0,0,5.164420683612131e-171,0,0,1.4
51960.0,0.0007874921441230052,264.42878187582136,325.95626172495065,59.763613874468234,0,0,0,0,0,0,0,0,4.095210564715881e-171,0,0,1.4
51980.00000000001,0.0007854129877122266,264.4616978205875,325.97654851892594,59.61324418805864,0,0,0,0,0,0,0,0,2.0173336307386065e-171,0,0,1.4
52000.0,0.0007833396674800663,264.49453659149907,325.9967864910087,59.46326089269329,0,0,0,0,0,0,0,0,2.4594271736670685e-181,0,0,1.4
52020.0,0.000781272165861006,264.52729802883704,326.0169755518675,59.31366292301159,0,0,0,0,0,0,0,0,-1.1135308925970385e-171,0,0,1.4
52040.0,0.0007792104654729175,264.55998197311163,326.0371156123127,59.16444922411402,0,0,0,0,0,0,0,0,-1.3838023512156463e-171,0,0,1.4
52060.0,0.0007771545489795169,264.59258826489025,326.05720658319,59.015618743716125,0,0,0,0,0,0,0,0,-1.0973083634342965e-171,0,0,1.4
52080.0,0.0007751043990445226,264.6251167447404,326.0772483753454,58.86717042953362,0,0,0,0,0,0,0,0,-5.405429170772775e-172,0,0,1.4
52100.0,0.0007730599983316507,264.6575672532297,326.09724089962447,58.71910322928202,0,0,0,0,0,0,0,0,3.158235733781693e-182,0,0,1.4
52120.00000000001,0.0007710213295497281,264.68993963098444,326.1171840669089,58.571416093251486,0,0,0,0,0,0,0,0,2.9836970348383836e-172,0,0,1.4
52140.0,0.0007689883755880169,264.72223371886736,326.1370777882238,58.42410798202992,0,0,0,0,0,0,0,0,3.7078872253533737e-172,0,0,1.4
52160.00000000001,0.0007669611193808859,264.7544493577999,326.15692197463005,58.27717785877964,0,0,0,0,0,0,0,0,2.940228898579795e-172,0,0,1.4
52180.0,0.0007649395438627069,264.78658638870377,326.1767165371886,58.13062468666308,0,0,0,0,0,0,0,0,1.4483803812363093e-172,0,0,1.4
52200.0,0.0007629236319678486,264.81864465250055,326.1964613869604,57.984447428842486,0,0,0,0,0,0,0,0,4.035372652936361e-183,0,0,1.4
52220.0,0.0007609133666750659,264.8506239901725,326.21615643504265,57.8386450510147,0,0,0,0,0,0,0,0,-7.994792108601987e-173,0,0,1.4
52240.0,0.0007589087311406412,264.88252424294524,326.2358015926779,57.693216529013746,0,0,0,0,0,0,0,0,-9.935253876043246e-173,0,0,1.4
52260.0,0.0007569097085652435,264.91434525210474,326.2553967711451,57.54816084120819,0,0,0,0,0,0,0,0,-7.878319589016392e-173,0,0,1.4
52280.0,0.0007549162821495384,264.9460868589375,326.27494188172295,57.403476965966426,0,0,0,0,0,0,0,0,-3.880923534618451e-173,0,0,1.4
52300.00000000001,0.0007529284350941938,264.97774890472954,326.29443683569036,57.259163881657,0,0,0,0,0,0,0,0,5.130400598849571e-184,0,0,1.4
52320.0,0.0007509461506435464,265.0093312308296,326.313881544363,57.115220569143375,0,0,0,0,0,0,0,0,2.1421980892613114e-173,0,0,1.4
52340.0,0.000748969412216606,265.0408336788368,326.33327591920363,56.971646019268555,0,0,0,0,0,0,0,0,2.66214325275371e-173,0,0,1.4
52360.0,0.0007469982032760546,265.0722560904123,326.3526198717118,56.828439225370644,0,0,0,0,0,0,0,0,2.1109893716364684e-173,0,0,1.4
52380.0,0.000745032507284571,265.1035983072177,326.371913313387,56.685599180787605,0,0,0,0,0,0,0,0,1.0398903270177953e-173,0,0,1.4
52400.0,0.0007430723077048371,265.13486017091435,326.3911561557289,56.54312487885759,0,0,0,0,0,0,0,0,6.785667802540079e-185,0,0,1.4
52420.0,0.0007411175880424981,265.166041523228,326.4103483102742,56.401015315374615,0,0,0,0,0,0,0,0,-5.740002480314971e-174,0,0,1.4
52440.0,0.000739168331975068,265.1971422061415,326.42948968870877,56.2592694959575,0,0,0,0,0,0,0,0,-7.133191347024214e-174,0,0,1.4
52460.0,0.0007372245232230245,265.22816206170205,326.4485802027556,56.11788642868094,0,0,0,0,0,0,0,0,-5.6563789735484975e-174,0,0,1.4
52480.00000000001,0.0007352861455068471,265.2591009319571,326.46761976413774,55.9768651216198,0,0,0,0,0,0,0,0,-2.786377733374744e-174,0,0,1.4
52500.0,0.0007333531825470158,265.2899586589537,326.4866082845782,55.83620458284895,0,0,0,0,0,0,0,0,8.169060689414534e-186,0,0,1.4
52520.0,0.0007314256181062837,265.3207350848053,326.5055456758378,55.69590382286105,0,0,0,0,0,0,0,0,1.538029029170525e-174,0,0,1.4
52540.0,0.0007295034361165087,265.3514300518894,326.5244318498281,55.555961861820954,0,0,0,0,0,0,0,0,1.9113328609031234e-174,0,0,1.4
52560.0,0.0007275866205518225,265.38204340265014,326.5432667184987,55.4163777223112,0,0,0,0,0,0,0,0,1.5156221780539633e-174,0,0,1.4
52580.0,0.0007256751553863586,265.4125749795313,326.5620501937988,55.2771504269146,0,0,0,0,0,0,0,0,7.466076634708669e-175,0,0,1.4
52600.0,0.000723769024594248,265.4430246249766,326.58078218767804,55.13827899821372,0,0,0,0,0,0,0,0,1.0231170835222341e-186,0,0,1.4
52620.00000000001,0.0007218682121912203,265.47339218149796,326.59946261212383,54.999762461171755,0,0,0,0,0,0,0,0,-4.121136362997216e-175,0,0,1.4
52640.0,0.000719972702359389,265.5036774918787,326.6180913792766,54.861599850273734,0,0,0,0,0,0,0,0,-5.121400965446622e-175,0,0,1.4
52660.00000000001,0.0007180824793224625,265.53388039897004,326.63666840131503,54.72379020238498,0,0,0,0,0,0,0,0,-4.0610973863935565e-175,0,0,1.4
52680.0,0.0007161975273041511,265.5640007456232,326.65519359041775,54.586332554371054,0,0,0,0,0,0,0,0,-2.0005292048931318e-175,0,0,1.4
52700.0,0.0007143178305281632,265.5940383746896,326.6736668587633,54.449225943097304,0,0,0,0,0,0,0,0,1.2749908786188177e-187,0,0,1.4
52720.0,0.0007124433732591368,265.62399312909,326.692088118569,54.31246940777277,0,0,0,0,0,0,0,0,1.1042551603660902e-175,0,0,1.4
52740.0,0.0007105741399254181,265.6538648520246,326.7104572822071,54.17606199698053,0,0,0,0,0,0,0,0,1.3722752528091385e-175,0,0,1.4
52760.0,0.0007087101149962835,265.6836533867628,326.7287742620881,54.040002761647365,0,0,0,0,0,0,0,0,1.0881677650695875e-175,0,0,1.4
52780.0,0.000706851282941007,265.7133585765745,326.74703897062307,53.90429075269989,0,0,0,0,0,0,0,0,5.360401848867294e-176,0,0,1.4
52800.00000000001,0.0007049976282288639,265.7429802647292,326.76525132022255,53.7689250210648,0,0,0,0,0,0,0,0,1.580947131180007e-188,0,0,1.4
52820.0,0.0007031491353694003,265.77251829456833,326.78341122333666,53.633904619976136,0,0,0,0,0,0,0,0,-2.9588427845765953e-176,0,0,1.4
52840.0,0.0007013057890332411,265.8019725097192,326.8015185925721,53.499228611896655,0,0,0,0,0,0,0,0,-3.677000457832044e-176,0,0,1.4
52860.0,0.0006994675739312846,265.83134275388085,326.8195733405747,53.36489606159661,0,0,0,0,0,0,0,0,-2.9157367387983278e-176,0,0,1.4
52880.0,0.0006976344747744256,265.8606288707524,326.83757537999037,53.23090603384606,0,0,0,0,0,0,0,0,-1.4363153465093449e-176,0,0,1.4
52900.0,0.0006958064762735623,265.889830704033,326.8555246234649,53.09725759341525,0,0,0,0,0,0,0,0,-2.1321921347153745e-189,0,0,1.4
52920.0,0.0006939835631792135,265.91894809749493,326.87342098368384,52.96394980734574,0,0,0,0,0,0,0,0,7.9281953465832e-177,0,0,1.4
52940.0,0.0006921657204003946,265.94798089520435,326.89126437349154,52.83098175176547,0,0,0,0,0,0,0,0,9.8524930324515e-177,0,0,1.4
52960.0,0.0006903529328857427,265.9769289413011,326.9090547057721,52.69835250507368,0,0,0,0,0,0,0,0,7.81269304502804e-177,0,0,1.4
52980.00000000001,0.0006885451855838961,266.00579207992456,326.9267918934093,52.56606114566972,0,0,0,0,0,0,0,0,3.8485953717357304e-177,0,0,1.4
53000.0,0.0006867424634434933,266.0345701552145,326.9444758492873,52.434106751953045,0,0,0,0,0,0,0,0,2.394547561808154e-190,0,0,1.4
53020.0,0.0006849447514521581,266.0632630113858,326.9621064863302,52.30248840455928,0,0,0,0,0,0,0,0,-2.124353540553213e-177,0,0,1.4
53040.0,0.0006831520347534675,266.09187049295446,326.9796837176229,52.17120519306988,0,0,0,0,0,0,0,0,-2.639967551478552e-177,0,0,1.4
53060.0,0.0006813642985299822,266.1203924445118,326.99720745629054,52.04025620930255,0,0,0,0,0,0,0,0,-2.093404792127369e-177,0,0,1.4
53080.0,0.0006795815279642662,266.14882871064924,327.01467761545825,51.90964054507512,0,0,0,0,0,0,0,0,-1.0312280218510177e-177,0,0,1.4
53100.0,0.0006778037082388806,266.1771791359581,327.0320941082511,51.77935729220524,0,0,0,0,0,0,0,0,2.924955879202107e-191,0,0,1.4
53120.00000000001,0.0006760308245747503,266.205443565107,327.0494568478349,51.64940554471262,0,0,0,0,0,0,0,0,5.692188156294918e-178,0,0,1.4
53140.0,0.0006742628623462474,266.23362184307297,327.06676574753834,51.51978440542435,0,0,0,0,0,0,0,0,7.073771734630866e-178,0,0,1.4
53160.00000000001,0.0006724998069661039,266.26171381491065,327.0840207207306,51.39049297936923,0,0,0,0,0,0,0,0,5.609261234819969e-178,0,0,1.4
53180.0,0.0006707416438470545,266.28971932567447,327.1012216807812,51.26153037157628,0,0,0,0,0,0,0,0,2.763167156673417e-178,0,0,1.4
53200.0,0.0006689883584018308,266.3176382204188,327.11836854105934,51.13289568707431,0,0,0,0,0,0,0,0,3.55503351056703e-192,0,0,1.4
53220.0,0.000667239936080914,266.34547034427726,327.1354612149756,51.004588033060195,0,0,0,0,0,0,0,0,-1.5252172196448348e-178,0,0,1.4
53240.0,0.0006654963624857678,266.37321554269977,327.1524996161055,50.87660652540208,0,0,0,0,0,0,0,0,-1.8954114237363928e-178,0,0,1.4
53260.0,0.0006637576232556048,266.4008736612152,327.1694836580656,50.74895028213623,0,0,0,0,0,0,0,0,-1.5029970180054093e-178,0,0,1.4
53280.0,0.0006620237040296357,266.4284445453526,327.18641325447265,50.62161842129868,0,0,0,0,0,0,0,0,-7.403884081828218e-179,0,0,1.4
53300.00000000001,0.0006602945904470723,266.45592804064086,327.20328831894324,50.49461006092558,0,0,0,0,0,0,0,0,4.2992886660910577e-193,0,0,1.4
53320.0,0.0006585702681842678,266.48332399269,327.2201087651359,50.36792432118759,0,0,0,0,0,0,0,0,4.086807222858834e-179,0,0,1.4
53340.0,0.0006568507230661373,266.5106322474339,327.2368745068759,50.241560330792915,0,0,0,0,0,0,0,0,5.078739603148938e-179,0,0,1.4
53360.0,0.000655135940954739,266.53785265088777,327.2535854580304,50.11551722058433,0,0,0,0,0,0,0,0,4.0272683720093494e-179,0,0,1.4
53380.0,0.0006534259077121291,266.56498504906637,327.2702415324666,49.98979412140453,0,0,0,0,0,0,0,0,1.9838647605795112e-179,0,0,1.4
53400.0,0.0006517206092003661,266.59202928798476,327.2868426440517,49.86439016409632,0,0,0,0,0,0,0,0,5.753499541147058e-192,0,0,1.4
53420.0,0.0006500200313180515,266.61898521374087,327.3033887066951,49.73930448160391,0,0,0,0,0,0,0,0,-1.0950566949866311e-179,0,0,1.4
53440.0,0.0006483241601099719,266.6458526727645,327.3198796344753,49.61453621527788,0,0,0,0,0,0,0,0,-1.3608441752315978e-179,0,0,1.4
53460.0,0.0006466329816574567,266.67263151156817,327.3363153415133,49.4900845085702,0,0,0,0,0,0,0,0,-1.0791033079831137e-179,0,0,1.4
53480.00000000001,0.0006449464820418376,266.6993215766645,327.35269574192967,49.365948504932994,0,0,0,0,0,0,0,0,-5.315749604896358e-180,0,0,1.4
53500.0,0.0006432646473444463,266.72592271456625,327.36902074984545,49.242127347818354,0,0,0,0,0,0,0,0,6.19423963167654e-195,0,0,1.4
53520.0,0.000641587463682572,266.7524347718709,327.38529027942434,49.11862018274746,0,0,0,0,0,0,0,0,2.9341955708804143e-180,0,0,1.4
53540.0,0.0006399149173173464,266.77885759551543,327.40150424500115,48.99542616351846,0,0,0,0,0,0,0,0,3.6463709777793783e-180,0,0,1.4
53560.0,0.0006382469945458584,266.8051910325221,327.4176625609538,48.87254444599852,0,0,0,0,0,0,0,0,2.891448599238391e-180,0,0,1.4
53580.0,0.0006365836816651992,266.83143492991263,327.43376514166,48.749974186055006,0,0,0,0,0,0,0,0,1.4243508137986171e-180,0,0,1.4
53600.0,0.000634924964972458,266.8575891347092,327.4498119014976,48.62771453955508,0,0,0,0,0,0,0,0,7.379492442415043e-196,0,0,1.4
53620.00000000001,0.0006332708308001091,266.8836534940206,327.4658027548877,48.50576466440342,0,0,0,0,0,0,0,0,-7.862153336523829e-181,0,0,1.4
53640.0,0.0006316212656221619,266.9096278553033,327.48173761642494,48.384123726654224,0,0,0,0,0,0,0,0,-9.770421588002662e-181,0,0,1.4
53660.00000000001,0.0006299762559480082,266.9355120661003,327.4976164007474,48.2627908943989,0,0,0,0,0,0,0,0,-7.747613171220259e-181,0,0,1.4
53680.0,0.0006283357882870417,266.9613059739549,327.5134390224931,48.14176533572904,0,0,0,0,0,0,0,0,-3.8165365029595e-181,0,0,1.4
53700.0,0.0006266998491486536,266.9870094264104,327.52920539630003,48.0210462187361,0,0,0,0,0,0,0,0,8.747692527955454e-197,0,0,1.4
53720.0,0.0006250684250770552,267.0126222710987,327.5449154368502,47.90063271351773,0,0,0,0,0,0,0,0,2.1066576372907855e-181,0,0,1.4
53740.0,0.0006234415027557236,267.0381443560073,327.5605690590012,47.78052399819573,0,0,0,0,0,0,0,0,2.617976574216922e-181,0,0,1.4
53760.0,0.000621819068902956,267.0635755292125,327.57616617765456,47.66071925289815,0,0,0,0,0,0,0,0,2.0759666924975148e-181,0,0,1.4
53780.0,0.000620201110237046,267.08891563879064,327.591706707712,47.541217657752824,0,0,0,0,0,0,0,0,1.0226378738519004e-181,0,0,1.4
53800.00000000001,0.0006185876134762903,267.1141645328179,327.6071905640751,47.422018392887786,0,0,0,0,0,0,0,0,1.0317846311154197e-197,0,0,1.4
53820.0,0.0006169785653732445,267.13932205946145,327.6226176616899,47.303120640406284,0,0,0,0,0,0,0,0,-5.6447721264092034e-182,0,0,1.4
53840.0,0.0006153739528175019,267.164388067252,327.6379879156804,47.18452359031256,0,0,0,0,0,0,0,0,-7.014847088650169e-182,0,0,1.4
53860.0,0.000613773762732917,267.18936240481094,327.65330124121533,47.06622643458628,0,0,0,0,0,0,0,0,-5.5625359876861166e-182,0,0,1.4
53880.0,0.0006121779820433426,267.21424492075977,327.6685575534631,46.94822836520695,0,0,0,0,0,0,0,0,-2.7401499244809243e-182,0,0,1.4
53900.0,0.0006105865976726334,267.2390354637198,327.6837567675923,46.83052857415426,0,0,0,0,0,0,0,0,-7.866112653911993e-195,0,0,1.4
53920.0,0.0006089995965783537,267.26373388240546,327.6988987988167,46.71312625535266,0,0,0,0,0,0,0,0,1.5125121327289723e-182,0,0,1.4
53940.0,0.0006074169658529157,267.28834002590264,327.71398356252996,46.59602061050675,0,0,0,0,0,0,0,0,1.8796226124314678e-182,0,0,1.4
53960.0,0.0006058386926224407,267.3128537433899,327.7290109741711,46.479210843265875,0,0,0,0,0,0,0,0,1.4904770257692929e-182,0,0,1.4
53980.00000000001,0.0006042647640130519,267.3372748840459,327.74398094917905,46.36269615727951,0,0,0,0,0,0,0,0,7.342209594045843e-183,0,0,1.4
54000.0,0.0006026951671508723,267.3616032970493,327.7588934029928,46.24647575619718,0,0,0,0,0,0,0,0,1.4140531292407393e-199,0,0,1.4
54020.0,0.0006011298891951958,267.3858388316738,327.77374825109683,46.130548845583405,0,0,0,0,0,0,0,0,-4.052764045071111e-183,0,0,1.4
54040.0,0.0005995689174380066,267.4099813375725,327.78854540915836,46.01491463866361,0,0,0,0,0,0,0,0,-5.036433610763344e-183,0,0,1.4
54060.0,0.0005980122392044595,267.43403066449383,327.8032847928903,45.89957235057818,0,0,0,0,0,0,0,0,-3.993721153920373e-183,0,0,1.4
54080.0,0.0005964598418197109,267.45798666218576,327.81796631800523,45.78452119646771,0,0,0,0,0,0,0,0,-1.967339131385407e-183,0,0,1.4
54100.0,0.0005949117126089155,267.48184918039664,327.83258990021625,45.6697603914726,0,0,0,0,0,0,0,0,1.6430351514209876e-200,0,0,1.4
54120.00000000001,0.0005933678389298709,267.50561806897156,327.8471554552823,45.55528915261924,0,0,0,0,0,0,0,0,1.0859348529906944e-183,0,0,1.4
54140.0,0.0005918282082709417,267.5292931781436,327.86166289914735,45.4411067044774,0,0,0,0,0,0,0,0,1.3495083187370013e-183,0,0,1.4
54160.00000000001,0.0005902928081531327,267.55287435824266,327.8761121478016,45.32721227350257,0,0,0,0,0,0,0,0,1.0701143579880553e-183,0,0,1.4
54180.0,0.0005887616260974501,267.5763614595988,327.8905031172354,45.21360508615042,0,0,0,0,0,0,0,0,5.271469314928663e-184,0,0,1.4
54200.0,0.0005872346496248986,267.599754332542,327.9048357234388,45.100284368876444,0,0,0,0,0,0,0,0,1.899575284055212e-201,0,0,1.4
54220.0,0.0005857118662886049,267.6230528275012,327.91910988244894,44.987249349993306,0,0,0,0,0,0,0,0,-2.909753668916067e-184,0,0,1.4
54240.0,0.0005841932637701732,267.64625679530184,327.9333255104902,44.87449926524153,0,0,0,0,0,0,0,0,-3.615996641846616e-184,0,0,1.4
54260.0,0.0005826788297833294,267.66936608686797,327.9474825238338,44.762033352218786,0,0,0,0,0,0,0,0,-2.867362780318921e-184,0,0,1.4
54280.0,0.0005811685520417975,267.69238055312405,327.9615808387509,44.64985084852262,0,0,0,0,0,0,0,0,-1.4124859458605819e-184,0,0,1.4
54300.00000000001,0.0005796624182593034,267.71530004499425,327.97562037151283,44.537950991750655,0,0,0,0,0,0,0,0,2.1852176170039507e-202,0,0,1.4
54320.0,0.000578160416181179,267.7381244135039,327.9896010384382,44.426333021329164,0,0,0,0,0,0,0,0,7.796661457595536e-185,0,0,1.4
54340.0,0.0005766625336791818,267.7608535100831,328.00352275603535,44.31499618399878,0,0,0,0,0,0,0,0,9.689033800164463e-185,0,0,1.4
54360.0,0.0005751687586566779,267.7834871862627,328.0173854408602,44.20393972832892,0,0,0,0,0,0,0,0,7.68307541393506e-185,0,0,1.4
54380.0,0.0005736790790170313,267.8060252935738,328.0311890094684,44.09316290288885,0,0,0,0,0,0,0,0,3.784744685136474e-185,0,0,1.4
54400.0,0.000572193482663608,267.82846768354733,328.0449333784159,43.98266495624798,0,0,0,0,0,0,0,0,1.0869415869563766e-197,0,0,1.4
54420.0,0.0005707119575308739,267.85081420781773,328.0586184643065,43.87244513877627,0,0,0,0,0,0,0,0,-2.0891091412214657e-185,0,0,1.4
54440.0,0.0005692344916777039,267.87306471843203,328.0722441839364,43.76250270804664,0,0,0,0,0,0,0,0,-2.5961687821917027e-185,0,0,1.4
54460.0,0.0005677610731940728,267.89521906754095,328.0858104541497,43.652836923432545,0,0,0,0,0,0,0,0,-2.058673852550953e-185,0,0,1.4
54480.00000000001,0.0005662916901699568,267.91727710729486,328.0993171917904,43.543447044307584,0,0,0,0,0,0,0,0,-1.0141192819399104e-185,0,0,1.4
54500.0,0.0005648263306953317,267.9392386898443,328.11276431370277,43.434332330045315,0,0,0,0,0,0,0,0,2.8487651094723338e-204,0,0,1.4
54520.0,0.0005633649828907779,267.96110366744506,328.1261517367796,43.325492041792444,0,0,0,0,0,0,0,0,5.597751072909172e-186,0,0,1.4
54540.0,0.0005619076349992979,267.98287189277454,328.1394793781084,43.21692544778875,0,0,0,0,0,0,0,0,6.956413286032212e-186,0,0,1.4
54560.0,0.0005604542752944974,268.00454321861537,328.15274715482525,43.10863181804706,0,0,0,0,0,0,0,0,5.51619996270115e-186,0,0,1.4
54580.0,0.0005590048920499847,268.0261174977502,328.16595498406656,43.0006104225804,0,0,0,0,0,0,0,0,2.7173244262473873e-186,0,0,1.4
54600.0,0.0005575594735393654,268.0475945829618,328.17910278296824,42.892860531401624,0,0,0,0,0,0,0,0,3.2283484750992525e-205,0,0,1.4
54620.00000000001,0.0005561180080663637,268.06897432714027,328.192190468716,42.78538141626988,0,0,0,0,0,0,0,0,-1.4999128794164635e-186,0,0,1.4
54640.0,0.0005546804840551706,268.0902565836058,328.2052179586924,42.67817235592916,0,0,0,0,0,0,0,0,-1.8639653222094638e-186,0,0,1.4
54660.00000000001,0.000553246889960092,268.1114412057863,328.2181851703296,42.571232630869545,0,0,0,0,0,0,0,0,-1.4780613252943626e-186,0,0,1.4
54680.0,0.0005518172142354363,268.13252804710936,328.2310920210595,42.464561521581246,0,0,0,0,0,0,0,0,-7.281048855863517e-187,0,0,1.4
54700.0,0.0005503914453355091,268.1535169610029,328.24393842831427,42.35815830855434,0,0,0,0,0,0,0,0,3.6402624891307103e-206,0,0,1.4
54720.0,0.0005489695717442552,268.1744078010042,328.2567243095758,42.25202227399866,0,0,0,0,0,0,0,0,4.019004447565986e-187,0,0,1.4
54740.0,0.0005475515820641621,268.1952004210893,328.26944958252585,42.14615270700235,0,0,0,0,0,0,0,0,4.994480028056432e-187,0,0,1.4
54760.0,0.000546137464927355,268.21589467534403,328.2821141648961,42.040548898373316,0,0,0,0,0,0,0,0,3.9604533847635924e-187,0,0,1.4
54780.0,0.0005447272089659578,268.23649041785404,328.2947179744183,41.9352101389193,0,0,0,0,0,0,0,0,1.950951160980178e-187,0,0,1.4
54800.00000000001,0.0005433208028120956,268.2569875027051,328.307260928824,41.8301357194482,0,0,0,0,0,0,0,0,4.084261319583123e-207,0,0,1.4
54820.0,0.0005419182351270571,268.27738578409475,328.3197429458956,41.72532493246131,0,0,0,0,0,0,0,0,-1.0768889961023923e-187,0,0,1.4
54840.0,0.0005405194946887837,268.2976851166679,328.33216394361784,41.620777077233626,0,0,0,0,0,0,0,0,-1.338266890131083e-187,0,0,1.4
54860.0,0.0005391245703043822,268.31788535518155,328.344523840026,41.51649145473374,0,0,0,0,0,0,0,0,-1.0612002861085e-187,0,0,1.4
54880.0,0.0005377334507809576,268.3379863543926,328.3568225531554,41.41246736593011,0,0,0,0,0,0,0,0,-5.227557880571895e-188,0,0,1.4
54900.0,0.0005363461249256168,268.35798796905783,328.36906000104125,41.308704111791315,0,0,0,0,0,0,0,0,-1.4901355139688907e-200,0,0,1.4
54920.0,0.0005349625815741632,268.3778900540482,328.3812361017704,41.205200994953515,0,0,0,0,0,0,0,0,2.8855153684358216e-188,0,0,1.4
54940.0,0.0005335828096771978,268.39769246469064,328.39335077363404,41.10195732472386,0,0,0,0,0,0,0,0,3.585875324679038e-188,0,0,1.4
54960.0,0.0005322067982140176,268.4173950564263,328.40540393497537,40.99897241207706,0,0,0,0,0,0,0,0,2.8434775967039923e-188,0,0,1.4
54980.00000000001,0.0005308345361639213,268.4369976846962,328.4173955041369,40.8962455679879,0,0,0,0,0,0,0,0,1.400719912485656e-188,0,0,1.4
55000.0,0.000529466012506208,268.4565002049414,328.4293253994616,40.79377610343122,0,0,0,0,0,0,0,0,5.064781868968473e-209,0,0,1.4
55020.0,0.0005281012162484162,268.47590247271916,328.4411935393442,40.691563331024106,0,0,0,0,0,0,0,0,-7.731715127201777e-189,0,0,1.4
55040.0,0.0005267401365110516,268.49520434405207,328.4529998423874,40.589606569953304,0,0,0,0,0,0,0,0,-9.60832397406525e-189,0,0,1.4
55060.0,0.0005253827624428596,268.51440567507865,328.46474422724526,40.48790514104779,0,0,0,0,0,0,0,0,-7.6190752573285e-189,0,0,1.4
55080.0,0.0005240290831925878,268.5335063219378,328.4764266125725,40.38645836513671,0,0,0,0,0,0,0,0,-3.753217693728746e-189,0,0,1.4
55100.0,0.0005226790879089809,268.55250614076806,328.4880469170235,40.28526556304904,0,0,0,0,0,0,0,0,5.5979259519940355e-210,0,0,1.4
55120.00000000001,0.0005213327657685777,268.5714049878267,328.49960505930534,40.18432605723133,0,0,0,0,0,0,0,0,2.0717068244412117e-189,0,0,1.4
55140.0,0.0005199901060590823,268.59020271984485,328.5111009583355,40.08363917659999,0,0,0,0,0,0,0,0,2.5745426494673794e-189,0,0,1.4
55160.00000000001,0.0005186510980959897,268.6088991936721,328.52253453308384,39.98320425168876,0,0,0,0,0,0,0,0,2.0415250622731202e-189,0,0,1.4
55180.0,0.0005173157311947964,268.62749426615795,328.53390570252066,39.88302061303152,0,0,0,0,0,0,0,0,1.005671650052817e-189,0,0,1.4
55200.0,0.0005159839946709971,268.64598779415206,328.5452143856159,39.78308759116203,0,0,0,0,0,0,0,0,6.156332681942662e-211,0,0,1.4
55220.0,0.0005146558778674372,268.66437963462477,328.5564605013929,39.68340451820712,0,0,0,0,0,0,0,0,-5.551121705629541e-190,0,0,1.4
55240.0,0.0005133313702363568,268.6826696450295,328.5676439690884,39.583970732665236,0,0,0,0,0,0,0,0,-6.898466238042671e-190,0,0,1.4
55260.0,0.0005120104612573467,268.7008576829401,328.578764707992,39.48478557462789,0,0,0,0,0,0,0,0,-5.470249917640628e-190,0,0,1.4
55280.0,0.0005106931404099958,268.7189436059309,328.58982263739364,39.38584838418648,0,0,0,0,0,0,0,0,-2.6946890648252725e-190,0,0,1.4
55300.00000000001,0.0005093793971738944,268.7369272715757,328.6008176765833,39.28715850143249,0,0,0,0,0,0,0,0,6.736674121897478e-212,0,0,1.4
55320.0,0.0005080692210555465,268.7548085375718,328.6117497449046,39.18871526802623,0,0,0,0,0,0,0,0,1.4874185781103067e-190,0,0,1.4
55340.0,0.0005067626016691103,268.7725872621083,328.62261876191764,39.09051803190312,0,0,0,0,0,0,0,0,1.8484384574968875e-190,0,0,1.4
55360.0,0.000505459528655659,268.7902633034972,328.6334246472361,38.992566142567576,0,0,0,0,0,0,0,0,1.465749047828208e-190,0,0,1.4
55380.0,0.0005041599916562643,268.80783652005096,328.6441673204739,38.89485894952384,0,0,0,0,0,0,0,0,7.220397587728985e-191,0,0,1.4
55400.0,0.0005028639803119997,268.82530677008145,328.6548467012448,38.79739580227629,0,0,0,0,0,0,0,0,2.0831437447793916e-203,0,0,1.4
55420.0,0.0005015714842904226,268.84267391202627,328.6654627092175,38.70017605187428,0,0,0,0,0,0,0,0,-3.985526068116827e-191,0,0,1.4
55440.0,0.0005002824933650345,268.859937804824,328.6760152642792,38.603199055547535,0,0,0,0,0,0,0,0,-4.9528759194487944e-191,0,0,1.4
55460.0,0.0004989969973358213,268.87709830753874,328.6865042863721,38.506464172070764,0,0,0,0,0,0,0,0,-3.9274627367218624e-191,0,0,1.4
55480.00000000001,0.0004977149860027699,268.89415527923427,328.69692969543826,38.409970760218755,0,0,0,0,0,0,0,0,-1.9346997026628562e-191,0,0,1.4
55500.0,0.0004964364491658672,268.91110857897456,328.7072914114197,38.31371817876628,0,0,0,0,0,0,0,0,7.946539376951324e-214,0,0,1.4
55520.0,0.0004951613766511633,268.92795806595126,328.717589354314,38.21770578800976,0,0,0,0,0,0,0,0,1.0679184913653765e-191,0,0,1.4
55540.0,0.0004938897583889682,268.9447035998662,328.72782344434046,38.12193295433254,0,0,0,0,0,0,0,0,1.3271191028279797e-191,0,0,1.4
55560.0,0.0004926215843356539,268.9613450405492,328.7379936017735,38.02639904563958,0,0,0,0,0,0,0,0,1.052360468607987e-191,0,0,1.4
55580.0,0.0004913568444475949,268.97788224782965,328.74809974688804,37.931103429835936,0,0,0,0,0,0,0,0,5.1840122292545546e-192,0,0,1.4
55600.0,0.0004900955286811636,268.9943150815372,328.75814179995854,37.83604547482656,0,0,0,0,0,0,0,0,8.566177739495487e-215,0,0,1.4
55620.00000000001,0.0004888376270183838,269.0106434016314,328.76811968131597,37.74122455001521,0,0,0,0,0,0,0,0,-2.8614789734361558e-192,0,0,1.4
55640.0,0.0004875831295438804,269.0268670685915,328.77803331151557,37.64664003080054,0,0,0,0,0,0,0,0,-3.5560049186267334e-192,0,0,1.4
55660.00000000001,0.0004863320263679271,269.0429859430266,328.78788261116915,37.55229129407984,0,0,0,0,0,0,0,0,-2.8197913770994802e-192,0,0,1.4
55680.0,0.00048508430760079937,269.0589998855461,328.7976675008883,37.45817771675053,0,0,0,0,0,0,0,0,-1.3890518903818242e-192,0,0,1.4
55700.0,0.00048383996335277105,269.0749087567589,328.80738790128447,37.36429867570987,0,0,0,0,0,0,0,0,9.188077515448175e-216,0,0,1.4
55720.0,0.0004825989837593603,269.09071241740656,328.81704373302625,37.27065354933139,0,0,0,0,0,0,0,0,7.66730980090698e-193,0,0,1.4
55740.0,0.0004813613590570541,269.10641072875967,328.8266349170098,37.177241721892905,0,0,0,0,0,0,0,0,9.528286462271326e-193,0,0,1.4
55760.0,0.0004801270795075842,269.12200355222103,328.836161374188,37.08406257914842,0,0,0,0,0,0,0,0,7.555608223181624e-193,0,0,1.4
55780.0,0.00047889613537268044,269.13749074919343,328.84562302551416,36.99111550685186,0,0,0,0,0,0,0,0,3.7219533227273277e-193,0,0,1.4
55800.00000000001,0.00047766851691407393,269.1528721810798,328.85501979194095,36.89839989075721,0,0,0,0,0,0,0,0,9.805974221556758e-217,0,0,1.4
55820.0,0.0004764442144183377,269.1681477094175,328.8643515944792,36.80591511807232,0,0,0,0,0,0,0,0,-2.0544494692722502e-193,0,0,1.4
55840.0,0.0004752232182714106,269.1833171962826,328.8736183543702,36.713660581820285,0,0,0,0,0,0,0,0,-2.553096662817985e-193,0,0,1.4
55860.0,0.0004740055188840752,269.1983805038856,328.88281999291274,36.621635676478206,0,0,0,0,0,0,0,0,-2.024519121727446e-193,0,0,1.4
55880.0,0.00047279110666711207,269.21333749443716,328.89195643140596,36.52983979652305,0,0,0,0,0,0,0,0,-9.97294387091105e-194,0,0,1.4
55900.0,0.00047157997203130394,269.2281880301479,328.90102759114853,36.4382723364319,0,0,0,0,0,0,0,0,-2.861675112912778e-206,0,0,1.4
55920.0,0.000470372105411879,269.2429319733655,328.91003339349794,36.34693269211364,0,0,0,0,0,0,0,0,5.504880761820167e-194,0,0,1.4
55940.0,0.0004691674973418571,269.2575691869856,328.91897376004516,36.25582026520508,0,0,0,0,0,0,0,0,6.841001890006163e-194,0,0,1.4
55960.0,0.0004679661383787041,269.2720995340411,328.9278486124396,36.16493445877481,0,0,0,0,0,0,0,0,5.4246826372814057e-194,0,0,1.4
55980.00000000001,0.00046676801907988687,269.28652287756455,328.9366578723308,36.07427467589154,0,0,0,0,0,0,0,0,2.672242256370505e-194,0,0,1.4
56000.0,0.00046557313000287256,269.30083908058884,328.9454014613681,35.98384031962395,0,0,0,0,0,0,0,0,1.1002934394611252e-218,0,0,1.4
56020.0,0.00046438146172918644,269.3150480062861,328.95407930126015,35.89363079445104,0,0,0,0,0,0,0,0,-1.4750283545597306e-194,0,0,1.4
56040.0,0.0004631930049365939,269.32914951838603,328.96269131395235,35.80364551049347,0,0,0,0,0,0,0,0,-1.8330409318471015e-194,0,0,1.4
56060.0,0.00046200775032691855,269.343143480758,328.97123742144936,35.71388387928213,0,0,0,0,0,0,0,0,-1.4535393318547352e-194,0,0,1.4
56080.0,0.00046082568860198527,269.35702975727105,328.97971754575565,35.62434531234807,0,0,0,0,0,0,0,0,-7.160251545750862e-195,0,0,1.4
56100.0,0.0004596468104636174,269.3708082117946,328.9881316088759,35.5350292212222,0,0,0,0,0,0,0,0,1.1568051222609722e-219,0,0,1.4
56120.00000000001,0.0004584711066373178,269.3844787083396,328.9964795328746,35.44593501882469,0,0,0,0,0,0,0,0,3.952326564172875e-195,0,0,1.4
56140.0,0.0004572985679433011,269.3980411114844,329.0047612400563,35.35706212363241,0,0,0,0,0,0,0,0,4.911618373816234e-195,0,0,1.4
56160.00000000001,0.0004561291852254588,269.4114952859492,329.0129766527853,35.268409955511295,0,0,0,0,0,0,0,0,3.894746901373497e-195,0,0,1.4
56180.0,0.0004549629493276844,269.4248410964541,329.0211256934262,35.1799779343274,0,0,0,0,0,0,0,0,1.9185836192876378e-195,0,0,1.4
56200.0,0.00045379985109386906,269.4380784077194,329.02920828434316,35.091765479946645,0,0,0,0,0,0,0,0,1.2101533575614184e-220,0,0,1.4
56220.0,0.000452639881391209,269.45120708460945,329.0372243479616,35.003772013603424,0,0,0,0,0,0,0,0,-1.059022711093978e-195,0,0,1.4
56240.0,0.0004514830311801092,269.4642269925659,329.0451738069498,34.91599696200516,0,0,0,0,0,0,0,0,-1.3160641767939241e-195,0,0,1.4
56260.0,0.00045032929144427905,269.47713799717457,329.05305658403694,34.82843975322772,0,0,0,0,0,0,0,0,-1.0435942869468044e-195,0,0,1.4
56280.0,0.00044917865316742634,269.4899399640213,329.0608726019521,34.74109981534683,0,0,0,0,0,0,0,0,-5.140829313997043e-196,0,0,1.4
56300.00000000001,0.0004480311073332601,269.5026327586919,329.06862178342436,34.653976576438325,0,0,0,0,0,0,0,0,1.2596478356203544e-221,0,0,1.4
56320.0,0.0004468866449484228,269.515216246919,329.07630405124456,34.56706946592578,0,0,0,0,0,0,0,0,2.8376428020384847e-196,0,0,1.4
56340.0,0.0004457452571112895,269.52769029502196,329.08391932844955,34.4803779186237,0,0,0,0,0,0,0,0,3.526383333594599e-196,0,0,1.4
56360.0,0.00044460693494317063,269.540054769467,329.09146753813803,34.39390137069448,0,0,0,0,0,0,0,0,2.796302464131267e-196,0,0,1.4
56380.0,0.0004434716695653745,269.5523095367202,329.0989486034086,34.30763925830036,0,0,0,0,0,0,0,0,1.377481063111725e-196,0,0,1.4
56400.0,0.0004423394520992116,269.56445446324767,329.1063624473598,34.22159101760373,0,0,0,0,0,0,0,0,3.9922922892198356e-209,0,0,1.4
56420.0,0.00044121027368856084,269.57648941566487,329.11370899315267,34.13575608609437,0,0,0,0,0,0,0,0,-7.603440972141571e-197,0,0,1.4
56440.0,0.0004400841255675834,269.58841426118374,329.12098816419785,34.05013390657234,0,0,0,0,0,0,0,0,-9.448915664391641e-197,0,0,1.4
56460.0,0.00043896099899300964,269.60022886716575,329.1281998839684,33.96472392316514,0,0,0,0,0,0,0,0,-7.492669870570004e-197,0,0,1.4
56480.00000000001,0.00043784088522157085,269.6119331009722,329.13534407593744,33.879525580000326,0,0,0,0,0,0,0,0,-3.690949384498097e-197,0,0,1.4
56500.0,0.0004367237755099983,269.6235268299644,329.1424206635779,33.79453832120547,0,0,0,0,0,0,0,0,1.3444733463843277e-223,0,0,1.4
56520.0,0.00043560966113723523,269.6350099216555,329.1494295704262,33.7097615922157,0,0,0,0,0,0,0,0,2.037335868183587e-197,0,0,1.4
56540.0,0.00043449853347107825,269.6463822441652,329.15637072027147,33.62519484369682,0,0,0,0,0,0,0,0,2.531829321623755e-197,0,0,1.4
56560.0,0.0004333903839015356,269.6576436657651,329.16324403696643,33.54083752762217,0,0,0,0,0,0,0,0,2.007654840972306e-197,0,0,1.4
56580.0,0.0004322852038186169,269.66879405472656,329.17004944436337,33.456689095965224,0,0,0,0,0,0,0,0,9.889869068808108e-198,0,0,1.4
56600.0,0.00043118298461233053,269.67983327932126,329.1767868663149,33.3727490006993,0,0,0,0,0,0,0,0,1.3786261576262588e-224,0,0,1.4
56620.00000000001,0.0004300837176945472,269.69076120797484,329.1834562267375,33.2890166950859,0,0,0,0,0,0,0,0,-5.459025005907525e-198,0,0,1.4
56640.0,0.0004289873945645836,269.7015777097297,329.1900574498043,33.20549163753871,0,0,0,0,0,0,0,0,-6.784016221025224e-198,0,0,1.4
56660.00000000001,0.0004278940067436167,269.71228265378255,329.19659045975214,33.12217328775939,0,0,0,0,0,0,0,0,-5.3794949331896304e-198,0,0,1.4
56680.0,0.000426803545752825,269.72287590933007,329.20305518081796,33.03906110544974,0,0,0,0,0,0,0,0,-2.6499824302366693e-198,0,0,1.4
56700.0,0.0004257160031133857,269.73335734556883,329.20945153723875,32.95615455031142,0,0,0,0,0,0,0,0,1.406595939773828e-225,0,0,1.4
56720.0,0.00042463137036799297,269.74372683185226,329.21577945331654,32.873453083315,0,0,0,0,0,0,0,0,1.4627413417939253e-198,0,0,1.4
56740.0,0.00042354963914540295,269.75398423816074,329.22203885361296,32.790956170506114,0,0,0,0,0,0,0,0,1.8177716678633447e-198,0,0,1.4
56760.0,0.000422470801095889,269.7641294346313,329.2282296627547,32.70866327919929,0,0,0,0,0,0,0,0,1.4414313230356967e-198,0,0,1.4
56780.0,0.0004213948478697231,269.774162291401,329.2343518053685,32.62657387670894,0,0,0,0,0,0,0,0,7.100606521385786e-199,0,0,1.4
56800.00000000001,0.00042032177111717817,269.78408267860715,329.24040520608094,32.544687430349576,0,0,0,0,0,0,0,0,1.4279754206340627e-226,0,0,1.4
56820.0,0.0004192515625097029,269.7938904665459,329.24638978958455,32.46300340868552,0,0,0,0,0,0,0,0,-3.919403612692976e-199,0,0,1.4
56840.0,0.0004181842138034474,269.8035855261509,329.25230548083505,32.381521285280265,0,0,0,0,0,0,0,0,-4.870704504281552e-199,0,0,1.4
56860.0,0.0004171197167757389,269.8131677285147,329.25815220485396,32.30024053494726,0,0,0,0,0,0,0,0,-3.862303589523357e-199,0,0,1.4
56880.0,0.00041605806320390296,269.82263694473033,329.2639298866628,32.219160632499815,0,0,0,0,0,0,0,0,-1.902601783176457e-199,0,0,1.4
56900.0,0.00041499924486526683,269.83199304589033,329.26963845128324,32.138281052751374,0,0,0,0,0,0,0,0,-5.458212114167744e-212,0,0,1.4
56920.0,0.0004139432535579974,269.84123590324936,329.27527782380326,32.05760127174642,0,0,0,0,0,0,0,0,1.050201032832648e-199,0,0,1.4
56940.0,0.00041289008116362716,269.85036538870946,329.2808479295781,31.97712077045415,0,0,0,0,0,0,0,0,1.3051013384927644e-199,0,0,1.4
56960.0,0.0004118397195845285,269.8593813743346,329.2863486940294,31.8968390310748,0,0,0,0,0,0,0,0,1.0349011277364297e-199,0,0,1.4
56980.00000000001,0.00041079216072307487,269.86828373218844,329.29178004257903,31.81675553580871,0,0,0,0,0,0,0,0,5.0980061131995024e-200,0,0,1.4
57000.0,0.0004097473964816395,269.877072334335,329.29714190064846,31.736869766856202,0,0,0,0,0,0,0,0,1.4498032206351938e-228,0,0,1.4
57020.0,0.00040870541878310665,269.8857470530026,329.30243419372715,31.6571812076303,0,0,0,0,0,0,0,0,-2.8140051863791404e-200,0,0,1.4
57040.0,0.00040766621963240975,269.89430776107713,329.3076568475748,31.577689346395243,0,0,0,0,0,0,0,0,-3.4970084968994533e-200,0,0,1.4
57060.0,0.00040662979105499287,269.9027543316091,329.3128097880185,31.498393672627945,0,0,0,0,0,0,0,0,-2.773009214230438e-200,0,0,1.4
57080.0,0.00040559612507630146,269.91108663764896,329.31789294088566,31.419293675805427,0,0,0,0,0,0,0,0,-1.3660066210412838e-200,0,0,1.4
57100.0,0.00040456521372177944,269.9193045522472,329.32290623200345,31.340388845404604,0,0,0,0,0,0,0,0,1.4499265939810308e-229,0,0,1.4
57120.00000000001,0.0004035370490370601,269.92740794862124,329.32784958726756,31.26167867209716,0,0,0,0,0,0,0,0,7.540104171872816e-201,0,0,1.4
57140.0,0.00040251162314852945,269.93539670065684,329.33272293284796,31.18316265133359,0,0,0,0,0,0,0,0,9.370206026689823e-201,0,0,1.4
57160.00000000001,0.00040148892820276083,269.94327068240676,329.3375261949828,31.10484027975898,0,0,0,0,0,0,0,0,7.430255795571076e-201,0,0,1.4
57180.0,0.0004004689563463287,269.95102976792384,329.34225929991044,31.02671105401856,0,0,0,0,0,0,0,0,3.6602037096357715e-201,0,0,1.4
57200.0,0.00039945169972580637,269.9586738312607,329.3469221738691,30.948774470757414,0,0,0,0,0,0,0,0,1.4428178233894732e-230,0,0,1.4
57220.0,0.00039843715050763806,269.96620274663985,329.3515147431665,30.87103002779765,0,0,0,0,0,0,0,0,-2.0203648236994447e-201,0,0,1.4
57240.0,0.00039742530093774523,269.97361638896245,329.3560369343881,30.79347722766884,0,0,0,0,0,0,0,0,-2.510739137764778e-201,0,0,1.4
57260.0,0.0003964161432819204,269.98091463329905,329.36048867418856,30.716115574077545,0,0,0,0,0,0,0,0,-1.990931039980243e-201,0,0,1.4
57280.0,0.0003954096698059546,269.9880973547205,329.3648698892228,30.63894457073023,0,0,0,0,0,0,0,0,-9.80748628130309e-202,0,0,1.4
57300.00000000001,0.0003944058727756401,269.99516442829736,329.36918050614554,30.561963721333434,0,0,0,0,0,0,0,0,1.428583103418527e-231,0,0,1.4
57320.0,0.00039340474447632534,270.00211572927276,329.3734204516819,30.48517253075308,0,0,0,0,0,0,0,0,5.413551229265117e-202,0,0,1.4
57340.0,0.0003924062772715833,270.00895113357905,329.37758965283865,30.40857050849252,0,0,0,0,0,0,0,0,6.727505243692809e-202,0,0,1.4
57360.0,0.00039141046354454484,270.01567051732064,329.3816880366924,30.332157165214618,0,0,0,0,0,0,0,0,5.33468364348755e-202,0,0,1.4
57380.0,0.0003904172956783394,270.0222737566024,329.3857155303204,30.255932011582104,0,0,0,0,0,0,0,0,2.6279080288544192e-202,0,0,1.4
57400.0,0.0003894267660560977,270.02876072752855,329.3896720607994,30.179894558257836,0,0,0,0,0,0,0,0,7.433391019640117e-215,0,0,1.4
57420.0,0.0003884388670801974,270.03513130637896,329.39355755527777,30.10404431704668,0,0,0,0,0,0,0,0,-1.4505566800660175e-202,0,0,1.4
57440.0,0.0003874535912300095,270.04138537013296,329.3973719411888,30.028380804322136,0,0,0,0,0,0,0,0,-1.802629597123481e-202,0,0,1.4
57460.0,0.000386470931004152,270.04752279594504,329.4011151460375,29.952903537599738,0,0,0,0,0,0,0,0,-1.4294241741477586e-202,0,0,1.4
57480.00000000001,0.0003854908789012439,270.05354346096965,329.4047870973285,29.877612034395106,0,0,0,0,0,0,0,0,-7.041458341145365e-203,0,0,1.4
57500.0,0.00038451342741990406,270.0594472423612,329.4083877225666,29.802505812223817,0,0,0,0,0,0,0,0,1.3796823648627413e-233,0,0,1.4
57520.0,0.00038353856907769534,270.0652340174518,329.4119169493288,29.727584389726587,0,0,0,0,0,0,0,0,3.886754909993634e-203,0,0,1.4
57540.0,0.0003825662964679614,270.0709036642843,329.4153747054814,29.652847290044836,0,0,0,0,0,0,0,0,4.830131448017204e-203,0,0,1.4
57560.0,0.0003815966022029899,270.0764560610788,329.4187609189625,29.57829403744507,0,0,0,0,0,0,0,0,3.830130531044295e-203,0,0,1.4
57580.0,0.0003806294788950694,270.0818910860557,329.42207551771065,29.503924156193882,0,0,0,0,0,0,0,0,1.8867530760480454e-203,0,0,1.4
57600.0,0.0003796649191564875,270.0872086174354,329.42531842966406,29.42973717055778,0,0,0,0,0,0,0,0,1.3457323934279185e-234,0,0,1.4
57620.00000000001,0.00037870291561817906,270.0924085336186,329.42848958283446,29.355732605911776,0,0,0,0,0,0,0,0,-1.0414528393104954e-203,0,0,1.4
57640.0,0.0003777434609856656,270.0974907137274,329.4315889055264,29.281909992064726,0,0,0,0,0,0,0,0,-1.2942298208323795e-203,0,0,1.4
57660.00000000001,0.0003767865479831141,270.1024550370645,329.43461632611775,29.208268859933856,0,0,0,0,0,0,0,0,-1.0262803826991061e-203,0,0,1.4
57680.0,0.00037583216933469307,270.10730138293223,329.4375717729864,29.13480874043648,0,0,0,0,0,0,0,0,-5.055539630440111e-204,0,0,1.4
57700.0,0.00037488031776456934,270.1120296306333,329.4404551745102,29.06152916448983,0,0,0,0,0,0,0,0,1.3060711233274857e-235,0,0,1.4
57720.0,0.00037393098601526447,270.11663965965323,329.44326645914117,28.988429664103233,0,0,0,0,0,0,0,0,2.7905644724828957e-204,0,0,1.4
57740.0,0.00037298416690271114,270.1211313502098,329.4460055556284,28.91550977565395,0,0,0,0,0,0,0,0,3.467878353123126e-204,0,0,1.4
57760.0,0.00037203985326119646,270.1255045827041,329.448672392795,28.84276903661131,0,0,0,0,0,0,0,0,2.749909997521707e-204,0,0,1.4
57780.0,0.0003710980379250062,270.1297592375369,329.4512668994644,28.77020698444458,0,0,0,0,0,0,0,0,1.3546277612799635e-204,0,0,1.4
57800.00000000001,0.0003701587137284271,270.13389519510923,329.45378900445945,28.69782315662308,0,0,0,0,0,0,0,0,1.2612566702428486e-236,0,0,1.4
57820.0,0.0003692218735238105,270.13791233600773,329.4562386366789,28.625617091691964,0,0,0,0,0,0,0,0,-7.47729496828771e-205,0,0,1.4
57840.0,0.0003682875102357646,270.1418105415625,329.4586157253221,28.55358833249959,0,0,0,0,0,0,0,0,-9.292152041687074e-205,0,0,1.4
57860.0,0.0003673556168069634,270.14558969328925,329.4609201996636,28.481736422970233,0,0,0,0,0,0,0,0,-7.368361630942044e-205,0,0,1.4
57880.0,0.0003664261861800795,270.14924967270383,329.4631519889782,28.410060907028083,0,0,0,0,0,0,0,0,-3.629714146797398e-205,0,0,1.4
57900.0,0.000365499211297787,270.15279036132216,329.4653110225404,28.33856132859741,0,0,0,0,0,0,0,0,-1.03398922338744e-217,0,0,1.4
57920.0,0.000364574685120539,270.15621164084854,329.4673972297012,28.26723723266229,0,0,0,0,0,0,0,0,2.0035351483218754e-205,0,0,1.4
57940.0,0.00036365260067991174,270.1595133937416,329.4694105401164,28.196088168446405,0,0,0,0,0,0,0,0,2.4898246355170516e-205,0,0,1.4
57960.0,0.00036273295102526065,270.1626955026485,329.4713508835183,28.125113686233217,0,0,0,0,0,0,0,0,1.9743465485510459e-205,0,0,1.4
57980.00000000001,0.00036181572920594197,270.1657578502165,329.47321818963894,28.054313336306297,0,0,0,0,0,0,0,0,9.725789743898116e-206,0,0,1.4
58000.0,0.00036090092827131224,270.16870031909275,329.47501238821053,27.983686668949176,0,0,0,0,0,0,0,0,1.158676919199191e-238,0,0,1.4
58020.0,0.0003599885412882279,270.1715227921158,329.4767334090424,27.91323323548954,0,0,0,0,0,0,0,0,-5.368456250003592e-206,0,0,1.4
58040.0,0.0003590785613935508,270.1742251528896,329.4783811822533,27.842952591431935,0,0,0,0,0,0,0,0,-6.671465003819687e-206,0,0,1.4
58060.0,0.000358170981741643,270.17680728520963,329.47995563803926,27.77284429332505,0,0,0,0,0,0,0,0,-5.290245632634451e-206,0,0,1.4
58080.0,0.0003572657954868674,270.1792690728711,329.4814567065959,27.702907897717644,0,0,0,0,0,0,0,0,-2.6060175076334437e-206,0,0,1.4
58100.0,0.00035636299578358606,270.1816103996694,329.4828843181193,27.633142961158384,0,0,0,0,0,0,0,0,1.1022613697616719e-239,0,0,1.4
58120.00000000001,0.0003554625758033879,270.183831149594,329.48423840288376,27.56354904122478,0,0,0,0,0,0,0,0,1.4384735167902758e-206,0,0,1.4
58140.0,0.00035456452878676674,270.1859312074109,329.4855188914767,27.494125699609317,0,0,0,0,0,0,0,0,1.7876136601059824e-206,0,0,1.4
58160.00000000001,0.00035366884799144195,270.18791045807995,329.48672571456405,27.424872499033214,0,0,0,0,0,0,0,0,1.4175170450266746e-206,0,0,1.4
58180.0,0.00035277552667513395,270.1897687865614,329.48785880281156,27.355789002217755,0,0,0,0,0,0,0,0,6.982802866317474e-207,0,0,1.4
58200.0,0.000351884558095562,270.19150607781506,329.4889180868851,27.28687477188413,0,0,0,0,0,0,0,0,1.0433627947291152e-240,0,0,1.4
58220.0,0.0003509959355274024,270.19312221699806,329.48990349752995,27.21812937176719,0,0,0,0,0,0,0,0,-3.8543781715743214e-207,0,0,1.4
58240.0,0.0003501096523131533,270.19461709005526,329.4908149658089,27.14955236965591,0,0,0,0,0,0,0,0,-4.7898963660424134e-207,0,0,1.4
58260.0,0.00034922570181226997,270.1959905831285,329.49165242286426,27.081143334352898,0,0,0,0,0,0,0,0,-3.7982254747230645e-207,0,0,1.4
58280.0,0.0003483440773842064,270.19724258235954,329.49241579983834,27.012901834660685,0,0,0,0,0,0,0,0,-1.8710363889354978e-207,0,0,1.4
58300.00000000001,0.0003474647723884176,270.19837297389034,329.4931050278733,26.944827439381857,0,0,0,0,0,0,0,0,9.826856918472584e-242,0,0,1.4
58320.0,0.0003465877802010483,270.19938164406244,329.493720038192,26.876919718317605,0,0,0,0,0,0,0,0,1.0327775183974828e-207,0,0,1.4
58340.0,0.00034571309426500155,270.2002684800166,329.49426076233885,26.809178245263404,0,0,0,0,0,0,0,0,1.2834488631098258e-207,0,0,1.4
58360.0,0.00034484070803987143,270.2010333690932,329.49472713193916,26.741602595013397,0,0,0,0,0,0,0,0,1.017731448623352e-207,0,0,1.4
58380.0,0.0003439706149852508,270.20167619863275,329.49511907861773,26.674192342361653,0,0,0,0,0,0,0,0,5.013426894245027e-208,0,0,1.4
58400.0,0.0003431028085607339,270.2021968559758,329.49543653399985,26.606947062102332,0,0,0,0,0,0,0,0,1.438555212332697e-220,0,0,1.4
58420.0,0.00034223728224234165,270.2025952286654,329.495679429792,26.53986633001334,0,0,0,0,0,0,0,0,-2.767319020156088e-208,0,0,1.4
58440.0,0.0003413740295718085,270.2028712050552,329.49584769802703,26.47294972580813,0,0,0,0,0,0,0,0,-3.4389908639689153e-208,0,0,1.4
58460.0,0.00034051304410729613,270.20302467370135,329.4959412708195,26.4061968301839,0,0,0,0,0,0,0,0,-2.727003197703362e-208,0,0,1.4
58480.00000000001,0.00033965431940696686,270.2030555231602,329.4959600802837,26.33960722383793,0,0,0,0,0,0,0,0,-1.3433436876249075e-208,0,0,1.4
58500.0,0.0003387978490289831,270.20296364198776,329.49590405853405,26.273180487467485,0,0,0,0,0,0,0,0,8.587342572581126e-244,0,0,1.4
58520.0,0.0003379436265476768,270.202748918946,329.4957731377677,26.206916202739123,0,0,0,0,0,0,0,0,7.415008966503069e-209,0,0,1.4
58540.0,0.0003370916456020638,270.2024112436185,329.4955672505124,26.14081395519691,0,0,0,0,0,0,0,0,9.214748247785631e-209,0,0,1.4
58560.0,0.0003362418998473293,270.20195050579457,329.4952863293786,26.07487333135418,0,0,0,0,0,0,0,0,7.306983045817293e-209,0,0,1.4
58580.0,0.00033539438293865966,270.20136659526355,329.4949303069767,26.00909391772434,0,0,0,0,0,0,0,0,3.599478562566847e-209,0,0,1.4
58600.0,0.0003345490885312401,270.2006594018146,329.49449911591716,25.94347530082072,0,0,0,0,0,0,0,0,7.967529088643987e-245,0,0,1.4
58620.00000000001,0.0003337060102961739,270.19982881544536,329.49399268889425,25.878017068111784,0,0,0,0,0,0,0,0,-1.9868456644440312e-209,0,0,1.4
58640.0,0.00033286514196823416,270.198874726987,329.4934109589374,25.812718810886317,0,0,0,0,0,0,0,0,-2.469084351450263e-209,0,0,1.4
58660.00000000001,0.00033202647729811013,270.19779702747906,329.4927538591597,25.747580121388115,0,0,0,0,0,0,0,0,-1.9579002062346492e-209,0,0,1.4
58680.0,0.0003311900100364924,270.1965956079611,329.49202132267425,25.68260059186104,0,0,0,0,0,0,0,0,-9.644773740129248e-210,0,0,1.4
58700.0,0.00033035573393407026,270.19527035947243,329.4912132825943,25.617779814548886,0,0,0,0,0,0,0,0,7.355582223922835e-246,0,0,1.4
58720.0,0.00032952364275720247,270.19382117326404,329.4903296721179,25.553117382636554,0,0,0,0,0,0,0,0,5.3237369127294615e-210,0,0,1.4
58740.0,0.0003286937303349189,270.19224794143184,329.4893704247829,25.488612893072908,0,0,0,0,0,0,0,0,6.615891580154202e-210,0,0,1.4
58760.0,0.00032786599051191884,270.190550556283,329.488335474212,25.424265943747926,0,0,0,0,0,0,0,0,5.246177791213831e-210,0,0,1.4
58780.0,0.0003270404171329004,270.1887289101247,329.48722475402786,25.360076132551473,0,0,0,0,0,0,0,0,2.5843093348485338e-210,0,0,1.4
58800.00000000001,0.0003262170040425625,270.1867828952642,329.48603819785313,25.296043057373517,0,0,0,0,0,0,0,0,6.756767560718053e-247,0,0,1.4
58820.0,0.00032539574510102707,270.18471240422286,329.4847757393967,25.232166317031187,0,0,0,0,0,0,0,0,-1.4264910064816121e-210,0,0,1.4
58840.0,0.00032457663423010716,270.182517330379,329.4834373127116,25.16844551405026,0,0,0,0,0,0,0,0,-1.7727228061141713e-210,0,0,1.4
58860.0,0.0003237596653670402,270.1801975673253,329.48202285193713,25.104880251883806,0,0,0,0,0,0,0,0,-1.405709102505821e-210,0,0,1.4
58880.0,0.00032294483244906197,270.1777530086541,329.48053229121257,25.041470133984784,0,0,0,0,0,0,0,0,-6.924635992648655e-211,0,0,1.4
58900.0,0.00032213212941341,270.17518354795806,329.4789655646769,24.978214763806267,0,0,0,0,0,0,0,0,-1.9991940676198088e-223,0,0,1.4
58920.0,0.0003213215502125019,270.1724890790467,329.4773226065568,24.915113745714766,0,0,0,0,0,0,0,0,3.822271131969857e-211,0,0,1.4
58940.0,0.00032051308885948414,270.16966949659843,329.47560335142765,24.852166687731103,0,0,0,0,0,0,0,0,4.749996443024862e-211,0,0,1.4
58960.0,0.00031970673938268345,270.1667246955084,329.47380773395196,24.78937319878955,0,0,0,0,0,0,0,0,3.7665861880944705e-211,0,0,1.4
58980.00000000001,0.0003189024958104275,270.16365457067195,329.4719356887925,24.72673288782446,0,0,0,0,0,0,0,0,1.8554506221089774e-211,0,0,1.4
59000.0,0.00031810035217104415,270.1604590169844,329.46998715061187,24.664245363770185,0,0,0,0,0,0,0,0,5.616534238803788e-249,0,0,1.4
59020.0,0.00031730030250780463,270.15713792956126,329.46796205416115,24.60191023646113,0,0,0,0,0,0,0,0,-1.0241744630643893e-211,0,0,1.4
59040.0,0.00031650234092375946,270.15369120439834,329.46586033454514,24.53972711933236,0,0,0,0,0,0,0,0,-1.272757710959332e-211,0,0,1.4
59060.0,0.0003157064615369022,270.15011873771175,329.4636819269571,24.477695626718972,0,0,0,0,0,0,0,0,-1.0092537273221684e-211,0,0,1.4
59080.0,0.0003149126584652279,270.14642042571734,329.4614267665904,24.41581537295617,0,0,0,0,0,0,0,0,-4.971664957901233e-212,0,0,1.4
59100.0,0.0003141209258267304,270.1425961646314,329.45909478863825,24.354085972379057,0,0,0,0,0,0,0,0,5.0824828042284746e-250,0,0,1.4
59120.00000000001,0.00031333125775411533,270.13864585089283,329.45668592838354,24.292507040209735,0,0,0,0,0,0,0,0,2.7442672028668183e-212,0,0,1.4
59140.0,0.0003125436484389326,270.13456938183316,329.45420012146764,24.23107819521802,0,0,0,0,0,0,0,0,3.410344008120373e-212,0,0,1.4
59160.00000000001,0.00031175809208744225,270.13036665500664,329.4516373036216,24.169799057060608,0,0,0,0,0,0,0,0,2.704287211940758e-212,0,0,1.4
59180.0,0.0003109745829059058,270.12603756796784,329.4489974105764,24.108669245394264,0,0,0,0,0,0,0,0,1.3321536105077505e-212,0,0,1.4
59200.0,0.00031019311510058326,270.1215820182711,329.4462803780631,24.047688379875677,0,0,0,0,0,0,0,0,4.5762732964986415e-251,0,0,1.4
59220.0,0.0003094136828922173,270.11699990369704,329.4434861419035,23.98685608103554,0,0,0,0,0,0,0,0,-7.353241808232287e-213,0,0,1.4
59240.0,0.0003086362805594748,270.1122911229303,329.4406146382829,23.92617197290016,0,0,0,0,0,0,0,0,-9.137989228881718e-213,0,0,1.4
59260.0,0.0003078609023955048,270.10745557488207,329.43766580347744,23.86563568036984,0,0,0,0,0,0,0,0,-7.246115745414477e-213,0,0,1.4
59280.0,0.0003070875426934557,270.102493158463,329.4346395737632,23.805246828344817,0,0,0,0,0,0,0,0,-3.569494841297553e-213,0,0,1.4
59300.00000000001,0.0003063161957464765,270.0974037725842,329.43153588541634,23.745005041725364,0,0,0,0,0,0,0,0,4.0999306919843167e-252,0,0,1.4
59320.0,0.00030554685586197143,270.0921873163856,329.428354674805,23.684909946272903,0,0,0,0,0,0,0,0,1.970295204266602e-213,0,0,1.4
59340.0,0.00030477951740436596,270.08684368992346,329.4250958786658,23.624961171193267,0,0,0,0,0,0,0,0,2.448516834323139e-213,0,0,1.4
59360.0,0.00030401417475234174,270.0813727934832,329.4217594338273,23.565158346553492,0,0,0,0,0,0,0,0,1.9415908622462322e-213,0,0,1.4
59380.0,0.0003032508222845795,270.07577452735023,329.4183452771179,23.505501102420542,0,0,0,0,0,0,0,0,9.564432601127232e-214,0,0,1.4
59400.0,0.00030248945437976095,270.07004879181005,329.41485334536645,23.44598906886146,0,0,0,0,0,0,0,0,2.7042518994276604e-226,0,0,1.4
59420.0,0.00030173006543059996,270.06419548738006,329.41128357549474,23.386621876791718,0,0,0,0,0,0,0,0,-5.2793900883412014e-214,0,0,1.4
59440.0,0.0003009726498859435,270.05821451550617,329.40763590479804,23.327399160520898,0,0,0,0,0,0,0,0,-6.560781084108396e-214,0,0,1.4
59460.0,0.00030021720220867025,270.0521057778666,329.40391027066494,23.26832055520702,0,0,0,0,0,0,0,0,-5.202477035704347e-214,0,0,1.4
59480.00000000001,0.0002994637168616602,270.0458691761392,329.400106610484,23.209385696008162,0,0,0,0,0,0,0,0,-2.5627819915329702e-214,0,0,1.4
59500.0,0.00029871218830779283,270.0395046120023,329.3962248616437,23.15059421808241,0,0,0,0,0,0,0,0,3.2418373589309542e-254,0,0,1.4
59520.0,0.0002979626110237615,270.033011987369,329.3922649616273,23.091945757423872,0,0,0,0,0,0,0,0,1.4146083107002753e-214,0,0,1.4
59540.0,0.0002972149795415179,270.026391205093,329.3882268482963,23.033439953371147,0,0,0,0,0,0,0,0,1.7579559932043887e-214,0,0,1.4
59560.0,0.0002964692884068272,270.01964216826326,329.3841104596067,22.97507644609884,0,0,0,0,0,0,0,0,1.3939995203584872e-214,0,0,1.4
59580.0,0.00029572553216545547,270.0127647799688,329.3799157335147,22.91685487578164,0,0,0,0,0,0,0,0,6.866953650085569e-215,0,0,1.4
59600.0,0.0002949837053631676,270.0057589432984,329.37564260797626,22.858774882594165,0,0,0,0,0,0,0,0,2.861154881816632e-255,0,0,1.4
59620.00000000001,0.0002942438025593286,269.99862456157933,329.3712910210435,22.80083610753496,0,0,0,0,0,0,0,0,-3.7904315445849345e-215,0,0,1.4
59640.0,0.00029350581836769994,269.99136153909166,329.3668609111519,22.743038194898055,0,0,0,0,0,0,0,0,-4.710428887085681e-215,0,0,1.4
59660.00000000001,0.0002927697474156412,269.9839697803537,329.36235221683273,22.685380789801314,0,0,0,0,0,0,0,0,-3.7352104572942873e-215,0,0,1.4
59680.0,0.0002920355843305133,269.97644918988385,329.3577648766177,22.62786353736267,0,0,0,0,0,0,0,0,-1.839994685002373e-215,0,0,1.4
59700.0,0.0002913033237396757,269.96879967220025,329.353098829038,22.570486082699986,0,0,0,0,0,0,0,0,2.5125808228079146e-256,0,0,1.4
59720.0,0.0002905729602838767,269.9610211320626,329.3483540127223,22.513248071743025,0,0,0,0,0,0,0,0,1.0156430713367775e-215,0,0,1.4
59740.0,0.0002898444886574128,269.95311347519583,329.34353036668773,22.456149153668818,0,0,0,0,0,0,0,0,1.26215561629884e-215,0,0,1.4
59760.0,0.0002891179035679692,269.9450766075655,329.33862783004884,22.399188978466317,0,0,0,0,0,0,0,0,1.0008466255924413e-215,0,0,1.4
59780.0,0.0002883931997232299,269.9369104351378,329.3336463419199,22.342367196124393,0,0,0,0,0,0,0,0,4.9302508992394515e-216,0,0,1.4
59800.00000000001,0.00028767037183087963,269.9286148638788,329.3285858414154,22.285683456631972,0,0,0,0,0,0,0,0,2.1954686553421868e-257,0,0,1.4
59820.0,0.00028694941461178235,269.92018979999875,329.3234462677482,22.22913741077797,0,0,0,0,0,0,0,0,-2.7214074076295363e-216,0,0,1.4
59840.0,0.0002862303228395176,269.9116351506856,329.31822756052526,22.172728712551194,0,0,0,0,0,0,0,0,-3.381935781096781e-216,0,0,1.4
59860.0,0.00028551309130084497,269.9029508233717,329.3129296594518,22.116457016740522,0,0,0,0,0,0,0,0,-2.6817604507490626e-216,0,0,1.4
59880.0,0.0002847977147825231,269.8941367254896,329.30755250423334,22.060321978134752,0,0,0,0,0,0,0,0,-1.3210567469340051e-216,0,0,1.4
59900.0,0.0002840841880713117,269.8851927644714,329.3020960345753,22.004323251522756,0,0,0,0,0,0,0,0,-3.735866286366337e-229,0,0,1.4
59920.0,0.00028337250596694336,269.8761188479973,329.2965601902828,21.94846049248165,0,0,0,0,0,0,0,0,7.29198917150368e-217,0,0,1.4
59940.0,0.00028266266332104803,269.8669148847369,329.2909449115605,21.89273335974185,0,0,0,0,0,0,0,0,9.061869613987245e-217,0,0,1.4
59960.0,0.00028195465499822884,269.85758078360766,329.2852501387125,21.83714151282203,0,0,0,0,0,0,0,0,7.185755470718092e-217,0,0,1.4
59980.00000000001,0.00028124847586308966,269.84811645352687,329.2794758120435,21.781684611240898,0,0,0,0,0,0,0,0,3.539760884965167e-217,0,0,1.4
60000.0,0.0002805441207802341,269.838521803412,329.2736218718574,21.726362314517182,0,0,0,0,0,0,0,0,1.6513047287436077e-259,0,0,1.4
60020.0,0.0002798415846270378,269.828796742431,329.26768825856004,21.671174282946364,0,0,0,0,0,0,0,0,-1.9538826097214235e-217,0,0,1.4
60040.0,0.0002791408623319672,269.81894118075417,329.26167491296155,21.6161201799313,0,0,0,0,0,0,0,0,-2.4281206449842324e-217,0,0,1.4
60060.0,0.00027844194883626014,269.80895502880276,329.25558177597316,21.56119966965158,0,0,0,0,0,0,0,0,-1.9254173753864987e-217,0,0,1.4
60080.0,0.0002777448390811557,269.79883819699774,329.24940878850646,21.50641241628688,0,0,0,0,0,0,0,0,-9.484760705260728e-218,0,0,1.4
60100.0,0.00027704952800789166,269.78859059576024,329.24315589147255,21.451758084016802,0,0,0,0,0,0,0,0,1.4214120986033548e-260,0,0,1.4
60120.00000000001,0.0002763560105702807,269.778212135765,329.2368230258855,21.397236337786506,0,0,0,0,0,0,0,0,5.2354126738007e-218,0,0,1.4
60140.0,0.0002756642817724317,269.7677027287022,329.2304101331694,21.342846845603148,0,0,0,0,0,0,0,0,6.506129659488621e-218,0,0,1.4
60160.00000000001,0.0002749743366310265,269.75706228651535,329.22391715485094,21.288589276239346,0,0,0,0,0,0,0,0,5.159140308276647e-218,0,0,1.4
60180.0,0.00027428617016274804,269.74629072114834,329.2173440324568,21.234463298467784,0,0,0,0,0,0,0,0,2.5414339713770643e-218,0,0,1.4
60200.0,0.0002735997773842784,269.7353879445449,329.2106907075136,21.180468581061078,0,0,0,0,0,0,0,0,1.2174224844194071e-261,0,0,1.4
60220.0,0.0002729151533246793,269.7243538689058,329.20395712165197,21.12660479354627,0,0,0,0,0,0,0,0,-1.4028245979882735e-218,0,0,1.4
60240.0,0.000272232293062527,269.7131884074592,329.1971432169182,21.072871608467764,0,0,0,0,0,0,0,0,-1.7433121881121504e-218,0,0,1.4
60260.0,0.00027155119168877724,269.70189147369047,329.1902489354625,21.019268699124382,0,0,0,0,0,0,0,0,-1.382387479241789e-218,0,0,1.4
60280.0,0.000270871844294385,269.69046298108486,329.18327421943513,20.96579573881489,0,0,0,0,0,0,0,0,-6.809751802475043e-219,0,0,1.4
60300.00000000001,0.00027019424597030583,269.6789028431276,329.17621901098613,20.912452400838095,0,0,0,0,0,0,0,0,1.0375072894913487e-262,0,0,1.4
60320.0,0.0002695183918196823,269.66721097356407,329.1690832523712,20.85923835923619,0,0,0,0,0,0,0,0,3.7588571815347083e-219,0,0,1.4
60340.0,0.0002688442769944028,269.6553872871801,329.16186688626715,20.806153291024852,0,0,0,0,0,0,0,0,4.6711909295998104e-219,0,0,1.4
60360.0,0.0002681718966585436,269.6434316990217,329.1545698554563,20.75319687396319,0,0,0,0,0,0,0,0,3.7040960868972875e-219,0,0,1.4
60380.0,0.0002675012459761801,269.63134412413456,329.14719210272085,20.700368785810277,0,0,0,0,0,0,0,0,1.8246674961295336e-219,0,0,1.4
60400.0,0.00026683232011138856,269.6191244775648,329.139733570843,20.647668704325213,0,0,0,0,0,0,0,0,5.1579511631539544e-232,0,0,1.4
60420.0,0.00026616511424024184,269.60677267462165,329.1321942027119,20.595096307999633,0,0,0,0,0,0,0,0,-1.0071827462560938e-219,0,0,1.4
60440.0,0.000265499623586805,269.5942886316673,329.12457394164335,20.542651278255523,0,0,0,0,0,0,0,0,-1.25164183727775e-219,0,0,1.4
60460.0,0.0002648358433871397,269.58167226532754,329.11687273106014,20.49033329724735,0,0,0,0,0,0,0,0,-9.925095551712373e-220,0,0,1.4
60480.00000000001,0.0002641737688773084,269.56892349222807,329.10909051438506,20.438142047129666,0,0,0,0,0,0,0,0,-4.8891818204304165e-220,0,0,1.4
60500.0,0.0002635133952933735,269.55604222899433,329.10122723504077,20.386077210057,0,0,0,0,0,0,0,0,7.422947964659755e-265,0,0,1.4
60520.0,0.0002628547178832085,269.5430283925186,329.0932828365582,20.334138468905756,0,0,0,0,0,0,0,0,2.6987380348995266e-220,0,0,1.4
60540.0,0.00026219773194193516,269.52988190075894,329.0852572629012,20.282325509440145,0,0,0,0,0,0,0,0,3.353764195116104e-220,0,0,1.4
60560.0,0.0002615424327764859,269.51660267194006,329.0771504581416,20.23063801814622,0,0,0,0,0,0,0,0,2.6594213378831498e-220,0,0,1.4
60580.0,0.00026088881569379417,269.50319062428656,329.06896236635123,20.17907568151011,0,0,0,0,0,0,0,0,1.310052320433785e-220,0,0,1.4
60600.0,0.00026023687600079264,269.4896456760231,329.06069293160203,20.127638186017872,0,0,0,0,0,0,0,0,6.231776041658318e-266,0,0,1.4
60620.00000000001,0.0002595866090160432,269.47596774564397,329.0523420980756,20.076325218867062,0,0,0,0,0,0,0,0,-7.231246770344832e-221,0,0,1.4
60640.0,0.0002589380101046232,269.4621567527226,329.04390981039217,20.025136470100996,0,0,0,0,0,0,0,0,-8.986384076857739e-221,0,0,1.4
60660.00000000001,0.0002582910746432378,269.4482126171017,329.0353960132814,19.974071630474395,0,0,0,0,0,0,0,0,-7.12589799819885e-221,0,0,1.4
60680.0,0.0002576457980085933,269.4341352586244,329.02680065147325,19.923130390742035,0,0,0,0,0,0,0,0,-3.5102746130274946e-221,0,0,1.4
60700.0,0.00025700217557739506,269.4199245971336,329.01812366969745,19.87231244165863,0,0,0,0,0,0,0,0,5.205659838119383e-267,0,0,1.4
60720.0,0.00025636020273779803,269.4055805527452,329.009365012795,19.821617474680085,0,0,0,0,0,0,0,0,1.9376067323836635e-221,0,0,1.4
60740.0,0.00025571987492375173,269.391103046667,329.00052462605134,19.771045184066708,0,0,0,0,0,0,0,0,2.4078943562699315e-221,0,0,1.4
60760.0,0.000255081187580655,269.3764920003796,328.9916024548629,19.720595264780012,0,0,0,0,0,0,0,0,1.9093786139642273e-221,0,0,1.4
60780.0,0.0002544441361539062,269.3617473353636,328.9825984446265,19.670267411781428,0,0,0,0,0,0,0,0,9.405752477721915e-222,0,0,1.4
60800.00000000001,0.00025380871608890416,269.34686897309973,328.97351254073857,19.620061320032452,0,0,0,0,0,0,0,0,4.3268143576616675e-268,0,0,1.4
60820.0,0.0002531749228423194,269.3318568353448,328.9643446887083,19.569976685185512,0,0,0,0,0,0,0,0,-5.191801591913072e-222,0,0,1.4
60840.0,0.0002525427519159083,269.31671084496054,328.95509483449547,19.52001320565679,0,0,0,0,0,0,0,0,-6.451933482219819e-222,0,0,1.4
60860.0,0.0002519121988226997,269.3014309250846,328.9457629241721,19.470170580553493,0,0,0,0,0,0,0,0,-5.116164576569655e-222,0,0,1.4
60880.0,0.0002512832590757219,269.2860169988549,328.93634890381065,19.42044850898275,0,0,0,0,0,0,0,0,-2.5202637806125716e-222,0,0,1.4
60900.0,0.00025065592818800363,269.2704689894093,328.9268527194833,19.370846690051756,0,0,0,0,0,0,0,0,-7.273025649264341e-235,0,0,1.4
60920.0,0.00025003020168367046,269.25478682016495,328.9172743173765,19.32136482354859,0,0,0,0,0,0,0,0,1.391139043815646e-222,0,0,1.4
60940.0,0.00024940607513123807,269.23897041565715,328.9076136441331,19.27200261198513,0,0,0,0,0,0,0,0,1.7287903661799775e-222,0,0,1.4
60960.0,0.00024878354411031863,269.2230197007006,328.8978706465104,19.222759758554126,0,0,0,0,0,0,0,0,1.3708721666363157e-222,0,0,1.4
60980.00000000001,0.000248162604200525,269.20693460010995,328.8880452712655,19.173635966448394,0,0,0,0,0,0,0,0,6.753026447282897e-223,0,0,1.4
61000.0,0.00024754325098147033,269.1907150387,328.8781374651554,19.12463093886073,0,0,0,0,0,0,0,0,2.94468468384144e-270,0,0,1.4
61020.0,0.00024692548004369246,269.174360941568,328.86814717505297,19.075744379654957,0,0,0,0,0,0,0,0,-3.727545833499058e-223,0,0,1.4
61040.0,0.00024630928702143386,269.15787223494243,328.8580743482936,19.02697599537925,0,0,0,0,0,0,0,0,-4.6322798250067166e-223,0,0,1.4
61060.0,0.0002456946675598617,269.1412488453341,328.8479189323281,18.978325493252765,0,0,0,0,0,0,0,0,-3.67324089976517e-223,0,0,1.4
61080.0,0.0002450816173041443,269.1244906992541,328.8376808746078,18.92979258049474,0,0,0,0,0,0,0,0,-1.8094679830161845e-223,0,0,1.4
61100.0,0.00024447013189944877,269.1075977232134,328.82736012258346,18.881376964324346,0,0,0,0,0,0,0,0,2.4111090685392296e-271,0,0,1.4
61120.00000000001,0.00024386020700170038,269.090569844009,328.8169566238234,18.833078352622156,0,0,0,0,0,0,0,0,9.98792895836069e-224,0,0,1.4
61140.0,0.0002432518383098526,269.0734069895823,328.8064703263648,18.784896455914183,0,0,0,0,0,0,0,0,1.2412156382255322e-223,0,0,1.4
61160.00000000001,0.0002426450215336154,269.0561090881604,328.795901178362,18.736830985387737,0,0,0,0,0,0,0,0,9.842419326970473e-224,0,0,1.4
61180.0,0.00024203975238269962,269.0386760679707,328.78524912796945,18.68888165223021,0,0,0,0,0,0,0,0,4.848454847791593e-224,0,0,1.4
61200.0,0.00024143602656681525,269.0211078572405,328.7745141233414,18.64104816762892,0,0,0,0,0,0,0,0,1.9643706793315072e-272,0,0,1.4
61220.0,0.00024083383980626417,269.0034043844865,328.7636961127512,18.593330243423033,0,0,0,0,0,0,0,0,-2.6762574984516214e-224,0,0,1.4
61240.0,0.0002402331878637116,268.9855655793824,328.7527950449469,18.54572759405879,0,0,0,0,0,0,0,0,-3.325827278954119e-224,0,0,1.4
61260.0,0.0002396340665124145,268.9675913718914,328.7418108687954,18.498239934634274,0,0,0,0,0,0,0,0,-2.6372683102306117e-224,0,0,1.4
61280.0,0.00023903647152562918,268.94948169197664,328.7307435331639,18.4508669802475,0,0,0,0,0,0,0,0,-1.2991395610045196e-224,0,0,1.4
61300.00000000001,0.00023844039867661242,268.9312364696013,328.71959298691917,18.40360844599654,0,0,0,0,0,0,0,0,1.592423424223697e-273,0,0,1.4
61320.0,0.00023784584374904883,268.9128556350211,328.7083591790486,18.356464047621827,0,0,0,0,0,0,0,0,7.171010354478456e-225,0,0,1.4
61340.0,0.00023725280256833286,268.89433911966256,328.6970420590212,18.30943350343321,0,0,0,0,0,0,0,0,8.911527335611484e-225,0,0,1.4
61360.0,0.00023666127097028773,268.8756868552449,328.68564157642606,18.262516532382946,0,0,0,0,0,0,0,0,7.06653913950477e-225,0,0,1.4
61380.0,0.00023607124479073564,268.8568987734872,328.6741576808526,18.215712853423245,0,0,0,0,0,0,0,0,3.4810339622647795e-225,0,0,1.4
61400.0,0.0002354827198654997,268.83797480610883,328.66259032189004,18.169022185506382,0,0,0,0,0,0,0,0,9.98198199328932e-238,0,0,1.4
61420.0,0.000234895692040669,268.8189148851248,328.6509394492496,18.122444248217633,0,0,0,0,0,0,0,0,-1.9214664333976126e-225,0,0,1.4
61440.0,0.00023431015720340115,268.7997189437339,328.63920501313044,18.075978763674637,0,0,0,0,0,0,0,0,-2.3878365529047724e-225,0,0,1.4
61460.0,0.00023372611125111947,268.78038691543134,328.62738696385344,18.02962545462806,0,0,0,0,0,0,0,0,-1.893473455712893e-225,0,0,1.4
61480.00000000001,0.0002331435500812482,268.7609187337117,328.61548525173976,17.983384043828597,0,0,0,0,0,0,0,0,-9.327402390138037e-226,0,0,1.4
61500.0,0.00023256246959121144,268.74131433207,328.60349982711034,17.937254254026957,0,0,0,0,0,0,0,0,1.0308948464574361e-275,0,0,1.4
61520.0,0.0002319828656885414,268.7215736443004,328.5914306404099,17.891235808597727,0,0,0,0,0,0,0,0,5.14855379112537e-226,0,0,1.4
61540.0,0.0002314047343212057,268.7016966053944,328.5792776425775,17.84532843341129,0,0,0,0,0,0,0,0,6.398188760084076e-226,0,0,1.4
61560.0,0.00023082807144728,268.6816831506429,328.5670407846758,17.799531854961906,0,0,0,0,0,0,0,0,5.0735468334805425e-226,0,0,1.4
61580.0,0.00023025287302484053,268.6615332153368,328.55472001776747,17.753845799743885,0,0,0,0,0,0,0,0,2.4992699379186147e-226,0,0,1.4
61600.0,0.00022967913501196292,268.641246734767,328.5423152929153,17.708269994251484,0,0,0,0,0,0,0,0,8.23256305095122e-277,0,0,1.4
61620.00000000001,0.0002291068533766763,268.6208236445268,328.5298265613071,17.662804165593933,0,0,0,0,0,0,0,0,-1.3795508305202381e-226,0,0,1.4
61640.0,0.00022853602412682187,268.6002638814207,328.5172537746319,17.617448043340158,0,0,0,0,0,0,0,0,-1.7143895112864142e-226,0,0,1.4
61660.00000000001,0.0002279666432801933,268.5795673825553,328.50459688470374,17.572201357673976,0,0,0,0,0,0,0,0,-1.3594527767925905e-226,0,0,1.4
61680.0,0.00022739870685458503,268.5587340850376,328.4918558433369,17.527063838779252,0,0,0,0,0,0,0,0,-6.696773615326732e-227,0,0,1.4
61700.0,0.00022683221086779065,268.5377639259744,328.47903060234535,17.482035216839805,0,0,0,0,0,0,0,0,6.541604599746577e-278,0,0,1.4
61720.0,0.00022626715134740438,268.5166568427786,328.4661211136703,17.437115222645545,0,0,0,0,0,0,0,0,3.6964953095550647e-227,0,0,1.4
61740.0,0.00022570352436021893,268.495412774087,328.4531273297603,17.39230358941054,0,0,0,0,0,0,0,0,4.593692850615816e-227,0,0,1.4
61760.0,0.00022514132598282747,268.4740316588428,328.440049203191,17.347600050954963,0,0,0,0,0,0,0,0,3.6426427368987704e-227,0,0,1.4
61780.0,0.00022458055229182246,268.45251343598875,328.4268866865379,17.303004341098916,0,0,0,0,0,0,0,0,1.7943950821208486e-227,0,0,1.4
61800.00000000001,0.00022402119936379693,268.43085804446775,328.41363973237645,17.25851619366256,0,0,0,0,0,0,0,0,5.1720419921708465e-279,0,0,1.4
61820.0,0.000223463263284993,268.40906542353224,328.4003082934109,17.214135343063365,0,0,0,0,0,0,0,0,-9.904729330207087e-228,0,0,1.4
61840.0,0.0002229067401802484,268.3871355136722,328.38689232285986,17.169861526108,0,0,0,0,0,0,0,0,-1.2308762895991222e-227,0,0,1.4
61860.0,0.0002223516261840508,268.36506825568716,328.37339177407034,17.125694480200508,0,0,0,0,0,0,0,0,-9.760431796671098e-228,0,0,1.4
61880.0,0.00022179791743088688,268.3428635903767,328.3598066003896,17.081633942744865,0,0,0,0,0,0,0,0,-4.8080671315665036e-228,0,0,1.4
61900.0,0.0002212456100552443,268.32052145854004,328.3461367551648,17.037679651145123,0,0,0,0,0,0,0,0,-1.377846447766611e-240,0,0,1.4
61920.0,0.00022069470020111065,268.2980418012896,328.33238219187353,16.99383134339396,0,0,0,0,0,0,0,0,2.6539642252776935e-228,0,0,1.4
61940.00000000001,0.000220145184050477,268.27542456098877,328.3185428645141,16.95008875983892,0,0,0,0,0,0,0,0,3.298123077806692e-228,0,0,1.4
61960.0,0.00021959705779483514,268.2526696803136,328.30461872721565,16.90645164141623,0,0,0,0,0,0,0,0,2.6152998176966164e-228,0,0,1.4
61980.00000000001,0.0002190503176256764,268.22977710194033,328.290609734107,16.862919729062078,0,0,0,0,0,0,0,0,1.2883177050573772e-228,0,0,1.4
62000.0,0.00021850495973449279,268.20674676854503,328.2765158393171,16.819492763712727,0,0,0,0,0,0,0,0,3.184953744506331e-281,0,0,1.4
62020.0,0.00021796098032213026,268.18357862312,328.2623369971068,16.776170486884574,0,0,0,0,0,0,0,0,-7.111275709044375e-229,0,0,1.4
62040.0,0.00021741837562685472,268.1602726099224,328.24807316226514,16.732952642414975,0,0,0,0,0,0,0,0,-8.837294152368445e-229,0,0,1.4
62060.0,0.00021687714189628585,268.1368286735254,328.233724289713,16.689838974721425,0,0,0,0,0,0,0,0,-7.007674741170944e-229,0,0,1.4
62080.0,0.00021633727537804433,268.11324675850216,328.2192903343715,16.6468292282215,0,0,0,0,0,0,0,0,-3.452036886649795e-229,0,0,1.4
62100.0,0.00021579877231974994,268.089526809426,328.2047712511617,16.603923147332704,0,0,0,0,0,0,0,0,2.4806555476947282e-282,0,0,1.4
62120.00000000001,0.00021526162897823412,268.0656687711897,328.19016699513816,16.56112047704445,0,0,0,0,0,0,0,0,1.9054605833935e-229,0,0,1.4
62140.0,0.00021472584164717277,268.04167258996455,328.17547752189085,16.518420964633602,0,0,0,0,0,0,0,0,2.3679458314034083e-229,0,0,1.4
62160.00000000001,0.00021419140662945233,268.0175382122412,328.1607027871433,16.475824357948856,0,0,0,0,0,0,0,0,1.877700787716732e-229,0,0,1.4
62180.0,0.00021365832022795988,267.99326558451054,328.1458427466191,16.43333040483894,0,0,0,0,0,0,0,0,9.24970496020261e-230,0,0,1.4
62200.0,0.00021312657874558193,267.9688546532634,328.1308973560418,16.390938853152555,0,0,0,0,0,0,0,0,1.9224644909666718e-283,0,0,1.4
62220.0,0.0002125961784942754,267.9443053653135,328.11586657127054,16.348649451302073,0,0,0,0,0,0,0,0,-5.1056662452951915e-230,0,0,1.4
62240.0,0.00021206711582227546,267.91961766876665,328.10075034870647,16.30646194995434,0,0,0,0,0,0,0,0,-6.344891732451866e-230,0,0,1.4
62260.0,0.00021153938708688792,267.89479151205154,328.0855486448862,16.264376100339906,0,0,0,0,0,0,0,0,-5.031284096960576e-230,0,0,1.4
62280.0,0.00021101298864541782,267.869826843597,328.07026141634657,16.222391653689243,0,0,0,0,0,0,0,0,-2.478450974312442e-230,0,0,1.4
62300.00000000001,0.00021048791685517065,267.8447236118319,328.05488861962425,16.18050836123289,0,0,0,0,0,0,0,0,1.4824454347645453e-284,0,0,1.4
62320.0,0.00020996416808238266,267.81948176551134,328.0394302113932,16.13872597475688,0,0,0,0,0,0,0,0,1.3680591472496838e-230,0,0,1.4
62340.0,0.0002094417387290121,267.7941012546962,328.02388614887656,16.097044248269327,0,0,0,0,0,0,0,0,1.7001086157733733e-230,0,0,1.4
62360.0,0.0002089206252059485,267.7685820297738,328.0082563894349,16.055462936333893,0,0,0,0,0,0,0,0,1.348128510672123e-230,0,0,1.4
62380.0,0.00020840082392408081,267.7429240411316,327.99254089042876,16.013981793514205,0,0,0,0,0,0,0,0,6.64098937047136e-231,0,0,1.4
62400.0,0.00020788233129429858,267.7171272391567,327.97673960921867,15.972600574373933,0,0,0,0,0,0,0,0,1.9313722395750618e-243,0,0,1.4
62420.0,0.00020736514373628445,267.6911915745664,327.9608525033041,15.931319034024227,0,0,0,0,0,0,0,0,-3.665703437035424e-231,0,0,1.4
62440.00000000001,0.00020684925770489665,267.66511699939736,327.94487953074133,15.890136929766438,0,0,0,0,0,0,0,0,-4.5554273064162454e-231,0,0,1.4
62460.0,0.0002063346696637873,267.63890346601585,327.92882064972525,15.849054019449424,0,0,0,0,0,0,0,0,-3.612299457279042e-231,0,0,1.4
62480.00000000001,0.00020582137607660784,267.61255092678846,327.91267581845125,15.808070060922022,0,0,0,0,0,0,0,0,-1.7794477387607873e-231,0,0,1.4
62500.0,0.00020530937340701045,267.5860593340816,327.8964449951143,15.767184812033113,0,0,0,0,0,0,0,0,8.683705373802735e-287,0,0,1.4
62520.0,0.0002047986581273057,267.559428640595,327.8801281380505,15.72639803117119,0,0,0,0,0,0,0,0,9.822222756458944e-232,0,0,1.4
62540.0,0.00020428922674444085,267.5326588003616,327.86372520615976,15.685709478883453,0,0,0,0,0,0,0,0,1.2206230679330457e-231,0,0,1.4
62560.0,0.00020378107577402163,267.5057497677478,327.84723615848276,15.645118916256706,0,0,0,0,0,0,0,0,9.679127223973352e-232,0,0,1.4
62580.0,0.0002032742017316543,267.4787014971198,327.8306609540602,15.604626104377816,0,0,0,0,0,0,0,0,4.768015845745322e-232,0,0,1.4
62600.0,0.00020276860113294456,267.4515139428439,327.81399955193297,15.564230804333581,0,0,0,0,0,0,0,0,6.596461817044412e-288,0,0,1.4
62620.00000000001,0.00020226427050202506,267.4241870596231,327.7972519112845,15.523932777742763,0,0,0,0,0,0,0,0,-2.6318566554717695e-232,0,0,1.4
62640.0,0.00020176120639713436,267.3967208035073,327.78041799186923,15.483731788351754,0,0,0,0,0,0,0,0,-3.27064965315459e-232,0,0,1.4
62660.00000000001,0.00020125940538503708,267.36911513088313,327.7634977535846,15.443627600438814,0,0,0,0,0,0,0,0,-2.5935143231017532e-232,0,0,1.4
62680.0,0.00020075886403249843,267.3413699981371,327.7464911563278,15.403619978282263,0,0,0,0,0,0,0,0,-1.2775859953662546e-232,0,0,1.4
62700.0,0.0002002595789062829,267.31348536165586,327.7293981599962,15.363708686160358,0,0,0,0,0,0,0,0,4.985922841507279e-289,0,0,1.4
62720.0,0.00019976154658155184,267.28546117816626,327.7122187246316,15.323893488875687,0,0,0,0,0,0,0,0,7.052038654279913e-233,0,0,1.4
62740.0,0.00019926476366704962,267.25729740575593,327.6949528108547,15.284174153327859,0,0,0,0,0,0,0,0,8.763679332879037e-233,0,0,1.4
62760.0,0.00019876922677991747,267.2289940028529,327.67760037943066,15.244550446940815,0,0,0,0,0,0,0,0,6.949300684337698e-233,0,0,1.4
62780.0,0.00019827493253729583,267.2005509278851,327.6601613911245,15.205022137138439,0,0,0,0,0,0,0,0,3.4232813571969916e-233,0,0,1.4
62800.00000000001,0.00019778187755632577,267.1719681392805,327.6426358067016,15.165588991344647,0,0,0,0,0,0,0,0,3.749804116234056e-290,0,0,1.4
62820.0,0.0001972900584624158,267.14324559581075,327.6250235870736,15.126250777500111,0,0,0,0,0,0,0,0,-1.8895880624073566e-233,0,0,1.4
62840.0,0.00019679947191404443,267.11438325762174,327.6073246937381,15.087007265612415,0,0,0,0,0,0,0,0,-2.3482207999702436e-233,0,0,1.4
62860.0,0.0001963101145779585,267.0853810852033,327.5895390883393,15.047858226205943,0,0,0,0,0,0,0,0,-1.8620595063293162e-233,0,0,1.4
62880.0,0.0001958219831209041,267.0562390390452,327.57166673252135,15.008803429805017,0,0,0,0,0,0,0,0,-9.172654751254379e-234,0,0,1.4
62900.0,0.00019533507420962796,267.02695707963704,327.55370758792856,14.969842646934028,0,0,0,0,0,0,0,0,-2.610155759200598e-246,0,0,1.4
62920.0,0.0001948493845190175,266.9975351678158,327.5356616163533,14.930975648626625,0,0,0,0,0,0,0,0,5.063135953495123e-234,0,0,1.4
62940.00000000001,0.00019436491075652546,266.9679732658067,327.51752878018203,14.892202207953813,0,0,0,0,0,0,0,0,6.292038670019302e-234,0,0,1.4
62960.0,0.00019388164963774586,266.93827133618254,327.49930904194946,14.853522098495928,0,0,0,0,0,0,0,0,4.9893734097954826e-234,0,0,1.4
62980.00000000001,0.00019339959787827217,266.9084293415158,327.48100236419043,14.81493509383325,0,0,0,0,0,0,0,0,2.457805433047178e-234,0,0,1.4
63000.0,0.00019291875219369864,266.87844724437923,327.4626087094397,14.776440967546133,0,0,0,0,0,0,0,0,2.0893934090272444e-292,0,0,1.4
63020.0,0.0001924391093076356,266.8483250076959,327.4441280403822,14.738039493716887,0,0,0,0,0,0,0,0,-1.3566631899083622e-234,0,0,1.4
63040.0,0.00019196066597576173,266.8180625957913,327.4255603203046,14.699730448435943,0,0,0,0,0,0,0,0,-1.685946680377244e-234,0,0,1.4
63060.0,0.00019148341896177196,266.78765997334153,327.40690551264356,14.66151360829572,0,0,0,0,0,0,0,0,-1.3368985758920605e-234,0,0,1.4
63080.0,0.0001910073650293618,266.7571171050226,327.38816358083574,14.623388749888672,0,0,0,0,0,0,0,0,-6.58566980938079e-235,0,0,1.4
63100.0,0.0001905325009422263,266.7264339555106,327.36933448831786,14.585355649807209,0,0,0,0,0,0,0,0,1.5479924252855735e-293,0,0,1.4
63120.00000000001,0.00019005882347195518,266.6956104898356,327.3504181986791,14.547414085138593,0,0,0,0,0,0,0,0,3.635168061369766e-235,0,0,1.4
63140.0,0.00018958632942171628,266.6646466744441,327.3314146761175,14.509563834949365,0,0,0,0,0,0,0,0,4.5174805148901464e-235,0,0,1.4
63160.00000000001,0.00018911501560257122,266.6335424761367,327.3123238849837,14.47180467880084,0,0,0,0,0,0,0,0,3.582208937725959e-235,0,0,1.4
63180.0,0.00018864487882558242,266.6022978617139,327.2931457896281,14.434136396254377,0,0,0,0,0,0,0,0,1.7646249070416086e-235,0,0,1.4
63200.0,0.00018817591590181154,266.57091279797623,327.2738803544011,14.396558766871298,0,0,0,0,0,0,0,0,1.1411585005213751e-294,0,0,1.4
63220.0,0.00018770812365009502,266.5393872520818,327.25452754380757,14.359071570700696,0,0,0,0,0,0,0,0,-9.740403463952383e-236,0,0,1.4
63240.0,0.00018724149892036492,266.50772119261893,327.23508732296926,14.321674589742514,0,0,0,0,0,0,0,0,-1.2104552557881468e-235,0,0,1.4
63260.0,0.00018677603857032794,266.47591458853356,327.215559657162,14.284367606484494,0,0,0,0,0,0,0,0,-9.598499919833658e-236,0,0,1.4
63280.0,0.00018631173945769027,266.4439674087714,327.1959445116619,14.247150403414317,0,0,0,0,0,0,0,0,-4.728298187856438e-236,0,0,1.4
63300.00000000001,0.00018584859844015844,266.4118796222785,327.1762418517449,14.210022763019687,0,0,0,0,0,0,0,0,8.37050452875643e-296,0,0,1.4
63320.0,0.00018538661238309462,266.3796511983617,327.15645164284336,14.172984468269064,0,0,0,0,0,0,0,0,2.609933242119341e-236,0,0,1.4
63340.0,0.0001849257781824822,266.34728210777206,327.13657385101413,14.136035304053795,0,0,0,0,0,0,0,0,3.2434050826243984e-236,0,0,1.4
63360.0,0.00018446609274196083,266.3147723216216,327.1166084424708,14.099175055746008,0,0,0,0,0,0,0,0,2.5719103020695973e-236,0,0,1.4
63380.0,0.00018400755296516942,266.2821218110225,327.0965553834267,14.062403508717775,0,0,0,0,0,0,0,0,1.2669436810096515e-236,0,0,1.4
63400.0,0.0001835501557557477,266.2493305470866,327.07641464009504,14.025720448341234,0,0,0,0,0,0,0,0,3.6488826631590127e-249,0,0,1.4
63420.0,0.00018309389802487343,266.21639850129066,327.0561861788475,13.989125660462303,0,0,0,0,0,0,0,0,-6.993295045249796e-237,0,0,1.4
63440.00000000001,0.0001826387767138802,266.18332564656936,327.03586996668884,13.952618932822357,0,0,0,0,0,0,0,0,-8.690677726161217e-237,0,0,1.4
63460.0,0.00018218478877164064,266.15011195622196,327.0154659707815,13.9162000536366,0,0,0,0,0,0,0,0,-6.891412884447137e-237,0,0,1.4
63480.00000000001,0.00018173193114702675,266.11675740354775,326.99497415828864,13.879868811120208,0,0,0,0,0,0,0,0,-3.3947653618212115e-237,0,0,1.4
63500.0,0.00018128020078891127,266.08326196184584,326.97439449637284,13.843624993488412,0,0,0,0,0,0,0,0,4.436582384823009e-298,0,0,1.4
63520.0,0.00018082959465359015,266.04962560478367,326.9537269523573,13.807468389423441,0,0,0,0,0,0,0,0,1.8738477598077537e-237,0,0,1.4
63540.0,0.00018038010972705606,266.01584830750056,326.932971494206,13.771398789475816,0,0,0,0,0,0,0,0,2.3286600784042874e-237,0,0,1.4
63560.0,0.0001799317430027248,265.9819300455038,326.91212809004355,13.735415984663069,0,0,0,0,0,0,0,0,1.846548517097106e-237,0,0,1.4
63580.0,0.00017948449147401295,265.9478707943009,326.89119670799425,13.699519766002775,0,0,0,0,0,0,0,0,9.096246371935051e-238,0,0,1.4
63600.0,0.00017903835213433646,265.9136705293992,326.87017731618255,13.663709924512457,0,0,0,0,0,0,0,0,3.205824911355053e-299,0,0,1.4
63620.00000000001,0.00017859332198442263,265.8793292266775,326.8490698828951,13.627986251670063,0,0,0,0,0,0,0,0,-5.02095993979356e-238,0,0,1.4
63640.0,0.00017814939805424295,265.8448468635009,326.8278743770679,13.592348540795033,0,0,0,0,0,0,0,0,-6.239625874550237e-238,0,0,1.4
63660.00000000001,0.0001777065773810793,265.8102234176056,326.80659076779915,13.556796585667128,0,0,0,0,0,0,0,0,-4.9478118394105635e-238,0,0,1.4
63680.0,0.0001772648570022142,265.77545886672806,326.7852190241871,13.521330180066169,0,0,0,0,0,0,0,0,-2.4373318695145224e-238,0,0,1.4
63700.0,0.00017682423395492963,265.7405531886047,326.76375911532995,13.48594911777193,0,0,0,0,0,0,0,0,2.3049397398793066e-300,0,0,1.4
63720.0,0.00017638470528370787,265.7055063613469,326.74221101049045,13.450653193018017,0,0,0,0,0,0,0,0,1.3453621610964264e-238,0,0,1.4
63740.0,0.00017594626806182958,265.6703183645663,326.72057467958865,13.415442201853109,0,0,0,0,0,0,0,0,1.671902714158073e-238,0,0,1.4
63760.0,0.0001755089193697757,265.6349891782492,326.69885009270916,13.380315940779717,0,0,0,0,0,0,0,0,1.32576218667141e-238,0,0,1.4
63780.0,0.00017507265628802666,265.59951878238223,326.67703721993655,13.345274206300298,0,0,0,0,0,0,0,0,6.5308110612305465e-239,0,0,1.4
63800.00000000001,0.0001746374758970633,265.56390715695187,326.65513603135537,13.310316794917366,0,0,0,0,0,0,0,0,1.648951490932846e-301,0,0,1.4
63820.0,0.00017420337528445672,265.5281542823231,326.63314649721656,13.275443503580696,0,0,0,0,0,0,0,0,-3.604887045931761e-239,0,0,1.4
63840.0,0.00017377035156613865,265.4922601403749,326.61106858843704,13.240654131029196,0,0,0,0,0,0,0,0,-4.479849820820551e-239,0,0,1.4
63860.0,0.0001733384018651317,265.45622471336486,326.58890227610016,13.205948476449095,0,0,0,0,0,0,0,0,-3.5523690727432008e-239,0,0,1.4
63880.0,0.00017290752330445788,265.4200479835503,326.5666475312891,13.171326339026582,0,0,0,0,0,0,0,0,-1.7499255497769394e-239,0,0,1.4
63900.0,0.00017247771300713983,265.3837299331887,326.5443043250873,13.136787517947896,0,0,0,0,0,0,0,0,-5.012576176401529e-252,0,0,1.4
63920.0,0.00017204896810318204,265.34727054491964,326.5218726287466,13.10233181284011,0,0,0,0,0,0,0,0,9.659265727627799e-240,0,0,1.4
63940.00000000001,0.00017162128575051958,265.3106698029105,326.4993524141933,13.067959025093886,0,0,0,0,0,0,0,0,1.2003721417014662e-239,0,0,1.4
63960.0,0.00017119466311407006,265.27392769171087,326.47674365352213,13.03366895654079,0,0,0,0,0,0,0,0,9.518544242586803e-240,0,0,1.4
63980.00000000001,0.00017076909735875054,265.2370441958703,326.4540463188279,12.999461409012325,0,0,0,0,0,0,0,0,4.688911378771467e-240,0,0,1.4
64000.0,0.00017034458564947882,265.2000192999383,326.43126038220544,12.965336184340067,0,0,0,0,0,0,0,0,8.313618097144661e-304,0,0,1.4
64019.99999999999,0.00016992112515804863,265.16285298884975,326.4083858159202,12.931293084790127,0,0,0,0,0,0,0,0,-2.588192451195782e-240,0,0,1.4
64040.00000000001,0.00016949871308375944,265.12554524908177,326.3854225929205,12.897331914366925,0,0,0,0,0,0,0,0,-3.216387459857834e-240,0,0,1.4
64060.0,0.00016907734663278807,265.0880960674966,326.3623706863253,12.863452477509545,0,0,0,0,0,0,0,0,-2.550486242921548e-240,0,0,1.4
64080.0,0.00016865702301131056,265.0505054309568,326.33923006925363,12.829654578656987,0,0,0,0,0,0,0,0,-1.2563900173238797e-240,0,0,1.4
64099.99999999999,0.00016823773942550318,265.0127733263247,326.3160007148244,12.79593802224829,0,0,0,0,0,0,0,0,-7.203447056223286e-253,0,0,1.4
64120.00000000001,0.00016781949308831387,264.97489974085164,326.2926825963295,12.762302613150817,0,0,0,0,0,0,0,0,6.935040771541538e-241,0,0,1.4
64140.0,0.00016740228123977974,264.93688466334527,326.2692756877522,12.728748157945475,0,0,0,0,0,0,0,0,8.618284224143414e-241,0,0,1.4
64160.0,0.00016698610112670907,264.8987280830018,326.24577996324865,12.695274463641457,0,0,0,0,0,0,0,0,6.834007290974715e-241,0,0,1.4
64180.00000000001,0.00016657094999591,264.86042998901786,326.2221953969751,12.661881337247948,0,0,0,0,0,0,0,0,3.3664869052018896e-241,0,0,1.4
64200.0,0.00016615682509419174,264.8219903705898,326.19852196308767,12.62856858577422,0,0,0,0,0,0,0,0,4.1085291394863227e-306,0,0,1.4
64220.0,0.0001657437236750318,264.78340921730654,326.17475963591755,12.595336016651707,0,0,0,0,0,0,0,0,-1.8582385742114806e-241,0,0,1.4
64239.99999999999,0.0001653316430185855,264.74468652032687,326.15090839049594,12.562183439000831,0,0,0,0,0,0,0,0,-2.3092622980011432e-241,0,0,1.4
64260.00000000001,0.0001649205804116771,264.7058222712019,326.1269682020291,12.52911066236424,0,0,0,0,0,0,0,0,-1.8311667346845612e-241,0,0,1.4
64280.0,0.00016451053314113184,264.666816461483,326.1029390457233,12.49611749628464,0,0,0,0,0,0,0,0,-9.020474475788251e-242,0,0,1.4
64300.0,0.00016410149849377406,264.6276690827213,326.07882089678475,12.463203750304679,0,0,0,0,0,0,0,0,2.8666674385299192e-307,0,0,1.4
64320.00000000001,0.0001636934737629962,264.58838012686397,326.05461373059694,12.430369234383198,0,0,0,0,0,0,0,0,4.9791352530458825e-242,0,0,1.4
64340.0,0.00016328645626846424,264.5489495874424,326.0303175232523,12.397613760143928,0,0,0,0,0,0,0,0,6.187649678611487e-242,0,0,1.4
64360.0,0.0001628804433364116,264.50937745838354,326.0059322510204,12.364937139626724,0,0,0,0,0,0,0,0,4.906596477656364e-242,0,0,1.4
64379.99999999999,0.00016247543229307168,264.4696637336146,325.9814578901708,12.332339184871472,0,0,0,0,0,0,0,0,2.4170288511348747e-242,0,0,1.4
64400.00000000001,0.00016207142046467793,264.42980840706275,325.9568944169732,12.299819707918031,0,0,0,0,0,0,0,0,1.9902002799035953e-308,0,0,1.4
64420.0,0.0001616684051839331,264.38981147305464,325.93224180787666,12.267378521216585,0,0,0,0,0,0,0,0,-1.334155270058278e-242,0,0,1.4
64440.0,0.00016126638380941377,264.3496729275146,325.90750004004775,12.235015438858268,0,0,0,0,0,0,0,0,-1.6579757344303661e-242,0,0,1.4
64460.00000000001,0.00016086535370616527,264.30939276676634,325.88266909083256,12.202730275344473,0,0,0,0,0,0,0,0,-1.314718563772953e-242,0,0,1.4
64480.00000000001,0.00016046531223923364,264.2689709871338,325.85774893757736,12.170522845176656,0,0,0,0,0,0,0,0,-6.476409287438171e-243,0,0,1.4
64500.0,0.0001600662567736642,264.2284075849406,325.83273955762814,12.138392962856212,0,0,0,0,0,0,0,0,1.37481664046054e-309,0,0,1.4
64519.99999999999,0.00015966818468087304,264.1877025569136,325.8076409285127,12.106340443288941,0,0,0,0,0,0,0,0,3.5748582718988244e-243,0,0,1.4
64540.00000000001,0.0001592710933577586,264.1468559013914,325.7824530284855,12.074365102998192,0,0,0,0,0,0,0,0,4.4425325911108815e-243,0,0,1.4
64560.0,0.00015887498020759064,264.1058676171156,325.75717583598276,12.042466758911754,0,0,0,0,0,0,0,0,3.5227777743729126e-243,0,0,1.4
64580.0,0.0001584798426336382,264.06473770282787,325.7318093294407,12.010645227957365,0,0,0,0,0,0,0,0,1.7353486384238081e-243,0,0,1.4
64599.99999999999,0.00015808567803917052,264.02346615726975,325.70635348729536,11.978900327062783,0,0,0,0,0,0,0,0,9.989987596463507e-256,0,0,1.4
64620.00000000001,0.00015769248383373083,263.9820529795893,325.68080828816693,11.947231873554347,0,0,0,0,0,0,0,0,-9.578803870108926e-244,0,0,1.4
64640.0,0.00015730025745196,263.9404981705601,325.65517371141107,11.915639686352922,0,0,0,0,0,0,0,0,-1.1903730201368894e-243,0,0,1.4
64660.0,0.0001569089963347724,263.898801731362,325.6294497365672,11.88412358477791,0,0,0,0,0,0,0,0,-9.439254597574668e-244,0,0,1.4
64680.00000000001,0.00015651869792308225,263.85696366317507,325.6036363431751,11.852683388148721,0,0,0,0,0,0,0,0,-4.6498526625173526e-244,0,0,1.4
64700.0,0.0001561293596578047,263.8149839671792,325.57773351077407,11.821318915784826,0,0,0,0,0,0,0,0,6.46288394198e-312,0,0,1.4
64720.0,0.0001557409789860333,263.7728626449643,325.55174121909005,11.79002998739855,0,0,0,0,0,0,0,0,2.56663276145182e-244,0,0,1.4
64739.99999999999,0.00015535355337957882,263.7305996997599,325.5256594485935,11.758816424273908,0,0,0,0,0,0,0,0,3.189594894374803e-244,0,0,1.4
64760.00000000001,0.00015496708031643107,263.68819513520526,325.4994881799413,11.727678048087805,0,0,0,0,0,0,0,0,2.52924064657118e-244,0,0,1.4
64780.0,0.0001545815572745806,263.64564895494016,325.47322739379007,11.696614680517218,0,0,0,0,0,0,0,0,1.2459242658452786e-244,0,0,1.4
64800.0,0.00015419698173201727,263.6029611626038,325.44687707079663,11.665626143239058,0,0,0,0,0,0,0,0,4.39804771664e-313,0,0,1.4
64820.00000000001,0.0001538133511728166,263.560131762249,325.42043719180623,11.634712258317533,0,0,0,0,0,0,0,0,-6.8772717569863844e-245,0,0,1.4
64840.0,0.000153430663105398,263.51716075958194,325.3939077384181,11.603872849366125,0,0,0,0,0,0,0,0,-8.546493761303039e-245,0,0,1.4
64860.0,0.0001530489150442661,263.47404816072225,325.3672886924196,11.57310774038555,0,0,0,0,0,0,0,0,-6.777079887129553e-245,0,0,1.4
64879.99999999999,0.00015266810450392552,263.4307939717894,325.34058003559863,11.542416755376548,0,0,0,0,0,0,0,0,-3.3384440086383626e-245,0,0,1.4
64900.00000000001,0.00015228822899888072,263.3873981989029,325.31378174974265,11.511799718339832,0,0,0,0,0,0,0,0,2.9779818265e-314,0,0,1.4
64920.0,0.00015190928604963083,263.3438608485991,325.28689381683006,11.481256453657958,0,0,0,0,0,0,0,0,1.842759413412903e-245,0,0,1.4
64940.0,0.00015153127320064936,263.3001819290817,325.25991621960264,11.450786787240503,0,0,0,0,0,0,0,0,2.290026101458393e-245,0,0,1.4
64960.00000000001,0.00015115418800240365,263.2563614489711,325.2328489409927,11.420390545378808,0,0,0,0,0,0,0,0,1.8159130827969323e-245,0,0,1.4
64980.00000000001,0.0001507780280053619,263.21239941688805,325.2056919639328,11.390067554364288,0,0,0,0,0,0,0,0,8.945333760904859e-246,0,0,1.4
65000.0,0.00015040279075999134,263.16829584145285,325.1784452713552,11.359817640488288,0,0,0,0,0,0,0,0,2.006377663e-315,0,0,1.4
65019.99999999999,0.0001500284738226629,263.12405073170635,325.1511088463856,11.329640630418494,0,0,0,0,0,0,0,0,-4.937658966688926e-246,0,0,1.4
65040.00000000001,0.00014965507477335998,263.0796640983704,325.12368267292214,11.299536352327825,0,0,0,0,0,0,0,0,-6.136106445320711e-246,0,0,1.4
65060.0,0.00014928259119797007,263.035135952587,325.09616673505593,11.269504634765584,0,0,0,0,0,0,0,0,-4.865724440607185e-246,0,0,1.4
65080.0,0.00014891102068237982,262.99046630549833,325.0685610168782,11.239545306281002,0,0,0,0,0,0,0,0,-2.396894957263149e-246,0,0,1.4
65099.99999999999,0.00014854036081247623,262.94565516824645,325.04086550248024,11.209658195423348,0,0,0,0,0,0,0,0,-1.3780134257817094e-258,0,0,1.4
65120.00000000001,0.00014817060917996,262.90070255239704,325.01308017614855,11.17984313111279,0,0,0,0,0,0,0,0,1.3230417326244294e-246,0,0,1.4
65140.0,0.00014780176339978908,262.85560847121104,324.9852050229521,11.150099943753343,0,0,0,0,0,0,0,0,1.6441647666947958e-246,0,0,1.4
65160.0,0.00014743382109273472,262.8103729383726,324.9572400281548,11.120428464119895,0,0,0,0,0,0,0,0,1.303766934452984e-246,0,0,1.4
65180.00000000001,0.00014706677987956818,262.7649959675664,324.9291851770209,11.090828522987339,0,0,0,0,0,0,0,0,6.422460681403766e-247,0,0,1.4
65200.0,0.00014670063738106152,262.71947757247665,324.9010404548147,11.061299951130623,0,0,0,0,0,0,0,0,8.971837e-318,0,0,1.4
65220.0,0.0001463353912237123,262.673817767215,324.87280584699806,11.03184257969028,0,0,0,0,0,0,0,0,-3.5450796380939205e-247,0,0,1.4
65239.99999999999,0.0001459710390569235,262.6280165676016,324.8444813398247,11.002456241269433,0,0,0,0,0,0,0,0,-4.405526214595815e-247,0,0,1.4
65260.00000000001,0.00014560757853582427,262.5820739898839,324.81606691974577,10.97314076883682,0,0,0,0,0,0,0,0,-3.493432972049785e-247,0,0,1.4
65280.0,0.00014524500731554458,262.53599005030924,324.787562573213,10.943895995361244,0,0,0,0,0,0,0,0,-1.7208931530028336e-247,0,0,1.4
65300.0,0.00014488332305121347,262.4897647651249,324.7589682866775,10.914721753811452,0,0,0,0,0,0,0,0,5.95646e-319,0,0,1.4
65320.00000000001,0.00014452252340359998,262.44339815100886,324.73028404679104,10.885617877516601,0,0,0,0,0,0,0,0,9.49901226131781e-248,0,0,1.4
65340.0,0.00014416260605603382,262.39689022636134,324.70150984100627,10.856584201247598,0,0,0,0,0,0,0,0,1.1804571914352875e-247,0,0,1.4
65360.0,0.00014380356869748368,262.35024101001295,324.6726456569762,10.82762056013571,0,0,0,0,0,0,0,0,9.360625436733258e-248,0,0,1.4
65379.99999999999,0.00014344540901691855,262.30345052079446,324.6436914823536,10.798726789312214,0,0,0,0,0,0,0,0,4.6111193060771256e-248,0,0,1.4
65400.00000000001,0.00014308812470330734,262.2565187775365,324.6146473047915,10.769902723908382,0,0,0,0,0,0,0,0,3.913e-320,0,0,1.4
65420.0,0.00014273171345117444,262.20944579950384,324.58551311214546,10.74114819941081,0,0,0,0,0,0,0,0,-2.545252664312104e-248,0,0,1.4
65440.0,0.00014237617297726296,262.1622316076972,324.55628889308184,10.712463052727127,0,0,0,0,0,0,0,0,-3.1630255114454354e-248,0,0,1.4
65460.00000000001,0.00014202150100387105,262.11487622355116,324.5269746364696,10.68384712112023,0,0,0,0,0,0,0,0,-2.5081720264220226e-248,0,0,1.4
65480.00000000001,0.00014166769525329756,262.06737966850045,324.4975703311779,10.655300241853087,0,0,0,0,0,0,0,0,-1.2355456942659772e-248,0,0,1.4
65500.0,0.00014131475344784055,262.0197419639798,324.46807596607573,10.626822252188596,0,0,0,0,0,0,0,0,2.767e-321,0,0,1.4
65519.99999999999,0.00014096267331526954,261.97196313186123,324.4384915302372,10.598412989739877,0,0,0,0,0,0,0,0,6.819983959356691e-249,0,0,1.4
65540.0,0.0001406114526052383,261.9240431957664,324.408817013557,10.570072293520822,0,0,0,0,0,0,0,0,8.475301314309844e-249,0,0,1.4
65560.0,0.00014026108907287262,261.8759821797543,324.37905240613486,10.541800002895577,0,0,0,0,0,0,0,0,6.720626689583479e-249,0,0,1.4
65580.0,0.00013991158047329744,261.8277801078841,324.34919769807044,10.513595957228231,0,0,0,0,0,0,0,0,3.31063470990572e-249,0,0,1.4
65600.0,0.00013956292456163808,261.7794370042147,324.31925287946365,10.4854599958829,0,0,0,0,0,0,0,0,1.8895602607395766e-261,0,0,1.4
65620.0,0.00013921511909840823,261.73095289324596,324.28921794062177,10.45739195856886,0,0,0,0,0,0,0,0,-1.8274091943026146e-249,0,0,1.4
65640.0,0.00013886816186567727,261.68232780124083,324.25909287268234,10.429391686376242,0,0,0,0,0,0,0,0,-2.270950142779348e-249,0,0,1.4
65660.0,0.00013852205065090258,261.63356175490287,324.2288776669905,10.401459020740313,0,0,0,0,0,0,0,0,-1.800786494104824e-249,0,0,1.4
65680.0,0.00013817678324154156,261.5846547809357,324.1985723148916,10.373593803096336,0,0,0,0,0,0,0,0,-8.870818969529755e-250,0,0,1.4
65700.0,0.00013783235742505226,261.53560690604303,324.1681768077306,10.345795874879634,0,0,0,0,0,0,0,0,0.0,0,0,1.4
65720.0,0.00013748877099419975,261.48641815737267,324.13769113706286,10.31806507786574,0,0,0,0,0,0,0,0,4.8965281785459794e-250,0,0,1.4
65740.0,0.0001371460217629794,261.437088563849,324.1071152952838,10.290401255191266,0,0,0,0,0,0,0,0,6.084992568090767e-250,0,0,1.4
65760.0,0.00013680410755069418,261.38761815484065,324.076449274999,10.26280425033307,0,0,0,0,0,0,0,0,4.825192868361234e-250,0,0,1.4
65780.0,0.00013646302617664763,261.3380069597164,324.0456930688138,10.23527390676807,0,0,0,0,0,0,0,0,2.3769287790882584e-250,0,0,1.4
65800.0,0.00013612277546014255,261.2882550078447,324.014846669334,10.207810067973124,0,0,0,0,0,0,0,0,0.0,0,0,1.4
65820.00000000001,0.00013578335322570948,261.2383623290418,323.9839100693775,10.1804125777605,0,0,0,0,0,0,0,0,-1.31202077115832e-250,0,0,1.4
65840.0,0.00013544475731879047,261.1883289549138,323.95288326261254,10.153081281284134,0,0,0,0,0,0,0,0,-1.6304688445695776e-250,0,0,1.4
65860.0,0.00013510698559005455,261.1381549175143,323.92176624291994,10.12581602403332,0,0,0,0,0,0,0,0,-1.2929065324022597e-250,0,0,1.4
65880.0,0.00013477003589017097,261.08784024889684,323.8905590041804,10.098616651497359,0,0,0,0,0,0,0,0,-6.3689614682348104e-251,0,0,1.4
65900.0,0.00013443390606980872,261.0373849811151,323.8592615402747,10.071483009165542,0,0,0,0,0,0,0,0,0.0,0,0,1.4
65920.0,0.0001340985939847866,260.9867891466735,323.8278738452987,10.044414942857829,0,0,0,0,0,0,0,0,3.515549060845462e-251,0,0,1.4
65940.0,0.0001337640975115188,260.93605277987996,323.7963959142085,10.017412299716577,0,0,0,0,0,0,0,0,4.3688281018645096e-251,0,0,1.4
65960.00000000001,0.00013343041453156855,260.8851759154932,323.76482774217516,9.990474927214755,0,0,0,0,0,0,0,0,3.4643326124598744e-251,0,0,1.4
65980.0,0.0001330975429264998,260.83415858827215,323.73316932437007,9.963602672825395,0,0,0,0,0,0,0,0,1.7065580820371476e-251,0,0,1.4
66000.0,0.00013276548057787583,260.7830008329753,323.70142065596417,9.936795384021469,0,0,0,0,0,0,0,0,0.0,0,0,1.4
66020.0,0.00013243422537233165,260.7317026848158,323.6695817323464,9.910052908601854,0,0,0,0,0,0,0,0,-9.419885318056399e-252,0,0,1.4
66040.0,0.00013210377521678842,260.68026418082326,323.63765254977585,9.883375095668974,0,0,0,0,0,0,0,0,-1.1706239617651853e-251,0,0,1.4
66060.0,0.00013177412802323974,260.6286853584819,323.60563310472946,9.856761794651199,0,0,0,0,0,0,0,0,-9.282651258217486e-252,0,0,1.4
66080.0,0.00013144528170367823,260.5769662552755,323.57352339368407,9.830212854976843,0,0,0,0,0,0,0,0,-4.572708599190083e-252,0,0,1.4
66100.0,0.00013111723417009704,260.5251069086881,323.5413234131166,9.803728126074237,0,0,0,0,0,0,0,0,-2.5973390204329625e-264,0,0,1.4
66120.0,0.00013078998333948416,260.4731073566611,323.5090331597238,9.777307457692928,0,0,0,0,0,0,0,0,2.5240506637666964e-252,0,0,1.4
66140.0,0.00013046352714881002,260.42096763896586,323.4766526310834,9.750950700867453,0,0,0,0,0,0,0,0,3.1366774519544646e-252,0,0,1.4
66160.0,0.00013013786354003964,260.3686877958311,323.4441818249931,9.724657706953534,0,0,0,0,0,0,0,0,2.487278908258954e-252,0,0,1.4
66180.0,0.000129812990455138,260.3162678674856,323.4116207392505,9.698428327306887,0,0,0,0,0,0,0,0,1.225253576374855e-252,0,0,1.4
66200.0,0.00012948890583607082,260.263707894158,323.3789693716533,9.672262413283287,0,0,0,0,0,0,0,0,0.0,0,0,1.4
66220.0,0.00012916560762972338,260.2110079165381,323.3462277202219,9.646159816555093,0,0,0,0,0,0,0,0,-6.763173370115308e-253,0,0,1.4
66240.0,0.00012884309380266232,260.15816797715854,323.3133957838678,9.620120390061263,0,0,0,0,0,0,0,0,-8.404701901681213e-253,0,0,1.4
66260.0,0.0001285213623263744,260.10518811901295,323.28047356172505,9.594143987057379,0,0,0,0,0,0,0,0,-6.664643748187632e-253,0,0,1.4
66280.0,0.00012820041117234698,260.0520683850951,323.24746105292786,9.568230460799073,0,0,0,0,0,0,0,0,-3.283057063129994e-253,0,0,1.4
66300.0,0.00012788023831206675,259.99880881839846,323.2143582566104,9.542379664541931,0,0,0,0,0,0,0,0,0.0,0,0,1.4
66320.00000000001,0.00012756084172186685,259.9454094623807,323.1811651721321,9.516591451853648,0,0,0,0,0,0,0,0,1.8121868427950222e-253,0,0,1.4
66340.0,0.00012724221939746662,259.8918703623557,323.1478817997538,9.490865677550456,0,0,0,0,0,0,0,0,2.25203308718018e-253,0,0,1.4
66360.0,0.00012692436933943108,259.83819156410135,323.1145081399614,9.46520219676064,0,0,0,0,0,0,0,0,1.7857859101686324e-253,0,0,1.4
66380.0,0.0001266072895483256,259.7843731133954,323.081044193241,9.439600864612514,0,0,0,0,0,0,0,0,8.796924887716487e-254,0,0,1.4
66400.0,0.0001262909780247152,259.7304150560156,323.04748996007856,9.414061536234366,0,0,0,0,0,0,0,0,0.0,0,0,1.4
66420.0,0.00012597543277393923,259.6763174382073,323.01384544118815,9.3885840670622,0,0,0,0,0,0,0,0,-4.855740010609772e-254,0,0,1.4
66440.0,0.00012566065182043092,259.622080308085,322.9801106381956,9.3631683137626,0,0,0,0,0,0,0,0,-6.03430447037996e-254,0,0,1.4
66460.00000000001,0.000125346633193397,259.5677037142306,322.9462855529547,9.337814133309811,0,0,0,0,0,0,0,0,-4.784998924843942e-254,0,0,1.4
66480.0,0.00012503337492204497,259.51318770522613,322.9123701873192,9.312521382678131,0,0,0,0,0,0,0,0,-2.357128919539066e-254,0,0,1.4
66500.0,0.0001247208750355816,259.45853232965334,322.878364543143,9.287289918841804,0,0,0,0,0,0,0,0,0.0,0,0,1.4
66520.0,0.00012440913156791584,259.4037376365648,322.8442686225103,9.262119599078348,0,0,0,0,0,0,0,0,1.3010916144985267e-254,0,0,1.4
66540.0,0.00012409814257176438,259.34880367689476,322.8100824284277,9.237010281878296,0,0,0,0,0,0,0,0,1.6168870097220935e-254,0,0,1.4
66560.0,0.00012378790610454655,259.2937305020483,322.77580596413213,9.211961826035495,0,0,0,0,0,0,0,0,1.2821365976961732e-254,0,0,1.4
66580.0,0.00012347842022368086,259.2385181634302,322.7414392328608,9.186974090343732,0,0,0,0,0,0,0,0,6.315907904470211e-255,0,0,1.4
66600.0,0.00012316968298658622,259.1831667124453,322.70698223785075,9.162046933596816,0,0,0,0,0,0,0,0,3.619193247921397e-267,0,0,1.4
66620.0,0.0001228616924553127,259.12767620097236,322.6724349825721,9.137180214887467,0,0,0,0,0,0,0,0,-3.4862644738374375e-255,0,0,1.4
66640.0,0.00012255444671043666,259.07204668278524,322.6377974714283,9.112373794504155,0,0,0,0,0,0,0,0,-4.332435685073301e-255,0,0,1.4
66660.0,0.00012224794383716532,259.01627821213174,322.6030697090559,9.087627533034226,0,0,0,0,0,0,0,0,-3.435474659390545e-255,0,0,1.4
66680.0,0.00012194218192070591,258.96037084325945,322.5682517000914,9.062941291065025,0,0,0,0,0,0,0,0,-1.692342422470792e-255,0,0,1.4
66700.0,0.00012163715904626624,258.90432463041606,322.5333434491714,9.03831492918395,0,0,0,0,0,0,0,0,0.0,0,0,1.4
66720.0,0.0001213328733036155,258.8481396283263,322.4983449611683,9.013748308272994,0,0,0,0,0,0,0,0,9.341417503660615e-256,0,0,1.4
66740.0,0.00012102932280077078,258.79181589362213,322.463256241898,8.989241290392757,0,0,0,0,0,0,0,0,1.1608726430751834e-255,0,0,1.4
66760.0,0.00012072650565031118,258.7353534834129,322.4280772974123,8.964793737898468,0,0,0,0,0,0,0,0,9.205326606010217e-256,0,0,1.4
66780.0,0.00012042441996481616,258.67875245480764,322.39280813376297,8.940405513145409,0,0,0,0,0,0,0,0,4.534617854179925e-256,0,0,1.4
66800.0,0.00012012306385686469,258.6220128649154,322.35744875700175,8.916076478488813,0,0,0,0,0,0,0,0,0.0,0,0,1.4
66820.00000000001,0.00011982243544352929,258.56513477132546,322.32199917341893,8.891806496574343,0,0,0,0,0,0,0,0,-2.5030252762691295e-256,0,0,1.4
66840.0,0.00011952253285985737,258.5081182335474,322.2864593902594,8.86759543120946,0,0,0,0,0,0,0,0,-3.110548872274305e-256,0,0,1.4
66860.0,0.00011922335424538931,258.4509633115711,322.2508294150061,8.843443146492016,0,0,0,0,0,0,0,0,-2.466559830146029e-256,0,0,1.4
66880.0,0.0001189248977396657,258.39367006538623,322.21510925514264,8.819349506519863,0,0,0,0,0,0,0,0,-1.2150471920121954e-256,0,0,1.4
66900.0,0.0001186271614822269,258.33623855498263,322.17929891815214,8.795314375390854,0,0,0,0,0,0,0,0,0.0,0,0,1.4
66920.0,0.0001183301436170401,258.2786688408333,322.1433984117592,8.771337617489165,0,0,0,0,0,0,0,0,6.70683601410649e-257,0,0,1.4
66940.0,0.00011803384230577676,258.2209609853442,322.1074077446536,8.747419098344036,0,0,0,0,0,0,0,0,8.334690583432998e-257,0,0,1.4
66960.00000000001,0.00011773825571453448,258.16311505140453,322.07132692576613,8.723558683771,0,0,0,0,0,0,0,0,6.609127145704435e-257,0,0,1.4
66980.0,0.00011744338200941159,258.1051311019035,322.0351559640279,8.699756239585628,0,0,0,0,0,0,0,0,3.2557091386512023e-257,0,0,1.4
67000.0,0.00011714921935650567,258.04700919973027,321.99889486837003,8.67601163160345,0,0,0,0,0,0,0,0,0.0,0,0,1.4
67020.0,0.00011685576592627449,257.98874940826045,321.9625436479673,8.652324725922188,0,0,0,0,0,0,0,0,-1.7970912937480074e-257,0,0,1.4
67040.0,0.00011656301990661514,257.9303517928148,321.92610231297084,8.628695389768284,0,0,0,0,0,0,0,0,-2.233273610994527e-257,0,0,1.4
67060.0,0.00011627097948978523,257.8718164192007,321.8895708737756,8.605123490650419,0,0,0,0,0,0,0,0,-1.7709102813667337e-257,0,0,1.4
67080.0,0.0001159796428680418,257.8131433532251,321.85294934077655,8.581608896077208,0,0,0,0,0,0,0,0,-8.723646344928858e-258,0,0,1.4
67100.0,0.000115689008233642,257.7543326606954,321.81623772436876,8.558151473557304,0,0,0,0,0,0,0,0,-5.013183638881708e-270,0,0,1.4
67120.0,0.00011539907378313745,257.6953844079081,321.7794360351937,8.534751090877473,0,0,0,0,0,0,0,0,4.815291608847217e-258,0,0,1.4
67140.0,0.00011510983773025875,257.63629866311754,321.74254428488047,8.51140761693712,0,0,0,0,0,0,0,0,5.984038605436131e-258,0,0,1.4
67160.0,0.00011482129829303054,257.5770754950677,321.7055624853043,8.488120920913751,0,0,0,0,0,0,0,0,4.745139797601571e-258,0,0,1.4
67180.0,0.00011453345368947735,257.5177149725021,321.66849064834076,8.46489087198487,0,0,0,0,0,0,0,0,2.33749399317653e-258,0,0,1.4
67200.0,0.00011424630213762445,257.45821716416486,321.6313287858654,8.441717339328026,0,0,0,0,0,0,0,0,0.0,0,0,1.4
67220.0,0.0001139598418597267,257.398582139292,321.59407691000314,8.418600192394887,0,0,0,0,0,0,0,0,-1.2902534979109834e-258,0,0,1.4
67240.0,0.00011367407109496022,257.33880996908965,321.55673503387703,8.395539301733784,0,0,0,0,0,0,0,0,-1.6034183118032937e-258,0,0,1.4
67260.0,0.00011338898808673128,257.27890072525656,321.51930317085953,8.372534538167194,0,0,0,0,0,0,0,0,-1.2714563767397613e-258,0,0,1.4
67280.0,0.00011310459107844668,257.2188544794912,321.48178133432316,8.34958577251765,0,0,0,0,0,0,0,0,-6.26329627784273e-259,0,0,1.4
67300.0,0.00011282087831351265,257.15867130349227,321.4441695376403,8.326692875607623,0,0,0,0,0,0,0,0,0.0,0,0,1.4
67320.00000000001,0.00011253784803950239,257.09835126945376,321.40646779443574,8.303855718529835,0,0,0,0,0,0,0,0,3.4572238279686073e-259,0,0,1.4
67340.0,0.00011225549852065755,257.037894451552,321.36867611934355,8.281074173458004,0,0,0,0,0,0,0,0,4.296346417770387e-259,0,0,1.4
67360.0,0.00011197382802538612,256.97730092445846,321.3307945272496,8.25834811283604,0,0,0,0,0,0,0,0,3.4068570935894025e-259,0,0,1.4
67380.0,0.00011169283482209635,256.91657076284474,321.29282303304035,8.235677409107874,0,0,0,0,0,0,0,0,1.6782451796061028e-259,0,0,1.4
67400.0,0.0001114125171791962,256.85570404138247,321.25476165160177,8.21306193471741,0,0,0,0,0,0,0,0,0.0,0,0,1.4
67420.0,0.00011113287336919891,256.7947008352418,321.2166103980752,8.19050156237498,0,0,0,0,0,0,0,0,-9.263603327573366e-260,0,0,1.4
67440.0,0.00011085390168103542,256.73356122158674,321.1783692886221,8.167996165856328,0,0,0,0,0,0,0,0,-1.1512025530457288e-259,0,0,1.4
67460.00000000001,0.00011057560040774127,256.67228527808004,321.14003833965916,8.145545619203572,0,0,0,0,0,0,0,0,-9.128646069552014e-260,0,0,1.4
67480.0,0.00011029796784235259,256.6108730823843,321.10161756760294,8.123149796458872,0,0,0,0,0,0,0,0,-4.4968444057653514e-260,0,0,1.4
67500.0,0.00011002100227790491,256.54932471216193,321.0631069888701,8.100808571664347,0,0,0,0,0,0,0,0,0.0,0,0,1.4
67520.0,0.00010974470201147719,256.48764024557715,321.02450662013507,8.078521819124676,0,0,0,0,0,0,0,0,2.482175030625826e-260,0,0,1.4
67540.0,0.00010946906535632085,256.4258197627996,320.98581647910385,8.056289414194733,0,0,0,0,0,0,0,0,3.0846379441330134e-260,0,0,1.4
67560.0,0.00010919409062973114,256.36386334450077,320.9470365837402,8.034111232491984,0,0,0,0,0,0,0,0,2.44601334232686e-260,0,0,1.4
67580.0,0.00010891977614900262,256.3017710713517,320.90816695200806,8.011987149633857,0,0,0,0,0,0,0,0,1.2049258270141602e-260,0,0,1.4
67600.0,0.00010864612023143018,256.2395430240236,320.86920760187115,7.989917041237785,0,0,0,0,0,0,0,0,6.903063293307108e-273,0,0,1.4
67620.0,0.00010837312119829111,256.17717928369206,320.83015855155406,7.967900783179985,0,0,0,0,0,0,0,0,-6.650967949288069e-261,0,0,1.4
67640.0,0.00010810077738679416,256.1146799335504,320.7910198203242,7.945938252371872,0,0,0,0,0,0,0,0,-8.265262460726909e-261,0,0,1.4
67660.0,0.00010782908713813017,256.05204505729614,320.7517914277095,7.924029325983612,0,0,0,0,0,0,0,0,-6.554072997521907e-261,0,0,1.4
67680.0,0.00010755804879348999,255.98927473862682,320.7124733932383,7.902173881185362,0,0,0,0,0,0,0,0,-3.228589022875899e-261,0,0,1.4
67700.0,0.00010728766069406501,255.92636906124005,320.6730657364386,7.880371795147332,0,0,0,0,0,0,0,0,0.0,0,0,1.4
67720.0,0.00010701792118496923,255.86332810934064,320.63356847710196,7.858622945294763,0,0,0,0,0,0,0,0,1.7821214908970325e-261,0,0,1.4
67740.0,0.00010674882862700935,255.8001519691625,320.59398163607426,7.836927210073226,0,0,0,0,0,0,0,0,2.2146704015830776e-261,0,0,1.4
67760.0,0.00010648038138491498,255.73684072744655,320.55430523446466,7.815284468183354,0,0,0,0,0,0,0,0,1.756158566820122e-261,0,0,1.4
67780.0,0.00010621257782341632,255.67339447093408,320.51453929338254,7.793694598325832,0,0,0,0,0,0,0,0,8.650978213716114e-262,0,0,1.4
67800.0,0.00010594541630724305,255.60981328636618,320.4746838339371,7.772157479201288,0,0,0,0,0,0,0,0,0.0,0,0,1.4
67820.00000000001,0.00010567889520498924,255.54609726099397,320.4347388775041,7.750672989761785,0,0,0,0,0,0,0,0,-4.7751801430025876e-262,0,0,1.4
67840.0,0.00010541301290070751,255.48224648410937,320.39470444652494,7.729241009965115,0,0,0,0,0,0,0,0,-5.934191456053952e-262,0,0,1.4
67860.0,0.00010514776778231443,255.41826104551424,320.3545805637073,7.7078614200204525,0,0,0,0,0,0,0,0,-4.705612697606149e-262,0,0,1.4
67880.0,0.00010488315823772667,255.35414103501054,320.3143672517589,7.686534100136982,0,0,0,0,0,0,0,0,-2.3180226261062432e-262,0,0,1.4
67900.0,0.00010461918265486077,255.28988654240015,320.2740645333874,7.665258930523877,0,0,0,0,0,0,0,0,0.0,0,0,1.4
67920.0,0.00010435583942544052,255.22549765799803,320.23367243156986,7.6440357916381725,0,0,0,0,0,0,0,0,1.2795056630300046e-262,0,0,1.4
67940.0,0.00010409312695641601,255.16097447417076,320.1931909703604,7.622864564928118,0,0,0,0,0,0,0,0,1.5900618083810578e-262,0,0,1.4
67960.00000000001,0.00010383104365854405,255.09631708379783,320.15262017408213,7.601745132089789,0,0,0,0,0,0,0,0,1.2608651222167625e-262,0,0,1.4
67980.0,0.000103569587942582,255.03152557975886,320.11196006705853,7.580677374819297,0,0,0,0,0,0,0,0,6.211122907017633e-263,0,0,1.4
68000.0,0.00010330875821928663,254.96660005493345,320.0712106736129,7.559661174812709,0,0,0,0,0,0,0,0,0.0,0,0,1.4
68020.0,0.00010304855290316475,254.90154060271684,320.0303720183406,7.538696414010376,0,0,0,0,0,0,0,0,-3.4284250911997674e-263,0,0,1.4
68040.0,0.0001027889704237222,254.8363473185671,319.98944412692583,7.517782975329669,0,0,0,0,0,0,0,0,-4.260557774713461e-263,0,0,1.4
68060.0,0.00010253000921421522,254.77102029845835,319.94842702532475,7.496920741932269,0,0,0,0,0,0,0,0,-3.3784779126266814e-263,0,0,1.4
68080.0,0.00010227166770789944,254.70555963836438,319.9073207394936,7.476109596979811,0,0,0,0,0,0,0,0,-1.6642653670270915e-263,0,0,1.4
68100.0,0.00010201394433803076,254.63996543425912,319.8661252953887,7.455349423633943,0,0,0,0,0,0,0,0,-9.505476635413243e-276,0,0,1.4
68120.0,0.00010175683754155857,254.5742377826349,319.82484071924125,7.434640105297059,0,0,0,0,0,0,0,0,9.186437344974646e-264,0,0,1.4
68140.0,0.00010150034577020793,254.50837678205812,319.78346703838287,7.413981526334609,0,0,0,0,0,0,0,0,1.1416130150404081e-263,0,0,1.4
68160.0,0.00010124446747939709,254.44238253161345,319.74200428041996,7.393373571352758,0,0,0,0,0,0,0,0,9.052604283346444e-264,0,0,1.4
68180.0,0.00010098920112454428,254.37625513038554,319.7004524729592,7.372816124957671,0,0,0,0,0,0,0,0,4.459385610856398e-264,0,0,1.4
68200.0,0.00010073454516106835,254.30999467745926,319.6588116436072,7.352309071755553,0,0,0,0,0,0,0,0,0.0,0,0,1.4
68220.0,0.00010048049804802608,254.24360127244043,319.6170818202484,7.331852296589868,0,0,0,0,0,0,0,0,-2.461498467905083e-264,0,0,1.4
68240.0,0.00010022705825902892,254.17707501701975,319.5752630318793,7.3114456852532985,0,0,0,0,0,0,0,0,-3.058942854489405e-264,0,0,1.4
68260.0,9.997422427132669e-05,254.11041601340895,319.5333553077743,7.291089123775805,0,0,0,0,0,0,0,0,-2.4256380071205164e-264,0,0,1.4
68280.0,9.972199456216971e-05,254.0436243638199,319.49135867720776,7.270782498187402,0,0,0,0,0,0,0,0,-1.194888773167981e-264,0,0,1.4
68300.0,9.94703676088078e-05,253.97670017046445,319.4492731694543,7.2505256945180525,0,0,0,0,0,0,0,0,0.0,0,0,1.4
68320.00000000001,9.921934189207501e-05,253.90964353607816,319.407098814069,7.230318599031612,0,0,0,0,0,0,0,0,6.59556526645959e-265,0,0,1.4
68340.0,9.896891590714278e-05,253.84245456549203,319.3648356417308,7.210161098927544,0,0,0,0,0,0,0,0,8.196412675535266e-265,0,0,1.4
68360.0,9.871908815276615e-05,253.77513336406082,319.32248368339964,7.190053081639157,0,0,0,0,0,0,0,0,6.499477451384083e-265,0,0,1.4
68380.0,9.846985712770048e-05,253.7076800371392,319.280042970035,7.169994434599776,0,0,0,0,0,0,0,0,3.2016948181562115e-265,0,0,1.4
68400.0,9.822122133070083e-05,253.64009469008198,319.23751353259684,7.14998504524271,0,0,0,0,0,0,0,0,0.0,0,0,1.4
68420.0,9.797317926405354e-05,253.57237742877035,319.1948954023287,7.130024801231843,0,0,0,0,0,0,0,0,-1.7672763867736821e-265,0,0,1.4
68440.0,9.772572944416718e-05,253.50452836119132,319.1521886116096,7.110113591153147,0,0,0,0,0,0,0,0,-2.1962221572415237e-265,0,0,1.4
68460.00000000001,9.747887039098097e-05,253.4365475958582,319.10939319310216,7.090251303823123,0,0,0,0,0,0,0,0,-1.7415297343220452e-265,0,0,1.4
68480.0,9.723260062443469e-05,253.3684352412845,319.06650917946934,7.070437828058321,0,0,0,0,0,0,0,0,-8.57891540935206e-266,0,0,1.4
68500.0,9.698691866446759e-05,253.3001914059836,319.0235366033738,7.05067305267524,0,0,0,0,0,0,0,0,0.0,0,0,1.4
68520.0,9.6741823034497e-05,253.231816198998,318.9804754977652,7.030956866717615,0,0,0,0,0,0,0,0,4.735402806386542e-266,0,0,1.4
68540.0,9.649731227185182e-05,253.16330973148618,318.9373258967403,7.011289160138043,0,0,0,0,0,0,0,0,5.884759534323026e-266,0,0,1.4
68560.0,9.625338491733938e-05,253.09467211513604,318.8940878346828,6.991669823116379,0,0,0,0,0,0,0,0,4.666414859065425e-266,0,0,1.4
68580.0,9.601003951176651e-05,253.0259034616351,318.85076134597625,6.972098745832439,0,0,0,0,0,0,0,0,2.298713455872561e-266,0,0,1.4
68600.00000000001,9.576727459594e-05,252.95700388267116,318.8073464650043,6.952575818466035,0,0,0,0,0,0,0,0,0.0,0,0,1.4
68620.0,9.552508871409319e-05,252.88797349046342,318.7638432264403,6.933100931420977,0,0,0,0,0,0,0,0,-1.2688473578071923e-266,0,0,1.4
68640.0,9.528348042416299e-05,252.8188123993572,318.7202516661167,6.91367397599685,0,0,0,0,0,0,0,0,-1.5768165648729213e-266,0,0,1.4
68660.0,9.504244828751242e-05,252.74952072422937,318.6765718201555,6.894294843717197,0,0,0,0,0,0,0,0,-1.2503620930350902e-266,0,0,1.4
68680.0,9.480199086550444e-05,252.68009857995673,318.63280372467887,6.874963426105555,0,0,0,0,0,0,0,0,-6.159384141311173e-267,0,0,1.4
68700.0,9.45621067195024e-05,252.6105460814162,318.5889474158089,6.855679614685503,0,0,0,0,0,0,0,0,0.0,0,0,1.4
68720.0,9.432279441424403e-05,252.54086334401867,318.54500292996045,6.836443301201306,0,0,0,0,0,0,0,0,3.399866248428037e-267,0,0,1.4
68740.0,9.408405252796649e-05,252.47105048531128,318.5009703047193,6.817254378280172,0,0,0,0,0,0,0,0,4.225067251697218e-267,0,0,1.4
68760.0,9.384587964228159e-05,252.40110762337505,318.45684957796414,6.7981127387700315,0,0,0,0,0,0,0,0,3.350335130751457e-267,0,0,1.4
68780.0,9.360827433880165e-05,252.33103487629126,318.41264078757354,6.779018275518853,0,0,0,0,0,0,0,0,1.6504020065374434e-267,0,0,1.4
68800.0,9.33712351991385e-05,252.26083236214097,318.36834397142604,6.759970881374566,0,0,0,0,0,0,0,0,0.0,0,0,1.4
68820.00000000001,9.313476080822835e-05,252.19050019954173,318.32395916769605,6.740970449402657,0,0,0,0,0,0,0,0,-9.109914156406012e-268,0,0,1.4
68840.0,9.289884976430568e-05,252.12003850925714,318.27948641574073,6.722016873538883,0,0,0,0,0,0,0,0,-1.1321033580596422e-267,0,0,1.4
68860.0,9.26635006689289e-05,252.04944741258703,318.2349257552131,6.703110047936521,0,0,0,0,0,0,0,0,-8.977195926587872e-268,0,0,1.4
68880.0,9.242871212365664e-05,251.97872703083135,318.1902772257661,6.684249866748862,0,0,0,0,0,0,0,0,-4.422238848387531e-268,0,0,1.4
68900.0,9.219448273004722e-05,251.90787748528993,318.1455408670527,6.665436224129179,0,0,0,0,0,0,0,0,0.0,0,0,1.4
68920.0,9.196081109293439e-05,251.8368988978017,318.10071671902466,6.646669014445217,0,0,0,0,0,0,0,0,2.440994141324562e-268,0,0,1.4
68940.0,9.172769583025045e-05,251.76579139236077,318.0558048228286,6.6279481329223895,0,0,0,0,0,0,0,0,3.033461805405924e-268,0,0,1.4
68960.00000000001,9.149513556320245e-05,251.69455509350016,318.01080521990974,6.609273475000537,0,0,0,0,0,0,0,0,2.4054323988243412e-268,0,0,1.4
68980.0,9.1263128912998e-05,251.623190125753,317.96571795171366,6.5906449361195385,0,0,0,0,0,0,0,0,1.1849353281620658e-268,0,0,1.4
69000.0,9.103167450084422e-05,251.55169661365238,317.92054305968577,6.572062411719237,0,0,0,0,0,0,0,0,0.0,0,0,1.4
69020.0,9.080077095117418e-05,251.4800746822725,317.875280585573,6.553525797450825,0,0,0,0,0,0,0,0,-6.540624088970924e-269,0,0,1.4
69040.0,9.05704169013244e-05,251.4083244588522,317.8299305723297,6.535034989810855,0,0,0,0,0,0,0,0,-8.128136410293085e-269,0,0,1.4
69060.0,9.034061099185774e-05,251.33644607117185,317.78449306321147,6.516589885507249,0,0,0,0,0,0,0,0,-6.445336687128659e-269,0,0,1.4
69080.0,9.011135186333657e-05,251.26443964701141,317.73896810147426,6.498190381247898,0,0,0,0,0,0,0,0,-3.175024642643753e-269,0,0,1.4
69100.00000000001,8.988263815632325e-05,251.192305314151,317.69335573037387,6.479836373740694,0,0,0,0,0,0,0,0,0.0,0,0,1.4
69120.0,8.965446851455833e-05,251.12004320091444,317.64765599347095,6.461527759901861,0,0,0,0,0,0,0,0,1.7525549426350944e-269,0,0,1.4
69140.0,8.942684159449266e-05,251.04765343779903,317.6018689355451,6.443264437480778,0,0,0,0,0,0,0,0,2.1779275871076444e-269,0,0,1.4
69160.0,8.919975605575489e-05,250.97513615584592,317.55599460168094,6.425046304435137,0,0,0,0,0,0,0,0,1.7270227602626965e-269,0,0,1.4
69180.0,8.897321055797357e-05,250.90249148609595,317.5100330369628,6.406873258722613,0,0,0,0,0,0,0,0,8.50745288944628e-270,0,0,1.4
69200.0,8.874720376077768e-05,250.82971955959027,317.46398428647524,6.388745198300927,0,0,0,0,0,0,0,0,0.0,0,0,1.4
69220.0,8.852173432692601e-05,250.75682050791553,317.4178483956105,6.370662021333056,0,0,0,0,0,0,0,0,-4.695956815702498e-270,0,0,1.4
69240.0,8.82968009316985e-05,250.68379446484118,317.37162541099207,6.3526236268031795,0,0,0,0,0,0,0,0,-5.835739381389647e-270,0,0,1.4
69260.0,8.80724022535052e-05,250.61064156468228,317.3253153795512,6.334629913900781,0,0,0,0,0,0,0,0,-4.62754353922427e-270,0,0,1.4
69280.0,8.784853697075657e-05,250.5373619417542,317.2789183482192,6.316680781815364,0,0,0,0,0,0,0,0,-2.279565131373037e-270,0,0,1.4
69300.0,8.762520376186269e-05,250.4639557303719,317.23243436392727,6.298776129736409,0,0,0,0,0,0,0,0,0.0,0,0,1.4
69320.00000000001,8.740240130831705e-05,250.39042306539847,317.1858634739175,6.280915857055726,0,0,0,0,0,0,0,0,1.258277836459571e-270,0,0,1.4
69340.0,8.718012830394747e-05,250.3167640838885,317.1392057266756,6.263099863974528,0,0,0,0,0,0,0,0,1.5636816544821176e-270,0,0,1.4
69360.0,8.69583834456649e-05,250.24297892344453,317.0924611709976,6.245328050896326,0,0,0,0,0,0,0,0,1.2399465542754383e-270,0,0,1.4
69380.0,8.673716543038026e-05,250.16906772166888,317.04562985568015,6.227600318224651,0,0,0,0,0,0,0,0,6.108076360460196e-271,0,0,1.4
69400.0,8.651647295500448e-05,250.09503061616408,316.9987118295195,6.209916566363016,0,0,0,0,0,0,0,0,0.0,0,0,1.4
69420.0,8.629630471948629e-05,250.02086774508263,316.9517071416259,6.192276695914399,0,0,0,0,0,0,0,0,-3.371545301331454e-271,0,0,1.4
69440.0,8.607665943592379e-05,249.9465792487768,316.9046158423652,6.174680608279441,0,0,0,0,0,0,0,0,-4.18987236537775e-271,0,0,1.4
69460.00000000001,8.585753581945246e-05,249.87216526814888,316.8574379824169,6.157128205058212,0,0,0,0,0,0,0,0,-3.322426778757404e-271,0,0,1.4
69480.0,8.563893258520834e-05,249.7976259441012,316.81017361246074,6.13961938785082,0,0,0,0,0,0,0,0,-1.6366541280916846e-271,0,0,1.4
69500.0,8.542084844832689e-05,249.72296141753614,316.76282278317643,6.12215405825733,0,0,0,0,0,0,0,0,0.0,0,0,1.4
69520.0,8.520328212693583e-05,249.64817182990802,316.7153855455605,6.1047321180743745,0,0,0,0,0,0,0,0,9.034028407368117e-272,0,0,1.4
69540.0,8.49862323511309e-05,249.57325732487948,316.6678619518775,6.087353469884774,0,0,0,0,0,0,0,0,1.1226729166926333e-271,0,0,1.4
69560.0,8.476969785400032e-05,249.49821804666547,316.6202520547089,6.070018016467937,0,0,0,0,0,0,0,0,8.902415722798937e-272,0,0,1.4
69580.0,8.455367736863186e-05,249.42305413948074,316.5725559066361,6.052725660603232,0,0,0,0,0,0,0,0,4.385401519115654e-272,0,0,1.4
69600.00000000001,8.433816962811328e-05,249.34776574754,316.5247735602406,6.035476305070032,0,0,0,0,0,0,0,0,0.0,0,0,1.4
69620.0,8.412317336848014e-05,249.2723530156122,316.4769050684239,6.018269852841461,0,0,0,0,0,0,0,0,-2.4206606161538158e-272,0,0,1.4
69640.0,8.390868733755704e-05,249.1968160906823,316.42895048536747,6.00110620766547,0,0,0,0,0,0,0,0,-3.0081930139203016e-272,0,0,1.4
69660.0,8.369471028611602e-05,249.12115512028922,316.3809098655727,5.983985273483741,0,0,0,0,0,0,0,0,-2.3853951036099454e-272,0,0,1.4
69680.0,8.348124096492897e-05,249.045370251972,316.3327832635411,5.966906954237945,0,0,0,0,0,0,0,0,-1.1750647955323187e-272,0,0,1.4
69700.0,8.326827812476825e-05,248.96946163326965,316.2845707337741,5.949871153869787,0,0,0,0,0,0,0,0,0.0,0,0,1.4
69720.0,8.305582051930911e-05,248.8934294122772,316.2362723310964,5.932877776511859,0,0,0,0,0,0,0,0,6.4861405724824386e-273,0,0,1.4
69740.0,8.28438669138401e-05,248.8172737393138,316.18788811162483,5.915926727060455,0,0,0,0,0,0,0,0,8.060428887569004e-273,0,0,1.4
69760.0,8.263241607655294e-05,248.74099476525447,316.1394181317995,5.899017910602783,0,0,0,0,0,0,0,0,6.391646916412589e-273,0,0,1.4
69780.0,8.242146677563983e-05,248.66459264097452,316.0908624480607,5.882151232226084,0,0,0,0,0,0,0,0,3.14857663017138e-273,0,0,1.4
69800.0,8.221101777929243e-05,248.588067517349,316.0422211168483,5.865326597017564,0,0,0,0,0,0,0,0,0.0,0,0,1.4
69820.00000000001,8.200106785856243e-05,248.51141954581092,315.99349419492853,5.848543910252596,0,0,0,0,0,0,0,0,-1.737956128392321e-273,0,0,1.4
69840.0,8.179161579594153e-05,248.43464888002492,315.9446817403724,5.831803077959262,0,0,0,0,0,0,0,0,-2.1597854110729682e-273,0,0,1.4
69860.0,8.158266037678095e-05,248.35775567421337,315.895783811577,5.815104006353775,0,0,0,0,0,0,0,0,-1.712636629558227e-273,0,0,1.4
69880.0,8.137420038643201e-05,248.28074008259864,315.8468004669393,5.798446601652361,0,0,0,0,0,0,0,0,-8.436585653625729e-274,0,0,1.4
69900.0,8.116623461024593e-05,248.20360225940317,315.7977317648564,5.781830770071232,0,0,0,0,0,0,0,0,0.0,0,0,1.4
69920.0,8.095876183639152e-05,248.12634235940916,315.74857776405463,5.7652564180120915,0,0,0,0,0,0,0,0,4.656839410831987e-274,0,0,1.4
69940.0,8.075178086430585e-05,248.04896053963756,315.6993385245774,5.748723452618423,0,0,0,0,0,0,0,0,5.787127567214252e-274,0,0,1.4
69960.00000000001,8.054529049624313e-05,247.9714569576691,315.65001410679713,5.732231781219164,0,0,0,0,0,0,0,0,4.5889960181792633e-274,0,0,1.4
69980.0,8.03392895344581e-05,247.8938317710845,315.6006045710866,5.715781311143287,0,0,0,0,0,0,0,0,2.26057631276328e-274,0,0,1.4
70000.0,8.013377678120498e-05,247.81608513746443,315.5511099778184,5.699371949719729,0,0,0,0,0,0,0,0,0.0,0,0,1.4
70020.0,7.992875104151317e-05,247.7382172149511,315.5015303876974,5.683003604460215,0,0,0,0,0,0,0,0,-1.247796359413997e-274,0,0,1.4
70040.0,7.972421113151213e-05,247.66022816393243,315.45186586275787,5.666676183607562,0,0,0,0,0,0,0,0,-1.5506561581312055e-274,0,0,1.4
70060.0,7.952015587010665e-05,247.58211814535798,315.4021164653666,5.650389595587395,0,0,0,0,0,0,0,0,-1.2296177771411994e-274,0,0,1.4
70080.0,7.931658407620129e-05,247.5038873201772,315.35228225789007,5.634143748825306,0,0,0,0,0,0,0,0,-6.057195974343076e-275,0,0,1.4
70100.00000000001,7.911349456870043e-05,247.4255358493395,315.3023633026949,5.617938551746886,0,0,0,0,0,0,0,0,0.0,0,0,1.4
70120.0,7.89108861692425e-05,247.34706389435755,315.25235966248334,5.6017739129579,0,0,0,0,0,0,0,0,3.3434602682343496e-275,0,0,1.4
70140.0,7.870875771039965e-05,247.2684716189967,315.202271401299,5.585649741784633,0,0,0,0,0,0,0,0,4.1549706530952897e-275,0,0,1.4
70160.0,7.850710802747778e-05,247.18975918758534,315.15209858352137,5.569565947733519,0,0,0,0,0,0,0,0,3.2947509038391495e-275,0,0,1.4
70180.0,7.830593595578258e-05,247.11092676445193,315.1018412735296,5.5535224403109815,0,0,0,0,0,0,0,0,1.6230207697209797e-275,0,0,1.4
70200.0,7.81052403306202e-05,247.03197451392506,315.05149953570304,5.537519129023478,0,0,0,0,0,0,0,0,0.0,0,0,1.4
70220.0,7.790501998998903e-05,246.95290260089794,315.0010734347594,5.521555923554968,0,0,0,0,0,0,0,0,-8.958774787989461e-276,0,0,1.4
70240.0,7.770527378265817e-05,246.87371119252288,314.95056303677086,5.505632734299572,0,0,0,0,0,0,0,0,-1.1133210310719122e-275,0,0,1.4
70260.0,7.750600056008926e-05,246.79440045651694,314.8999684081474,5.489749471828935,0,0,0,0,0,0,0,0,-8.828258439451615e-276,0,0,1.4
70280.0,7.730719917374435e-05,246.71497056059738,314.84928961529994,5.473906046714738,0,0,0,0,0,0,0,0,-4.3488710454569145e-276,0,0,1.4
70300.0,7.710886847508508e-05,246.63542167248127,314.7985267246386,5.458102369528626,0,0,0,0,0,0,0,0,0.0,0,0,1.4
70320.00000000001,7.691100731822545e-05,246.555753960452,314.7476798029155,5.442338351017218,0,0,0,0,0,0,0,0,2.400496469615338e-276,0,0,1.4
70340.0,7.671361456788928e-05,246.47596759505853,314.6967489182493,5.426613902627061,0,0,0,0,0,0,0,0,2.9831347119235365e-276,0,0,1.4
70360.0,7.651668909145234e-05,246.39606274741595,314.6457341391003,5.410928935979639,0,0,0,0,0,0,0,0,2.3655247194251343e-276,0,0,1.4
70380.0,7.632022975629053e-05,246.3160395886395,314.5946355339286,5.395283362696451,0,0,0,0,0,0,0,0,1.1652764846181623e-276,0,0,1.4
70400.0,7.612423542977964e-05,246.2358982898443,314.5434531711945,5.379677094398982,0,0,0,0,0,0,0,0,0.0,0,0,1.4
70420.0,7.592870498190851e-05,246.15563902271347,314.49218711970303,5.364110042881197,0,0,0,0,0,0,0,0,-6.432110904668535e-277,0,0,1.4
70440.0,7.573363729311619e-05,246.07526196120142,314.4408374496381,5.348582120626818,0,0,0,0,0,0,0,0,-7.993285369730277e-277,0,0,1.4
70460.00000000001,7.553903124645445e-05,245.99476727983026,314.3894042315283,5.33309324029201,0,0,0,0,0,0,0,0,-6.338404382456007e-277,0,0,1.4
70480.0,7.53448857249754e-05,245.91415515312232,314.33788753590244,5.317643314532973,0,0,0,0,0,0,0,0,-3.1223489301217586e-277,0,0,1.4
70500.0,7.515119961173078e-05,245.8334257555999,314.28628743328915,5.302232256005874,0,0,0,0,0,0,0,0,0.0,0,0,1.4
70520.0,7.4957971792346e-05,245.75257926235437,314.2346039945649,5.286859977536846,0,0,0,0,0,0,0,0,1.7234789225335468e-277,0,0,1.4
70540.0,7.476520116274048e-05,245.6716158507541,314.18283729199754,5.271526392631831,0,0,0,0,0,0,0,0,2.141794359691093e-277,0,0,1.4
70560.0,7.457288662140764e-05,245.59053569873674,314.1309873982026,5.256231414966759,0,0,0,0,0,0,0,0,1.6983703355815684e-277,0,0,1.4
70580.0,7.438102706684042e-05,245.5093389842399,314.07905438579587,5.240974958217531,0,0,0,0,0,0,0,0,8.366308743149434e-278,0,0,1.4
70600.00000000001,7.418962139753178e-05,245.42802588520104,314.0270383273927,5.2257569360600415,0,0,0,0,0,0,0,0,0.0,0,0,1.4
70620.0,7.399866851451014e-05,245.34659658012853,313.9749392959598,5.210577262337724,0,0,0,0,0,0,0,0,-4.618047854648694e-278,0,0,1.4
70640.0,7.380816732894337e-05,245.2650512498131,313.92275736586777,5.195435851563983,0,0,0,0,0,0,0,0,-5.738920690326587e-278,0,0,1.4
70660.0,7.361811675453456e-05,245.183390075616,313.87049261183756,5.180332618419732,0,0,0,0,0,0,0,0,-4.550769598680261e-278,0,0,1.4
70680.0,7.34285157049866e-05,245.1016132388985,313.81814510859084,5.165267477585878,0,0,0,0,0,0,0,0,-2.2417456713545408e-278,0,0,1.4
70700.0,7.323936309400283e-05,245.0197209210221,313.76571493084884,5.150240343743357,0,0,0,0,0,0,0,0,0.0,0,0,1.4
70720.0,7.305065783778316e-05,244.9377133039199,313.71320215368695,5.135251131738152,0,0,0,0,0,0,0,0,1.2374021932614063e-278,0,0,1.4
70740.0,7.286239886251564e-05,244.85559057181246,313.6606068535967,5.120299757076581,0,0,0,0,0,0,0,0,1.53773916439929e-278,0,0,1.4
70760.0,7.267458509688522e-05,244.7733529094921,313.6079291074235,5.1053861354300265,0,0,0,0,0,0,0,0,1.2193750389061349e-278,0,0,1.4
70780.0,7.24872154695772e-05,244.6910005017513,313.555168992013,5.090510182469908,0,0,0,0,0,0,0,0,6.006739422754352e-279,0,0,1.4
70800.0,7.230028890927652e-05,244.60853353338237,313.5023265842106,5.075671813867606,0,0,0,0,0,0,0,0,0.0,0,0,1.4
70820.00000000001,7.211380434712767e-05,244.52595218975077,313.449401961219,5.0608709454572045,0,0,0,0,0,0,0,0,-3.3156091839706776e-279,0,0,1.4
70840.0,7.192776072411396e-05,244.44325665851446,313.3963952016696,5.046107493723608,0,0,0,0,0,0,0,0,-4.120359672705683e-279,0,0,1.4
70860.0,7.174215698367778e-05,244.36044712790437,313.34330638455083,5.031381375314385,0,0,0,0,0,0,0,0,-3.2673055694568226e-279,0,0,1.4
70880.0,7.155699206926175e-05,244.27752378615142,313.2901355888512,5.016692506877117,0,0,0,0,0,0,0,0,-1.6095009774724475e-279,0,0,1.4
70900.0,7.137226492430831e-05,244.19448682148658,313.23688289355914,5.002040805059373,0,0,0,0,0,0,0,0,0.0,0,0,1.4
70920.0,7.118797449468298e-05,244.11133642271503,313.18354837802354,4.9874261866691,0,0,0,0,0,0,0,0,8.884148032616906e-280,0,0,1.4
70940.0,7.100411973594158e-05,244.0280727809385,313.13013212303395,4.972848569155586,0,0,0,0,0,0,0,0,1.1040470468270673e-279,0,0,1.4
70960.00000000001,7.08206996060627e-05,243.94469608783277,313.07663420974006,4.958307870128469,0,0,0,0,0,0,0,0,8.754718887613582e-280,0,0,1.4
70980.0,7.063771306302518e-05,243.86120653507388,313.02305471929185,4.943804007197414,0,0,0,0,0,0,0,0,4.312644871305142e-280,0,0,1.4
71000.0,7.045515906480757e-05,243.77760431433765,312.96939373283914,4.929336897972057,0,0,0,0,0,0,0,0,0.0,0,0,1.4
71020.0,7.027303657177485e-05,243.69388961787521,312.9156513318951,4.914906460220073,0,0,0,0,0,0,0,0,-2.380500290778517e-280,0,0,1.4
71040.0,7.009134455383729e-05,243.61006264023868,312.8618275994263,4.90051261234125,0,0,0,0,0,0,0,0,-2.9582851460332805e-280,0,0,1.4
71060.0,6.99100819832919e-05,243.52612357655562,312.8079226187627,4.886155272893438,0,0,0,0,0,0,0,0,-2.3458198558983763e-280,0,0,1.4
71080.0,6.97292478324353e-05,243.4420726219534,312.7539364732343,4.871834360434455,0,0,0,0,0,0,0,0,-1.1555697105093217e-280,0,0,1.4
71100.00000000001,6.954884107356407e-05,243.3579099715593,312.69986924617115,4.85754979352212,0,0,0,0,0,0,0,0,0.0,0,0,1.4
71120.0,6.936886068132573e-05,243.27363582107716,312.6457210212696,4.8433014908700285,0,0,0,0,0,0,0,0,6.378531304960791e-281,0,0,1.4
71140.0,6.918930563976953e-05,243.18925036851527,312.5914918836918,4.829089371814733,0,0,0,0,0,0,0,0,7.926701158604607e-281,0,0,1.4
71160.0,6.901017493529529e-05,243.1047538124583,312.5371819189663,4.814913355848546,0,0,0,0,0,0,0,0,6.285605359768205e-281,0,0,1.4
71180.0,6.883146755430275e-05,243.02014635149078,312.48279121262175,4.800773362463765,0,0,0,0,0,0,0,0,3.0963397072859105e-281,0,0,1.4
71200.0,6.865318248319202e-05,242.93542818419746,312.42831985018665,4.786669311152722,0,0,0,0,0,0,0,0,0.0,0,0,1.4
71220.0,6.847531871067807e-05,242.85059950973996,312.37376791755923,4.772601121561213,0,0,0,0,0,0,0,0,-1.709122312060893e-281,0,0,1.4
71240.0,6.829787523473682e-05,242.76566052958822,312.31913550211544,4.758568713949036,0,0,0,0,0,0,0,0,-2.123953174090977e-281,0,0,1.4
71260.0,6.812085105565929e-05,242.68061144578917,312.26442269160106,4.744572008729471,0,0,0,0,0,0,0,0,-1.6842228800901507e-281,0,0,1.4
71280.0,6.794424517373686e-05,242.59545246038996,312.2096295737618,4.73061092631583,0,0,0,0,0,0,0,0,-8.29661724059708e-282,0,0,1.4
71300.0,6.77680565892606e-05,242.5101837754375,312.15475623634313,4.716685387121395,0,0,0,0,0,0,0,0,0.0,0,0,1.4
71320.00000000001,6.759228430480195e-05,242.42480559355667,312.0998027674634,4.702795311710731,0,0,0,0,0,0,0,0,4.579579432829699e-282,0,0,1.4
71340.0,6.741692733205444e-05,242.33931811968424,312.0447692567315,4.688940621253559,0,0,0,0,0,0,0,0,5.691115377592927e-282,0,0,1.4
71360.0,6.724198468499174e-05,242.2537215593346,311.9896557941288,4.675121237070857,0,0,0,0,0,0,0,0,4.5128616059433426e-282,0,0,1.4
71380.0,6.706745537758761e-05,242.1680161180224,311.93446246963657,4.661337080483607,0,0,0,0,0,0,0,0,2.223071889529824e-282,0,0,1.4
71400.0,6.689333842381562e-05,242.08220200126198,311.87918937323644,4.647588072812785,0,0,0,0,0,0,0,0,0.0,0,0,1.4
71420.0,6.671963283989596e-05,241.99627941514666,311.8238365952854,4.633874135528493,0,0,0,0,0,0,0,0,-1.2270946107002528e-282,0,0,1.4
71440.0,6.654633765103294e-05,241.91024856808377,311.76840422764326,4.620195190697188,0,0,0,0,0,0,0,0,-1.5249297694581124e-282,0,0,1.4
71460.00000000001,6.637345188467705e-05,241.82410966905928,311.71289236254523,4.606551160534422,0,0,0,0,0,0,0,0,-1.2092176228655127e-282,0,0,1.4
71480.0,6.620097456827913e-05,241.73786292705927,311.65730109222693,4.592941967255778,0,0,0,0,0,0,0,0,-5.956703175153889e-283,0,0,1.4
71500.0,6.602890472928964e-05,241.65150855106975,311.60163050892373,4.5793675330768115,0,0,0,0,0,0,0,0,0.0,0,0,1.4
71520.0,6.585724139737151e-05,241.56504675065594,311.5458807052497,4.565827780360029,0,0,0,0,0,0,0,0,3.287990099737529e-283,0,0,1.4
71540.0,6.568598361103703e-05,241.4784777377001,311.4900517753341,4.552322632055715,0,0,0,0,0,0,0,0,4.086037002405476e-283,0,0,1.4
71560.0,6.551513041101114e-05,241.39180172466382,311.43414381368495,4.538852011261125,0,0,0,0,0,0,0,0,3.2400888552040924e-283,0,0,1.4
71580.0,6.534468083801847e-05,241.3050189240087,311.3781569148101,4.525415841073486,0,0,0,0,0,0,0,0,1.5960938053356118e-283,0,0,1.4
71600.00000000001,6.51746339327836e-05,241.21812954819617,311.32209117321764,4.512014044590028,0,0,0,0,0,0,0,0,0.0,0,0,1.4
71620.0,6.500498873821054e-05,241.13113381026776,311.26594668379727,4.498646545052833,0,0,0,0,0,0,0,0,-8.810142919460905e-284,0,0,1.4
71640.0,6.483574430591922e-05,241.04403192558394,311.2097235429661,4.485313266283255,0,0,0,0,0,0,0,0,-1.0948503150380354e-283,0,0,1.4
71660.0,6.466689968970863e-05,240.95682411008522,311.15342184752313,4.4720141322474865,0,0,0,0,0,0,0,0,-8.681791921569598e-284,0,0,1.4
71680.0,6.44984539433777e-05,240.8695105797119,311.0970416942671,4.458749066911708,0,0,0,0,0,0,0,0,-4.2767204618365335e-284,0,0,1.4
71700.0,6.433040612072572e-05,240.78209155040466,311.040583179997,4.445517994242129,0,0,0,0,0,0,0,0,0.0,0,0,1.4
71720.0,6.41627552776978e-05,240.69456723868402,310.9840464018966,4.4323208383476675,0,0,0,0,0,0,0,0,2.360670680472342e-284,0,0,1.4
71740.0,6.39955004788242e-05,240.60693786339158,310.9274314586891,4.4191575239081935,0,0,0,0,0,0,0,0,2.9336425774740566e-284,0,0,1.4
71760.0,6.382864079078113e-05,240.51920364394928,310.8707384494824,4.406027975746304,0,0,0,0,0,0,0,0,2.3262791342389626e-284,0,0,1.4
71780.0,6.36621752802453e-05,240.43136479977903,310.81396747338476,4.392932118684625,0,0,0,0,0,0,0,0,1.1459437940027964e-284,0,0,1.4
71800.0,6.349610301389296e-05,240.3434215503027,310.757118629504,4.379869877545753,0,0,0,0,0,0,0,0,0.0,0,0,1.4
71820.00000000001,6.33304230605143e-05,240.25537411552278,310.7001920173361,4.366841177292965,0,0,0,0,0,0,0,0,-6.325398024287249e-285,0,0,1.4
71840.0,6.31651344973554e-05,240.16722271776445,310.64318773792877,4.353845943452279,0,0,0,0,0,0,0,0,-7.860671595158629e-285,0,0,1.4
71860.0,6.300023640377584e-05,240.07896757993345,310.5861058927173,4.34088410169037,0,0,0,0,0,0,0,0,-6.2332461538891925e-285,0,0,1.4
71880.0,6.283572785913538e-05,239.99060892493551,310.5289465831373,4.327955577673915,0,0,0,0,0,0,0,0,-3.070547141747417e-285,0,0,1.4
71900.0,6.267160794279358e-05,239.90214697567632,310.47170991062416,4.315060297069587,0,0,0,0,0,0,0,0,0.0,0,0,1.4
71920.0,6.250787573619241e-05,239.8135819556427,310.41439597700435,4.302198185682736,0,0,0,0,0,0,0,0,1.694885292412298e-285,0,0,1.4
71940.0,6.234453032910146e-05,239.72491409064492,310.35700488566806,4.289369169873291,0,0,0,0,0,0,0,0,2.106260605888666e-285,0,0,1.4
71960.00000000001,6.218157081337232e-05,239.63614360707433,310.2995367403964,4.2765731761398325,0,0,0,0,0,0,0,0,1.6701932731584264e-285,0,0,1.4
71980.0,6.201899628085697e-05,239.5472707313223,310.2419916449704,4.263810130980969,0,0,0,0,0,0,0,0,8.227506269522799e-286,0,0,1.4
72000.0,6.185680582340693e-05,239.4582956897801,310.1843697031713,4.25107996089528,0,0,0,0,0,0,0,0,0.0,0,0,1.4
72020.0,6.169499853492451e-05,239.36921870942018,310.126671019174,4.238382592518009,0,0,0,0,0,0,0,0,-4.54143145365314e-286,0,0,1.4
72040.0,6.153357351751421e-05,239.2800400195394,310.0688956987294,4.2257179530310145,0,0,0,0,0,0,0,0,-5.643708283974493e-286,0,0,1.4
72060.0,6.137252987533145e-05,239.19075985001587,310.0110438479824,4.213085969752831,0,0,0,0,0,0,0,0,-4.4752693874685e-286,0,0,1.4
72080.0,6.121186671253123e-05,239.1013784307276,309.9531155730778,4.20048657000197,0,0,0,0,0,0,0,0,-2.2045536606423244e-286,0,0,1.4
72100.00000000001,6.105158313326869e-05,239.01189599155254,309.8951109801602,4.1879196810969415,0,0,0,0,0,0,0,0,0.0,0,0,1.4
72120.0,6.08916782437188e-05,238.92231276295004,309.8370301757716,4.175385230490971,0,0,0,0,0,0,0,0,1.216872890487511e-286,0,0,1.4
72140.0,6.073215115813463e-05,238.8326289777043,309.77887326804154,4.162883146176007,0,0,0,0,0,0,0,0,1.512227077007531e-286,0,0,1.4
72160.0,6.057300099278897e-05,238.7428448691806,309.7206403654964,4.150413356278697,0,0,0,0,0,0,0,0,1.1991448182838295e-286,0,0,1.4
72180.0,6.041422686395447e-05,238.6529606707444,309.66233157666295,4.137975788925678,0,0,0,0,0,0,0,0,5.90708373039714e-287,0,0,1.4
72200.0,6.025582788790418e-05,238.56297661576116,309.6039470100677,4.1255703722436134,0,0,0,0,0,0,0,0,0.0,0,0,1.4
72220.0,6.009780318289984e-05,238.47289293817747,309.54548677463714,4.113197034491893,0,0,0,0,0,0,0,0,-3.260601082974571e-287,0,0,1.4
72240.0,5.994015187515959e-05,238.38270987426478,309.48695098089735,4.100855704460917,0,0,0,0,0,0,0,0,-4.052000240566503e-287,0,0,1.4
72260.0,5.978287309289064e-05,238.29242766087583,309.42833973977463,4.088546311073825,0,0,0,0,0,0,0,0,-3.2130988566702657e-287,0,0,1.4
72280.0,5.962596596430042e-05,238.20204653486343,309.3696531621951,4.076268783253788,0,0,0,0,0,0,0,0,-1.582798315182983e-287,0,0,1.4
72300.0,5.946942961759611e-05,238.11156673308022,309.3108913590849,4.0640230499239465,0,0,0,0,0,0,0,0,0.0,0,0,1.4
72320.00000000001,5.931326318294385e-05,238.02098849296002,309.252054441773,4.051809040138286,0,0,0,0,0,0,0,0,8.73675427023539e-288,0,0,1.4
72340.0,5.915746579834605e-05,237.93031205426146,309.1931425232004,4.03962668347419,0,0,0,0,0,0,0,0,1.0857301921906919e-287,0,0,1.4
72360.0,5.900203660376381e-05,237.83953765732423,309.1341557167105,4.027475909639859,0,0,0,0,0,0,0,0,8.609472438464642e-288,0,0,1.4
72380.0,5.884697473915831e-05,237.7486655424879,309.0750941356471,4.015356648343506,0,0,0,0,0,0,0,0,4.2410953033494835e-288,0,0,1.4
72400.0,5.869227934449064e-05,237.65769595009215,309.01595789335386,4.0032688292933285,0,0,0,0,0,0,0,0,0.0,0,0,1.4
72420.0,5.853794956165154e-05,237.56662912105776,308.9567471035803,3.9912123823265184,0,0,0,0,0,0,0,0,-2.341006251177507e-288,0,0,1.4
72440.0,5.8383984540248725e-05,237.47546529862908,308.89746188169954,3.979187237796096,0,0,0,0,0,0,0,0,-2.9092052819553473e-288,0,0,1.4
72460.00000000001,5.823038343181925e-05,237.38420472663157,308.8381023434902,3.9671933261840446,0,0,0,0,0,0,0,0,-2.3069011871437984e-288,0,0,1.4
72480.0,5.8077145387900476e-05,237.29284764889084,308.77866860473137,3.955230577972372,0,0,0,0,0,0,0,0,-1.13639806155505e-288,0,0,1.4
72500.0,5.792426956002943e-05,237.20139430923226,308.7191607812018,3.9432989236430633,0,0,0,0,0,0,0,0,0.0,0,0,1.4
72520.0,5.777175510164339e-05,237.10984495206196,308.65957898908925,3.931398293805224,0,0,0,0,0,0,0,0,6.27270734479294e-289,0,0,1.4
72540.0,5.7619601173779884e-05,237.01819982410876,308.5999233462164,3.919528619576404,0,0,0,0,0,0,0,0,7.7951920591642185e-289,0,0,1.4
72560.0,5.746780693937687e-05,236.9264591726822,308.5401939708151,3.907689832201296,0,0,0,0,0,0,0,0,6.181323101137948e-289,0,0,1.4
72580.0,5.731637156137199e-05,236.83462324509185,308.48039098111684,3.895881862924564,0,0,0,0,0,0,0,0,3.0449694287420155e-289,0,0,1.4
72600.00000000001,5.716529420270286e-05,236.74269228864708,308.42051449535325,3.8841046429908737,0,0,0,0,0,0,0,0,0.0,0,0,1.4
72620.0,5.701457402817874e-05,236.6506665512379,308.3605646321677,3.8723581037702077,0,0,0,0,0,0,0,0,-1.6807668673938365e-289,0,0,1.4
72640.0,5.686421021009368e-05,236.55854628307532,308.30054151185067,3.8606421771336907,0,0,0,0,0,0,0,0,-2.0887154170981775e-289,0,0,1.4
72660.0,5.671420192261309e-05,236.46633173495087,308.24044525510385,3.8489567950777492,0,0,0,0,0,0,0,0,-1.6562805331056462e-289,0,0,1.4
72680.0,5.656454833990231e-05,236.37402315765587,308.1802759826293,3.8373018895988,0,0,0,0,0,0,0,0,-8.158970994082296e-290,0,0,1.4
72700.0,5.641524863612699e-05,236.28162080198194,308.1200338151292,3.8256773926932843,0,0,0,0,0,0,0,0,0.0,0,0,1.4
72720.0,5.626630198729533e-05,236.18912491930027,308.05971887372,3.8140832364811192,0,0,0,0,0,0,0,0,4.5036012478317e-290,0,0,1.4
72740.0,5.611770757678719e-05,236.0965357633014,307.9993312811767,3.802519353576218,0,0,0,0,0,0,0,0,5.596696092298996e-290,0,0,1.4
72760.0,5.596946458982521e-05,236.0038535882556,307.9388711606889,3.790985676715987,0,0,0,0,0,0,0,0,4.4379903128492165e-290,0,0,1.4
72780.0,5.5821572211632304e-05,235.91107864843332,307.8783386354463,3.779482138637854,0,0,0,0,0,0,0,0,2.186189688933377e-290,0,0,1.4
72800.0,5.567402962743113e-05,235.81821119810488,307.8177338286385,3.768008672079226,0,0,0,0,0,0,0,0,0.0,0,0,1.4
72820.00000000001,5.552683602425919e-05,235.72525149211978,307.7570568638725,3.756565209899237,0,0,0,0,0,0,0,0,-1.2067363173889334e-290,0,0,1.4
72840.0,5.537999059641377e-05,235.63219978764482,307.69630786642534,3.7451516854439713,0,0,0,0,0,0,0,0,-1.4996301982141873e-290,0,0,1.4
72860.0,5.5233492540006716e-05,235.53905634242577,307.6354869619917,3.7337680321812186,0,0,0,0,0,0,0,0,-1.1891559203455116e-290,0,0,1.4
72880.0,5.508734105115001e-05,235.44582141420858,307.574594276266,3.722414183578779,0,0,0,0,0,0,0,0,-5.857877616513958e-291,0,0,1.4
72900.0,5.494153532595548e-05,235.35249526073898,307.51362993494274,3.711090073104442,0,0,0,0,0,0,0,0,0.0,0,0,1.4
72920.0,5.47960745623226e-05,235.25907814034164,307.45259406413686,3.699795634346017,0,0,0,0,0,0,0,0,3.2334402172150204e-291,0,0,1.4
72940.0,5.4650957965299785e-05,235.16557031365522,307.3914867916446,3.6885308013712645,0,0,0,0,0,0,0,0,4.0182470055674855e-291,0,0,1.4
72960.00000000001,5.450618474172268e-05,235.07197204189703,307.3303082456824,3.6772955083679455,0,0,0,0,0,0,0,0,3.1863336853115606e-291,0,0,1.4
72980.0,5.43617540984273e-05,234.97828358628456,307.2690585544668,3.6660896895238375,0,0,0,0,0,0,0,0,1.5696135767040557e-291,0,0,1.4
73000.0,5.421766524224934e-05,234.88450520803508,307.20773784621457,3.6549132790266974,0,0,0,0,0,0,0,0,0.0,0,0,1.4
73020.0,5.407391738178466e-05,234.7906371689437,307.1463462495652,3.6437662111825717,0,0,0,0,0,0,0,0,-8.66397694977177e-292,0,0,1.4
73040.0,5.3930509732669296e-05,234.69667973311647,307.084883894851,3.632648420770615,0,0,0,0,0,0,0,0,-1.0766860401307647e-291,0,0,1.4
73060.0,5.378744151229964e-05,234.60263316523736,307.0233509128272,3.6215598426882862,0,0,0,0,0,0,0,0,-8.53775537795615e-292,0,0,1.4
73080.0,5.3644711938071786e-05,234.50849772999018,306.96174743424933,3.61050041183302,0,0,0,0,0,0,0,0,-4.205766903071019e-292,0,0,1.4
73100.00000000001,5.3502320227381826e-05,234.4142736920587,306.9000735898726,3.5994700631022543,0,0,0,0,0,0,0,0,0.0,0,0,1.4
73120.0,5.336026559935946e-05,234.31996131670388,306.8383295108784,3.5884687315100443,0,0,0,0,0,0,0,0,2.3215056269329255e-292,0,0,1.4
73140.0,5.321854728006719e-05,234.2255608714942,306.776515330152,3.5774963525368166,0,0,0,0,0,0,0,0,2.8849715495484977e-292,0,0,1.4
73160.0,5.307716449730095e-05,234.131072624575,306.7146311810045,3.5665528617796025,0,0,0,0,0,0,0,0,2.287684658697672e-292,0,0,1.4
73180.0,5.2936116478856504e-05,234.03649684409174,306.65267719674716,3.555638194835427,0,0,0,0,0,0,0,0,1.1269318452305188e-292,0,0,1.4
73200.0,5.279540245253e-05,233.94183379818992,306.5906535106912,3.5447522873013377,0,0,0,0,0,0,0,0,0.0,0,0,1.4
73220.0,5.265502164782404e-05,233.8470837555908,306.5285602565765,3.5338950748892968,0,0,0,0,0,0,0,0,-6.220455579609896e-293,0,0,1.4
73240.0,5.251497330106871e-05,233.7522469873192,306.46639756985775,3.523066493771021,0,0,0,0,0,0,0,0,-7.730257968882948e-293,0,0,1.4
73260.0,5.2375256650300756e-05,233.65732376497562,306.40416558641834,3.5122664802331607,0,0,0,0,0,0,0,0,-6.129832568349363e-293,0,0,1.4
73280.0,5.223587093355728e-05,233.56231436016083,306.3418644421417,3.5014949705623852,0,0,0,0,0,0,0,0,-3.019604778544427e-293,0,0,1.4
73300.0,5.2096815388875056e-05,233.46721904447543,306.27949427291117,3.4907519010453436,0,0,0,0,0,0,0,0,0.0,0,0,1.4
73320.00000000001,5.195808925597165e-05,233.37203809009478,306.2170552150416,3.48003720808199,0,0,0,0,0,0,0,0,1.6667660491110176e-293,0,0,1.4
73340.0,5.1819691781288096e-05,233.27677177149366,306.15454740657384,3.4693508285255317,0,0,0,0,0,0,0,0,2.0713163800467844e-293,0,0,1.4
73360.0,5.168162221294593e-05,233.18142036372146,306.09197098597997,3.458692699342459,0,0,0,0,0,0,0,0,1.642483686427784e-293,0,0,1.4
73380.0,5.154387979906675e-05,233.08598414182762,306.0293260917322,3.4480627574992684,0,0,0,0,0,0,0,0,8.091006618727608e-294,0,0,1.4
73400.0,5.140646378777209e-05,232.9904633808616,305.96661286230267,3.437460939962452,0,0,0,0,0,0,0,0,0.0,0,0,1.4
73420.0,5.126937342883887e-05,232.89485835644652,305.90383143659784,3.4268871838102224,0,0,0,0,0,0,0,0,-4.466086168306757e-294,0,0,1.4
73440.0,5.113260797866414e-05,232.79916934649958,305.8409819552606,3.416341426567573,0,0,0,0,0,0,0,0,-5.550075513027992e-294,0,0,1.4
73460.00000000001,5.099616669530003e-05,232.7033966295116,305.7780645593681,3.405823605871197,0,0,0,0,0,0,0,0,-4.401021773594632e-294,0,0,1.4
73480.0,5.086004883679899e-05,232.60754048397345,305.7150793899974,3.3953336593578083,0,0,0,0,0,0,0,0,-2.1679786894412648e-294,0,0,1.4
73500.0,5.072425366121315e-05,232.51160118837603,305.6520265882258,3.3848715246641023,0,0,0,0,0,0,0,0,0.0,0,0,1.4
73520.0,5.058878042822455e-05,232.41557902178243,305.58890629556714,3.374437139536899,0,0,0,0,0,0,0,0,1.1966841821257384e-294,0,0,1.4
73540.0,5.0453628404034266e-05,232.31947426554476,305.52571865528273,3.364030442163494,0,0,0,0,0,0,0,0,1.4871382516478478e-294,0,0,1.4
73560.0,5.031879685647342e-05,232.2232872015876,305.4624638110709,3.3536513708413276,0,0,0,0,0,0,0,0,1.179250230106881e-294,0,0,1.4
73580.0,5.018428505337287e-05,232.1270181118354,305.3991419066299,3.343299863867814,0,0,0,0,0,0,0,0,5.809081390441134e-295,0,0,1.4
73600.00000000001,5.0050092262563505e-05,232.03066727821255,305.33575308565787,3.3329758595403707,0,0,0,0,0,0,0,0,0.0,0,0,1.4
73620.0,4.9916217753481256e-05,231.93423498321445,305.2722974922926,3.3226792962650005,0,0,0,0,0,0,0,0,-3.2065056019565135e-295,0,0,1.4
73640.0,4.9782660801981146e-05,231.83772151161955,305.20877527242953,3.312410112881948,0,0,0,0,0,0,0,0,-3.984774935624009e-295,0,0,1.4
73660.0,4.96494206855231e-05,231.74112714877703,305.14518657240376,3.3021682483400254,0,0,0,0,0,0,0,0,-3.159791468313339e-295,0,0,1.4
73680.0,4.951649668156694e-05,231.64445218003618,305.0815315385502,3.291953641588042,0,0,0,0,0,0,0,0,-1.5565386673341332e-295,0,0,1.4
73700.0,4.938388806757279e-05,231.54769689074638,305.0178103172041,3.281766231574828,0,0,0,0,0,0,0,0,0.0,0,0,1.4
73720.0,4.9251594122580716e-05,231.45086156682612,304.95402305514244,3.2716059573562264,0,0,0,0,0,0,0,0,8.591805865701254e-296,0,0,1.4
73740.0,4.911961413195185e-05,231.35394649647114,304.8901699009108,3.2614727584162373,0,0,0,0,0,0,0,0,1.0677172260202456e-295,0,0,1.4
73760.0,4.8987947382627436e-05,231.25695196844637,304.82625100349657,3.251366574345889,0,0,0,0,0,0,0,0,8.466635721850702e-296,0,0,1.4
73780.0,4.885659316154901e-05,231.159878271517,304.7622665118876,3.24128734473623,0,0,0,0,0,0,0,0,4.170732789000105e-296,0,0,1.4
73800.0,4.872555075565785e-05,231.06272569444792,304.6982165750715,3.2312350091782895,0,0,0,0,0,0,0,0,0.0,0,0,1.4
73820.00000000001,4.859481945345119e-05,230.96549452657177,304.63410134248034,3.2212095073686267,0,0,0,0,0,0,0,0,-2.302167443240842e-296,0,0,1.4
73840.0,4.8464398549650444e-05,230.86818505949174,304.5699209653251,3.211210779425945,0,0,0,0,0,0,0,0,-2.860939684569713e-296,0,0,1.4
73860.0,4.833428734053273e-05,230.77079758537846,304.50567559526127,3.20123876557446,0,0,0,0,0,0,0,0,-2.2686282042791857e-296,0,0,1.4
73880.0,4.8204485122375256e-05,230.67333239640266,304.44136538394446,3.1912934060383904,0,0,0,0,0,0,0,0,-1.1175444826594395e-296,0,0,1.4
73900.0,4.8074991191455126e-05,230.575789784735,304.37699048303,3.1813746410419523,0,0,0,0,0,0,0,0,0.0,0,0,1.4
73920.0,4.794580484558183e-05,230.47817004311213,304.3125510446208,3.17148241091343,0,0,0,0,0,0,0,0,6.168639072572824e-297,0,0,1.4
73940.0,4.7816925388692884e-05,230.38047346653386,304.2480472226081,3.161616656397295,0,0,0,0,0,0,0,0,7.66586478074477e-297,0,0,1.4
73960.00000000001,4.768835212625786e-05,230.2827003505658,304.18347917133053,3.1517773183420665,0,0,0,0,0,0,0,0,6.078770952628631e-297,0,0,1.4
73980.0,4.756008436374665e-05,230.18485099077387,304.1188470451266,3.1419643375962902,0,0,0,0,0,0,0,0,2.9944514163422315e-297,0,0,1.4
74000.0,4.743212140662882e-05,230.08692568272363,304.0541509983351,3.132177655008487,0,0,0,0,0,0,0,0,0.0,0,0,1.4
74020.0,4.7304462561882616e-05,229.98892472254485,303.9893911857441,3.122417211529781,0,0,0,0,0,0,0,0,-1.6528818578951457e-297,0,0,1.4
74040.0,4.7177107142520244e-05,229.89084840862293,303.9245677639407,3.1126829485216776,0,0,0,0,0,0,0,0,-2.054062277287089e-297,0,0,1.4
74060.0,4.7050054463062795e-05,229.79269703990767,303.8596808899615,3.1029748074483012,0,0,0,0,0,0,0,0,-1.6288017677311764e-297,0,0,1.4
74080.0,4.692330383803099e-05,229.6944709153484,303.7947307208432,3.093292729773754,0,0,0,0,0,0,0,0,-8.023608387837448e-298,0,0,1.4
74100.00000000001,4.679685458194563e-05,229.59617033389475,303.72971741362244,3.0836366569621383,0,0,0,0,0,0,0,0,0.0,0,0,1.4
74120.0,4.667070601081303e-05,229.49779559505828,303.6646411257881,3.0740065305787403,0,0,0,0,0,0,0,0,4.428883590070042e-298,0,0,1.4
74140.0,4.654485744658033e-05,229.3993470005982,303.59950201663736,3.0644022925934795,0,0,0,0,0,0,0,0,5.503843284022095e-298,0,0,1.4
74160.0,4.641930821268005e-05,229.30082485283575,303.53430024591967,3.054823885077444,0,0,0,0,0,0,0,0,4.36436118293925e-298,0,0,1.4
74180.0,4.629405763254462e-05,229.2022294540922,303.4690359733844,3.0452712501017176,0,0,0,0,0,0,0,0,2.1499193879029153e-298,0,0,1.4
74200.0,4.616910502960673e-05,229.10356110668886,303.4037093587809,3.0357443297374007,0,0,0,0,0,0,0,0,0.0,0,0,1.4
74220.0,4.6044449728761205e-05,229.00482011350678,303.3383205623131,3.0262430661553354,0,0,0,0,0,0,0,0,-1.1867157813307288e-298,0,0,1.4
74240.0,4.592009106075263e-05,228.90600677966634,303.27286974600304,3.0167674019253967,0,0,0,0,0,0,0,0,-1.474750363221198e-298,0,0,1.4
74260.0,4.5796028357787886e-05,228.80712141084763,303.207357072327,3.007317279717212,0,0,0,0,0,0,0,0,-1.169427054445981e-298,0,0,1.4
74280.0,4.5672260952074123e-05,228.70816431273101,303.1417827037617,2.9978926422004304,0,0,0,0,0,0,0,0,-5.760691637806187e-299,0,0,1.4
74300.0,4.554878817581823e-05,228.60913579099656,303.07614680278357,2.988493432044678,0,0,0,0,0,0,0,0,0.0,0,0,1.4
74320.00000000001,4.542560936266692e-05,228.51003615188205,303.0104495323259,2.9791195920179554,0,0,0,0,0,0,0,0,3.1797953525300435e-299,0,0,1.4
74340.0,4.5302723852026476e-05,228.41086570385588,302.9446910571496,2.969771065281774,0,0,0,0,0,0,0,0,3.951581688626911e-299,0,0,1.4
74360.0,4.518013098474273e-05,228.31162475594382,302.87887154247267,2.9604477950959973,0,0,0,0,0,0,0,0,3.133470348460168e-299,0,0,1.4
74380.0,4.5057830101661616e-05,228.21231361717176,302.81299115351277,2.9511497247204974,0,0,0,0,0,0,0,0,1.543572672196075e-299,0,0,1.4
74400.0,4.4935820543628956e-05,228.1129325965655,302.7470500554878,2.9418767974151367,0,0,0,0,0,0,0,0,0.0,0,0,1.4
74420.0,4.481410165290845e-05,228.01348200370626,302.6810484140749,2.932628956536812,0,0,0,0,0,0,0,0,-8.520235968062153e-300,0,0,1.4
74440.0,4.469267277743388e-05,227.913962150396,302.6149863967876,2.9234061458304503,0,0,0,0,0,0,0,0,-1.0588231222930154e-299,0,0,1.4
74460.00000000001,4.457153326655663e-05,227.81437334899184,302.54886417159895,2.914208309137991,0,0,0,0,0,0,0,0,-8.396108493764759e-300,0,0,1.4
74480.0,4.4450682469628326e-05,227.71471591185107,302.48268190648184,2.905035390301392,0,0,0,0,0,0,0,0,-4.1359905097336996e-300,0,0,1.4
74500.0,4.433011973600036e-05,227.61499015133097,302.4164397694093,2.895887333162592,0,0,0,0,0,0,0,0,0.0,0,0,1.4
74520.0,4.4209844416419854e-05,227.51519638034145,302.3501379288157,2.886764081659212,0,0,0,0,0,0,0,0,2.282990346965117e-300,0,0,1.4
74540.0,4.4089855867216465e-05,227.41533491400347,302.28377655498093,2.8776655801115667,0,0,0,0,0,0,0,0,2.837108005458606e-300,0,0,1.4
74560.0,4.397015344611579e-05,227.31540606799095,302.2173558186471,2.8685917729356634,0,0,0,0,0,0,0,0,2.249730490469144e-300,0,0,1.4
74580.0,4.3850736510843147e-05,227.21541015797766,302.1508758905556,2.8595426045474914,0,0,0,0,0,0,0,0,1.108235316986782e-300,0,0,1.4
74600.00000000001,4.3731604419123873e-05,227.11534749963727,302.084336941448,2.8505180193630393,0,0,0,0,0,0,0,0,0.0,0,0,1.4
74620.0,4.361275653005758e-05,227.01521840919395,302.01773914252976,2.8415179618926754,0,0,0,0,0,0,0,0,-6.1172541979727765e-301,0,0,1.4
74640.0,4.349419220823986e-05,226.91502320507232,301.9510826668608,2.8325423770241938,0,0,0,0,0,0,0,0,-7.6020079890237e-301,0,0,1.4
74660.0,4.337591081964035e-05,226.81476220624728,301.884367687965,2.8235912097397526,0,0,0,0,0,0,0,0,-6.028134681088412e-301,0,0,1.4
74680.0,4.3257911730228684e-05,226.71443573169373,301.8175943793658,2.814664405021506,0,0,0,0,0,0,0,0,-2.9695075821002066e-301,0,0,1.4
74700.0,4.314019430597471e-05,226.6140441003866,301.7507629145871,2.8057619078516254,0,0,0,0,0,0,0,0,0.0,0,0,1.4
74720.0,4.3022757914200776e-05,226.51358763184822,301.6838734676183,2.796883663305334,0,0,0,0,0,0,0,0,1.639113322242714e-301,0,0,1.4
74740.0,4.290560192764032e-05,226.41306664779043,301.61692621431206,2.788029616830133,0,0,0,0,0,0,0,0,2.036951901513871e-301,0,0,1.4
74760.0,4.278872572037942e-05,226.31248147047253,301.5499213309868,2.7791997139665874,0,0,0,0,0,0,0,0,1.6152338196632257e-301,0,0,1.4
74780.0,4.267212866650445e-05,226.21183242215392,301.4828589939611,2.770393900255281,0,0,0,0,0,0,0,0,7.956771585418716e-302,0,0,1.4
74800.0,4.255581014010149e-05,226.11111982509385,301.41573937955314,2.761612121236778,0,0,0,0,0,0,0,0,0.0,0,0,1.4
74820.00000000001,4.2439769516588395e-05,226.01034400209622,301.34856266454943,2.752854322543443,0,0,0,0,0,0,0,0,-4.3919909099826024e-302,0,0,1.4
74840.0,4.232400617671023e-05,225.9095052781437,301.28132902760825,2.7441204501748593,0,0,0,0,0,0,0,0,-5.457996170317728e-302,0,0,1.4
74860.0,4.220851950254356e-05,225.8086039787635,301.21403864785566,2.735410450222391,0,0,0,0,0,0,0,0,-4.328005975663506e-302,0,0,1.4
74880.0,4.2093308876165054e-05,225.70764042948278,301.1466917044178,2.726724268777408,0,0,0,0,0,0,0,0,-2.1320105206734838e-302,0,0,1.4
74900.0,4.1978373679651286e-05,225.60661495582872,301.07928837642083,2.718061851931274,0,0,0,0,0,0,0,0,0.0,0,0,1.4
74920.0,4.1863713296390116e-05,225.50552788387026,301.011828843461,2.709423145865925,0,0,0,0,0,0,0,0,1.1768304174940522e-302,0,0,1.4
74940.0,4.174932711501336e-05,225.4043795418426,300.9443132870138,2.700808097125481,0,0,0,0,0,0,0,0,1.4624656661285503e-302,0,0,1.4
74960.00000000001,4.1635214525463884e-05,225.30317025852236,300.87674188902537,2.6922166523446167,0,0,0,0,0,0,0,0,1.1596857060157034e-302,0,0,1.4
74980.0,4.152137491768482e-05,225.2019003626865,300.8091148314414,2.683648758158024,0,0,0,0,0,0,0,0,5.712704972686786e-303,0,0,1.4
75000.0,4.140780768161901e-05,225.10057018311178,300.74143229620745,2.6751043612003764,0,0,0,0,0,0,0,0,0.0,0,0,1.4
75020.0,4.1294512208500076e-05,224.9991800491136,300.6736944657415,2.666583408195681,0,0,0,0,0,0,0,0,-3.15330759995948e-303,0,0,1.4
75040.0,4.1181487894724144e-05,224.89773029216153,300.6059015243491,2.6580858462252492,0,0,0,0,0,0,0,0,-3.918664941974546e-303,0,0,1.4
75060.0,4.106873413797827e-05,224.7962212442642,300.5380536568081,2.649611622459739,0,0,0,0,0,0,0,0,-3.107368484009328e-303,0,0,1.4
75080.0,4.095625033594923e-05,224.69465323742983,300.4701510478959,2.641160684069788,0,0,0,0,0,0,0,0,-1.5307146840298587e-303,0,0,1.4
75100.00000000001,4.084403588632384e-05,224.5930266036667,300.4021938823904,2.632732978226037,0,0,0,0,0,0,0,0,0.0,0,0,1.4
75120.0,4.073209018805966e-05,224.49134167551858,300.334182345543,2.6243284521872647,0,0,0,0,0,0,0,0,8.449262248959622e-304,0,0,1.4
75140.0,4.062041264519626e-05,224.38959878767022,300.2661166245007,2.615947053564726,0,0,0,0,0,0,0,0,1.0500031066100427e-303,0,0,1.4
75160.0,4.050900266304383e-05,224.2877982753416,300.1979969068839,2.607588730057804,0,0,0,0,0,0,0,0,8.326168758761657e-304,0,0,1.4
75180.0,4.039785964691248e-05,224.18594047375268,300.1298233803136,2.5992534293658753,0,0,0,0,0,0,0,0,4.101537634279337e-304,0,0,1.4
75200.0,4.0286983002112537e-05,224.0840257181236,300.06159623241035,2.5909410991883353,0,0,0,0,0,0,0,0,0.0,0,0,1.4
75220.0,4.017637213520486e-05,223.9820543442064,299.99331565127073,2.582651687311503,0,0,0,0,0,0,0,0,-2.2639729962475194e-304,0,0,1.4
75240.0,4.0066026457753285e-05,223.8800266898813,299.92498182689417,2.5743851418694708,0,0,0,0,0,0,0,0,-2.813474844663346e-304,0,0,1.4
75260.0,3.99559453825723e-05,223.77794309356057,299.856594949756,2.566141411083266,0,0,0,0,0,0,0,0,-2.230990194954797e-304,0,0,1.4
75280.0,3.9846128322476645e-05,223.6758038936566,299.7881552103317,2.557920443173934,0,0,0,0,0,0,0,0,-1.099003696831043e-304,0,0,1.4
75300.0,3.973657469028081e-05,223.57360942858165,299.7196627990965,2.549722186362503,0,0,0,0,0,0,0,0,0.0,0,0,1.4
75320.00000000001,3.96272839000305e-05,223.4713600372764,299.65111790700325,2.5415465889557805,0,0,0,0,0,0,0,0,6.066297360307105e-305,0,0,1.4
75340.0,3.9518255370696455e-05,223.36905606079594,299.58252072691494,2.533393599603715,0,0,0,0,0,0,0,0,7.538683125529483e-305,0,0,1.4
75360.0,3.940948852248041e-05,223.26669784072348,299.51387145217205,2.5252631670420156,0,0,0,0,0,0,0,0,5.977920210601008e-305,0,0,1.4
75380.0,3.930098277558418e-05,223.1642857186424,299.44517027611494,2.5171552400063977,0,0,0,0,0,0,0,0,2.9447715304492236e-305,0,0,1.4
75400.0,3.919273755020948e-05,223.06182003613603,299.37641739208425,2.5090697672325724,0,0,0,0,0,0,0,0,0.0,0,0,1.4
75420.0,3.908475226777023e-05,222.95930113531273,299.3076129938996,2.5010066975409075,0,0,0,0,0,0,0,0,-1.625459478740487e-305,0,0,1.4
75440.0,3.8977026354527985e-05,222.8567293603805,299.23875727729785,2.4929659800903186,0,0,0,0,0,0,0,0,-2.019984055479418e-305,0,0,1.4
75460.00000000001,3.886955923795625e-05,222.75410505607218,299.16985043849496,2.4849475641243606,0,0,0,0,0,0,0,0,-1.601778892847665e-305,0,0,1.4
75480.0,3.8762350345528764e-05,222.6514285671208,299.100892673707,2.4769513988866074,0,0,0,0,0,0,0,0,-7.890491534774246e-306,0,0,1.4
75500.0,3.865539910471905e-05,222.5487002382593,299.03188417915,2.4689774336206156,0,0,0,0,0,0,0,0,0.0,0,0,1.4
75520.0,3.854870494419367e-05,222.4459204147418,298.96282515152086,2.461025617653468,0,0,0,0,0,0,0,0,4.355405546580765e-306,0,0,1.4
75540.0,3.8442267297391105e-05,222.3430894439074,298.8937157894405,2.4530959006463315,0,0,0,0,0,0,0,0,5.412530963895448e-306,0,0,1.4
75560.0,3.833608559894301e-05,222.24020767361662,298.8245562920104,2.44518823234391,0,0,0,0,0,0,0,0,4.291953607918995e-306,0,0,1.4
75580.0,3.823015928348086e-05,222.13727545172983,298.75534685833253,2.437302562490892,0,0,0,0,0,0,0,0,2.1142508346289887e-306,0,0,1.4
75600.00000000001,3.8124487785636084e-05,222.03429312610743,298.6860876875084,2.429438840831965,0,0,0,0,0,0,0,0,0.0,0,0,1.4
75620.0,3.8019070541214684e-05,221.9312610451272,298.6167789791224,2.4215970171942587,0,0,0,0,0,0,0,0,-1.1670273989162071e-306,0,0,1.4
75640.0,3.791390699071962e-05,221.82817955923625,298.5474209346885,2.413777041734575,0,0,0,0,0,0,0,0,-1.4502833007839705e-306,0,0,1.4
75660.0,3.7808996575828236e-05,221.72504901939905,298.47801375620344,2.405978864692147,0,0,0,0,0,0,0,0,-1.1500255031936625e-306,0,0,1.4
75680.0,3.77043387382178e-05,221.62186977657993,298.4085576456641,2.398202436306204,0,0,0,0,0,0,0,0,-5.665118037352131e-307,0,0,1.4
75700.0,3.75999329195658e-05,221.51864218174356,298.339052805067,2.390447706815988,0,0,0,0,0,0,0,0,0.0,0,0,1.4
75720.0,3.74957785627054e-05,221.41536658636772,298.26949943689294,2.382714626542072,0,0,0,0,0,0,0,0,3.1270404908459384e-307,0,0,1.4
75740.0,3.739187511509334e-05,221.312043343984,298.199897745559,2.3750031461304184,0,0,0,0,0,0,0,0,3.886022392414129e-307,0,0,1.4
75760.0,3.7288222025342216e-05,221.20867280863735,298.1302479359658,2.367313216308327,0,0,0,0,0,0,0,0,3.0814840485585007e-307,0,0,1.4
75780.0,3.718481874206476e-05,221.10525533437288,298.0605502130148,2.359644787803117,0,0,0,0,0,0,0,0,1.5179638031355392e-307,0,0,1.4
75800.0,3.708166471387358e-05,221.00179127523555,297.99080478160676,2.351997811342088,0,0,0,0,0,0,0,0,0.0,0,0,1.4
75820.00000000001,3.6978759390518943e-05,220.89828098577956,297.92101184712817,2.3443722377328298,0,0,0,0,0,0,0,0,-8.378879742220303e-308,0,0,1.4
75840.0,3.687610222630231e-05,220.79472482259652,297.8511716169073,2.3367680181040966,0,0,0,0,0,0,0,0,-1.0412565618167995e-307,0,0,1.4
75860.0,3.6773692676662646e-05,220.69112314278703,297.7812842987583,2.3291851036649143,0,0,0,0,0,0,0,0,-8.25681162300926e-308,0,0,1.4
75880.0,3.6671530197038964e-05,220.58747630345184,297.7113501004947,2.3216234456243123,0,0,0,0,0,0,0,0,-4.0673717519015476e-308,0,0,1.4
75900.0,3.656961424287022e-05,220.48378466169154,297.64136922993026,2.314082995191318,0,0,0,0,0,0,0,0,0.0,0,0,1.4
75920.0,3.6467944270715454e-05,220.38004857511208,297.57134189536583,2.3065637036542213,0,0,0,0,0,0,0,0,2.245114060404246e-308,0,0,1.4
75940.0,3.6366519741612857e-05,220.2762684033393,297.5012683070493,2.2990655226182946,0,0,0,0,0,0,0,0,2.7900385485237214e-308,0,0,1.4
75960.00000000001,3.626534011772046e-05,220.17244450650412,297.4311486757154,2.291588403768059,0,0,0,0,0,0,0,0,2.2124060064404626e-308,0,0,1.4
75980.0,3.6164404861196503e-05,220.06857724473775,297.3609832120991,2.2841322987880504,0,0,0,0,0,0,0,0,1.0898489762383467e-308,0,0,1.4
76000.0,3.6063713434199064e-05,219.96466697817112,297.290772126935,2.276697159362791,0,0,0,0,0,0,0,0,0.0,0,0,1.4
76020.0,3.596326529998845e-05,219.86071406743594,297.2205156314461,2.2692829372550376,0,0,0,0,0,0,0,0,-6.015764994011443e-309,0,0,1.4
76040.0,3.5863059926233855e-05,219.75671887516668,297.1502139388079,2.2618895845404685,0,0,0,0,0,0,0,0,-7.475885759287575e-309,0,0,1.4
76060.0,3.5763096781706885e-05,219.6526817644988,297.0798672626839,2.2545170533730077,0,0,0,0,0,0,0,0,-5.928124027556944e-309,0,0,1.4
76080.0,3.5663375335178946e-05,219.54860309856744,297.0094758167377,2.247165295906565,0,0,0,0,0,0,0,0,-2.92024153055173e-309,0,0,1.4
76100.00000000001,3.556389505542145e-05,219.44448324050785,296.9390398146328,2.2398342642950477,0,0,0,0,0,0,0,0,0.0,0,0,1.4
76120.0,3.546465541229085e-05,219.34032255395164,296.8685594705222,2.232523910769613,0,0,0,0,0,0,0,0,1.61191937200059e-309,0,0,1.4
76140.0,3.536565587998282e-05,219.23612140451507,296.798035000516,2.225234187870327,0,0,0,0,0,0,0,0,2.003157551908073e-309,0,0,1.4
76160.0,3.526689593377798e-05,219.13188015831057,296.72746662121375,2.217965048214494,0,0,0,0,0,0,0,0,1.588436045815314e-309,0,0,1.4
76180.0,3.5168375048956836e-05,219.02759918145068,296.6568545492148,2.210716444419411,0,0,0,0,0,0,0,0,7.8247635981454e-310,0,0,1.4
76200.0,3.507009270080013e-05,218.92327884004797,296.58619900111887,2.2034883291023926,0,0,0,0,0,0,0,0,0.0,0,0,1.4
76220.0,3.497204836565614e-05,218.8189195007065,296.5155001940157,2.196280654956989,0,0,0,0,0,0,0,0,-4.31912493991644e-310,0,0,1.4
76240.0,3.4874241524144284e-05,218.71452153199652,296.44475834695686,2.189093374981767,0,0,0,0,0,0,0,0,-5.3674444834608e-310,0,0,1.4
76260.0,3.4776671657951655e-05,218.61008530297985,296.37397367948444,2.1819264422515396,0,0,0,0,0,0,0,0,-4.2562015570458e-310,0,0,1.4
76280.0,3.467933824876557e-05,218.50561118271844,296.3031464111404,2.174779809841135,0,0,0,0,0,0,0,0,-2.0966390870876e-310,0,0,1.4
76300.0,3.4582240778273115e-05,218.40109954027415,296.2322767614666,2.1676534308253688,0,0,0,0,0,0,0,0,0.0,0,0,1.4
76320.00000000001,3.448537872921229e-05,218.29655074519553,296.16136495049665,2.160547258354344,0,0,0,0,0,0,0,0,1.1573060396604e-310,0,0,1.4
76340.0,3.438875158852484e-05,218.19196516897884,296.0904112002299,2.153461245879345,0,0,0,0,0,0,0,0,1.43820241476247e-310,0,0,1.4
76360.0,3.429235884420318e-05,218.08734318360692,296.0194157331572,2.146395346926931,0,0,0,0,0,0,0,0,1.14044577003493e-310,0,0,1.4
76380.0,3.419619998423983e-05,217.98268516106273,295.94837877176934,2.1393495150236665,0,0,0,0,0,0,0,0,5.617927502051e-311,0,0,1.4
76400.0,3.41002744966272e-05,217.87799147332913,295.8773005385571,2.132323703696111,0,0,0,0,0,0,0,0,0.0,0,0,1.4
76420.0,3.4004581870392216e-05,217.77326249287114,295.8061812565038,2.125317866545189,0,0,0,0,0,0,0,0,-3.100992187225e-311,0,0,1.4
76440.0,3.390912159869884e-05,217.66849859408123,295.73502115056226,2.118331957469208,0,0,0,0,0,0,0,0,-3.85365175588e-311,0,0,1.4
76460.00000000001,3.381389317574527e-05,217.56370015183398,295.6638204461775,2.111365930440827,0,0,0,0,0,0,0,0,-3.0558152309224e-311,0,0,1.4
76480.0,3.371889609572996e-05,217.45886754100405,295.59257936879493,2.10441973943272,0,0,0,0,0,0,0,0,-1.50531913731e-311,0,0,1.4
76500.0,3.362412985285112e-05,217.3540011364659,295.52129814385967,2.0974933384175434,0,0,0,0,0,0,0,0,0.0,0,0,1.4
76520.0,3.352959394232501e-05,217.24910131357106,295.4499769973101,2.0905866814413874,0,0,0,0,0,0,0,0,8.30908352302e-312,0,0,1.4
76540.0,3.343528786343953e-05,217.14416844957856,295.37861615705765,2.083699722844039,0,0,0,0,0,0,0,0,1.032582875899e-311,0,0,1.4
76560.0,3.334121111650072e-05,217.0392029222246,295.30721585150707,2.076832417038725,0,0,0,0,0,0,0,0,8.188032233444e-312,0,0,1.4
76580.0,3.324736320181441e-05,216.9342051092452,295.23577630906266,2.0699847184386577,0,0,0,0,0,0,0,0,4.03349047194e-312,0,0,1.4
76600.00000000001,3.3153743619686457e-05,216.82917538837626,295.16429775812924,2.063156581457051,0,0,0,0,0,0,0,0,0.0,0,0,1.4
76620.0,3.3060351871424717e-05,216.7241141378258,295.0927804276054,2.0563479605796524,0,0,0,0,0,0,0,0,-2.22641221984e-312,0,0,1.4
76640.0,3.296718746234414e-05,216.61902173768874,295.02122454836575,2.0495588105822784,0,0,0,0,0,0,0,0,-2.766797477154e-312,0,0,1.4
76660.0,3.287424989876155e-05,216.5138985685318,294.94963035177875,2.0427890863132694,0,0,0,0,0,0,0,0,-2.193976624557e-312,0,0,1.4
76680.0,3.2781538686993724e-05,216.40874501092162,294.87799806921294,2.0360387426209625,0,0,0,0,0,0,0,0,-1.08077051464e-312,0,0,1.4
76700.0,3.2689053333357626e-05,216.30356144542512,294.80632793203716,2.029307734353709,0,0,0,0,0,0,0,0,0.0,0,0,1.4
76720.0,3.259679334515597e-05,216.19834825307547,294.73462017211443,2.022596016431479,0,0,0,0,0,0,0,0,5.9656535633e-313,0,0,1.4
76740.0,3.250475823363535e-05,216.09310581677192,294.6628750232866,2.015903544060783,0,0,0,0,0,0,0,0,7.4136114962e-313,0,0,1.4
76760.0,3.241294751102824e-05,215.98783451988007,294.59109271988996,2.009230272519757,0,0,0,0,0,0,0,0,5.8787426476e-313,0,0,1.4
76780.0,3.232136068956731e-05,215.8825347457659,294.5192734962612,2.002576157086557,0,0,0,0,0,0,0,0,2.895915866e-313,0,0,1.4
76800.0,3.2229997281485033e-05,215.77720687779498,294.4474175867366,1.9959411530393194,0,0,0,0,0,0,0,0,0.0,0,0,1.4
76820.00000000001,3.213885679998421e-05,215.67185129979413,294.37552522614783,1.9893252157269474,0,0,0,0,0,0,0,0,-1.5984920546e-313,0,0,1.4
76840.0,3.204793876214909e-05,215.56646839743456,294.3035966513073,1.982728300781416,0,0,0,0,0,0,0,0,-1.98647121344e-313,0,0,1.4
76860.0,3.195724268603407e-05,215.4610585568484,294.23163209952264,1.9761503639054483,0,0,0,0,0,0,0,0,-1.57520434496e-313,0,0,1.4
76880.0,3.1866768089693596e-05,215.3556221641678,294.1596318081012,1.9695913608017745,0,0,0,0,0,0,0,0,-7.7595831763e-314,0,0,1.4
76900.0,3.1776514491182054e-05,215.25015960552494,294.0875960143507,1.9630512471731192,0,0,0,0,0,0,0,0,0.0,0,0,1.4
76920.0,3.168648140950895e-05,215.1446712675077,294.0155249560744,1.956529978792133,0,0,0,0,0,0,0,0,4.283146551e-314,0,0,1.4
76940.0,3.1596668367503284e-05,215.03915753852593,293.9434188730581,1.9500275117111066,0,0,0,0,0,0,0,0,5.3227335743e-314,0,0,1.4
76960.00000000001,3.150707488894899e-05,214.93361880744516,293.8712780055832,1.9435438020522415,0,0,0,0,0,0,0,0,4.220747322e-314,0,0,1.4
76980.0,3.1417700497630165e-05,214.82805546313105,293.7991025939313,1.9370788059377548,0,0,0,0,0,0,0,0,2.0791740454e-314,0,0,1.4
77000.0,3.132854471733074e-05,214.7224678944491,293.726892878384,1.9306324794898493,0,0,0,0,0,0,0,0,0.0,0,0,1.4
77020.0,3.123960707277445e-05,214.6168564907147,293.6546490997186,1.9242047788998105,0,0,0,0,0,0,0,0,-1.1476656594e-314,0,0,1.4
77040.0,3.115088709244401e-05,214.5112216430425,293.5823715006966,1.9177956606352315,0,0,0,0,0,0,0,0,-1.4262221625e-314,0,0,1.4
77060.0,3.106238430576203e-05,214.40556374299743,293.5100603245753,1.9114050812327987,0,0,0,0,0,0,0,0,-1.1309458366e-314,0,0,1.4
77080.0,3.097409824215096e-05,214.2998831821441,293.4377158146122,1.9050329972291842,0,0,0,0,0,0,0,0,-5.571130067e-315,0,0,1.4
77100.00000000001,3.0886028431033246e-05,214.19418035204708,293.36533821406465,1.8986793651610594,0,0,0,0,0,0,0,0,0.0,0,0,1.4
77120.0,3.0798174402756355e-05,214.08845564471528,293.2929277666862,1.8923441416333724,0,0,0,0,0,0,0,0,3.075160863e-315,0,0,1.4
77140.0,3.0710535691366885e-05,213.98270945393372,293.22048471821563,1.8860272835241059,0,0,0,0,0,0,0,0,3.82155077e-315,0,0,1.4
77160.0,3.062311183183632e-05,213.87694217393158,293.1480093148875,1.8797287477795097,0,0,0,0,0,0,0,0,3.030360236e-315,0,0,1.4
77180.0,3.053590235913612e-05,213.77115419893786,293.0755018029368,1.8734484913458285,0,0,0,0,0,0,0,0,1.492779804e-315,0,0,1.4
77200.0,3.0448906808237878e-05,213.66534592318197,293.0029624285982,1.8671864711693198,0,0,0,0,0,0,0,0,0.0,0,0,1.4
77220.0,3.0362124715023158e-05,213.55951774133106,292.930391438603,1.8609426442636905,0,0,0,0,0,0,0,0,-8.2398687e-316,0,0,1.4
77240.0,3.0275555619014015e-05,213.45367004980486,292.8577890816677,1.8547169679124949,0,0,0,0,0,0,0,0,-1.02398144e-315,0,0,1.4
77260.0,3.0189199060642585e-05,213.34780324546105,292.78515560700504,1.8485093994667448,0,0,0,0,0,0,0,0,-8.11982576e-316,0,0,1.4
77280.0,3.0103054580341155e-05,213.24191772515772,292.7124912638281,1.842319896277464,0,0,0,0,0,0,0,0,-3.99989144e-316,0,0,1.4
77300.0,3.0017121718541873e-05,213.1360138857525,292.6397963013495,1.8361484156956642,0,0,0,0,0,0,0,0,0.0,0,0,1.4
77320.00000000001,2.9931400016572504e-05,213.0300921245353,292.5670709692787,1.8299949151390364,0,0,0,0,0,0,0,0,2.2078662e-316,0,0,1.4
77340.0,2.984588901934358e-05,212.92415284052444,292.4943155193105,1.823859352291998,0,0,0,0,0,0,0,0,2.74375e-316,0,0,1.4
77360.0,2.976058827266115e-05,212.81819643317016,292.4215302036358,1.8177416849056356,0,0,0,0,0,0,0,0,2.17570073e-316,0,0,1.4
77380.0,2.967549732233128e-05,212.71222330192276,292.348715274446,1.8116418707310364,0,0,0,0,0,0,0,0,1.07176766e-316,0,0,1.4
77400.0,2.9590615714159995e-05,212.6062338462325,292.27587098393224,1.8055598675192872,0,0,0,0,0,0,0,0,0.0,0,0,1.4
77420.0,2.950594299483487e-05,212.50022846597562,292.20299758478194,1.7994956330873957,0,0,0,0,0,0,0,0,-5.9159593e-317,0,0,1.4
77440.0,2.9421478714568842e-05,212.39420756273168,292.13009533166746,1.793449125516002,0,0,0,0,0,0,0,0,-7.3518554e-317,0,0,1.4
77460.00000000001,2.9337222424456207e-05,212.28817153850585,292.0571644797575,1.7874203029516569,0,0,0,0,0,0,0,0,-5.829773e-317,0,0,1.4
77480.0,2.9253173675591452e-05,212.18212079530375,291.9842052842208,1.7814091235409235,0,0,0,0,0,0,0,0,-2.871793e-317,0,0,1.4
77500.0,2.9169332019068893e-05,212.0760557351306,291.9112180002261,1.775415545430352,0,0,0,0,0,0,0,0,0.0,0,0,1.4
77520.0,2.9085697006850247e-05,211.96997676041138,291.83820288343804,1.7694395268316596,0,0,0,0,0,0,0,0,1.5851765e-317,0,0,1.4
77540.0,2.9002268194366625e-05,211.86388427524918,291.7651601915057,1.7634810262172058,0,0,0,0,0,0,0,0,1.9699237e-317,0,0,1.4
77560.0,2.8919045137916685e-05,211.75777868416682,291.6920901825742,1.7575400021245233,0,0,0,0,0,0,0,0,1.562083e-317,0,0,1.4
77580.0,2.8836027393798892e-05,211.651660391687,291.6189931147886,1.7516164130911338,0,0,0,0,0,0,0,0,7.69495e-318,0,0,1.4
77600.00000000001,2.8753214518311725e-05,211.54552980233234,291.545869246294,1.7457102176545576,0,0,0,0,0,0,0,0,0.0,0,0,1.4
77620.0,2.8670606068607364e-05,211.43938732103877,291.4727188357312,1.7398213744167543,0,0,0,0,0,0,0,0,-4.247463e-318,0,0,1.4
77640.0,2.858820160525197e-05,211.33323335439414,291.39954214372364,1.7339498422373762,0,0,0,0,0,0,0,0,-5.278395e-318,0,0,1.4
77660.0,2.8506000689665292e-05,211.22706830939944,291.3263394313906,1.7280955800405051,0,0,0,0,0,0,0,0,-4.185586e-318,0,0,1.4
77680.0,2.8424002883267024e-05,211.1208925930556,291.2531109598512,1.7222585467502203,0,0,0,0,0,0,0,0,-2.061855e-318,0,0,1.4
77700.0,2.834220774747704e-05,211.01470661236368,291.1798569902247,1.7164387012906117,0,0,0,0,0,0,0,0,0.0,0,0,1.4
77720.0,2.826061484455496e-05,210.90851077473116,291.10657778412565,1.7106360026494658,0,0,0,0,0,0,0,0,1.138105e-318,0,0,1.4
77740.0,2.817922374012024e-05,210.80230548919164,291.0332736051494,1.704850410069406,0,0,0,0,0,0,0,0,1.41434e-318,0,0,1.4
77760.0,2.8098034000632226e-05,210.69609116518507,290.9599447173869,1.6990818828567615,0,0,0,0,0,0,0,0,1.121524e-318,0,0,1.4
77780.0,2.8017045192550416e-05,210.5898682121517,290.8865913849289,1.6933303803178719,0,0,0,0,0,0,0,0,5.5247e-319,0,0,1.4
77800.0,2.7936256882334145e-05,210.4836370395316,290.81321387186625,1.6875958617590645,0,0,0,0,0,0,0,0,0.0,0,0,1.4
77820.00000000001,2.7855668637269315e-05,210.37739805716447,290.7398124427842,1.6818782865496738,0,0,0,0,0,0,0,0,-3.04957e-319,0,0,1.4
77840.0,2.7775280027948225e-05,210.27115167648924,290.6663873642469,1.676177614311064,0,0,0,0,0,0,0,0,-3.78973e-319,0,0,1.4
77860.0,2.769509062578956e-05,210.16489830934435,290.5929389033128,1.6704938047275935,0,0,0,0,0,0,0,0,-3.0051e-319,0,0,1.4
77880.0,2.7615100002212077e-05,210.05863836756836,290.5194673270407,1.6648268174836236,0,0,0,0,0,0,0,0,-1.4803e-319,0,0,1.4
77900.0,2.7535307728634468e-05,209.9523722629997,290.44597290248885,1.6591766122635139,0,0,0,0,0,0,0,0,0.0,0,0,1.4
77920.0,2.7455713377288964e-05,209.84610040786995,290.3724558972101,1.6535431488139507,0,0,0,0,0,0,0,0,8.171e-320,0,0,1.4
77940.0,2.7376316523661184e-05,209.7398232159822,290.2989165807327,1.6479263871308798,0,0,0,0,0,0,0,0,1.0155e-319,0,0,1.4
77960.00000000001,2.7297116744050082e-05,209.63354110153253,290.2253552230786,1.6423262872725632,0,0,0,0,0,0,0,0,8.052e-320,0,0,1.4
77980.0,2.7218113614754824e-05,209.52725447871723,290.1517720942704,1.6367428092972751,0,0,0,0,0,0,0,0,3.9664e-320,0,0,1.4
78000.0,2.713930671207438e-05,209.4209637617323,290.0781674643303,1.6311759132632782,0,0,0,0,0,0,0,0,0.0,0,0,1.4
78020.0,2.7060695613108214e-05,209.31466936515986,290.0045416037735,1.625625559290484,0,0,0,0,0,0,0,0,-2.1897e-320,0,0,1.4
78040.0,2.698227989815743e-05,209.20837170512561,289.93089478508756,1.6200917077453814,0,0,0,0,0,0,0,0,-2.721e-320,0,0,1.4
78060.0,2.6904059148323723e-05,209.10207119814146,289.8572272812533,1.614574319056115,0,0,0,0,0,0,0,0,-2.158e-320,0,0,1.4
78080.0,2.682603294470863e-05,208.9957682607191,289.7835393652515,1.6090733536508182,0,0,0,0,0,0,0,0,-1.0627e-320,0,0,1.4
78100.00000000001,2.6748200868413678e-05,208.88946330937026,289.70983131006267,1.6035887719576252,0,0,0,0,0,0,0,0,0.0,0,0,1.4
78120.0,2.6670562501328218e-05,208.78315676098563,289.63610338915976,1.5981205344656677,0,0,0,0,0,0,0,0,5.87e-321,0,0,1.4
78140.0,2.659311742849211e-05,208.67684903397102,289.56235587798386,1.5926686019080154,0,0,0,0,0,0,0,0,7.29e-321,0,0,1.4
78160.0,2.651586523573289e-05,208.57054054711125,289.48858905246817,1.587232935078727,0,0,0,0,0,0,0,0,5.786e-321,0,0,1.4
78180.0,2.643880550887807e-05,208.464231719191,289.4148031885458,1.5818134947718598,0,0,0,0,0,0,0,0,2.85e-321,0,0,1.4
78200.0,2.6361937833755323e-05,208.35792296899507,289.3409985621503,1.5764102417814811,0,0,0,0,0,0,0,0,0.0,0,0,1.4
78220.0,2.628526179696727e-05,208.25161471567986,289.2671754497055,1.571023136961992,0,0,0,0,0,0,0,0,-1.576e-321,0,0,1.4
78240.0,2.6208776988217073e-05,208.14530737988812,289.19333412959975,1.5656521414091757,0,0,0,0,0,0,0,0,-1.95e-321,0,0,1.4
78260.0,2.6132482997982975e-05,208.03900138263427,289.11947488071183,1.560297216279159,0,0,0,0,0,0,0,0,-1.546e-321,0,0,1.4
78280.0,2.6056379416743374e-05,207.93269714493292,289.04559798192105,1.5549583227280783,0,0,0,0,0,0,0,0,-7.66e-322,0,0,1.4
78300.0,2.5980465834976508e-05,207.82639508779835,288.9717037121063,1.549635421912059,0,0,0,0,0,0,0,0,0.0,0,0,1.4
78320.00000000001,2.5904741843923376e-05,207.7200956326092,288.8977923506365,1.5443284750469422,0,0,0,0,0,0,0,0,4.25e-322,0,0,1.4
78340.0,2.5829207037876212e-05,207.6137992022012,288.8238641788389,1.5390374435874437,0,0,0,0,0,0,0,0,5.24e-322,0,0,1.4
78360.0,2.5753861011889857e-05,207.50750621977397,288.7499194785308,1.5337622890479816,0,0,0,0,0,0,0,0,4.15e-322,0,0,1.4
78380.0,2.5678703361019195e-05,207.4012171085274,288.67595853152915,1.5285029729429804,0,0,0,0,0,0,0,0,2.03e-322,0,0,1.4
78400.0,2.560373368031907e-05,207.29493229166115,288.6019816196512,1.5232594567868587,0,0,0,0,0,0,0,0,0.0,0,0,1.4
78420.0,2.5528951565595105e-05,207.18865219273195,288.5279890252025,1.5180317021531495,0,0,0,0,0,0,0,0,-1.1e-322,0,0,1.4
78440.0,2.5454356615655263e-05,207.08237723672346,288.4539810324416,1.512819670851783,0,0,0,0,0,0,0,0,-1.43e-322,0,0,1.4
78460.00000000001,2.537994843005815e-05,206.97610784897626,288.37995792611554,1.507623324751791,0,0,0,0,0,0,0,0,-1.1e-322,0,0,1.4
78480.0,2.5305726608362507e-05,206.86984445483102,288.30591999097146,1.5024426257222172,0,0,0,0,0,0,0,0,-6e-323,0,0,1.4
78500.0,2.5231690750126944e-05,206.7635874796283,288.2318675117564,1.4972775356320938,0,0,0,0,0,0,0,0,0.0,0,0,1.4
78520.0,2.515784045564878e-05,206.65733734905777,288.1578007737039,1.4921280164089583,0,0,0,0,0,0,0,0,3e-323,0,0,1.4
78540.0,2.5084175328180037e-05,206.55109449020551,288.08372006399463,1.4869940302143496,0,0,0,0,0,0,0,0,4e-323,0,0,1.4
78560.0,2.5010694971711553e-05,206.44485933050694,288.0096256702959,1.4818755392683198,0,0,0,0,0,0,0,0,3e-323,0,0,1.4
78580.0,2.4937398990234032e-05,206.33863229739723,287.9355178802749,1.4767725057909098,0,0,0,0,0,0,0,0,2e-323,0,0,1.4
78600.00000000001,2.486428698773815e-05,206.23241381831158,287.8613969815988,1.4716848920021601,0,0,0,0,0,0,0,0,0.0,0,0,1.4
78620.0,2.4791358568941703e-05,206.12620432102685,287.78726326241997,1.4666126601800378,0,0,0,0,0,0,0,0,-5e-324,0,0,1.4
78640.0,2.4718613341470006e-05,206.0200042346854,287.7131170128308,1.4615557728341584,0,0,0,0,0,0,0,0,-1.5e-323,0,0,1.4
78660.0,2.46460509136754e-05,205.91381398877104,287.6389585234089,1.4565141925320564,0,0,0,0,0,0,0,0,-5e-324,0,0,1.4
78680.0,2.457367089391013e-05,205.80763401276772,287.5647880847315,1.4514878818412624,0,0,0,0,0,0,0,0,-1e-323,0,0,1.4
78700.0,2.4501472890526628e-05,205.70146473615932,287.4906059873763,1.446476803329318,0,0,0,0,0,0,0,0,0.0,0,0,1.4
78720.0,2.442945651259254e-05,205.5953065887633,287.4164125224038,1.4414809196210963,0,0,0,0,0,0,0,0,5e-324,0,0,1.4
78740.0,2.4357621372037097e-05,205.48916000173128,287.3422079828073,1.4365001935708432,0,0,0,0,0,0,0,0,0.0,0,0,1.4
78760.0,2.4285967081504875e-05,205.3830254065485,287.26799266206325,1.4315345880901436,0,0,0,0,0,0,0,0,5e-324,0,0,1.4
78780.0,2.421449325364058e-05,205.27690323470034,287.1937668536483,1.4265840660905922,0,0,0,0,0,0,0,0,0.0,0,0,1.4
78800.0,2.414319950108879e-05,205.170793917672,287.1195308510388,1.4216485904837741,0,0,0,0,0,0,0,0,-5e-324,0,0,1.4
78820.00000000001,2.4072085437198084e-05,205.06469788727418,287.0452849481924,1.4167281242380563,0,0,0,0,0,0,0,0,0.0,0,0,1.4
78840.0,2.400115067813326e-05,204.95861557662025,286.97102944099123,1.4118226305489436,0,0,0,0,0,0,0,0,0.0,0,0,1.4
78860.0,2.3930394840762976e-05,204.85254741914878,286.8967646257988,1.4069320726687138,0,0,0,0,0,0,0,0,0.0,0,0,1.4
78880.0,2.385981754195596e-05,204.74649384829848,286.8224907989784,1.4020564138496467,0,0,0,0,0,0,0,0,0.0,0,0,1.4
78900.0,2.3789418398580863e-05,204.640455297508,286.7482082568934,1.3971956173440199,0,0,0,0,0,0,0,0,0.0,0,0,1.4
78920.0,2.3719197028199353e-05,204.53443220053367,286.67391729638626,1.3923496464603562,0,0,0,0,0,0,0,0,0.0,0,0,1.4
78940.0,2.3649153051144366e-05,204.42842499240146,286.599618216215,1.3875184647321106,0,0,0,0,0,0,0,0,0.0,0,0,1.4
78960.00000000001,2.357928608844168e-05,204.3224341084548,286.52531131561693,1.382702035748974,0,0,0,0,0,0,0,0,0.0,0,0,1.4
78980.0,2.3509595761117236e-05,204.21645998403727,286.4509968938293,1.3779003231006475,0,0,0,0,0,0,0,0,0.0,0,0,1.4
79000.0,2.3440081690196802e-05,204.11050305449237,286.3766752500892,1.3731132903768217,0,0,0,0,0,0,0,0,0.0,0,0,1.4
79020.0,2.3370743497388105e-05,204.00456375547284,286.3023466841105,1.3683409012228924,0,0,0,0,0,0,0,0,0.0,0,0,1.4
79040.0,2.3301580807126307e-05,203.89864252386855,286.22801149751376,1.3635831195070616,0,0,0,0,0,0,0,0,0.0,0,0,1.4
79060.0,2.3232593244528596e-05,203.7927397968789,286.15366999239615,1.3588399091532424,0,0,0,0,0,0,0,0,0.0,0,0,1.4
79080.0,2.3163780434712025e-05,203.68685601170296,286.07932247085483,1.3541112340853378,0,0,0,0,0,0,0,0,0.0,0,0,1.4
79100.00000000001,2.309514200279364e-05,203.5809916055399,286.00496923498713,1.3493970582272519,0,0,0,0,0,0,0,0,0.0,0,0,1.4
79120.0,2.3026677574561704e-05,203.47514701588997,285.9306105873643,1.3446973455580773,0,0,0,0,0,0,0,0,0.0,0,0,1.4
79140.0,2.295838677848865e-05,203.36932268145677,285.85624683245425,1.3400120602776167,0,0,0,0,0,0,0,0,0.0,0,0,1.4
79160.0,2.289026924371805e-05,203.26351904124465,285.7818782751987,1.335341166640855,0,0,0,0,0,0,0,0,0.0,0,0,1.4
79180.0,2.2822324599393398e-05,203.15773653425805,285.70750522053976,1.3306846289027747,0,0,0,0,0,0,0,0,0.0,0,0,1.4
79200.0,2.275455247465836e-05,203.05197559950162,285.63312797341933,1.3260424113183678,0,0,0,0,0,0,0,0,0.0,0,0,1.4
79220.0,2.268695249931693e-05,202.9462366762722,285.55874683925083,1.3214144781972879,0,0,0,0,0,0,0,0,0.0,0,0,1.4
79240.0,2.261952430581508e-05,202.84052020503685,285.48436212533386,1.31680079406788,0,0,0,0,0,0,0,0,0.0,0,0,1.4
79260.0,2.2552267527259237e-05,202.73482662655482,285.4099741394394,1.312201323513158,0,0,0,0,0,0,0,0,0.0,0,0,1.4
79280.0,2.2485181796755942e-05,202.62915638158586,285.3355831893384,1.3076160311161455,0,0,0,0,0,0,0,0,0.0,0,0,1.4
79300.0,2.241826674741162e-05,202.5235099108893,285.26118958280205,1.3030448814598559,0,0,0,0,0,0,0,0,0.0,0,0,1.4
79320.00000000001,2.2351522012982733e-05,202.41788765550834,285.1867936280699,1.2984878391814771,0,0,0,0,0,0,0,0,0.0,0,0,1.4
79340.0,2.228494722982613e-05,202.31229005762185,285.1123956352561,1.2939448691349025,0,0,0,0,0,0,0,0,0.0,0,0,1.4
79360.0,2.2218542034948555e-05,202.20671755969215,285.03799591494356,1.2894159362281898,0,0,0,0,0,0,0,0,0.0,0,0,1.4
79380.0,2.215230606535681e-05,202.1011706041818,284.9635947777149,1.2849010053694,0,0,0,0,0,0,0,0,0.0,0,0,1.4
79400.0,2.208623895805764e-05,201.99564963355317,284.8891925341529,1.2804000414665915,0,0,0,0,0,0,0,0,0.0,0,0,1.4
79420.0,2.202034035069777e-05,201.8901550905441,284.8147894953062,1.2759130094815205,0,0,0,0,0,0,0,0,0.0,0,0,1.4
79440.0,2.195460988348305e-05,201.7846874189932,284.7403859740857,1.271439874590693,0,0,0,0,0,0,0,0,0.0,0,0,1.4
79460.00000000001,2.1889047197259142e-05,201.67924706301415,284.6659822838683,1.266980602024304,0,0,0,0,0,0,0,0,0.0,0,0,1.4
79480.0,2.182365193287187e-05,201.57383446672097,284.5915787380308,1.2625351570125583,0,0,0,0,0,0,0,0,0.0,0,0,1.4
79500.0,2.1758423731166905e-05,201.46845007422735,284.5171756499501,1.2581035047856506,0,0,0,0,0,0,0,0,0.0,0,0,1.4
79520.0,2.1693362233619724e-05,201.3630943299135,284.4427733334653,1.2536856106269951,0,0,0,0,0,0,0,0,0.0,0,0,1.4
79540.0,2.162846708422482e-05,201.25776767922494,284.3683721042655,1.249281440032865,0,0,0,0,0,0,0,0,0.0,0,0,1.4
79560.0,2.156373792760658e-05,201.15247056787368,284.29397227850217,1.2448909585527583,0,0,0,0,0,0,0,0,0.0,0,0,1.4
79580.0,2.1499174408389253e-05,201.04720344157158,284.2195741723267,1.240514131736164,0,0,0,0,0,0,0,0,0.0,0,0,1.4
79600.00000000001,2.1434776171197093e-05,200.94196674603046,284.1451781018905,1.236150925132571,0,0,0,0,0,0,0,0,0.0,0,0,1.4
79620.0,2.137054286127437e-05,200.83676092721987,284.07078438380427,1.231801304344231,0,0,0,0,0,0,0,0,0.0,0,0,1.4
79640.0,2.1306474126344738e-05,200.73158643213898,283.996393336515,1.2274652351844015,0,0,0,0,0,0,0,0,0.0,0,0,1.4
79660.0,2.1242569614751787e-05,200.62644370804466,283.92200527892885,1.223142683519096,0,0,0,0,0,0,0,0,0.0,0,0,1.4
79680.0,2.1178828974839056e-05,200.52133320219357,283.8476205299519,1.218833615214326,0,0,0,0,0,0,0,0,0.0,0,0,1.4
79700.0,2.1115251854950222e-05,200.4162553618427,283.7732394084904,1.2145379961361107,0,0,0,0,0,0,0,0,0.0,0,0,1.4
79720.0,2.1051837904039005e-05,200.31121063449717,283.6988622339061,1.2102557922027644,0,0,0,0,0,0,0,0,0.0,0,0,1.4
79740.0,2.098858677349992e-05,200.20619946865597,283.624489327383,1.205986969541815,0,0,0,0,0,0,0,0,0.0,0,0,1.4
79760.0,2.0925498115337606e-05,200.10122231306644,283.5501210105606,1.2017314943330908,0,0,0,0,0,0,0,0,0.0,0,0,1.4
79780.0,2.0862571581556853e-05,199.9962796164762,283.47575760507857,1.1974893327564284,0,0,0,0,0,0,0,0,0.0,0,0,1.4
79800.0,2.0799806824162295e-05,199.89137182763258,283.40139943257657,1.1932604509916562,0,0,0,0,0,0,0,0,0.0,0,0,1.4
79820.00000000001,2.073720349575925e-05,199.78649939552224,283.32704681514576,1.1890448152704645,0,0,0,0,0,0,0,0,0.0,0,0,1.4
79840.0,2.0674761251355737e-05,199.68166277008896,283.25270007668496,1.1848423920319997,0,0,0,0,0,0,0,0,0.0,0,0,1.4
79860.0,2.0612479746560324e-05,199.5768624015157,283.1783595415446,1.180653147767263,0,0,0,0,0,0,0,0,0.0,0,0,1.4
79880.0,2.0550358636981608e-05,199.47209873998534,283.10402553407516,1.1764770489672576,0,0,0,0,0,0,0,0,0.0,0,0,1.4
79900.0,2.0488397578228143e-05,199.36737223568088,283.029698378627,1.1723140621229837,0,0,0,0,0,0,0,0,0.0,0,0,1.4
79920.0,2.042659622649992e-05,199.26268333901538,282.95537839999866,1.1681641537768839,0,0,0,0,0,0,0,0,0.0,0,0,1.4
79940.0,2.036495424036202e-05,199.15803250132217,282.88106592478033,1.1640272906771252,0,0,0,0,0,0,0,0,0.0,0,0,1.4
79960.00000000001,2.0303471278970813e-05,199.05342017416447,282.80676128000994,1.1599034396233066,0,0,0,0,0,0,0,0,0.0,0,0,1.4
79980.0,2.0242147001482808e-05,198.94884680910593,282.7324647927259,1.155792567415037,0,0,0,0,0,0,0,0,0.0,0,0,1.4
80000.0,2.0180981067054384e-05,198.84431285770975,282.6581767899662,1.1516946408519164,0,0,0,0,0,0,0,0,0.0,0,0,1.4
80020.0,2.0119973135424078e-05,198.73981877176004,282.58389759921283,1.1476096267845608,0,0,0,0,0,0,0,0,0.0,0,0,1.4
80040.0,2.0059122868658846e-05,198.63536500392345,282.50962754972295,1.1435374922676371,0,0,0,0,0,0,0,0,0.0,0,0,1.4
80060.0,1.9998429929407885e-05,198.53095200708756,282.4353669711976,1.1394782044068348,0,0,0,0,0,0,0,0,0.0,0,0,1.4
80080.0,1.9937893980320265e-05,198.42658023413972,282.3611161933379,1.1354317303078345,0,0,0,0,0,0,0,0,0.0,0,0,1.4
80100.00000000001,1.9877514684045064e-05,198.3222501379673,282.2868755458448,1.1313980370763168,0,0,0,0,0,0,0,0,0.0,0,0,1.4
80120.0,1.9817291703804585e-05,198.2179621716691,282.2126453588589,1.127377091868576,0,0,0,0,0,0,0,0,0.0,0,0,1.4
80140.0,1.975722470511346e-05,198.1137167891886,282.13842596427884,1.1233688620433178,0,0,0,0,0,0,0,0,0.0,0,0,1.4
80160.0,1.9697313354059488e-05,198.00951444468066,282.064217694443,1.119373315009856,0,0,0,0,0,0,0,0,0.0,0,0,1.4
80180.0,1.9637557316730395e-05,197.9053555923,281.9900208816894,1.1153904181775012,0,0,0,0,0,0,0,0,0.0,0,0,1.4
80200.0,1.957795625921406e-05,197.8012406862016,281.9158358583565,1.111420138955573,0,0,0,0,0,0,0,0,0.0,0,0,1.4
80220.0,1.9518509848162494e-05,197.6971701807418,281.8416629572174,1.107462444803587,0,0,0,0,0,0,0,0,0.0,0,0,1.4
80240.0,1.9459217752484773e-05,197.59314453108362,281.7675025127855,1.1035173033818835,0,0,0,0,0,0,0,0,0.0,0,0,1.4
80260.0,1.9400079641654227e-05,197.48916419259152,281.6933548600091,1.0995846824010056,0,0,0,0,0,0,0,0,0.0,0,0,1.4
80280.0,1.934109518514429e-05,197.38522962063024,281.6192203338365,1.0956645495715032,0,0,0,0,0,0,0,0,0.0,0,0,1.4
80300.0,1.9282264052428268e-05,197.2813412705643,281.5450992692161,1.0917568726039197,0,0,0,0,0,0,0,0,0.0,0,0,1.4
80320.00000000001,1.922358591353507e-05,197.17749959795023,281.47099200152655,1.0878616192586135,0,0,0,0,0,0,0,0,0.0,0,0,1.4
80340.0,1.916506044071608e-05,197.073705059113,281.3968988678682,1.0839787574952184,0,0,0,0,0,0,0,0,0.0,0,0,1.4
80360.0,1.9106687306778138e-05,196.96995811056942,281.3228202057717,1.080108255323176,0,0,0,0,0,0,0,0,0.0,0,0,1.4
80380.0,1.9048466184528133e-05,196.86625920883628,281.24875635276754,1.07625008075193,0,0,0,0,0,0,0,0,0.0,0,0,1.4
80400.0,1.899039674677291e-05,196.76260881043038,281.17470764638654,1.0724042017909223,0,0,0,0,0,0,0,0,0.0,0,0,1.4
80420.0,1.8932478666866514e-05,196.6590073720509,281.10067442458484,1.0685705864990391,0,0,0,0,0,0,0,0,0.0,0,0,1.4
80440.0,1.8874711620351183e-05,196.5554553511255,281.02665702702006,1.0647492031329002,0,0,0,0,0,0,0,0,0.0,0,0,1.4
80460.00000000001,1.8817095283316213e-05,196.45195320526403,280.9526557937755,1.060940019998563,0,0,0,0,0,0,0,0,0.0,0,0,1.4
80480.0,1.8759629331851034e-05,196.3485013920765,280.87867106493445,1.057143005402092,0,0,0,0,0,0,0,0,0.0,0,0,1.4
80500.0,1.8702313442044948e-05,196.2451003691728,280.80470318058,1.0533581276495443,0,0,0,0,0,0,0,0,0.0,0,0,1.4
80520.0,1.8645147290526034e-05,196.1417505943352,280.73075248121586,1.049585355096044,0,0,0,0,0,0,0,0,0.0,0,0,1.4
80540.0,1.8588130556077212e-05,196.03845252603548,280.656819309027,1.0458246562929743,0,0,0,0,0,0,0,0,0.0,0,0,1.4
80560.0,1.8531262918020267e-05,195.93520662291814,280.58290400661934,1.042075999840791,0,0,0,0,0,0,0,0,0.0,0,0,1.4
80580.0,1.8474544055676842e-05,195.83201334362727,280.50900691659814,1.0383393543399422,0,0,0,0,0,0,0,0,0.0,0,0,1.4
80600.00000000001,1.84179736483686e-05,195.72887314680708,280.43512838156903,1.034614688390876,0,0,0,0,0,0,0,0,0.0,0,0,1.4
80620.0,1.8361551375947855e-05,195.6257864912644,280.3612687445527,1.0309019706427516,0,0,0,0,0,0,0,0,0.0,0,0,1.4
80640.0,1.8305276920388986e-05,195.52275383645542,280.28742835023013,1.027201169939534,0,0,0,0,0,0,0,0,0.0,0,0,1.4
80660.0,1.8249149964196928e-05,195.41977564199874,280.2136075436971,1.0235122551738942,0,0,0,0,0,0,0,0,0.0,0,0,1.4
80680.0,1.819317018987662e-05,195.31685236751298,280.1398066700496,1.0198351952385003,0,0,0,0,0,0,0,0,0.0,0,0,1.4
80700.0,1.8137337279933087e-05,195.21398447261691,280.0660260743839,1.016169959026029,0,0,0,0,0,0,0,0,0.0,0,0,1.4
80720.0,1.808165091739376e-05,195.11117241708143,279.9922661022053,1.012516515477498,0,0,0,0,0,0,0,0,0.0,0,0,1.4
80740.0,1.802611078737616e-05,195.008416661287,279.91852710065757,1.0088748337273281,0,0,0,0,0,0,0,0,0.0,0,0,1.4
80760.0,1.7970716575520294e-05,194.90571766576616,279.84480941729424,1.0052448829582874,0,0,0,0,0,0,0,0,0.0,0,0,1.4
80780.0,1.791546796746628e-05,194.80307589105183,279.7711133996685,1.001626632353152,0,0,0,0,0,0,0,0,0.0,0,0,1.4
80800.0,1.7860364648854116e-05,194.70049179767668,279.6974393953339,0.9980200510946903,0,0,0,0,0,0,0,0,0.0,0,0,1.4
80820.00000000001,1.7805406305838454e-05,194.59796584631545,279.62378775224744,0.9944251084136746,0,0,0,0,0,0,0,0,0.0,0,0,1.4
80840.0,1.775059262663261e-05,194.49549849821216,279.55015881998196,0.9908417737329056,0,0,0,0,0,0,0,0,0.0,0,0,1.4
80860.0,1.769592329996442e-05,194.39309021475265,279.47655294851387,0.9872700165231809,0,0,0,0,0,0,0,0,0.0,0,0,1.4
80880.0,1.7641398014561785e-05,194.29074145732284,279.4029704878196,0.9837098062553005,0,0,0,0,0,0,0,0,0.0,0,0,1.4
80900.0,1.7587016459152556e-05,194.18845268730863,279.32941178787564,0.9801611124000615,0,0,0,0,0,0,0,0,0.0,0,0,1.4
80920.0,1.7532778322971615e-05,194.08622436622812,279.25587719905644,0.9766239044759383,0,0,0,0,0,0,0,0,0.0,0,0,1.4
80940.0,1.747868329728151e-05,193.98405695612712,279.1823670733282,0.9730981521920719,0,0,0,0,0,0,0,0,0.0,0,0,1.4
80960.00000000001,1.7424731073851692e-05,193.88195091918345,279.10888176305485,0.9695838253052721,0,0,0,0,0,0,0,0,0.0,0,0,1.4
80980.0,1.7370921344451746e-05,193.77990671757513,279.03542162060074,0.9660808935723568,0,0,0,0,0,0,0,0,0.0,0,0,1.4
81000.0,1.7317253800851145e-05,193.67792481347993,278.9619869983297,0.9625893267501358,0,0,0,0,0,0,0,0,0.0,0,0,1.4
81020.0,1.7263728135318764e-05,193.57600566919743,278.88857824899765,0.959109094642761,0,0,0,0,0,0,0,0,0.0,0,0,1.4
81040.0,1.721034404212093e-05,193.4741497475134,278.8151957269275,0.95564016724374,0,0,0,0,0,0,0,0,0.0,0,0,1.4
81060.0,1.7157101216023476e-05,193.37235751133557,278.74183978683385,0.9521825145939267,0,0,0,0,0,0,0,0,0.0,0,0,1.4
81080.0,1.71039993517921e-05,193.27062942357145,278.66851078343126,0.9487361067341682,0,0,0,0,0,0,0,0,0.0,0,0,1.4
81100.00000000001,1.705103814419253e-05,193.16896594712847,278.59520907143434,0.9453009137053112,0,0,0,0,0,0,0,0,0.0,0,0,1.4
81120.0,1.6998217288482545e-05,193.0673675450256,278.5219350059432,0.941876905595229,0,0,0,0,0,0,0,0,0.0,0,0,1.4
81140.0,1.6945536481887724e-05,192.96583468072672,278.4486889435995,0.938464052679863,0,0,0,0,0,0,0,0,0.0,0,0,1.4
81160.0,1.6892995422125634e-05,192.86436781780696,278.37547124143066,0.9350623252821759,0,0,0,0,0,0,0,0,0.0,0,0,1.4
81180.0,1.684059380691382e-05,192.7629674198415,278.3022822564637,0.9316716937251285,0,0,0,0,0,0,0,0,0.0,0,0,1.4
81200.0,1.6788331333969947e-05,192.6616339504056,278.229122345726,0.928292128331688,0,0,0,0,0,0,0,0,0.0,0,0,1.4
81220.0,1.673620770149626e-05,192.56036787317515,278.15599186662365,0.9249235994715203,0,0,0,0,0,0,0,0,0.0,0,0,1.4
81240.0,1.668422260963392e-05,192.45916965222906,278.0828911780779,0.9215660777011133,0,0,0,0,0,0,0,0,0.0,0,0,1.4
81260.0,1.6632375759008784e-05,192.3580397517469,278.009820639389,0.9182195336236576,0,0,0,0,0,0,0,0,0.0,0,0,1.4
81280.0,1.6580666850246786e-05,192.2569786359084,277.9367806098572,0.9148839378423516,0,0,0,0,0,0,0,0,0.0,0,0,1.4
81300.0,1.652909558397378e-05,192.15598676889323,277.86377144878264,0.9115592609603855,0,0,0,0,0,0,0,0,0.0,0,0,1.4
81320.00000000001,1.647766166129323e-05,192.05506461497103,277.79079351583755,0.9082454736273494,0,0,0,0,0,0,0,0,0.0,0,0,1.4
81340.0,1.6426364785219194e-05,191.9542126387723,277.71784717218213,0.9049425466784359,0,0,0,0,0,0,0,0,0.0,0,0,1.4
81360.0,1.6375204659243232e-05,191.85343130501738,277.64493277934866,0.9016504509952293,0,0,0,0,0,0,0,0,0.0,0,0,1.4
81380.0,1.632418098685696e-05,191.75272107842684,277.57205069886925,0.8983691574593172,0,0,0,0,0,0,0,0,0.0,0,0,1.4
81400.0,1.6273293471551942e-05,191.65208242372105,277.49920129227604,0.8950986369522838,0,0,0,0,0,0,0,0,0.0,0,0,1.4
81420.0,1.622254181729051e-05,191.5515158057002,277.4263849214664,0.8918388604018203,0,0,0,0,0,0,0,0,0.0,0,0,1.4
81440.0,1.617192572991753e-05,191.45102168948267,277.35360194979773,0.8885897989200093,0,0,0,0,0,0,0,0,0.0,0,0,1.4
81460.00000000001,1.612144491574851e-05,191.3506005402663,277.2808527409924,0.885351423665033,0,0,0,0,0,0,0,0,0.0,0,0,1.4
81480.0,1.6071099081099078e-05,191.25025282324927,277.20813765877296,0.882123705795081,0,0,0,0,0,0,0,0,0.0,0,0,1.4
81500.0,1.602088793228475e-05,191.1499790036295,277.1354570668617,0.8789066164683348,0,0,0,0,0,0,0,0,0.0,0,0,1.4
81520.0,1.5970811176084926e-05,191.0497795466737,277.06281132933884,0.8757001268887861,0,0,0,0,0,0,0,0,0.0,0,0,1.4
81540.0,1.5920868521134406e-05,190.9496549179235,276.9902008117154,0.8725042084436511,0,0,0,0,0,0,0,0,0.0,0,0,1.4
81560.0,1.5871059676531946e-05,190.84960558298948,276.91762587986,0.8693188325659599,0,0,0,0,0,0,0,0,0.0,0,0,1.4
81580.0,1.58213843513762e-05,190.74963200748212,276.8450868996413,0.8661439706887354,0,0,0,0,0,0,0,0,0.0,0,0,1.4
81600.00000000001,1.577184225476581e-05,190.6497346570117,276.77258423692786,0.8629795942450006,0,0,0,0,0,0,0,0,0.0,0,0,1.4
81620.0,1.5722433096256733e-05,190.5499139972469,276.70011825793875,0.859825674713307,0,0,0,0,0,0,0,0,0.0,0,0,1.4
81640.0,1.5673156587233577e-05,190.45017049408824,276.62768933029395,0.8566821837542828,0,0,0,0,0,0,0,0,0.0,0,0,1.4
81660.0,1.5624012439538198e-05,190.35050461349434,276.5552978219639,0.8535490930740807,0,0,0,0,0,0,0,0,0.0,0,0,1.4
81680.0,1.5575000365012385e-05,190.25091682142374,276.48294410091864,0.8504263743788505,0,0,0,0,0,0,0,0,0.0,0,0,1.4
81700.0,1.5526120075498064e-05,190.1514075838352,276.41062853512886,0.8473139993747486,0,0,0,0,0,0,0,0,0.0,0,0,1.4
81720.0,1.547737128328771e-05,190.0519773667344,276.33835149290724,0.8442119398131661,0,0,0,0,0,0,0,0,0.0,0,0,1.4
81740.0,1.5428753702476507e-05,189.9526266363156,276.2661133439368,0.8411201676264595,0,0,0,0,0,0,0,0,0.0,0,0,1.4
81760.0,1.538026704761028e-05,189.8533558588202,276.1939144582432,0.8380386547922253,0,0,0,0,0,0,0,0,0.0,0,0,1.4
81780.0,1.533191103323495e-05,189.75416550048973,276.12175520585214,0.8349673732880654,0,0,0,0,0,0,0,0,0.0,0,0,1.4
81800.0,1.5283685373896328e-05,189.65505602756548,276.04963595678913,0.8319062950915757,0,0,0,0,0,0,0,0,0.0,0,0,1.4
81820.00000000001,1.5235589784584549e-05,189.556027906325,275.9775570814143,0.8288553922253189,0,0,0,0,0,0,0,0,0.0,0,0,1.4
81840.0,1.5187623982066999e-05,189.45708160319057,275.90551895142625,0.8258146368917342,0,0,0,0,0,0,0,0,0.0,0,0,1.4
81860.0,1.5139787683555285e-05,189.3582175846204,275.83352193885787,0.8227840013382213,0,0,0,0,0,0,0,0,0.0,0,0,1.4
81880.0,1.5092080606261023e-05,189.2594363170728,275.7615664157422,0.8197634578121816,0,0,0,0,0,0,0,0,0.0,0,0,1.4
81900.0,1.5044502467395818e-05,189.16073826700605,275.68965275411233,0.8167529785610151,0,0,0,0,0,0,0,0,0.0,0,0,1.4
81920.0,1.499705298460942e-05,189.0621239009038,275.61778132632776,0.8137525358768277,0,0,0,0,0,0,0,0,0.0,0,0,1.4
81940.0,1.4949731877303703e-05,188.9635936853505,275.54595250605365,0.8107621022305176,0,0,0,0,0,0,0,0,0.0,0,0,1.4
81960.00000000001,1.4902538865318605e-05,188.8651480869559,275.474166667282,0.8077816501376831,0,0,0,0,0,0,0,0,0.0,0,0,1.4
81980.0,1.485547366849415e-05,188.76678757233003,275.40242418400476,0.8048111521139283,0,0,0,0,0,0,0,0,0.0,0,0,1.4
82000.0,1.4808536006670272e-05,188.66851260808252,275.3307254302134,0.8018505806748519,0,0,0,0,0,0,0,0,0.0,0,0,1.4
82020.0,1.4761725600118885e-05,188.57032366083723,275.259070780218,0.7988999083804904,0,0,0,0,0,0,0,0,0.0,0,0,1.4
82040.0,1.4715042170839685e-05,188.4722211972741,275.1874606096,0.7959591079686243,0,0,0,0,0,0,0,0,0.0,0,0,1.4
82060.0,1.4668485441264402e-05,188.37420568408734,275.115895294259,0.7930281522214777,0,0,0,0,0,0,0,0,0.0,0,0,1.4
82080.0,1.4622055133824682e-05,188.27627758797084,275.0443752100945,0.7901070139212673,0,0,0,0,0,0,0,0,0.0,0,0,1.4
82100.00000000001,1.4575750970952165e-05,188.17843737561856,274.97290073300593,0.7871956658502108,0,0,0,0,0,0,0,0,0.0,0,0,1.4
82120.0,1.4529572675504588e-05,188.08068551372776,274.90147223920235,0.7842940808347123,0,0,0,0,0,0,0,0,0.0,0,0,1.4
82140.0,1.4483519972043563e-05,187.98302246900764,274.8300901061302,0.7814022318778908,0,0,0,0,0,0,0,0,0.0,0,0,1.4
82160.0,1.4437592585556743e-05,187.88544870817043,274.7587547115455,0.7785200920270491,0,0,0,0,0,0,0,0,0.0,0,0,1.4
82180.0,1.4391790241031734e-05,187.7879646979284,274.6874664332041,0.775647634329487,0,0,0,0,0,0,0,0,0.0,0,0,1.4
82200.0,1.4346112663456248e-05,187.69057090499396,274.6162256488618,0.772784831832511,0,0,0,0,0,0,0,0,0.0,0,0,1.4
82220.0,1.430055957823806e-05,187.5932677960711,274.5450327365751,0.7699316576273488,0,0,0,0,0,0,0,0,0.0,0,0,1.4
82240.0,1.425513071246562e-05,187.49605583783082,274.47388807560196,0.7670880849809414,0,0,0,0,0,0,0,0,0.0,0,0,1.4
82260.0,1.420982579364749e-05,187.3989354969359,274.40279204550086,0.7642540872041551,0,0,0,0,0,0,0,0,0.0,0,0,1.4
82280.0,1.4164644549292342e-05,187.30190724004908,274.33174502583034,0.7614296376078625,0,0,0,0,0,0,0,0,0.0,0,0,1.4
82300.0,1.4119586706908752e-05,187.2049715338332,274.2607473961489,0.7586147095029303,0,0,0,0,0,0,0,0,0.0,0,0,1.4
82320.00000000001,1.4074651994419752e-05,187.10812884493154,274.1897995363063,0.7558092762439063,0,0,0,0,0,0,0,0,0.0,0,0,1.4
82340.0,1.4029840141406355e-05,187.01137963991005,274.11890182731804,0.7530133113600695,0,0,0,0,0,0,0,0,0.0,0,0,1.4
82360.0,1.3985150877863928e-05,186.9147243853152,274.048054650491,0.7502267884243751,0,0,0,0,0,0,0,0,0.0,0,0,1.4
82380.0,1.3940583933787885e-05,186.81816354769344,273.97725838713194,0.7474496810097794,0,0,0,0,0,0,0,0,0.0,0,0,1.4
82400.0,1.38961390391736e-05,186.72169759359124,273.90651341854755,0.7446819626892371,0,0,0,0,0,0,0,0,0.0,0,0,1.4
82420.0,1.3851815924425444e-05,186.62532698952435,273.8358201263267,0.7419236070791474,0,0,0,0,0,0,0,0,0.0,0,0,1.4
82440.0,1.38076143215833e-05,186.52905220188512,273.7651788931857,0.7391745879696563,0,0,0,0,0,0,0,0,0.0,0,0,1.4
82460.00000000001,1.3763533963095953e-05,186.4328736970351,273.69459010212296,0.7364348791943487,0,0,0,0,0,0,0,0,0.0,0,0,1.4
82480.0,1.3719574581412274e-05,186.33679194133595,273.62405413613664,0.7337044545868151,0,0,0,0,0,0,0,0,0.0,0,0,1.4
82500.0,1.3675735908981052e-05,186.2408074011492,273.55357137822523,0.7309832879806403,0,0,0,0,0,0,0,0,0.0,0,0,1.4
82520.0,1.3632017678654568e-05,186.14492054279447,273.4831422116593,0.7282713532526119,0,0,0,0,0,0,0,0,0.0,0,0,1.4
82540.0,1.358841962489894e-05,186.04913183242311,273.4127670207994,0.7255686244523202,0,0,0,0,0,0,0,0,0.0,0,0,1.4
82560.0,1.3544941482583857e-05,185.9534417361449,273.34244619027817,0.7228750756725619,0,0,0,0,0,0,0,0,0.0,0,0,1.4
82580.0,1.35015829865789e-05,185.8578507200692,273.27218010472853,0.7201906810061282,0,0,0,0,0,0,0,0,0.0,0,0,1.4
82600.00000000001,1.3458343871753664e-05,185.76235925030542,273.2019691487833,0.7175154145458101,0,0,0,0,0,0,0,0,0.0,0,0,1.4
82620.0,1.3415223873375985e-05,185.6669677929097,273.1318137073378,0.7148492504273715,0,0,0,0,0,0,0,0,0.0,0,0,1.4
82640.0,1.337222272830623e-05,185.5716768137238,273.0617141663371,0.7121921629584361,0,0,0,0,0,0,0,0,0.0,0,0,1.4
82660.0,1.332934017380296e-05,185.47648677853599,272.99167091198905,0.7095441264895972,0,0,0,0,0,0,0,0,0.0,0,0,1.4
82680.0,1.3286575947124704e-05,185.38139815313448,272.92168433050097,0.7069051153714451,0,0,0,0,0,0,0,0,0.0,0,0,1.4
82700.0,1.3243929785530074e-05,185.2864114033077,272.8517548080808,0.7042751039545767,0,0,0,0,0,0,0,0,0.0,0,0,1.4
82720.0,1.3201401426670585e-05,185.191526994779,272.78188273118855,0.7016540666323203,0,0,0,0,0,0,0,0,0.0,0,0,1.4
82740.0,1.3158990609769696e-05,185.0967453930124,272.7120684872941,0.6990419779689574,0,0,0,0,0,0,0,0,0.0,0,0,1.4
82760.0,1.311669707444383e-05,185.00206706340694,272.64231246412004,0.6964388125715045,0,0,0,0,0,0,0,0,0.0,0,0,1.4
82780.0,1.3074520560309489e-05,184.90749247136188,272.5726150493887,0.6938445450469847,0,0,0,0,0,0,0,0,0.0,0,0,1.4
82800.0,1.3032460806983097e-05,184.81302208227635,272.50297663082256,0.6912591500024146,0,0,0,0,0,0,0,0,0.0,0,0,1.4
82820.00000000001,1.2990517554468986e-05,184.7186563614729,272.433397596386,0.6886826020873226,0,0,0,0,0,0,0,0,0.0,0,0,1.4
82840.0,1.2948690544323253e-05,184.62439577396893,272.363878335012,0.6861148761212866,0,0,0,0,0,0,0,0,0.0,0,0,1.4
82860.0,1.2906979518489827e-05,184.530240784705,272.2944192358754,0.6835559469663908,0,0,0,0,0,0,0,0,0.0,0,0,1.4
82880.0,1.286538421891266e-05,184.43619185862195,272.2250206881511,0.6810057894847207,0,0,0,0,0,0,0,0,0.0,0,0,1.4
82900.0,1.2823904387535682e-05,184.34224946066038,272.15568308101405,0.6784643785383601,0,0,0,0,0,0,0,0,0.0,0,0,1.4
82920.0,1.278253976668589e-05,184.24841405567324,272.08640680387066,0.6759316890316871,0,0,0,0,0,0,0,0,0.0,0,0,1.4
82940.0,1.2741290100222153e-05,184.15468610816177,272.0171922470533,0.6734076960382309,0,0,0,0,0,0,0,0,0.0,0,0,1.4
82960.00000000001,1.2700155132386318e-05,184.06106608253904,271.948039801126,0.670892374673809,0,0,0,0,0,0,0,0,0.0,0,0,1.4
82980.0,1.2659134607420327e-05,183.9675544432186,271.8789498566527,0.6683857000542446,0,0,0,0,0,0,0,0,0.0,0,0,1.4
83000.0,1.2618228269566025e-05,183.8741516546136,271.80992280419736,0.6658876472953554,0,0,0,0,0,0,0,0,0.0,0,0,1.4
83020.0,1.2577435863443472e-05,183.78085818103798,271.7409590345447,0.6633981915550313,0,0,0,0,0,0,0,0,0.0,0,0,1.4
83040.0,1.2536757135185388e-05,183.6876744864078,271.6720589393621,0.6609173081594409,0,0,0,0,0,0,0,0,0.0,0,0,1.4
83060.0,1.2496191831302762e-05,183.59460103454006,271.60322291053797,0.6584449724768283,0,0,0,0,0,0,0,0,0.0,0,0,1.4
83080.0,1.2455739698306491e-05,183.50163828925153,271.5344513399605,0.6559811598754323,0,0,0,0,0,0,0,0,0.0,0,0,1.4
83100.00000000001,1.2415400482707471e-05,183.40878671435888,271.46574461951803,0.6535258457234916,0,0,0,0,0,0,0,0,0.0,0,0,1.4
83120.0,1.2375173931390167e-05,183.31604677356802,271.3971031413084,0.6510790054311042,0,0,0,0,0,0,0,0,0.0,0,0,1.4
83140.0,1.233505979273286e-05,183.22341893014053,271.32852729826783,0.6486406145757789,0,0,0,0,0,0,0,0,0.0,0,0,1.4
83160.0,1.2295057815487336e-05,183.13090364722677,271.26001748354236,0.6462106487768795,0,0,0,0,0,0,0,0,0.0,0,0,1.4
83180.0,1.2255167748405358e-05,183.03850138797728,271.19157409027787,0.643789083653769,0,0,0,0,0,0,0,0,0.0,0,0,1.4
83200.0,1.2215389340238772e-05,182.94621261554272,271.1231975116203,0.6413758948258145,0,0,0,0,0,0,0,0,0.0,0,0,1.4
83220.0,1.2175722340108238e-05,182.8540377929509,271.054888140914,0.6389710579540202,0,0,0,0,0,0,0,0,0.0,0,0,1.4
83240.0,1.2136166498610059e-05,182.76197738273936,270.98664637229655,0.6365745488659574,0,0,0,0,0,0,0,0,0.0,0,0,1.4
83260.0,1.2096721566709414e-05,182.670031847323,270.9184726001041,0.6341863434308376,0,0,0,0,0,0,0,0,0.0,0,0,1.4
83280.0,1.205738729537157e-05,182.5782016491169,270.85036721867266,0.6318064175178767,0,0,0,0,0,0,0,0,0.0,0,0,1.4
83300.0,1.2018163435561704e-05,182.48648725053593,270.78233062233835,0.6294347469962859,0,0,0,0,0,0,0,0,0.0,0,0,1.4
83320.00000000001,1.1979049738609429e-05,182.39488911386067,270.7143632056237,0.6270713077767076,0,0,0,0,0,0,0,0,0.0,0,0,1.4
83340.0,1.1940045957302199e-05,182.30340770083487,270.64646536379905,0.6247160759355124,0,0,0,0,0,0,0,0,0.0,0,0,1.4
83360.0,1.1901151844791816e-05,182.21204347306784,270.5786374923208,0.6223690275904973,0,0,0,0,0,0,0,0,0.0,0,0,1.4
83380.0,1.1862367154230112e-05,182.12079689216887,270.51087998664576,0.6200301388594609,0,0,0,0,0,0,0,0,0.0,0,0,1.4
83400.0,1.1823691638768891e-05,182.02966841974725,270.4431932422305,0.6176993858602,0,0,0,0,0,0,0,0,0.0,0,0,1.4
83420.0,1.1785125051920138e-05,181.93865851726653,270.37557765470683,0.61537674475174,0,0,0,0,0,0,0,0,0.0,0,0,1.4
83440.0,1.1746667148636124e-05,181.84776764560647,270.3080336204063,0.6130621918579963,0,0,0,0,0,0,0,0,0.0,0,0,1.4
83460.00000000001,1.170831768422923e-05,181.7569962655008,270.2405615358355,0.6107557035441074,0,0,0,0,0,0,0,0,0.0,0,0,1.4
83480.0,1.1670076414011906e-05,181.6663448376836,270.1731617975012,0.6084572561752173,0,0,0,0,0,0,0,0,0.0,0,0,1.4
83500.0,1.1631943093296524e-05,181.57581382288865,270.10583480190996,0.6061668261164647,0,0,0,0,0,0,0,0,0.0,0,0,1.4
83520.0,1.1593917477751338e-05,181.48540368169228,270.0385809457314,0.603884389774008,0,0,0,0,0,0,0,0,0.0,0,0,1.4
83540.0,1.1555999324467973e-05,181.39511487404036,269.9714006262868,0.6016099237180766,0,0,0,0,0,0,0,0,0.0,0,0,1.4
83560.0,1.1518188390893985e-05,181.30494785972152,269.9042942410609,0.5993434045599221,0,0,0,0,0,0,0,0,0.0,0,0,1.4
83580.0,1.1480484434476856e-05,181.21490309852413,269.8372621875379,0.5970848089107917,0,0,0,0,0,0,0,0,0.0,0,0,1.4
83600.00000000001,1.1442887212664057e-05,181.1249810502365,269.77030486320217,0.5948341133819323,0,0,0,0,0,0,0,0,0.0,0,0,1.4
83620.0,1.140539648325488e-05,181.03518217447797,269.70342266568906,0.5925912946254112,0,0,0,0,0,0,0,0,0.0,0,0,1.4
83640.0,1.136801200545547e-05,180.94550693019056,269.6366159932363,0.5903563294565524,0,0,0,0,0,0,0,0,0.0,0,0,1.4
83660.0,1.1330733538823733e-05,180.85595577614714,269.5698852442325,0.5881291947314972,0,0,0,0,0,0,0,0,0.0,0,0,1.4
83680.0,1.129356084291754e-05,180.76652917112054,269.5032308170662,0.5859098673063848,0,0,0,0,0,0,0,0,0.0,0,0,1.4
83700.0,1.1256493677294855e-05,180.67722757388364,269.43665311012614,0.5836983240373599,0,0,0,0,0,0,0,0,0.0,0,0,1.4
83720.0,1.121953180186126e-05,180.58805144302835,269.3701525219389,0.5814945418211755,0,0,0,0,0,0,0,0,0.0,0,0,1.4
83740.0,1.1182674977913193e-05,180.49900123642257,269.303729451584,0.579298497717042,0,0,0,0,0,0,0,0,0.0,0,0,1.4
83760.0,1.1145922967094773e-05,180.41007741175324,269.237384298279,0.5771101688247816,0,0,0,0,0,0,0,0,0.0,0,0,1.4
83780.0,1.1109275531050204e-05,180.32128042670746,269.17111746124147,0.5749295322442215,0,0,0,0,0,0,0,0,0.0,0,0,1.4
83800.0,1.1072732431423598e-05,180.23261073897214,269.10492933968897,0.5727565650751842,0,0,0,0,0,0,0,0,0.0,0,0,1.4
83820.00000000001,1.1036293430202881e-05,180.14406880604156,269.03882033296463,0.570591244457907,0,0,0,0,0,0,0,0,0.0,0,0,1.4
83840.0,1.0999958290751252e-05,180.0556550846395,268.9727908409133,0.568433547694291,0,0,0,0,0,0,0,0,0.0,0,0,1.4
83860.0,1.0963726776775634e-05,179.96737003129698,268.90684126350516,0.5662834521266482,0,0,0,0,0,0,0,0,0.0,0,0,1.4
83880.0,1.0927598651982975e-05,179.87921410254498,268.8409720007104,0.5641409350972914,0,0,0,0,0,0,0,0,0.0,0,0,1.4
83900.0,1.08915736800802e-05,179.79118775491443,268.7751834524993,0.5620059739485319,0,0,0,0,0,0,0,0,0.0,0,0,1.4
83920.0,1.08556516251143e-05,179.70329144473217,268.70947601895455,0.5598785460629032,0,0,0,0,0,0,0,0,0.0,0,0,1.4
83940.0,1.0819832252492134e-05,179.6155256275072,268.6438501006087,0.5577586289838011,0,0,0,0,0,0,0,0,0.0,0,0,1.4
83960.00000000001,1.0784115327960576e-05,179.52789075854412,268.57830609810645,0.5556462002948381,0,0,0,0,0,0,0,0,0.0,0,0,1.4
83980.0,1.0748500617266543e-05,179.44038729314772,268.51284441209293,0.553541237579632,0,0,0,0,0,0,0,0,0.0,0,0,1.4
84000.0,1.0712987886156904e-05,179.35301568662274,268.447465443213,0.5514437184217952,0,0,0,0,0,0,0,0,0.0,0,0,1.4
84020.0,1.0677576900714826e-05,179.26577639405764,268.3821695922107,0.5493536204449627,0,0,0,0,0,0,0,0,0.0,0,0,1.4
84040.0,1.0642267428368622e-05,179.1786698696765,268.31695726022696,0.5472709214328516,0,0,0,0,0,0,0,0,0.0,0,0,1.4
84060.0,1.0607059236882959e-05,179.09169656748736,268.2518288485021,0.5451955992092039,0,0,0,0,0,0,0,0,0.0,0,0,1.4
84080.0,1.0571952094022434e-05,179.0048569414981,268.18678475827625,0.5431276315977571,0,0,0,0,0,0,0,0,0.0,0,0,1.4
84100.00000000001,1.0536945767551643e-05,178.91815144571666,268.1218253907894,0.541066996422249,0,0,0,0,0,0,0,0,0.0,0,0,1.4
84120.0,1.0502040025567938e-05,178.8315805339233,268.0569511473677,0.539013671546247,0,0,0,0,0,0,0,0,0.0,0,0,1.4
84140.0,1.0467234637499309e-05,178.74514465898696,267.9921624296803,0.5369676349926167,0,0,0,0,0,0,0,0,0.0,0,0,1.4
84160.0,1.0432529373106443e-05,178.6588442735489,267.9274596394821,0.5349288648240498,0,0,0,0,0,0,0,0,0.0,0,0,1.4
84180.0,1.0397924002150007e-05,178.57267983025022,267.86284317852795,0.5328973391032374,0,0,0,0,0,0,0,0,0.0,0,0,1.4
84200.0,1.0363418294390742e-05,178.4866517817323,267.7983134485728,0.5308730358928747,0,0,0,0,0,0,0,0,0.0,0,0,1.4
84220.0,1.0329012019918495e-05,178.40076058039674,267.7338708514437,0.5288559332952841,0,0,0,0,0,0,0,0,0.0,0,0,1.4
84240.0,1.029470495013986e-05,178.31500667768694,267.66951578925597,0.526846009571317,0,0,0,0,0,0,0,0,0.0,0,0,1.4
84260.0,1.0260496856790592e-05,178.22939052480683,267.6052486641969,0.524843243021455,0,0,0,0,0,0,0,0,0.0,0,0,1.4
84280.0,1.022638751160652e-05,178.14391257296035,267.54106987845387,0.5228476119461845,0,0,0,0,0,0,0,0,0.0,0,0,1.4
84300.0,1.0192376686323392e-05,178.05857327335144,267.4769798342142,0.5208590946459868,0,0,0,0,0,0,0,0,0.0,0,0,1.4
84320.00000000001,1.015846415300273e-05,177.97337307693266,267.4129789337234,0.5188776694607824,0,0,0,0,0,0,0,0,0.0,0,0,1.4
84340.0,1.012464968500919e-05,177.88831243365198,267.3490675794599,0.5169033148882501,0,0,0,0,0,0,0,0,0.0,0,0,1.4
84360.0,1.0090933056033126e-05,177.80339179320598,267.2852461739602,0.5149360094655031,0,0,0,0,0,0,0,0,0.0,0,0,1.4
84380.0,1.0057314039764911e-05,177.7186116052913,267.22151511976074,0.5129757317296559,0,0,0,0,0,0,0,0,0.0,0,0,1.4
84400.0,1.0023792409894895e-05,177.6339723196045,267.15787481939793,0.5110224602178219,0,0,0,0,0,0,0,0,0.0,0,0,1.4
84420.0,9.990367940435958e-06,177.5494743855794,267.09432567545247,0.5090761735063648,0,0,0,0,0,0,0,0,0.0,0,0,1.4
84440.0,9.957040406690734e-06,177.4651182515979,267.03086809068094,0.5071368503286292,0,0,0,0,0,0,0,0,0.0,0,0,1.4
84460.00000000001,9.923809584284309e-06,177.38090436577883,266.9675024678839,0.5052044694572063,0,0,0,0,0,0,0,0,0.0,0,0,1.4
84480.0,9.89067524884184e-06,177.2968331762413,266.90422920986197,0.5032790096646915,0,0,0,0,0,0,0,0,0.0,0,0,1.4
84500.0,9.857637175988418e-06,177.21290513110424,266.8410487194159,0.5013604497236759,0,0,0,0,0,0,0,0,0.0,0,0,1.4
84520.0,9.824695141668389e-06,177.129120678212,266.7779613993759,0.49944876844580655,0,0,0,0,0,0,0,0,0.0,0,0,1.4
84540.0,9.791848923103031e-06,177.04548026431047,266.7149676526911,0.49754394479894865,0,0,0,0,0,0,0,0,0.0,0,0,1.4
84560.0,9.759098297832926e-06,176.96198433587122,266.6520678823402,0.49564595779002596,0,0,0,0,0,0,0,0,0.0,0,0,1.4
84580.0,9.726443043398587e-06,176.87863333936554,266.58926249130184,0.49375478642595827,0,0,0,0,0,0,0,0,0.0,0,0,1.4
84600.00000000001,9.693882937340525e-06,176.79542772126473,266.52655188255477,0.4918704097136656,0,0,0,0,0,0,0,0,0.0,0,0,1.4
84620.0,9.661417757515434e-06,176.7123679277541,266.4639364590929,0.489992806698935,0,0,0,0,0,0,0,0,0.0,0,0,1.4
84640.0,9.629047283044352e-06,176.6294544038738,266.4014166239705,0.48812195658300384,0,0,0,0,0,0,0,0,0.0,0,0,1.4
84660.0,9.596771293364457e-06,176.5466875943778,266.33899278025694,0.48625783860597394,0,0,0,0,0,0,0,0,0.0,0,0,1.4
84680.0,9.564589567912902e-06,176.4640679440201,266.2766653310217,0.4844004320079459,0,0,0,0,0,0,0,0,0.0,0,0,1.4
84700.0,9.532501886126904e-06,176.3815958975547,266.21443467933415,0.48254971602902436,0,0,0,0,0,0,0,0,0.0,0,0,1.4
84720.0,9.500508027756684e-06,176.29927189943763,266.15230122826404,0.4807056699479824,0,0,0,0,0,0,0,0,0.0,0,0,1.4
84740.0,9.468607773804759e-06,176.21709639293329,266.09026538088216,0.4788682731982841,0,0,0,0,0,0,0,0,0.0,0,0,1.4
84760.0,9.436800905586696e-06,176.13506982100787,266.0283275402595,0.47703750525206495,0,0,0,0,0,0,0,0,0.0,0,0,1.4
84780.0,9.405087204418126e-06,176.05319262662795,265.96648810946715,0.475213345581464,0,0,0,0,0,0,0,0,0.0,0,0,1.4
84800.0,9.373466451614613e-06,175.9714652527598,265.9047474915762,0.4733957736586165,0,0,0,0,0,0,0,0,0.0,0,0,1.4
84820.00000000001,9.341938428801842e-06,175.88988814206033,265.8431060896429,0.4715847689941398,0,0,0,0,0,0,0,0,0.0,0,0,1.4
84840.0,9.310502918846034e-06,175.80846173594855,265.7815643066651,0.46978031125258213,0,0,0,0,0,0,0,0,0.0,0,0,1.4
84860.0,9.279159704923462e-06,175.72718647553404,265.72012254562554,0.4679823801369705,0,0,0,0,0,0,0,0,0.0,0,0,1.4
84880.0,9.247908570210419e-06,175.6460628019262,265.65878120950725,0.4661909553503326,0,0,0,0,0,0,0,0,0.0,0,0,1.4
84900.0,9.216749297883175e-06,175.56509115623453,265.5975407012931,0.4644060165956949,0,0,0,0,0,0,0,0,0.0,0,0,1.4
84920.0,9.185681671425323e-06,175.48427197924752,265.53640142393624,0.4626275436143787,0,0,0,0,0,0,0,0,0.0,0,0,1.4
84940.0,9.154705475549375e-06,175.40360571046912,265.47536378026973,0.4608555163008645,0,0,0,0,0,0,0,0,0.0,0,0,1.4
84960.00000000001,9.1238204952751e-06,175.3230927890821,265.414428173097,0.4590899145879241,0,0,0,0,0,0,0,0,0.0,0,0,1.4
84980.0,9.093026515622325e-06,175.2427336542694,265.3535950052214,0.4573307184083327,0,0,0,0,0,0,0,0,0.0,0,0,1.4
85000.0,9.062323321610813e-06,175.16252874521382,265.29286467944615,0.45557790769486173,0,0,0,0,0,0,0,0,0.0,0,0,1.4
85020.0,9.031710698564825e-06,175.08247850076563,265.23223759852925,0.4538314624183842,0,0,0,0,0,0,0,0,0.0,0,0,1.4
85040.0,9.001188433026485e-06,175.00258335844438,265.1717141650472,0.45209136270217304,0,0,0,0,0,0,0,0,0.0,0,0,1.4
85060.0,8.970756311842456e-06,174.92284375543733,265.1112947815314,0.45035758870760506,0,0,0,0,0,0,0,0,0.0,0,0,1.4
85080.0,8.940414121859328e-06,174.8432601289314,265.0509798505131,0.4486301205960537,0,0,0,0,0,0,0,0,0.0,0,0,1.4
85100.00000000001,8.9101616499237e-06,174.76383291611364,264.9907697745234,0.44690893852889196,0,0,0,0,0,0,0,0,0.0,0,0,1.4
85120.0,8.879998683183998e-06,174.68456255382705,264.9306649560328,0.4451940227054055,0,0,0,0,0,0,0,0,0.0,0,0,1.4
85140.0,8.849925009995646e-06,174.6054494775377,264.8706657972676,0.4434853534765114,0,0,0,0,0,0,0,0,0.0,0,0,1.4
85160.0,8.819940419015853e-06,174.52649412236767,264.81077270039304,0.441782911231037,0,0,0,0,0,0,0,0,0.0,0,0,1.4
85180.0,8.79004469890181e-06,174.4476969234389,264.7509860675746,0.44008667635780835,0,0,0,0,0,0,0,0,0.0,0,0,1.4
85200.0,8.76023763831077e-06,174.36905831587364,264.69130630097777,0.4383966292456548,0,0,0,0,0,0,0,0,0.0,0,0,1.4
85220.0,8.730519026199072e-06,174.29057873443813,264.63173380269103,0.43671275032112,0,0,0,0,0,0,0,0,0.0,0,0,1.4
85240.0,8.700888652719681e-06,174.21225861247626,264.5722689744958,0.4350350201616192,0,0,0,0,0,0,0,0,0.0,0,0,1.4
85260.0,8.67134630832468e-06,174.13409838297625,264.51291221809674,0.4333634193822834,0,0,0,0,0,0,0,0,0.0,0,0,1.4
85280.0,8.641891783466228e-06,174.05609847892634,264.45366393519856,0.43169792859824774,0,0,0,0,0,0,0,0,0.0,0,0,1.4
85300.0,8.612524868596404e-06,173.97825933331484,264.3945245275059,0.4300385284246437,0,0,0,0,0,0,0,0,0.0,0,0,1.4
85320.00000000001,8.583245354463907e-06,173.90058137876278,264.33549439663057,0.4283851995141279,0,0,0,0,0,0,0,0,0.0,0,0,1.4
85340.0,8.554053033003908e-06,173.8230650464232,264.2765739438133,0.42673792266946203,0,0,0,0,0,0,0,0,0.0,0,0,1.4
85360.0,8.524947696448118e-06,173.74571076708176,264.21776357020184,0.4250966787309295,0,0,0,0,0,0,0,0,0.0,0,0,1.4
85380.0,8.495929137028262e-06,173.66851897152432,264.1590636769442,0.423461448538815,0,0,0,0,0,0,0,0,0.0,0,0,1.4
85400.0,8.466997146976056e-06,173.59149009053655,264.10047466518796,0.421832212933402,0,0,0,0,0,0,0,0,0.0,0,0,1.4
85420.0,8.43815151881741e-06,173.51462455452594,264.0419969359722,0.4202089527923102,0,0,0,0,0,0,0,0,0.0,0,0,1.4
85440.0,8.409392046254732e-06,173.43792279238585,263.98363088989964,0.41859164914248737,0,0,0,0,0,0,0,0,0.0,0,0,1.4
85460.00000000001,8.38071852328456e-06,173.36138523263128,263.92537692746413,0.41698028304821344,0,0,0,0,0,0,0,0,0.0,0,0,1.4
85480.0,8.352130743903502e-06,173.28501230377725,263.86723544915964,0.41537483557377247,0,0,0,0,0,0,0,0,0.0,0,0,1.4
85500.0,8.323628502108103e-06,173.20880443433882,263.80920685547983,0.41377528778344475,0,0,0,0,0,0,0,0,0.0,0,0,1.4
85520.0,8.295211592186675e-06,173.13276205244108,263.75129154679325,0.41218162077865117,0,0,0,0,0,0,0,0,0.0,0,0,1.4
85540.0,8.266879809594494e-06,173.05688558464996,263.6934899229669,0.4105938158093697,0,0,0,0,0,0,0,0,0.0,0,0,1.4
85560.0,8.238632950078654e-06,172.9811754571418,263.6358023837424,0.40901185416272084,0,0,0,0,0,0,0,0,0.0,0,0,1.4
85580.0,8.21047080938618e-06,172.90563209609266,263.5782293288612,0.407435717125822,0,0,0,0,0,0,0,0,0.0,0,0,1.4
85600.00000000001,8.182393183264098e-06,172.8302559276786,263.520771158065,0.4058653859857904,0,0,0,0,0,0,0,0,0.0,0,0,1.4
85620.0,8.15439986774892e-06,172.75504737767486,263.4634282709535,0.40430084206669187,0,0,0,0,0,0,0,0,0.0,0,0,1.4
85640.0,8.126490660034793e-06,172.680006870252,263.4062010665585,0.4027420668403694,0,0,0,0,0,0,0,0,0.0,0,0,1.4
85660.0,8.098665357605306e-06,172.6051348291797,263.34908994377025,0.401189041815612,0,0,0,0,0,0,0,0,0.0,0,0,1.4
85680.0,8.070923757944028e-06,172.53043167822744,263.29209530147847,0.39964174850120804,0,0,0,0,0,0,0,0,0.0,0,0,1.4
85700.0,8.043265658534592e-06,172.45589784116495,263.23521753857347,0.3981001684059489,0,0,0,0,0,0,0,0,0.0,0,0,1.4
85720.0,8.015690857147743e-06,172.38153374134944,263.1784570537865,0.396564283075373,0,0,0,0,0,0,0,0,0.0,0,0,1.4
85740.0,7.98819915270295e-06,172.30733980048907,263.1218142452146,0.3950340742020203,0,0,0,0,0,0,0,0,0.0,0,0,1.4
85760.0,7.960790344406843e-06,172.23331643987962,263.0652895107959,0.39350952351518054,0,0,0,0,0,0,0,0,0.0,0,0,1.4
85780.0,7.933464231466111e-06,172.15946408081703,263.00888324846875,0.3919906127441464,0,0,0,0,0,0,0,0,0.0,0,0,1.4
85800.0,7.906220613087377e-06,172.08578314459706,262.9525958561716,0.3904773236182071,0,0,0,0,0,0,0,0,0.0,0,0,1.4
85820.00000000001,7.879059288762271e-06,172.012274052092,262.8964277316671,0.388969637903206,0,0,0,0,0,0,0,0,0.0,0,0,1.4
85840.0,7.851980059122446e-06,171.93893722247998,262.84037927201547,0.38746753751120483,0,0,0,0,0,0,0,0,0.0,0,0,1.4
85860.0,7.824982725084499e-06,171.86577307451537,262.78445087410194,0.385971004390816,0,0,0,0,0,0,0,0,0.0,0,0,1.4
85880.0,7.798067087565047e-06,171.79278202695272,262.72864293481103,0.38448002049065283,0,0,0,0,0,0,0,0,0.0,0,0,1.4
85900.0,7.77123294748068e-06,171.7199644985464,262.6729558510277,0.38299456775932783,0,0,0,0,0,0,0,0,0.0,0,0,1.4
85920.0,7.744480106030933e-06,171.64732090761652,262.6173900194444,0.38151462818181314,0,0,0,0,0,0,0,0,0.0,0,0,1.4
85940.0,7.717808365546778e-06,171.57485167074478,262.56194583598324,0.38004018388850447,0,0,0,0,0,0,0,0,0.0,0,0,1.4
85960.00000000001,7.691217528642066e-06,171.50255720407847,262.50662369637405,0.3785712170461544,0,0,0,0,0,0,0,0,0.0,0,0,1.4
85980.0,7.664707397930706e-06,171.43043792376494,262.45142399634665,0.3771077098215181,0,0,0,0,0,0,0,0,0.0,0,0,1.4
86000.0,7.638277776026548e-06,171.3584942459514,262.3963471316308,0.37564964438134824,0,0,0,0,0,0,0,0,0.0,0,0,1.4
86020.0,7.6119284658242945e-06,171.28672658633943,262.34139349774654,0.37419700292855634,0,0,0,0,0,0,0,0,0.0,0,0,1.4
86040.0,7.58565927134196e-06,171.21513535884776,262.28656348937454,0.372749767810686,0,0,0,0,0,0,0,0,0.0,0,0,1.4
86060.0,7.559469996878441e-06,171.14372097694954,262.23185750098594,0.371307921411442,0,0,0,0,0,0,0,0,0.0,0,0,1.4
86080.0,7.533360446732584e-06,171.07248385411776,262.17727592705177,0.36987144611452594,0,0,0,0,0,0,0,0,0.0,0,0,1.4
86100.00000000001,7.5073304252032335e-06,171.00142440382544,262.12281916204296,0.36844032430363977,0,0,0,0,0,0,0,0,0.0,0,0,1.4
86120.0,7.481379736868123e-06,170.93054303908914,262.06848760020347,0.3670145383984462,0,0,0,0,0,0,0,0,0.0,0,0,1.4
86140.0,7.455508187420267e-06,170.85984017109902,262.0142816348692,0.3655940709624379,0,0,0,0,0,0,0,0,0.0,0,0,1.4
86160.0,7.429715582831531e-06,170.7893162105887,261.9602016591488,0.3641789045950662,0,0,0,0,0,0,0,0,0.0,0,0,1.4
86180.0,7.404001729073764e-06,170.71897156829175,261.90624806615097,0.3627690218957818,0,0,0,0,0,0,0,0,0.0,0,0,1.4
86200.0,7.3783664321188656e-06,170.64880665494192,261.85242124898457,0.36136440546403825,0,0,0,0,0,0,0,0,0.0,0,0,1.4
86220.0,7.352809498215603e-06,170.57882188080515,261.7987216005137,0.3599650379350434,0,0,0,0,0,0,0,0,0.0,0,0,1.4
86240.0,7.3273307347204295e-06,170.50901765427727,261.74514951262427,0.35857090208703524,0,0,0,0,0,0,0,0,0.0,0,0,1.4
86260.0,7.301929949266694e-06,170.43939438328647,261.6917053769574,0.357181980734008,0,0,0,0,0,0,0,0,0.0,0,0,1.4
86280.0,7.276606949487803e-06,170.36995247576095,261.6383895851544,0.3557982566899588,0,0,0,0,0,0,0,0,0.0,0,0,1.4
86300.0,7.251361543017108e-06,170.30069233962894,261.58520252885654,0.35441971276888196,0,0,0,0,0,0,0,0,0.0,0,0,1.4
86320.00000000001,7.226193537763e-06,170.23161438234027,261.5321445994429,0.3530463318203261,0,0,0,0,0,0,0,0,0.0,0,0,1.4
86340.0,7.201102742734081e-06,170.16271900943178,261.47921618724445,0.35167809683606044,0,0,0,0,0,0,0,0,0.0,0,0,1.4
86360.0,7.176088967213939e-06,170.09400662596187,261.4264176823295,0.35031499084340545,0,0,0,0,0,0,0,0,0.0,0,0,1.4
86380.0,7.151152020486179e-06,170.02547763698894,261.37374947476695,0.34895699686968273,0,0,0,0,0,0,0,0,0.0,0,0,1.4
86400.0,7.126291711834389e-06,169.95713244757147,261.32121195462537,0.3476040979422129,0,0,0,0,0,0,0,0,0.0,0,0,1.4
86420.0,7.101507850815445e-06,169.8889714622788,261.2688055116936,0.34625627712366996,0,0,0,0,0,0,0,0,0.0,0,0,1.4
86440.0,7.0768002480791084e-06,169.82099508372372,261.2165305346408,0.34491351761812666,0,0,0,0,0,0,0,0,0.0,0,0,1.4
86460.00000000001,7.052168714548375e-06,169.75320371402995,261.16438741185647,0.3435758026650059,0,0,0,0,0,0,0,0,0.0,0,0,1.4
86480.0,7.027613061146296e-06,169.6855977553213,261.1123765317301,0.342243115503734,0,0,0,0,0,0,0,0,0.0,0,0,1.4
86500.0,7.0031330987958666e-06,169.61817760972147,261.0604982826511,0.3409154393737339,0,0,0,0,0,0,0,0,0.0,0,0,1.4
86520.0,6.978728638691574e-06,169.55094367885445,261.00875305271126,0.33959275754957424,0,0,0,0,0,0,0,0,0.0,0,0,1.4
86540.0,6.9543994931137765e-06,169.48389636234532,260.9571412288116,0.33827505344640085,0,0,0,0,0,0,0,0,0.0,0,0,1.4
86560.0,6.930145474614359e-06,169.41703605931957,260.9056631975559,0.33696231051450687,0,0,0,0,0,0,0,0,0.0,0,0,1.4
86580.0,6.905966395745152e-06,169.3503631689026,260.8543193455475,0.3356545122041826,0,0,0,0,0,0,0,0,0.0,0,0,1.4
86600.00000000001,6.881862069057987e-06,169.28387809021973,260.80311005939,0.33435164196571826,0,0,0,0,0,0,0,0,0.0,0,0,1.4
86620.0,6.857832307374521e-06,169.21758122188612,260.75203572537134,0.3330536832843443,0,0,0,0,0,0,0,0,0.0,0,0,1.4
86640.0,6.8338769245954545e-06,169.15147296047533,260.701096728517,0.33176061978503746,0,0,0,0,0,0,0,0,0.0,0,0,1.4
86660.0,6.80999573489128e-06,169.08555370205067,260.6502934535366,0.33047243512771246,0,0,0,0,0,0,0,0,0.0,0,0,1.4
86680.0,6.786188552432473e-06,169.01982384267535,260.5996262851402,0.32918911297228337,0,0,0,0,0,0,0,0,0.0,0,0,1.4
86700.0,6.762455191389561e-06,168.95428377841273,260.5490956080375,0.32791063697866685,0,0,0,0,0,0,0,0,0.0,0,0,1.4
86720.0,6.738795466201134e-06,168.88893390480533,260.4987018066047,0.32663699084150505,0,0,0,0,0,0,0,0,0.0,0,0,1.4
86740.0,6.7152091923782764e-06,168.8237746153127,260.4484452638839,0.32536815839435396,0,0,0,0,0,0,0,0,0.0,0,0,1.4
86760.0,6.691696185700168e-06,168.75880630287358,260.3983263625834,0.3241041235054967,0,0,0,0,0,0,0,0,0.0,0,0,1.4
86780.0,6.668256261946043e-06,168.69402936042695,260.3483454854118,0.3228448700432192,0,0,0,0,0,0,0,0,0.0,0,0,1.4
86800.0,6.644889236895087e-06,168.62944418091152,260.2985030150774,0.3215903818758045,0,0,0,0,0,0,0,0,0.0,0,0,1.4
86820.00000000001,6.6215949265929975e-06,168.56505115673485,260.24879933393686,0.3203406429060534,0,0,0,0,0,0,0,0,0.0,0,0,1.4
86840.0,6.5983731481515975e-06,168.50085067817952,260.19923482293996,0.3190956371748379,0,0,0,0,0,0,0,0,0.0,0,0,1.4
86860.0,6.575223718949177e-06,168.43684313499685,260.1498098626843,0.317855348757545,0,0,0,0,0,0,0,0,0.0,0,0,1.4
86880.0,6.552146456364042e-06,168.373028916938,260.1005248337679,0.3166197617295626,0,0,0,0,0,0,0,0,0.0,0,0,1.4
86900.0,6.529141177774482e-06,168.3094084137543,260.0513801167886,0.31538886016627743,0,0,0,0,0,0,0,0,0.0,0,0,1.4
86920.0,6.506207700823798e-06,168.24598201465565,260.0023760919744,0.31416262817738405,0,0,0,0,0,0,0,0,0.0,0,0,1.4
86940.0,6.4833458442150855e-06,168.18275010668629,259.95351313807396,0.3129410500097937,0,0,0,0,0,0,0,0,0.0,0,0,1.4
86960.00000000001,6.460555426916403e-06,168.1197130763489,259.90479163346595,0.3117241099447226,0,0,0,0,0,0,0,0,0.0,0,0,1.4
86980.0,6.437836267895858e-06,168.05687131014633,259.8562119565295,0.31051179226338943,0,0,0,0,0,0,0,0,0.0,0,0,1.4
87000.0,6.415188186121505e-06,167.99422519458145,259.8077744856432,0.30930408124701053,0,0,0,0,0,0,0,0,0.0,0,0,1.4
87020.0,6.392611000824875e-06,167.9317751156052,259.7594795987978,0.3081009612108931,0,0,0,0,0,0,0,0,0.0,0,0,1.4
87040.0,6.370104532291296e-06,167.86952145696168,259.7113276724311,0.30690241660670475,0,0,0,0,0,0,0,0,0.0,0,0,1.4
87060.0,6.347668601069596e-06,167.8074646018432,259.66331908259275,0.3057084319202061,0,0,0,0,0,0,0,0,0.0,0,0,1.4
87080.0,6.325303027708557e-06,167.745604933442,259.6154542053326,0.3045189916371549,0,0,0,0,0,0,0,0,0.0,0,0,1.4
87100.00000000001,6.303007632756961e-06,167.6839428349504,259.56773341670004,0.3033340802433091,0,0,0,0,0,0,0,0,0.0,0,0,1.4
87120.0,6.280782237025623e-06,167.62247868899902,259.5201570923386,0.30215368225830325,0,0,0,0,0,0,0,0,0.0,0,0,1.4
87140.0,6.258626662373251e-06,167.5612128759716,259.4727256062659,0.3009777823372658,0,0,0,0,0,0,0,0,0.0,0,0,1.4
87160.0,6.236540730920558e-06,167.50014577569019,259.4254393320933,0.29980636516919984,0,0,0,0,0,0,0,0,0.0,0,0,1.4
87180.0,6.214524264788236e-06,167.43927776797668,259.37829864343195,0.29863941544310807,0,0,0,0,0,0,0,0,0.0,0,0,1.4
87200.0,6.192577086097026e-06,167.37860923265336,259.33130391389335,0.29747691784799524,0,0,0,0,0,0,0,0,0.0,0,0,1.4
87220.0,6.170699017228193e-06,167.31814054897035,259.2844555166639,0.29631885710652006,0,0,0,0,0,0,0,0,0.0,0,0,1.4
87240.0,6.1488898816052895e-06,167.25787209389074,259.237753823231,0.29516521807596613,0,0,0,0,0,0,0,0,0.0,0,0,1.4
87260.0,6.127149502912425e-06,167.19780424380585,259.19119920465687,0.29401598564727216,0,0,0,0,0,0,0,0,0.0,0,0,1.4
87280.0,6.10547770483375e-06,167.13793737510716,259.14479203200403,0.2928711447113796,0,0,0,0,0,0,0,0,0.0,0,0,1.4
87300.0,6.083874311053372e-06,167.07827186418587,259.09853267633514,0.2917306801592273,0,0,0,0,0,0,0,0,0.0,0,0,1.4
87320.00000000001,6.062339145514577e-06,167.01880808685172,259.0524215082691,0.29059457691518975,0,0,0,0,0,0,0,0,0.0,0,0,1.4
87340.0,6.0408720331974075e-06,166.95954641658798,259.006458896653,0.2894628200373866,0,0,0,0,0,0,0,0,0.0,0,0,1.4
87360.0,6.019472799341038e-06,166.90048722629626,258.96064520988983,0.2883353946173707,0,0,0,0,0,0,0,0,0.0,0,0,1.4
87380.0,5.998141269184657e-06,166.84163088887817,258.9149808163834,0.2872122857466956,0,0,0,0,0,0,0,0,0.0,0,0,1.4
87400.0,5.976877267967441e-06,166.78297777723526,258.8694660845368,0.28609347851691413,0,0,0,0,0,0,0,0,0.0,0,0,1.4
87420.0,5.9556806211864535e-06,166.72452826367785,258.82410138229216,0.2849789580527957,0,0,0,0,0,0,0,0,0.0,0,0,1.4
87440.0,5.934551155370077e-06,166.6662827181505,258.778887075745,0.2838687096119632,0,0,0,0,0,0,0,0,0.0,0,0,1.4
87460.00000000001,5.913488697304547e-06,166.6082415100065,258.7338235305291,0.2827627184852538,0,0,0,0,0,0,0,0,0.0,0,0,1.4
87480.0,5.8924930737761326e-06,166.55040500859914,258.68891111227845,0.28166096996350676,0,0,0,0,0,0,0,0,0.0,0,0,1.4
87500.0,5.871564111571068e-06,166.49277358328155,258.6441501866271,0.28056344933755917,0,0,0,0,0,0,0,0,0.0,0,0,1.4
87520.0,5.850701637732124e-06,166.43534760280596,258.59954111872884,0.2794701419312386,0,0,0,0,0,0,0,0,0.0,0,0,1.4
87540.0,5.829905480328183e-06,166.3781274335204,258.55508427181746,0.27838103320033125,0,0,0,0,0,0,0,0,0.0,0,0,1.4
87560.0,5.809175467684695e-06,166.32111344117192,258.510780008647,0.27729610863361515,0,0,0,0,0,0,0,0,0.0,0,0,1.4
87580.0,5.788511428127074e-06,166.26430599150746,258.46662869197115,0.27621535371986616,0,0,0,0,0,0,0,0,0.0,0,0,1.4
87600.00000000001,5.767913189980727e-06,166.20770545027398,258.4226306845438,0.27513875394786014,0,0,0,0,0,0,0,0,0.0,0,0,1.4
87620.0,5.747380581826368e-06,166.15131218260794,258.37878634862034,0.27406629483913936,0,0,0,0,0,0,0,0,0.0,0,0,1.4
87640.0,5.726913433265711e-06,166.09512655120355,258.33509604446243,0.27299796204629967,0,0,0,0,0,0,0,0,0.0,0,0,1.4
87660.0,5.706511574155747e-06,166.0391489181443,258.2915601318333,0.27193374125470177,0,0,0,0,0,0,0,0,0.0,0,0,1.4
87680.0,5.686174834353449e-06,165.98337964551385,258.2481789704962,0.27087361814970573,0,0,0,0,0,0,0,0,0.0,0,0,1.4
87700.0,5.665903043715836e-06,165.92781909539582,258.2049529202142,0.26981757841667364,0,0,0,0,0,0,0,0,0.0,0,0,1.4
87720.0,5.6456960323539065e-06,165.87246762925383,258.16188234023383,0.26876560777350167,0,0,0,0,0,0,0,0,0.0,0,0,1.4
87740.0,5.6255536313947606e-06,165.8173256060715,258.1189675877338,0.2677176920682308,0,0,0,0,0,0,0,0,0.0,0,0,1.4
87760.0,5.6054756722195075e-06,165.76239338421243,258.07620901937594,0.2666738171814375,0,0,0,0,0,0,0,0,0.0,0,0,1.4
87780.0,5.585461986209301e-06,165.7076713220404,258.0336069918223,0.2656339689937005,0,0,0,0,0,0,0,0,0.0,0,0,1.4
87800.0,5.565512404745249e-06,165.65315977791897,257.99116186173484,0.2645981333855962,0,0,0,0,0,0,0,0,0.0,0,0,1.4
87820.00000000001,5.545626759461281e-06,165.59885910958252,257.9488739852401,0.2635662962700072,0,0,0,0,0,0,0,0,0.0,0,0,1.4
87840.0,5.525804883002624e-06,165.5447696722485,257.9067437163237,0.2625384436890434,0,0,0,0,0,0,0,0,0.0,0,0,1.4
87860.0,5.506046608267287e-06,165.49089182050486,257.8647714084359,0.2615145617171184,0,0,0,0,0,0,0,0,0.0,0,0,1.4
87880.0,5.4863517681532885e-06,165.43722590893967,257.82295741502696,0.260494636428647,0,0,0,0,0,0,0,0,0.0,0,0,1.4
87900.0,5.4667201955586345e-06,165.383772292141,257.78130208954695,0.25947865389804275,0,0,0,0,0,0,0,0,0.0,0,0,1.4
87920.0,5.4471517236330136e-06,165.33053132405854,257.7398057848927,0.2584666002317962,0,0,0,0,0,0,0,0,0.0,0,0,1.4
87940.0,5.427646186532633e-06,165.27750335608835,257.69846885174616,0.25745846166469327,0,0,0,0,0,0,0,0,0.0,0,0,1.4
87960.00000000001,5.408203418665341e-06,165.22468873898788,257.65729164023566,0.2564542244635944,0,0,0,0,0,0,0,0,0.0,0,0,1.4
87980.0,5.388823254439025e-06,165.17208782351494,257.61627450048957,0.2554538748953619,0,0,0,0,0,0,0,0,0.0,0,0,1.4
88000.0,5.369505528261533e-06,165.11970096042702,257.57541778263624,0.25445739922685645,0,0,0,0,0,0,0,0,0.0,0,0,1.4
88020.0,5.35025007479122e-06,165.06752849983428,257.534721836232,0.2534647837567795,0,0,0,0,0,0,0,0,0.0,0,0,1.4
88040.0,5.331056729688396e-06,165.0155707892569,257.49418700854517,0.2524760149111944,0,0,0,0,0,0,0,0,0.0,0,0,1.4
88060.0,5.311925328863909e-06,164.96382817556767,257.45381364627184,0.2514910791480069,0,0,0,0,0,0,0,0,0.0,0,0,1.4
88080.0,5.292855708228561e-06,164.91230100563925,257.4136020961084,0.25050996292512084,0,0,0,0,0,0,0,0,0.0,0,0,1.4
88100.00000000001,5.2738477036931586e-06,164.86098962634435,257.37355270475086,0.24953265270044014,0,0,0,0,0,0,0,0,0.0,0,0,1.4
88120.0,5.254901151417918e-06,164.80989438389946,257.33366581830535,0.24855913496347531,0,0,0,0,0,0,0,0,0.0,0,0,1.4
88140.0,5.236015888560491e-06,164.7590156218956,257.2939417805167,0.24758939633015425,0,0,0,0,0,0,0,0,0.0,0,0,1.4
88160.0,5.217191752527921e-06,164.7083536832677,257.25438093453965,0.24662342344801028,0,0,0,0,0,0,0,0,0.0,0,0,1.4
88180.0,5.198428580727234e-06,164.6579089109504,257.21498362352867,0.24566120296457603,0,0,0,0,0,0,0,0,0.0,0,0,1.4
88200.0,5.179726210565493e-06,164.6076816478787,257.17575019063844,0.24470272152738612,0,0,0,0,0,0,0,0,0.0,0,0,1.4
88220.0,5.161084479698006e-06,164.5576722363222,257.1366809784151,0.24374796581534053,0,0,0,0,0,0,0,0,0.0,0,0,1.4
88240.0,5.142503226773211e-06,164.50788101588995,257.0977763269706,0.24279692263280866,0,0,0,0,0,0,0,0,0.0,0,0,1.4
88260.0,5.123982290687812e-06,164.4583083255259,257.0590365758082,0.2418495788155266,0,0,0,0,0,0,0,0,0.0,0,0,1.4
88280.0,5.105521510338553e-06,164.4089545041741,257.0204620644315,0.24090592119923246,0,0,0,0,0,0,0,0,0.0,0,0,1.4
88300.0,5.087120724622139e-06,164.35981989077843,256.98205313234376,0.23996593661966226,0,0,0,0,0,0,0,0,0.0,0,0,1.4
88320.00000000001,5.068779772682476e-06,164.3109048236091,256.9438101184218,0.23902961194367947,0,0,0,0,0,0,0,0,0.0,0,0,1.4
88340.0,5.050498494652317e-06,164.26220963824167,256.9057333590359,0.2380969341626593,0,0,0,0,0,0,0,0,0.0,0,0,1.4
88360.0,5.032276730911576e-06,164.21373466957792,256.86782318992965,0.23716789029910226,0,0,0,0,0,0,0,0,0.0,0,0,1.4
88380.0,5.014114321840182e-06,164.16548025251967,256.8300799468467,0.23624246737550952,0,0,0,0,0,0,0,0,0.0,0,0,1.4
88400.0,4.9960111078180516e-06,164.11744672196866,256.79250396553056,0.23532065241438177,0,0,0,0,0,0,0,0,0.0,0,0,1.4
88420.0,4.977966929471293e-06,164.06963441214447,256.75509558108024,0.23440243246910752,0,0,0,0,0,0,0,0,0.0,0,0,1.4
88440.0,4.959981628410612e-06,164.0220436545376,256.71785512601554,0.23348779471661724,0,0,0,0,0,0,0,0,0.0,0,0,1.4
88460.00000000001,4.942055046492866e-06,163.97467477995627,256.68078293221157,0.2325767263647277,0,0,0,0,0,0,0,0,0.0,0,0,1.4
88480.0,4.924187025574955e-06,163.92752811920874,256.6438793315435,0.23166921462125725,0,0,0,0,0,0,0,0,0.0,0,0,1.4
88500.0,4.906377407513738e-06,163.88060400310334,256.60714465588626,0.2307652466940226,0,0,0,0,0,0,0,0,0.0,0,0,1.4
88520.0,4.888626034411215e-06,163.8339027617577,256.5705792364525,0.2298648098214835,0,0,0,0,0,0,0,0,0.0,0,0,1.4
88540.0,4.870932749349876e-06,163.78742472252742,256.5341834018039,0.22896789136466947,0,0,0,0,0,0,0,0,0.0,0,0,1.4
88560.0,4.853297395657377e-06,163.74117021207778,256.49795747983967,0.22807447871525452,0,0,0,0,0,0,0,0,0.0,0,0,1.4
88580.0,4.835719816661339e-06,163.69513955707382,256.4619017984591,0.22718455926491074,0,0,0,0,0,0,0,0,0.0,0,0,1.4
88600.00000000001,4.8181998556893754e-06,163.6493330841806,256.4260166855613,0.22629812040531025,0,0,0,0,0,0,0,0,0.0,0,0,1.4
88620.0,4.80073735631326e-06,163.6037511193646,256.390302468365,0.22541514955852418,0,0,0,0,0,0,0,0,0.0,0,0,1.4
88640.0,4.783332163081192e-06,163.55839398579715,256.3547594713666,0.22453563426821088,0,0,0,0,0,0,0,0,0.0,0,0,1.4
88660.0,4.765984120785499e-06,163.51326200595088,256.3193880183822,0.22365956210842644,0,0,0,0,0,0,0,0,0.0,0,0,1.4
88680.0,4.748693074218495e-06,163.46835550229832,256.2841884332278,0.22278692065322633,0,0,0,0,0,0,0,0,0.0,0,0,1.4
88700.0,4.731458868172535e-06,163.42367479731217,256.2491610397194,0.22191769747666798,0,0,0,0,0,0,0,0,0.0,0,0,1.4
88720.0,4.714281347683061e-06,163.3792202127582,256.2143061609748,0.22105188018295713,0,0,0,0,0,0,0,0,0.0,0,0,1.4
88740.0,4.697160358758035e-06,163.33499206757492,256.17962411731855,0.22018945649690114,0,0,0,0,0,0,0,0,0.0,0,0,1.4
88760.0,4.680095747648536e-06,163.29099067999408,256.1451152283772,0.219330414173457,0,0,0,0,0,0,0,0,0.0,0,0,1.4
88780.0,4.663087360605678e-06,163.24721636824748,256.1107798137772,0.21847474096758362,0,0,0,0,0,0,0,0,0.0,0,0,1.4
88800.0,4.6461350438805395e-06,163.20366945056676,256.07661819314495,0.2176224246342379,0,0,0,0,0,0,0,0,0.0,0,0,1.4
88820.00000000001,4.6292386439663445e-06,163.16035024446902,256.0426306853911,0.21677345295827824,0,0,0,0,0,0,0,0,0.0,0,0,1.4
88840.0,4.612398008324947e-06,163.11725906461265,256.00881760656296,0.21592781384416948,0,0,0,0,0,0,0,0,0.0,0,0,1.4
88860.0,4.59561298466031e-06,163.07439622494135,255.97517927199212,0.21508549522627615,0,0,0,0,0,0,0,0,0.0,0,0,1.4
88880.0,4.5788834206764065e-06,163.03176203939884,255.94171599701008,0.2142464850389632,0,0,0,0,0,0,0,0,0.0,0,0,1.4
88900.0,4.562209164077204e-06,162.98935682192874,255.90842809694834,0.21341077121659513,0,0,0,0,0,0,0,0,0.0,0,0,1.4
88920.0,4.545590062807889e-06,162.94718088575243,255.87531588640525,0.21257834172318885,0,0,0,0,0,0,0,0,0.0,0,0,1.4
88940.0,4.529025965778375e-06,162.90523454120142,255.84237967704607,0.21174918464136253,0,0,0,0,0,0,0,0,0.0,0,0,1.4
88960.00000000001,4.5125167221397705e-06,162.86351809788482,255.80961977980266,0.21092328808338504,0,0,0,0,0,0,0,0,0.0,0,0,1.4
88980.0,4.496062181043213e-06,162.8220318654118,255.77703650560701,0.21010064016152707,0,0,0,0,0,0,0,0,0.0,0,0,1.4
89000.0,4.479662191639809e-06,162.78077615339143,255.74463016539113,0.20928122898805748,0,0,0,0,0,0,0,0,0.0,0,0,1.4
89020.0,4.463316603320913e-06,162.73975127070287,255.71240106933644,0.20846504270464403,0,0,0,0,0,0,0,0,0.0,0,0,1.4
89040.0,4.447025266438831e-06,162.69895752330513,255.68034952462224,0.20765206957054694,0,0,0,0,0,0,0,0,0.0,0,0,1.4
89060.0,4.430788031586138e-06,162.65839521642735,255.6484758376774,0.20684229787442643,0,0,0,0,0,0,0,0,0.0,0,0,1.4
89080.0,4.414604749355379e-06,162.61806465529858,255.6167803149307,0.2060357159049409,0,0,0,0,0,0,0,0,0.0,0,0,1.4
89100.00000000001,4.398475270339096e-06,162.5779661451478,255.58526326281094,0.2052323119507488,0,0,0,0,0,0,0,0,0.0,0,0,1.4
89120.0,4.382399445369174e-06,162.53809999046672,255.55392498697935,0.20443207432965477,0,0,0,0,0,0,0,0,0.0,0,0,1.4
89140.0,4.366377126234696e-06,162.49846649279698,255.52276579002643,0.20363499147603906,0,0,0,0,0,0,0,0,0.0,0,0,1.4
89160.0,4.350408164964063e-06,162.4590659529429,255.49178597377525,0.20284105185342685,0,0,0,0,0,0,0,0,0.0,0,0,1.4
89180.0,4.3344924135856615e-06,162.41989867170864,255.46098584004866,0.2020502439253431,0,0,0,0,0,0,0,0,0.0,0,0,1.4
89200.0,4.3186297241279175e-06,162.38096494989856,255.4303656906697,0.20126255615531397,0,0,0,0,0,0,0,0,0.0,0,0,1.4
89220.0,4.302819948857601e-06,162.34226508757217,255.39992582667682,0.2004779770357529,0,0,0,0,0,0,0,0,0.0,0,0,1.4
89240.0,4.287062940995012e-06,162.3037993818103,255.36966654597038,0.1996964951746285,0,0,0,0,0,0,0,0,0.0,0,0,1.4
89260.0,4.27135855399882e-06,162.2655681289491,255.33958814566634,0.19891809920879738,0,0,0,0,0,0,0,0,0.0,0,0,1.4
89280.0,4.255706641327729e-06,162.22757162532463,255.30969092288063,0.19814277777511793,0,0,0,0,0,0,0,0,0.0,0,0,1.4
89300.0,4.240107056440412e-06,162.18981016727307,255.27997517472917,0.19737051951044687,0,0,0,0,0,0,0,0,0.0,0,0,1.4
89320.00000000001,4.224559653033005e-06,162.15228405037865,255.25044119752656,0.1966013130802723,0,0,0,0,0,0,0,0,0.0,0,0,1.4
89340.0,4.209064285751545e-06,162.11499356721836,255.22108928438263,0.19583514726461015,0,0,0,0,0,0,0,0,0.0,0,0,1.4
89360.0,4.1936208094795074e-06,162.07793900961735,255.19191972760575,0.19507201087210616,0,0,0,0,0,0,0,0,0.0,0,0,1.4
89380.0,4.178229079100374e-06,162.0411206694007,255.16293281950448,0.1943118927114066,0,0,0,0,0,0,0,0,0.0,0,0,1.4
89400.0,4.1628889494976175e-06,162.00453883839344,255.13412885238716,0.19355478159115722,0,0,0,0,0,0,0,0,0.0,0,0,1.4
89420.0,4.147600275791303e-06,161.96819380766203,255.10550811774468,0.19280066634837814,0,0,0,0,0,0,0,0,0.0,0,0,1.4
89440.0,4.1323629140477e-06,161.9320858652376,255.0770709037968,0.19204953593357887,0,0,0,0,0,0,0,0,0.0,0,0,1.4
89460.00000000001,4.117176720569634e-06,161.8962152983927,255.0488174979456,0.19130137932564162,0,0,0,0,0,0,0,0,0.0,0,0,1.4
89480.0,4.102041551659966e-06,161.8605823943997,255.02074818759323,0.19055618550345016,0,0,0,0,0,0,0,0,0.0,0,0,1.4
89500.0,4.086957263621522e-06,161.825187440531,254.99286326014177,0.1898139434458868,0,0,0,0,0,0,0,0,0.0,0,0,1.4
89520.0,4.071923712992802e-06,161.79003072329363,254.96516300215936,0.18907464215994693,0,0,0,0,0,0,0,0,0.0,0,0,1.4
89540.0,4.056940757254937e-06,161.75511252613236,254.9376476968783,0.18833827076507628,0,0,0,0,0,0,0,0,0.0,0,0,1.4
89560.0,4.04200825412475e-06,161.72043313172657,254.9103176266969,0.18760481840883464,0,0,0,0,0,0,0,0,0.0,0,0,1.4
89580.0,4.027126061319034e-06,161.68599282275554,254.88317307401348,0.1868742742387804,0,0,0,0,0,0,0,0,0.0,0,0,1.4
89600.00000000001,4.012294036554581e-06,161.65179188189862,254.8562143212264,0.18614662740247187,0,0,0,0,0,0,0,0,0.0,0,0,1.4
89620.0,3.997512037782979e-06,161.61783059106298,254.82944164988396,0.18542186707531993,0,0,0,0,0,0,0,0,0.0,0,0,1.4
89640.0,3.982779923894842e-06,161.58410922906702,254.80285533813438,0.18469998254413758,0,0,0,0,0,0,0,0,0.0,0,0,1.4
89660.0,3.968097554015562e-06,161.55062807395706,254.77645566327587,0.18398096312358947,0,0,0,0,0,0,0,0,0.0,0,0,1.4
89680.0,3.9534647872705175e-06,161.51738740377925,254.7502429026066,0.18326479812833954,0,0,0,0,0,0,0,0,0.0,0,0,1.4
89700.0,3.938881482785119e-06,161.48438749657998,254.72421733342483,0.18255147687305343,0,0,0,0,0,0,0,0,0.0,0,0,1.4
89720.0,3.9243474999186245e-06,161.45162862962687,254.69837923216295,0.18184098869998327,0,0,0,0,0,0,0,0,0.0,0,0,1.4
89740.0,3.9098626989658095e-06,161.4191110770732,254.67272887179033,0.18113332306173444,0,0,0,0,0,0,0,0,0.0,0,0,1.4
89760.0,3.895426940455319e-06,161.38683511229365,254.6472665244105,0.18042846943849988,0,0,0,0,0,0,0,0,0.0,0,0,1.4
89780.0,3.88104008491583e-06,161.354801008663,254.62199246212708,0.1797264173104742,0,0,0,0,0,0,0,0,0.0,0,0,1.4
89800.0,3.866701992875984e-06,161.3230090395559,254.59690695704364,0.17902715615785028,0,0,0,0,0,0,0,0,0.0,0,0,1.4
89820.00000000001,3.852412525097415e-06,161.29145947756217,254.5720102803825,0.17833067548814502,0,0,0,0,0,0,0,0,0.0,0,0,1.4
89840.0,3.838171543273745e-06,161.26015259213233,254.5473026998408,0.17763696491817207,0,0,0,0,0,0,0,0,0.0,0,0,1.4
89860.0,3.823978909331551e-06,161.22908865193182,254.52278448223453,0.17694601409206753,0,0,0,0,0,0,0,0,0.0,0,0,1.4
89880.0,3.8098344851974226e-06,161.19826792562628,254.4984558943796,0.1762578126539679,0,0,0,0,0,0,0,0,0.0,0,0,1.4
89900.0,3.7957381327979395e-06,161.16769068188117,254.4743172030919,0.17557235024800924,0,0,0,0,0,0,0,0,0.0,0,0,1.4
89920.0,3.781689714291819e-06,161.13735718857112,254.4503686742909,0.1748896165453876,0,0,0,0,0,0,0,0,0.0,0,0,1.4
89940.0,3.767689092766186e-06,161.10726771040672,254.4266105703099,0.17420960132553176,0,0,0,0,0,0,0,0,0.0,0,0,1.4
89960.00000000001,3.7537361315402753e-06,161.07742251130762,254.40304315258552,0.17353229439492898,0,0,0,0,0,0,0,0,0.0,0,0,1.4
89980.0,3.7398306939333503e-06,161.04782185519338,254.37966668255467,0.17285768556006811,0,0,0,0,0,0,0,0,0.0,0,0,1.4
90000.0,3.725972643264645e-06,161.01846600598364,254.35648142165402,0.1721857646274364,0,0,0,0,0,0,0,0,0.0,0,0,1.4
90020.0,3.7121618430846253e-06,160.9893552268012,254.33348763040894,0.1715165214303135,0,0,0,0,0,0,0,0,0.0,0,0,1.4
90040.0,3.698398157868639e-06,160.96048977758142,254.31068556569903,0.17084994590914582,0,0,0,0,0,0,0,0,0.0,0,0,1.4
90060.0,3.684681452323282e-06,160.93186991746285,254.2880754834926,0.1701860280311729,0,0,0,0,0,0,0,0,0.0,0,0,1.4
90080.0,3.6710115911551242e-06,160.90349590558398,254.26565763975788,0.16952475776363296,0,0,0,0,0,0,0,0,0.0,0,0,1.4
90100.00000000001,3.6573884390707336e-06,160.87536800108333,254.24343229046306,0.16886612507376425,0,0,0,0,0,0,0,0,0.0,0,0,1.4
90120.0,3.6438118610070544e-06,160.8474864622968,254.2213996906503,0.16821011995533064,0,0,0,0,0,0,0,0,0.0,0,0,1.4
90140.0,3.6302817228223836e-06,160.8198515443495,254.1995600916572,0.1675567325081918,0,0,0,0,0,0,0,0,0.0,0,0,1.4
90160.0,3.616797890605373e-06,160.79246350156376,254.17791374389518,0.1669059528587321,0,0,0,0,0,0,0,0,0.0,0,0,1.4
90180.0,3.6033602304446673e-06,160.76532258826208,254.1564608977757,0.16625777113333556,0,0,0,0,0,0,0,0,0.0,0,0,1.4
90200.0,3.589968608428937e-06,160.73842905876697,254.13520180371032,0.1656121774583875,0,0,0,0,0,0,0,0,0.0,0,0,1.4
90220.0,3.5766228908762844e-06,160.7117831665926,254.1141367111701,0.16496916198652725,0,0,0,0,0,0,0,0,0.0,0,0,1.4
90240.0,3.563322945022651e-06,160.68538516202062,254.09326586586454,0.16432871497541665,0,0,0,0,0,0,0,0,0.0,0,0,1.4
90260.0,3.5500686383334274e-06,160.65923529452454,254.07258951256293,0.16369082670897228,0,0,0,0,0,0,0,0,0.0,0,0,1.4
90280.0,3.536859838274035e-06,160.6333338135778,254.05210789603439,0.1630554874711123,0,0,0,0,0,0,0,0,0.0,0,0,1.4
90300.0,3.523696412309864e-06,160.60768096865385,254.03182126104818,0.16242268754575337,0,0,0,0,0,0,0,0,0.0,0,0,1.4
90320.00000000001,3.5105782281348838e-06,160.58227700841263,254.01172985141898,0.16179241724279816,0,0,0,0,0,0,0,0,0.0,0,0,1.4
90340.0,3.4975051543574096e-06,160.55712217825945,253.99183390714384,0.16116466697609466,0,0,0,0,0,0,0,0,0.0,0,0,1.4
90360.0,3.4844770598143063e-06,160.53221672278596,253.97213366726524,0.16053942718547545,0,0,0,0,0,0,0,0,0.0,0,0,1.4
90380.0,3.4714938133424487e-06,160.50756088658392,253.95262937082575,0.15991668831077357,0,0,0,0,0,0,0,0,0.0,0,0,1.4
90400.0,3.4585552837787023e-06,160.48315491424498,253.93332125686783,0.1592964407918216,0,0,0,0,0,0,0,0,0.0,0,0,1.4
90420.0,3.445661340187648e-06,160.45899904954211,253.91420956346604,0.15867867509416883,0,0,0,0,0,0,0,0,0.0,0,0,1.4
90440.0,3.4328118525445916e-06,160.4350935329732,253.89529452482262,0.15806338178622467,0,0,0,0,0,0,0,0,0.0,0,0,1.4
90460.00000000001,3.4200066910525276e-06,160.4114386042174,253.87657637417186,0.15745055146211376,0,0,0,0,0,0,0,0,0.0,0,0,1.4
90480.0,3.4072457259144774e-06,160.3880345029538,253.858055344748,0.15684017471596212,0,0,0,0,0,0,0,0,0.0,0,0,1.4
90500.0,3.3945288273334353e-06,160.36488146886157,253.83973166978527,0.15623224214189452,0,0,0,0,0,0,0,0,0.0,0,0,1.4
90520.0,3.381855865739204e-06,160.34197974079595,253.8216055815365,0.15562674435948018,0,0,0,0,0,0,0,0,0.0,0,0,1.4
90540.0,3.3692267124687804e-06,160.3193295543167,253.80367730832887,0.15502367209006418,0,0,0,0,0,0,0,0,0.0,0,0,1.4
90560.0,3.356641239085987e-06,160.29693114415983,253.785947077508,0.15442301608043701,0,0,0,0,0,0,0,0,0.0,0,0,1.4
90580.0,3.34409931715462e-06,160.27478474506123,253.76841511641973,0.15382476707738785,0,0,0,0,0,0,0,0,0.0,0,0,1.4
90600.00000000001,3.331600818238476e-06,160.2528905917568,253.75108165240965,0.15322891582770584,0,0,0,0,0,0,0,0,0.0,0,0,1.4
90620.0,3.319145614127284e-06,160.23124891815385,253.7339469118292,0.15263545310335355,0,0,0,0,0,0,0,0,0.0,0,0,1.4
90640.0,3.306733577514369e-06,160.20985995484503,253.7170111170524,0.1520443697769806,0,0,0,0,0,0,0,0,0.0,0,0,1.4
90660.0,3.2943645813189718e-06,160.18872393159432,253.70027448945893,0.15145565674640912,0,0,0,0,0,0,0,0,0.0,0,0,1.4
90680.0,3.282038498460322e-06,160.1678410781657,253.68373725042855,0.15086930490946088,0,0,0,0,0,0,0,0,0.0,0,0,1.4
90700.0,3.269755201857679e-06,160.14721162432326,253.66739962134093,0.1502853051639588,0,0,0,0,0,0,0,0,0.0,0,0,1.4
90720.0,3.257514564655277e-06,160.12683579899763,253.65126182256884,0.1497036484326239,0,0,0,0,0,0,0,0,0.0,0,0,1.4
90740.0,3.245316460897379e-06,160.1067138277862,253.63532407045741,0.14912432573777493,0,0,0,0,0,0,0,0,0.0,0,0,1.4
90760.0,3.233160764853242e-06,160.08684593545308,253.61958658034484,0.14854732812662946,0,0,0,0,0,0,0,0,0.0,0,0,1.4
90780.0,3.22104735079215e-06,160.06723234676247,253.6040495675693,0.1479726466464063,0,0,0,0,0,0,0,0,0.0,0,0,1.4
90800.0,3.208976092983362e-06,160.04787328647842,253.58871324746892,0.14740027234432307,0,0,0,0,0,0,0,0,0.0,0,0,1.4
90820.00000000001,3.1969468659202356e-06,160.02876897852713,253.57357783436282,0.14683019629222352,0,0,0,0,0,0,0,0,0.0,0,0,1.4
90840.0,3.1849595449925687e-06,160.00991964348356,253.55864353849321,0.1462624096604572,0,0,0,0,0,0,0,0,0.0,0,0,1.4
90860.0,3.1730140058142327e-06,159.99132550108465,253.54391056908335,0.1456969036439987,0,0,0,0,0,0,0,0,0.0,0,0,1.4
90880.0,3.1611101239991093e-06,159.9729867710674,253.52937913535632,0.1451336694378229,0,0,0,0,0,0,0,0,0.0,0,0,1.4
90900.0,3.1492477751610714e-06,159.95490367316881,253.5150494465353,0.1445726982369043,0,0,0,0,0,0,0,0,0.0,0,0,1.4
90920.0,3.1374268351372022e-06,159.93707642628385,253.50092171081252,0.14401398126057094,0,0,0,0,0,0,0,0,0.0,0,0,1.4
90940.0,3.125647180657305e-06,159.9195052459392,253.4869961322565,0.14345750982555866,0,0,0,0,0,0,0,0,0.0,0,0,1.4
90960.00000000001,3.1139086886743696e-06,159.90219034681954,253.47327291390496,0.14290327527295565,0,0,0,0,0,0,0,0,0.0,0,0,1.4
90980.0,3.102211236141411e-06,159.88513194360954,253.45975225879548,0.14235126894385122,0,0,0,0,0,0,0,0,0.0,0,0,1.4
91000.0,3.0905547000114173e-06,159.86833025099384,253.44643436996571,0.14180148217933353,0,0,0,0,0,0,0,0,0.0,0,0,1.4
91020.0,3.0789389574596577e-06,159.8517854828109,253.43331944941093,0.14125390634456933,0,0,0,0,0,0,0,0,0.0,0,0,1.4
91040.0,3.0673638865504724e-06,159.83549784951433,253.4204076949569,0.14070853290103794,0,0,0,0,0,0,0,0,0.0,0,0,1.4
91060.0,3.055829365570502e-06,159.81946756071153,253.40769930338712,0.14016535333429792,0,0,0,0,0,0,0,0,0.0,0,0,1.4
91080.0,3.0443352728063566e-06,159.80369482600992,253.39519447148487,0.13962435912990673,0,0,0,0,0,0,0,0,0.0,0,0,1.4
91100.00000000001,3.032881486544649e-06,159.78817985501686,253.3828933960337,0.1390855417734219,0,0,0,0,0,0,0,0,0.0,0,0,1.4
91120.0,3.0214678852933577e-06,159.77292285648966,253.3707962727636,0.13854889277420554,0,0,0,0,0,0,0,0,0.0,0,0,1.4
91140.0,3.010094348445797e-06,159.75792403578504,253.3589032931911,0.13801440373683302,0,0,0,0,0,0,0,0,0.0,0,0,1.4
91160.0,2.9987607556166294e-06,159.74318359740965,253.34721464777945,0.13748206628968362,0,0,0,0,0,0,0,0,0.0,0,0,1.4
91180.0,2.9874669864205104e-06,159.72870174587013,253.33573052699174,0.13695187206113618,0,0,0,0,0,0,0,0,0.0,0,0,1.4
91200.0,2.976212920472119e-06,159.71447868567307,253.3244511212912,0.1364238126795707,0,0,0,0,0,0,0,0,0.0,0,0,1.4
91220.0,2.9649984376065147e-06,159.70051462047132,253.31337662007707,0.13589787979689494,0,0,0,0,0,0,0,0,0.0,0,0,1.4
91240.0,2.9538234185403876e-06,159.68680975050245,253.30250720849293,0.13537406515913253,0,0,0,0,0,0,0,0,0.0,0,0,1.4
91260.0,2.9426877442108246e-06,159.67336427515013,253.29184307061843,0.13485236053583544,0,0,0,0,0,0,0,0,0.0,0,0,1.4
91280.0,2.9315912955549356e-06,159.6601783937982,253.28138439053328,0.13433275769655686,0,0,0,0,0,0,0,0,0.0,0,0,1.4
91300.0,2.9205339535098076e-06,159.6472523058304,253.2711313523171,0.13381524841084894,0,0,0,0,0,0,0,0,0.0,0,0,1.4
91320.00000000001,2.9095155992319877e-06,159.63458620977295,253.2610841389754,0.13329982447151753,0,0,0,0,0,0,0,0,0.0,0,0,1.4
91340.0,2.898536114755887e-06,159.62218030072287,253.25124292921748,0.13278647776438532,0,0,0,0,0,0,0,0,0.0,0,0,1.4
91360.0,2.8875953823353557e-06,159.61003477291956,253.24160790067842,0.13227520019852765,0,0,0,0,0,0,0,0,0.0,0,0,1.4
91380.0,2.876693284224249e-06,159.59814982060254,253.23217923099335,0.13176598368302034,0,0,0,0,0,0,0,0,0.0,0,0,1.4
91400.0,2.865829702676417e-06,159.5865256380112,253.22295709779735,0.13125882012693876,0,0,0,0,0,0,0,0,0.0,0,0,1.4
91420.0,2.8550045201642343e-06,159.57516241852437,253.21394167764174,0.13075370146233817,0,0,0,0,0,0,0,0,0.0,0,0,1.4
91440.0,2.844217620034067e-06,159.5640603520779,253.2051331427427,0.13025061971318763,0,0,0,0,0,0,0,0,0.0,0,0,1.4
91460.00000000001,2.8334688858507855e-06,159.55321962774673,253.19653166423242,0.12974956692643505,0,0,0,0,0,0,0,0,0.0,0,0,1.4
91480.0,2.8227582011792823e-06,159.54264043460617,253.1881374132433,0.12925053514902926,0,0,0,0,0,0,0,0,0.0,0,0,1.4
91500.0,2.812085449584427e-06,159.53232296173113,253.1799505609075,0.12875351642791816,0,0,0,0,0,0,0,0,0.0,0,0,1.4
91520.0,2.8014505148486364e-06,159.52226739733294,253.1719712772644,0.12825850283275367,0,0,0,0,0,0,0,0,0.0,0,0,1.4
91540.0,2.790853281624475e-06,159.51247392616742,253.16419972798107,0.12776548652400221,0,0,0,0,0,0,0,0,0.0,0,0,1.4
91560.0,2.780293634782071e-06,159.50294273212654,253.15663607763148,0.12727445968483503,0,0,0,0,0,0,0,0,0.0,0,0,1.4
91580.0,2.7697714591915265e-06,159.49367399910227,253.14928049078978,0.12678541449842232,0,0,0,0,0,0,0,0,0.0,0,0,1.4
91600.00000000001,2.7592866397229476e-06,159.48466791098653,253.14213313202998,0.1262983431479342,0,0,0,0,0,0,0,0,0.0,0,0,1.4
91620.0,2.7488390614630225e-06,159.4759246508045,253.13519416482424,0.12581323783897053,0,0,0,0,0,0,0,0,0.0,0,0,1.4
91640.0,2.7384286103646677e-06,159.4674443981137,253.1284637482373,0.12533009086684474,0,0,0,0,0,0,0,0,0.0,0,0,1.4
91660.0,2.7280551725973693e-06,159.45922733160512,253.12194204023177,0.12484889454929908,0,0,0,0,0,0,0,0,0.0,0,0,1.4
91680.0,2.717718634330607e-06,159.45127362996936,253.1156291987705,0.12436964120407565,0,0,0,0,0,0,0,0,0.0,0,0,1.4
91700.0,2.7074188817338824e-06,159.44358347189723,253.10952538181627,0.1238923231489174,0,0,0,0,0,0,0,0,0.0,0,0,1.4
91720.0,2.6971558011922463e-06,159.43615703521,253.10363074622165,0.12341693272372012,0,0,0,0,0,0,0,0,0.0,0,0,1.4
91740.0,2.6869292799530498e-06,159.42899449425062,253.0979454443986,0.12294346235699474,0,0,0,0,0,0,0,0,0.0,0,0,1.4
91760.0,2.6767392054792105e-06,159.42209602249258,253.09246962764897,0.12247190449940558,0,0,0,0,0,0,0,0,0.0,0,0,1.4
91780.0,2.666585465233666e-06,159.41546179340932,253.08720344727453,0.12200225160161796,0,0,0,0,0,0,0,0,0.0,0,0,1.4
91800.0,2.656467946679334e-06,159.4090919804743,253.08214705457706,0.12153449611429623,0,0,0,0,0,0,0,0,0.0,0,0,1.4
91820.00000000001,2.646386537493706e-06,159.40298675628864,253.0773005997403,0.12106863050998375,0,0,0,0,0,0,0,0,0.0,0,0,1.4
91840.0,2.636341126212597e-06,159.39714628996464,253.07266422847547,0.12060464734874098,0,0,0,0,0,0,0,0,0.0,0,0,1.4
91860.0,2.626331601586377e-06,159.39157074974216,253.06823808537567,0.12014253921250645,0,0,0,0,0,0,0,0,0.0,0,0,1.4
91880.0,2.6163578523654207e-06,159.38626030386115,253.0640223150339,0.11968229868321903,0,0,0,0,0,0,0,0,0.0,0,0,1.4
91900.0,2.6064197673000965e-06,159.38121512056162,253.06001706204333,0.11922391834281723,0,0,0,0,0,0,0,0,0.0,0,0,1.4
91920.0,2.596517235354357e-06,159.37643536720893,253.05622246987159,0.11876739079484512,0,0,0,0,0,0,0,0,0.0,0,0,1.4
91940.0,2.5866501463463763e-06,159.37192120767017,253.0526386774845,0.11831270872926425,0,0,0,0,0,0,0,0,0.0,0,0,1.4
91960.00000000001,2.5768183903078893e-06,159.36767280493808,253.0492658227226,0.11785986485764062,0,0,0,0,0,0,0,0,0.0,0,0,1.4
91980.0,2.5670218572706526e-06,159.36369032200525,253.04610404342617,0.11740885189154127,0,0,0,0,0,0,0,0,0.0,0,0,1.4
92000.0,2.5572604372664025e-06,159.3599739218643,253.04315347743574,0.1169596625425323,0,0,0,0,0,0,0,0,0.0,0,0,1.4
92020.0,2.5475340205394193e-06,159.35652376663114,253.04041426145932,0.11651228954351071,0,0,0,0,0,0,0,0,0.0,0,0,1.4
92040.0,2.53784249818413e-06,159.35334001491452,253.0378865276755,0.11606672571269577,0,0,0,0,0,0,0,0,0.0,0,0,1.4
92060.0,2.5281857615075228e-06,159.35042282444658,253.03557040713068,0.11562296388963823,0,0,0,0,0,0,0,0,0.0,0,0,1.4
92080.0,2.518563701816563e-06,159.3477723529594,253.03346603087093,0.115180996913888,0,0,0,0,0,0,0,0,0.0,0,0,1.4
92100.00000000001,2.508976210418217e-06,159.34538875818504,253.03157352994265,0.11474081762499493,0,0,0,0,0,0,0,0,0.0,0,0,1.4
92120.0,2.49942317883097e-06,159.34327219697676,253.02989303425323,0.11430241888356675,0,0,0,0,0,0,0,0,0.0,0,0,1.4
92140.0,2.489904499419286e-06,159.34142282267266,253.02842466915487,0.11386579363443809,0,0,0,0,0,0,0,0,0.0,0,0,1.4
92160.0,2.480420064759133e-06,159.3398407877319,253.02716855886098,0.11343093484350077,0,0,0,0,0,0,0,0,0.0,0,0,1.4
92180.0,2.470969767426476e-06,159.33852624461383,253.02612482758494,0.1129978354766463,0,0,0,0,0,0,0,0,0.0,0,0,1.4
92200.0,2.4615534999972956e-06,159.33747934577764,253.0252935995401,0.11256648849976723,0,0,0,0,0,0,0,0,0.0,0,0,1.4
92220.0,2.4521711552580046e-06,159.336700242802,253.0246749977952,0.11213688689953899,0,0,0,0,0,0,0,0,0.0,0,0,1.4
92240.0,2.4428226268368214e-06,159.33618908374325,253.02426914084,0.1117090237457732,0,0,0,0,0,0,0,0,0.0,0,0,1.4
92260.0,2.4335078085724037e-06,159.33594601577715,253.02407614601967,0.111282892129065,0,0,0,0,0,0,0,0,0.0,0,0,1.4
92280.0,2.424226594303433e-06,159.33597118607938,253.02409613067934,0.11085848514001066,0,0,0,0,0,0,0,0,0.0,0,0,1.4
92300.0,2.414978877868569e-06,159.33626474182577,253.0243292121641,0.11043579586920531,0,0,0,0,0,0,0,0,0.0,0,0,1.4
92320.00000000001,2.405764553315857e-06,159.33682682930976,253.02477550666896,0.11001481742775568,0,0,0,0,0,0,0,0,0.0,0,0,1.4
92340.0,2.3965835155308987e-06,159.33765759129614,253.0254351257884,0.10959554300881517,0,0,0,0,0,0,0,0,0.0,0,0,1.4
92360.0,2.3874356596086627e-06,159.3387571696674,253.02630817996672,0.10917796582604769,0,0,0,0,0,0,0,0,0.0,0,0,1.4
92380.0,2.378320880644123e-06,159.34012570630603,253.0273947796483,0.10876207909311764,0,0,0,0,0,0,0,0,0.0,0,0,1.4
92400.0,2.369239073732248e-06,159.34176334309458,253.0286950352774,0.10834787602368884,0,0,0,0,0,0,0,0,0.0,0,0,1.4
92420.0,2.3601901341763322e-06,159.34367022103194,253.03020905614332,0.1079353498516659,0,0,0,0,0,0,0,0,0.0,0,0,1.4
92440.0,2.3511739581128796e-06,159.34584647758237,253.03193694691512,0.1075244938919113,0,0,0,0,0,0,0,0,0.0,0,0,1.4
92460.00000000001,2.3421904418867043e-06,159.34829224932645,253.03387881110675,0.10711530147952714,0,0,0,0,0,0,0,0,0.0,0,0,1.4
92480.0,2.3332394818426363e-06,159.35100767284484,253.03603475223213,0.10670776594961652,0,0,0,0,0,0,0,0,0.0,0,0,1.4
92500.0,2.324320974325489e-06,159.35399288471817,253.0384048738052,0.1063018806372815,0,0,0,0,0,0,0,0,0.0,0,0,1.4
92520.0,2.315434815887296e-06,159.35724802064217,253.0409892781805,0.1058976388975933,0,0,0,0,0,0,0,0,0.0,0,0,1.4
92540.0,2.3065809039089455e-06,159.36077321277313,253.04378806307471,0.10549503416549734,0,0,0,0,0,0,0,0,0.0,0,0,1.4
92560.0,2.297759135978561e-06,159.36456859238237,253.04680132504498,0.10509405989590874,0,0,0,0,0,0,0,0,0.0,0,0,1.4
92580.0,2.288969409684247e-06,159.36863429074134,253.05002916064848,0.10469470954374159,0,0,0,0,0,0,0,0,0.0,0,0,1.4
92600.00000000001,2.280211622614108e-06,159.37297043912142,253.05347166644248,0.10429697656391015,0,0,0,0,0,0,0,0,0.0,0,0,1.4
92620.0,2.271485672562374e-06,159.37757716790807,253.05712893782078,0.10390085443102784,0,0,0,0,0,0,0,0,0.0,0,0,1.4
92640.0,2.262791458147689e-06,159.38245460394313,253.06100106552384,0.10350633669850089,0,0,0,0,0,0,0,0,0.0,0,0,1.4
92660.0,2.2541288781948117e-06,159.38760287318246,253.0650881391287,0.1031134169394343,0,0,0,0,0,0,0,0,0.0,0,0,1.4
92680.0,2.245497831528493e-06,159.39302210158198,253.0693902482125,0.10272208872693274,0,0,0,0,0,0,0,0,0.0,0,0,1.4
92700.0,2.236898216973505e-06,159.3987124150976,253.07390748235233,0.10233234563410167,0,0,0,0,0,0,0,0,0.0,0,0,1.4
92720.0,2.2283299335595893e-06,159.40467393879848,253.0786399299585,0.10194418125347503,0,0,0,0,0,0,0,0,0.0,0,0,1.4
92740.0,2.2197928811364534e-06,159.41090679420657,253.08358767477444,0.10155758925530385,0,0,0,0,0,0,0,0,0.0,0,0,1.4
92760.0,2.211286959758791e-06,159.4174111019572,253.08875079937684,0.10117256332926824,0,0,0,0,0,0,0,0,0.0,0,0,1.4
92780.0,2.202812069481313e-06,159.4241869826856,253.09412938634242,0.10078909716504901,0,0,0,0,0,0,0,0,0.0,0,0,1.4
92800.0,2.1943681103587102e-06,159.4312345570271,253.0997235182478,0.10040718445232617,0,0,0,0,0,0,0,0,0.0,0,0,1.4
92820.00000000001,2.1859549826495306e-06,159.43855394472942,253.1055332765001,0.10002681889994058,0,0,0,0,0,0,0,0,0.0,0,0,1.4
92840.0,2.177572587427749e-06,159.44614526199052,253.11155873782786,0.09964799429337695,0,0,0,0,0,0,0,0,0.0,0,0,1.4
92860.0,2.1692208259711758e-06,159.45400862412095,253.11779997779018,0.09927070443727999,0,0,0,0,0,0,0,0,0.0,0,0,1.4
92880.0,2.1608995995576287e-06,159.46214414643117,253.124257071946,0.0988949431362947,0,0,0,0,0,0,0,0,0.0,0,0,1.4
92900.0,2.1526088094649178e-06,159.47055194423172,253.13093009585438,0.09852070419506578,0,0,0,0,0,0,0,0,0.0,0,0,1.4
92920.0,2.1443483571735773e-06,159.47923213194514,253.13781912390235,0.09814798143713235,0,0,0,0,0,0,0,0,0.0,0,0,1.4
92940.0,2.1361181449749446e-06,159.48818482044274,253.14492422578954,0.09777676876160718,0,0,0,0,0,0,0,0,0.0,0,0,1.4
92960.00000000001,2.1279180753630608e-06,159.49741011970772,253.15224547004354,0.09740706008649662,0,0,0,0,0,0,0,0,0.0,0,0,1.4
92980.0,2.119748050831986e-06,159.50690813972352,253.159782925192,0.09703884932980782,0,0,0,0,0,0,0,0,0.0,0,0,1.4
93000.0,2.111607973875763e-06,159.5166789904734,253.16753665976256,0.09667213040954716,0,0,0,0,0,0,0,0,0.0,0,0,1.4
93020.0,2.1034977471899796e-06,159.52672278105248,253.17550674110913,0.09630689726234862,0,0,0,0,0,0,0,0,0.0,0,0,1.4
93040.0,2.095417274276383e-06,159.53703961700285,253.1836932318904,0.09594314389935533,0,0,0,0,0,0,0,0,0.0,0,0,1.4
93060.0,2.0873664588382774e-06,159.54762960297833,253.19209619359128,0.09558086435033858,0,0,0,0,0,0,0,0,0.0,0,0,1.4
93080.0,2.0793452045789515e-06,159.55849284363285,253.20071568769666,0.09522005264506885,0,0,0,0,0,0,0,0,0.0,0,0,1.4
93100.00000000001,2.0713534152016903e-06,159.5696294436202,253.2095517756915,0.09486070281331661,0,0,0,0,0,0,0,0,0.0,0,0,1.4
93120.0,2.063390994610163e-06,159.581039506706,253.2186045178857,0.0945028089032156,0,0,0,0,0,0,0,0,0.0,0,0,1.4
93140.0,2.0554578475094706e-06,159.59272313310285,253.22787396988915,0.09414636503634857,0,0,0,0,0,0,0,0,0.0,0,0,1.4
93160.0,2.0475538788050844e-06,159.6046804221353,253.2373601861368,0.09379136535266097,0,0,0,0,0,0,0,0,0.0,0,0,1.4
93180.0,2.039678993402469e-06,159.61691147312766,253.24706322106357,0.09343780399209803,0,0,0,0,0,0,0,0,0.0,0,0,1.4
93200.0,2.0318330962071063e-06,159.62941638540434,253.25698312910438,0.09308567509460568,0,0,0,0,0,0,0,0,0.0,0,0,1.4
93220.0,2.0240160923236305e-06,159.64219525740157,253.2671199635183,0.0927349728182278,0,0,0,0,0,0,0,0,0.0,0,0,1.4
93240.0,2.01622788765336e-06,159.65524818400277,253.2774737728612,0.09238569139340316,0,0,0,0,0,0,0,0,0.0,0,0,1.4
93260.0,2.0084683882967783e-06,159.66857525920304,253.28804460451317,0.092037825068669,0,0,0,0,0,0,0,0,0.0,0,0,1.4
93280.0,2.000737500354384e-06,159.68217657699753,253.2988325058541,0.09169136809256324,0,0,0,0,0,0,0,0,0.0,0,0,1.4
93300.0,1.993035129926659e-06,159.69605223138146,253.30983752426408,0.09134631471362308,0,0,0,0,0,0,0,0,0.0,0,0,1.4
93320.00000000001,1.9853611833120503e-06,159.71020231546206,253.32105970594708,0.091002659198222,0,0,0,0,0,0,0,0,0.0,0,0,1.4
93340.0,1.9777155676008686e-06,159.72462691879497,253.332499092403,0.09066039588407934,0,0,0,0,0,0,0,0,0.0,0,0,1.4
93360.0,1.9700981900813706e-06,159.7393261300479,253.3441557239555,0.09031951912675,0,0,0,0,0,0,0,0,0.0,0,0,1.4
93380.0,1.9625089580418197e-06,159.7543000378886,253.35602964092854,0.08998002328178911,0,0,0,0,0,0,0,0,0.0,0,0,1.4
93400.0,1.9549477787704743e-06,159.7695487309849,253.36812088364576,0.08964190270475157,0,0,0,0,0,0,0,0,0.0,0,0,1.4
93420.0,1.9474145597523484e-06,159.78507229711693,253.3804294912552,0.0893051517687682,0,0,0,0,0,0,0,0,0.0,0,0,1.4
93440.0,1.939909209259398e-06,159.8008708205152,253.39295549820184,0.08896976491726998,0,0,0,0,0,0,0,0,0.0,0,0,1.4
93460.00000000001,1.9324316357603226e-06,159.81694438452257,253.4056989377547,0.08863573661126302,0,0,0,0,0,0,0,0,0.0,0,0,1.4
93480.0,1.9249817477238356e-06,159.833293072482,253.41865984318292,0.08830306131175424,0,0,0,0,0,0,0,0,0.0,0,0,1.4
93500.0,1.9175594536186337e-06,159.84991696773653,253.4318382477556,0.08797173347974978,0,0,0,0,0,0,0,0,0.0,0,0,1.4
93520.0,1.9101646621089258e-06,159.86681615274227,253.44523418356698,0.08764174759357175,0,0,0,0,0,0,0,0,0.0,0,0,1.4
93540.0,1.9027972826409292e-06,159.88399070640853,253.45884767801155,0.08731309820080475,0,0,0,0,0,0,0,0,0.0,0,0,1.4
93560.0,1.8954572248563824e-06,159.90144070675788,253.47267875730907,0.08698577986634981,0,0,0,0,0,0,0,0,0.0,0,0,1.4
93580.0,1.8881443983970078e-06,159.91916623181282,253.4867274476791,0.08665978715510725,0,0,0,0,0,0,0,0,0.0,0,0,1.4
93600.00000000001,1.880858712904528e-06,159.93716735959595,253.50099377534136,0.08633511463197735,0,0,0,0,0,0,0,0,0.0,0,0,1.4
93620.0,1.8736000782149331e-06,159.95544416724374,253.51547776534176,0.08601175687891867,0,0,0,0,0,0,0,0,0.0,0,0,1.4
93640.0,1.8663684049412088e-06,159.97399672834888,253.53017943803175,0.08568970854611908,0,0,0,0,0,0,0,0,0.0,0,0,1.4
93660.0,1.8591636038905968e-06,159.99282511561788,253.54509881258895,0.08536896430082423,0,0,0,0,0,0,0,0,0.0,0,0,1.4
93680.0,1.8519855858703345e-06,160.01192940175744,253.56023590819117,0.08504951881027956,0,0,0,0,0,0,0,0,0.0,0,0,1.4
93700.0,1.8448342616876745e-06,160.03130965947406,253.57559074401598,0.08473136674173112,0,0,0,0,0,0,0,0,0.0,0,0,1.4
93720.0,1.8377095423428428e-06,160.05096596058948,253.5911633380694,0.08441450277922544,0,0,0,0,0,0,0,0,0.0,0,0,1.4
93740.0,1.8306113396080238e-06,160.07089837338575,253.60695370367029,0.08409892167401355,0,0,0,0,0,0,0,0,0.0,0,0,1.4
93760.0,1.8235395654483858e-06,160.09110696526005,253.62296185296583,0.08378461819414737,0,0,0,0,0,0,0,0,0.0,0,0,1.4
93780.0,1.816494131829112e-06,160.11159180360949,253.6391877981031,0.08347158710767945,0,0,0,0,0,0,0,0,0.0,0,0,1.4
93800.0,1.8094749507153703e-06,160.13235295583118,253.65563155122928,0.08315982318266173,0,0,0,0,0,0,0,0,0.0,0,0,1.4
93820.00000000001,1.8024819342640365e-06,160.15339048843867,253.67229312332205,0.08284932120369219,0,0,0,0,0,0,0,0,0.0,0,0,1.4
93840.0,1.7955149953988325e-06,160.17470446441058,253.68917252068167,0.08254007602155403,0,0,0,0,0,0,0,0,0.0,0,0,1.4
93860.0,1.788574047235172e-06,160.19629494584194,253.70626974843898,0.0822320825035758,0,0,0,0,0,0,0,0,0.0,0,0,1.4
93880.0,1.7816590028884744e-06,160.21816199482765,253.7235848117247,0.08192533551708639,0,0,0,0,0,0,0,0,0.0,0,0,1.4
93900.0,1.7747697754741543e-06,160.24030567346276,253.74111771566967,0.08161982992941438,0,0,0,0,0,0,0,0,0.0,0,0,1.4
93920.0,1.7679062782980569e-06,160.26272604295986,253.7588684642382,0.08131556062418198,0,0,0,0,0,0,0,0,0.0,0,0,1.4
93940.0,1.7610684254276774e-06,160.28542316100203,253.77683705672823,0.08101252255018251,0,0,0,0,0,0,0,0,0.0,0,0,1.4
93960.00000000001,1.7542561311209278e-06,160.30839708439004,253.79502349127122,0.0807107106725023,0,0,0,0,0,0,0,0,0.0,0,0,1.4
93980.0,1.7474693096357342e-06,160.33164786992452,253.81342776599868,0.08041011995622821,0,0,0,0,0,0,0,0,0.0,0,0,1.4
94000.0,1.7407078752300095e-06,160.35517557440627,253.83204987904196,0.08011074536644656,0,0,0,0,0,0,0,0,0.0,0,0,1.4
94020.0,1.7339717423507767e-06,160.37898025375526,253.8508898273695,0.07981258188428529,0,0,0,0,0,0,0,0,0.0,0,0,1.4
94040.0,1.7272608262014843e-06,160.40306196036866,253.86994760329733,0.07951562455503776,0,0,0,0,0,0,0,0,0.0,0,0,1.4
94060.0,1.7205750421747022e-06,160.42742074576302,253.88922319797834,0.07921986844003942,0,0,0,0,0,0,0,0,0.0,0,0,1.4
94080.0,1.7139143056629864e-06,160.45205666145466,253.90871660256548,0.07892530860062515,0,0,0,0,0,0,0,0,0.0,0,0,1.4
94100.00000000001,1.7072785320588925e-06,160.47696975896022,253.92842780821178,0.07863194009812968,0,0,0,0,0,0,0,0,0.0,0,0,1.4
94120.0,1.700667636942779e-06,160.502160088917,253.94835680491082,0.07833975800968031,0,0,0,0,0,0,0,0,0.0,0,0,1.4
94140.0,1.694081536646147e-06,160.52762769844608,253.96850357801915,0.07804875747557069,0,0,0,0,0,0,0,0,0.0,0,0,1.4
94160.0,1.6875201476882912e-06,160.5533726337895,253.98886811173415,0.07775893365188652,0,0,0,0,0,0,0,0,0.0,0,0,1.4
94180.0,1.6809833865885015e-06,160.5793949411892,254.00945039025302,0.07747028169471327,0,0,0,0,0,0,0,0,0.0,0,0,1.4
94200.0,1.6744711698660818e-06,160.60569466688725,254.0302503977731,0.077182796760137,0,0,0,0,0,0,0,0,0.0,0,0,1.4
94220.0,1.6679834142267748e-06,160.63227185624854,254.05126811733686,0.0768964740197871,0,0,0,0,0,0,0,0,0.0,0,0,1.4
94240.0,1.6615200371221394e-06,160.65912655113,254.07250352736781,0.07661130870746857,0,0,0,0,0,0,0,0,0.0,0,0,1.4
94260.0,1.6550809561901811e-06,160.6862587925114,254.0939566051346,0.07632729607253014,0,0,0,0,0,0,0,0,0.0,0,0,1.4
94280.0,1.648666089068921e-06,160.71366862137268,254.11562732790586,0.07604443136432108,0,0,0,0,0,0,0,0,0.0,0,0,1.4
94300.0,1.6422753533963652e-06,160.74135607869357,254.13751567295037,0.07576270983219015,0,0,0,0,0,0,0,0,0.0,0,0,1.4
94320.00000000001,1.6359086669956288e-06,160.769321204579,254.15962161638677,0.07548212674078394,0,0,0,0,0,0,0,0,0.0,0,0,1.4
94340.0,1.6295659484302696e-06,160.79756403563343,254.181945129734,0.07520267741594144,0,0,0,0,0,0,0,0,0.0,0,0,1.4
94360.0,1.6232471164489397e-06,160.8260846075865,254.2044861833609,0.07492435719879897,0,0,0,0,0,0,0,0,0.0,0,0,1.4
94380.0,1.6169520898002974e-06,160.85488295616767,254.2272447476364,0.07464716143049302,0,0,0,0,0,0,0,0,0.0,0,0,1.4
94400.0,1.6106807872329946e-06,160.88395911710654,254.2502207929295,0.0743710854521599,0,0,0,0,0,0,0,0,0.0,0,0,1.4
94420.0,1.604433127679444e-06,160.91331312525992,254.2734142884645,0.07409612461999036,0,0,0,0,0,0,0,0,0.0,0,0,1.4
94440.0,1.5982090308070292e-06,160.94294501199386,254.2968251988878,0.07382227435039006,0,0,0,0,0,0,0,0,0.0,0,0,1.4
94460.00000000001,1.5920084164668807e-06,160.97285480780184,254.32045348770143,0.07354953007481856,0,0,0,0,0,0,0,0,0.0,0,0,1.4
94480.0,1.5858312045101421e-06,161.0030425431771,254.34429911840718,0.07327788722473594,0,0,0,0,0,0,0,0,0.0,0,0,1.4
94500.0,1.5796773147879437e-06,161.03350824861306,254.36836205450697,0.07300734123160171,0,0,0,0,0,0,0,0,0.0,0,0,1.4
94520.0,1.5735466673337952e-06,161.06425195373285,254.3926422583641,0.0727378875416875,0,0,0,0,0,0,0,0,0.0,0,0,1.4
94540.0,1.5674391829107024e-06,161.09527368467838,254.41713968778726,0.07246952166051214,0,0,0,0,0,0,0,0,0.0,0,0,1.4
94560.0,1.5613547824640591e-06,161.12657346672142,254.44185429944648,0.07220223910840692,0,0,0,0,0,0,0,0,0.0,0,0,1.4
94580.0,1.5552933869392466e-06,161.15815132513356,254.46678605001185,0.07193603540570256,0,0,0,0,0,0,0,0,0.0,0,0,1.4
94600.00000000001,1.5492549172816454e-06,161.19000728518662,254.49193489615342,0.07167090607272979,0,0,0,0,0,0,0,0,0.0,0,0,1.4
94620.0,1.5432392946176388e-06,161.22214137128455,254.517300793409,0.07140684664439165,0,0,0,0,0,0,0,0,0.0,0,0,1.4
94640.0,1.5372464407975537e-06,161.25455360436078,254.54288369278726,0.07114385271387785,0,0,0,0,0,0,0,0,0.0,0,0,1.4
94660.0,1.531276277852711e-06,161.28724400448107,254.5686835441646,0.07088191988895003,0,0,0,0,0,0,0,0,0.0,0,0,1.4
94680.0,1.5253287278144266e-06,161.3202125917112,254.59470029741757,0.07062104377736966,0,0,0,0,0,0,0,0,0.0,0,0,1.4
94700.0,1.5194037127140296e-06,161.35345938611692,254.62093390242248,0.0703612199868988,0,0,0,0,0,0,0,0,0.0,0,0,1.4
94720.0,1.5135011547624295e-06,161.3869844068991,254.6473843079304,0.07010244413963279,0,0,0,0,0,0,0,0,0.0,0,0,1.4
94740.0,1.507620976888914e-06,161.42078766979924,254.67405145819055,0.06984471191500263,0,0,0,0,0,0,0,0,0.0,0,0,1.4
94760.0,1.5017631022023587e-06,161.45486918969385,254.70093529632683,0.06958801900677311,0,0,0,0,0,0,0,0,0.0,0,0,1.4
94780.0,1.4959274538116525e-06,161.48922898145946,254.7280357654631,0.06933236110870945,0,0,0,0,0,0,0,0,0.0,0,0,1.4
94800.0,1.4901139548256716e-06,161.5238670599727,254.7553528087232,0.06907773391457643,0,0,0,0,0,0,0,0,0.0,0,0,1.4
94820.00000000001,1.4843225285314762e-06,161.55878343924817,254.78288636811286,0.06882413313223677,0,0,0,0,0,0,0,0,0.0,0,0,1.4
94840.0,1.4785530989288765e-06,161.5939781298528,254.8106363811652,0.06857155452594568,0,0,0,0,0,0,0,0,0.0,0,0,1.4
94860.0,1.4728055901958533e-06,161.62945114149161,254.83860278429538,0.06831999387405582,0,0,0,0,0,0,0,0,0.0,0,0,1.4
94880.0,1.4670799265103921e-06,161.6652024838696,254.8667855139183,0.0680694469549201,0,0,0,0,0,0,0,0,0.0,0,0,1.4
94900.0,1.4613760320504742e-06,161.7012321666918,254.89518450644917,0.06781990954689114,0,0,0,0,0,0,0,0,0.0,0,0,1.4
94920.0,1.4556938311708587e-06,161.7375401988044,254.92379969719255,0.06757137744218651,0,0,0,0,0,0,0,0,0.0,0,0,1.4
94940.0,1.450033248933351e-06,161.7741265856186,254.9526310170119,0.06732384648848054,0,0,0,0,0,0,0,0,0.0,0,0,1.4
94960.00000000001,1.4443942105765218e-06,161.81099133168684,254.98167839566025,0.0670773125473119,0,0,0,0,0,0,0,0,0.0,0,0,1.4
94980.0,1.438776641338955e-06,161.84813444156157,255.0109417628906,0.06683177148021979,0,0,0,0,0,0,0,0,0.0,0,0,1.4
95000.0,1.4331804664592208e-06,161.88555591979522,255.04042104845604,0.06658721914874287,0,0,0,0,0,0,0,0,0.0,0,0,1.4
95020.0,1.4276056113512286e-06,161.92325577008467,255.0701161810074,0.06634365142805275,0,0,0,0,0,0,0,0,0.0,0,0,1.4
95040.0,1.4220520021302204e-06,161.96123399270465,255.100027084787,0.0661010642478521,0,0,0,0,0,0,0,0,0.0,0,0,1.4
95060.0,1.4165195650867839e-06,161.99949058707432,255.13015368293475,0.0658594535514768,0,0,0,0,0,0,0,0,0.0,0,0,1.4
95080.0,1.4110082265114954e-06,162.03802555261288,255.16049589859077,0.06561881528226227,0,0,0,0,0,0,0,0,0.0,0,0,1.4
95100.00000000001,1.4055179126949303e-06,162.07683888873953,255.19105365489511,0.0653791453835439,0,0,0,0,0,0,0,0,0.0,0,0,1.4
95120.0,1.40004855010157e-06,162.1159305940214,255.22182687389434,0.06514043981206113,0,0,0,0,0,0,0,0,0.0,0,0,1.4
95140.0,1.3946000658914517e-06,162.15530066361748,255.25281547326128,0.06490269457816687,0,0,0,0,0,0,0,0,0.0,0,0,1.4
95160.0,1.38917238739851e-06,162.1949490918349,255.2840193695753,0.0646659057056177,0,0,0,0,0,0,0,0,0.0,0,0,1.4
95180.0,1.3837654419566755e-06,162.23487587298064,255.31543847941577,0.06443006921817,0,0,0,0,0,0,0,0,0.0,0,0,1.4
95200.0,1.37837915689989e-06,162.2750810013617,255.347072719362,0.06419518113958075,0,0,0,0,0,0,0,0,0.0,0,0,1.4
95220.0,1.3730134597345256e-06,162.31556447043667,255.37892200490896,0.0639612375067828,0,0,0,0,0,0,0,0,0.0,0,0,1.4
95240.0,1.3676682786567239e-06,162.35632627027024,255.41098624721403,0.06372823440941505,0,0,0,0,0,0,0,0,0.0,0,0,1.4
95260.0,1.362343542035065e-06,162.39736639007862,255.4432653563503,0.0634961679502928,0,0,0,0,0,0,0,0,0.0,0,0,1.4
95280.0,1.35703917823814e-06,162.43868481907802,255.47575924239067,0.06326503423223173,0,0,0,0,0,0,0,0,0.0,0,0,1.4
95300.0,1.3517551156345279e-06,162.48028154648458,255.50846781540824,0.06303482935804709,0,0,0,0,0,0,0,0,0.0,0,0,1.4
95320.00000000001,1.3464912827637883e-06,162.52215656066994,255.54139098440115,0.0628055494435058,0,0,0,0,0,0,0,0,0.0,0,0,1.4
95340.0,1.3412476088494085e-06,162.56430984662694,255.5745286540682,0.0625771906561821,0,0,0,0,0,0,0,0,0.0,0,0,1.4
95360.0,1.3360240232858444e-06,162.60674138850382,255.60788072803334,0.06234974917660128,0,0,0,0,0,0,0,0,0.0,0,0,1.4
95380.0,1.3308204554675552e-06,162.64945117044874,255.6414471099206,0.062123221185288915,0,0,0,0,0,0,0,0,0.0,0,0,1.4
95400.0,1.3256368347889964e-06,162.69243917660998,255.67522770335395,0.0618976028627704,0,0,0,0,0,0,0,0,0.0,0,0,1.4
95420.0,1.3204730908141442e-06,162.7357053902949,255.70922241089247,0.06167289040230083,0,0,0,0,0,0,0,0,0.0,0,0,1.4
95440.0,1.3153291537849993e-06,162.77924979144797,255.74343113083543,0.06144908004805194,0,0,0,0,0,0,0,0,0.0,0,0,1.4
95460.00000000001,1.3102049541130723e-06,162.82307235917276,255.7778537604175,0.061226168056924636,0,0,0,0,0,0,0,0,0.0,0,0,1.4
95480.0,1.3051004222098838e-06,162.8671730725728,255.81249019687306,0.06100415068582037,0,0,0,0,0,0,0,0,0.0,0,0,1.4
95500.0,1.3000154884869433e-06,162.9115519107518,255.84734033743655,0.060783024191640125,0,0,0,0,0,0,0,0,0.0,0,0,1.4
95520.0,1.294950083523794e-06,162.95620885197664,255.88240407828798,0.060562784843794126,0,0,0,0,0,0,0,0,0.0,0,0,1.4
95540.0,1.2899041385720883e-06,163.00114387116764,255.91768131138903,0.060343428961729055,0,0,0,0,0,0,0,0,0.0,0,0,1.4
95560.0,1.2848775850515192e-06,163.04635694240835,255.9531719276469,0.060124952877401196,0,0,0,0,0,0,0,0,0.0,0,0,1.4
95580.0,1.2798703543817678e-06,163.0918480397824,255.9888758179688,0.05990735292276636,0,0,0,0,0,0,0,0,0.0,0,0,1.4
95600.00000000001,1.2748823779825167e-06,163.13761713737344,256.0247928732619,0.05969062542978036,0,0,0,0,0,0,0,0,0.0,0,0,1.4
95620.0,1.2699135874399978e-06,163.18366420843256,256.06092298338956,0.05947476674269091,0,0,0,0,0,0,0,0,0.0,0,0,1.4
95640.0,1.2649639150065963e-06,163.2299892228812,256.09726603404,0.05925977325491092,0,0,0,0,0,0,0,0,0.0,0,0,1.4
95660.0,1.2600332931012397e-06,163.27659214980832,256.1338219098575,0.05904564137214493,0,0,0,0,0,0,0,0,0.0,0,0,1.4
95680.0,1.255121654142853e-06,163.32347295830283,256.17059049548646,0.058832367500097286,0,0,0,0,0,0,0,0,0.0,0,0,1.4
95700.0,1.2502289305503715e-06,163.37063161745374,256.2075716755711,0.0586199480444728,0,0,0,0,0,0,0,0,0.0,0,0,1.4
95720.0,1.2453550549077635e-06,163.41806809552187,256.2447653337232,0.05840837942305186,0,0,0,0,0,0,0,0,0.0,0,0,1.4
95740.00000000001,1.2404999604591699e-06,163.46578235745574,256.2821713494236,0.05819765810191906,0,0,0,0,0,0,0,0,0.0,0,0,1.4
95760.0,1.2356635806137856e-06,163.51377436737556,256.31978960112036,0.05798778055923546,0,0,0,0,0,0,0,0,0.0,0,0,1.4
95780.0,1.230845848780796e-06,163.56204408940175,256.3576199672615,0.05777874327316165,0,0,0,0,0,0,0,0,0.0,0,0,1.4
95800.0,1.2260466983693885e-06,163.61059148765463,256.3956623262953,0.0575705427218584,0,0,0,0,0,0,0,0,0.0,0,0,1.4
95820.00000000001,1.221266062952287e-06,163.65941652543108,256.4339165556486,0.05736317539534946,0,0,0,0,0,0,0,0,0.0,0,0,1.4
95840.0,1.2165038767563807e-06,163.708519162734,256.472382528664,0.05715663783111164,0,0,0,0,0,0,0,0,0.0,0,0,1.4
95860.0,1.2117600741720885e-06,163.75789935874286,256.5110601176628,0.056950926578484405,0,0,0,0,0,0,0,0,0.0,0,0,1.4
95880.0,1.2070345895898308e-06,163.8075570726371,256.54994919496653,0.05674603818680743,0,0,0,0,0,0,0,0,0.0,0,0,1.4
95900.0,1.2023273574000265e-06,163.85749226359619,256.5890496328964,0.056541969205420164,0,0,0,0,0,0,0,0,0.0,0,0,1.4
95920.0,1.1976383121551305e-06,163.9077048899806,256.62836130276446,0.056338716195315164,0,0,0,0,0,0,0,0,0.0,0,0,1.4
95940.0,1.1929673890556952e-06,163.95819490687532,256.6678840718455,0.05613627576409494,0,0,0,0,0,0,0,0,0.0,0,0,1.4
95960.00000000001,1.1883145234642992e-06,164.0089622685464,256.7076178064051,0.05593464453101457,0,0,0,0,0,0,0,0,0.0,0,0,1.4
95980.0,1.1836796507435317e-06,164.0600069292598,256.74756237270844,0.05573381911532959,0,0,0,0,0,0,0,0,0.0,0,0,1.4
96000.0,1.179062706255972e-06,164.11132884328157,256.7877176370212,0.0555337961362951,0,0,0,0,0,0,0,0,0.0,0,0,1.4
96020.0,1.1744636255247105e-06,164.1629279640637,256.82808346461167,0.055334572224610926,0,0,0,0,0,0,0,0,0.0,0,0,1.4
96040.0,1.169882344714868e-06,164.2148042418021,256.8686597167601,0.055136144056755106,0,0,0,0,0,0,0,0,0.0,0,0,1.4
96060.0,1.1653188001520832e-06,164.26695762587858,256.90944625374954,0.054938508320650656,0,0,0,0,0,0,0,0,0.0,0,0,1.4
96080.0,1.1607729281619845e-06,164.31938806567496,256.9504429358632,0.054741661704220186,0,0,0,0,0,0,0,0,0.0,0,0,1.4
96100.00000000001,1.1562446650702014e-06,164.3720955105731,256.9916496233842,0.0545456008953863,0,0,0,0,0,0,0,0,0.0,0,0,1.4
96120.0,1.1517339473613546e-06,164.42507990914575,257.0330661756113,0.054350322593310976,0,0,0,0,0,0,0,0,0.0,0,0,1.4
96140.0,1.147240712155985e-06,164.47834120672934,257.07469244790514,0.05415582354211168,0,0,0,0,0,0,0,0,0.0,0,0,1.4
96160.0,1.1427648967336189e-06,164.53187934785115,257.11652829464197,0.053962100497144894,0,0,0,0,0,0,0,0,0.0,0,0,1.4
96180.0,1.1383064383737798e-06,164.58569427703856,257.15857357019803,0.05376915021376706,0,0,0,0,0,0,0,0,0.0,0,0,1.4
96200.0,1.133865274356e-06,164.63978593881882,257.2008281289495,0.05357696944733496,0,0,0,0,0,0,0,0,0.0,0,0,1.4
96220.0,1.129441342117255e-06,164.6941542769153,257.24329182430114,0.053385554964240904,0,0,0,0,0,0,0,0,0.0,0,0,1.4
96240.00000000001,1.1250345797243254e-06,164.74879923183542,257.2859645057713,0.05319490357502071,0,0,0,0,0,0,0,0,0.0,0,0,1.4
96260.0,1.120644925401453e-06,164.80372074328253,257.3288460219066,0.053005012101246515,0,0,0,0,0,0,0,0,0.0,0,0,1.4
96280.0,1.1162723173728705e-06,164.85891875096007,257.37193622125403,0.052815877364490026,0,0,0,0,0,0,0,0,0.0,0,0,1.4
96300.0,1.1119166938628138e-06,164.91439319457146,257.4152349523602,0.052627496186323106,0,0,0,0,0,0,0,0,0.0,0,0,1.4
96320.00000000001,1.1075779932514291e-06,164.9701440130214,257.45874206281377,0.052439865399152776,0,0,0,0,0,0,0,0,0.0,0,0,1.4
96340.0,1.1032561545425331e-06,165.02617114201948,257.5024573963695,0.052252981878727525,0,0,0,0,0,0,0,0,0.0,0,0,1.4
96360.0,1.0989511168958454e-06,165.08247451647645,257.5463807958241,0.0520668425116308,0,0,0,0,0,0,0,0,0.0,0,0,1.4
96380.0,1.0946628194710907e-06,165.1390540713033,257.59051210397433,0.051881444184446145,0,0,0,0,0,0,0,0,0.0,0,0,1.4
96400.0,1.0903912014279894e-06,165.19590974141084,257.63485116361664,0.05169678378375695,0,0,0,0,0,0,0,0,0.0,0,0,1.4
96420.0,1.0861362020806436e-06,165.25304146091648,257.6793978166029,0.051512858206784196,0,0,0,0,0,0,0,0,0.0,0,0,1.4
96440.0,1.0818977613606349e-06,165.3104491607642,257.7241519010058,0.05132966439329705,0,0,0,0,0,0,0,0,0.0,0,0,1.4
96460.00000000001,1.0776758193539165e-06,165.36813277110457,257.7691132539529,0.051147199293701893,0,0,0,0,0,0,0,0,0.0,0,0,1.4
96480.0,1.0734703161464508e-06,165.42609222208802,257.81428171257204,0.05096545985840544,0,0,0,0,0,0,0,0,0.0,0,0,1.4
96500.0,1.0692811918241916e-06,165.48432744386517,257.85965711399103,0.050784443037814056,0,0,0,0,0,0,0,0,0.0,0,0,1.4
96520.0,1.065108386625921e-06,165.54283836579867,257.90523929440656,0.05060414579277583,0,0,0,0,0,0,0,0,0.0,0,0,1.4
96540.0,1.0609518414017244e-06,165.60162491409974,257.95102808629144,0.05042456512590523,0,0,0,0,0,0,0,0,0.0,0,0,1.4
96560.0,1.0568114971545213e-06,165.66068701419175,257.9970233211877,0.0502456980502587,0,0,0,0,0,0,0,0,0.0,0,0,1.4
96580.0,1.0526872948872231e-06,165.72002459149803,258.0432248306373,0.0500675415788923,0,0,0,0,0,0,0,0,0.0,0,0,1.4
96600.00000000001,1.0485791756027406e-06,165.77963757144195,258.0896324461821,0.049890092724862126,0,0,0,0,0,0,0,0,0.0,0,0,1.4
96620.0,1.0444870804552686e-06,165.83952587866452,258.1362459984471,0.04971334851147313,0,0,0,0,0,0,0,0,0.0,0,0,1.4
96640.0,1.0404109512040918e-06,165.89968943467755,258.18306531438986,0.04953730600302398,0,0,0,0,0,0,0,0,0.0,0,0,1.4
96660.0,1.0363507297597742e-06,165.9601281602105,258.23009022005067,0.049361962274061984,0,0,0,0,0,0,0,0,0.0,0,0,1.4
96680.0,1.032306358032875e-06,166.02084197599308,258.27732054147003,0.049187314399134305,0,0,0,0,0,0,0,0,0.0,0,0,1.4
96700.0,1.0282777779339634e-06,166.0818308027545,258.32475610468845,0.04901335945278847,0,0,0,0,0,0,0,0,0.0,0,0,1.4
96720.0,1.0242649315233205e-06,166.14309456044796,258.37239673484396,0.04884009451962975,0,0,0,0,0,0,0,0,0.0,0,0,1.4
96740.00000000001,1.02026776146011e-06,166.20463316592085,258.42024225346495,0.04866751672449555,0,0,0,0,0,0,0,0,0.0,0,0,1.4
96760.0,1.0162862105532255e-06,166.26644653524386,258.4682924811772,0.04849562320228176,0,0,0,0,0,0,0,0,0.0,0,0,1.4
96780.0,1.0123202216115519e-06,166.3285345844879,258.5165472386066,0.048324411087883865,0,0,0,0,0,0,0,0,0.0,0,0,1.4
96800.0,1.0083697374439774e-06,166.39089722972386,258.5650063463791,0.048153877516197485,0,0,0,0,0,0,0,0,0.0,0,0,1.4
96820.00000000001,1.0044347010075486e-06,166.45353438625202,258.61366962423267,0.04798401963198815,0,0,0,0,0,0,0,0,0.0,0,0,1.4
96840.0,1.0005150558519731e-06,166.51644596628972,258.6625368883538,0.04781483461950181,0,0,0,0,0,0,0,0,0.0,0,0,1.4
96860.0,9.966107456751107e-07,166.5796318812839,258.7116079540413,0.04764631967285411,0,0,0,0,0,0,0,0,0.0,0,0,1.4
96880.0,9.92721714174825e-07,166.6430920426814,258.76088263659364,0.0474784719861608,0,0,0,0,0,0,0,0,0.0,0,0,1.4
96900.0,9.88847905048977e-07,166.70682636192907,258.81036075130976,0.04731128875353749,0,0,0,0,0,0,0,0,0.0,0,0,1.4
96920.0,9.849892621420378e-07,166.77083474970914,258.86004211261513,0.04714476717878481,0,0,0,0,0,0,0,0,0.0,0,0,1.4
96940.0,9.81145729884881e-07,166.8351171136454,258.9099265314439,0.04697890450444149,0,0,0,0,0,0,0,0,0.0,0,0,1.4
96960.00000000001,9.77317252854982e-07,166.89967336059718,258.9600138178573,0.046813697982730905,0,0,0,0,0,0,0,0,0.0,0,0,1.4
96980.0,9.73503775629825e-07,166.9645033974235,259.0103037819162,0.04664914486587677,0,0,0,0,0,0,0,0,0.0,0,0,1.4
97000.0,9.697052427868855e-07,167.0296071309837,259.0607962336819,0.04648524240610246,0,0,0,0,0,0,0,0,0.0,0,0,1.4
97020.0,9.659215990486816e-07,167.0949844673784,259.1114909823576,0.04632198786513317,0,0,0,0,0,0,0,0,0.0,0,0,1.4
97040.0,9.621527897178848e-07,167.1606353096744,259.1623878337155,0.04615937854270079,0,0,0,0,0,0,0,0,0.0,0,0,1.4
97060.0,9.583987602422145e-07,167.2265595601798,259.2134865926697,0.04599741174803927,0,0,0,0,0,0,0,0,0.0,0,0,1.4
97080.0,9.546594560693824e-07,167.2927571212027,259.2647870641345,0.045836084790382245,0,0,0,0,0,0,0,0,0.0,0,0,1.4
97100.00000000001,9.509348226470997e-07,167.35922789505145,259.3162890530243,0.04567539497896331,0,0,0,0,0,0,0,0,0.0,0,0,1.4
97120.0,9.472248055665601e-07,167.42597178328182,259.3679923634108,0.045515339632337795,0,0,0,0,0,0,0,0,0.0,0,0,1.4
97140.0,9.435293509928509e-07,167.49298868444063,259.41989679599584,0.04535591610634625,0,0,0,0,0,0,0,0,0.0,0,0,1.4
97160.0,9.398484052345361e-07,167.5602784963224,259.47200215063896,0.04519712176615068,0,0,0,0,0,0,0,0,0.0,0,0,1.4
97180.0,9.361819146001777e-07,167.62784111672178,259.5243082271998,0.045038953976913015,0,0,0,0,0,0,0,0,0.0,0,0,1.4
97200.0,9.325298253983446e-07,167.69567644343311,259.5768148255376,0.04488141010379552,0,0,0,0,0,0,0,0,0.0,0,0,1.4
97220.0,9.288920840795076e-07,167.76378437350508,259.62952174468506,0.04472448752110366,0,0,0,0,0,0,0,0,0.0,0,0,1.4
97240.00000000001,9.252686376617711e-07,167.83216480100273,259.68242878036733,0.044568183639717214,0,0,0,0,0,0,0,0,0.0,0,0,1.4
97260.0,9.21659433305156e-07,167.90081761924498,259.7355357274824,0.04441249587965984,0,0,0,0,0,0,0,0,0.0,0,0,1.4
97280.0,9.180644181696751e-07,167.96974272155094,259.78884238092843,0.044257421660954865,0,0,0,0,0,0,0,0,0.0,0,0,1.4
97300.0,9.144835394153442e-07,168.0389400012397,259.84234853560366,0.04410295840362573,0,0,0,0,0,0,0,0,0.0,0,0,1.4
97320.00000000001,9.109167443425178e-07,168.10840935089087,259.896053985595,0.04394910353666408,0,0,0,0,0,0,0,0,0.0,0,0,1.4
97340.0,9.073639808129241e-07,168.17815066012605,259.949958521745,0.043795854524935084,0,0,0,0,0,0,0,0,0.0,0,0,1.4
97360.0,9.038251968286249e-07,168.2481638178275,260.0040619340848,0.043643208842271915,0,0,0,0,0,0,0,0,0.0,0,0,1.4
97380.0,9.003003403916851e-07,168.31844871287745,260.0583640126457,0.043491163962507864,0,0,0,0,0,0,0,0,0.0,0,0,1.4
97400.0,8.967893595041669e-07,168.38900523415825,260.1128645474591,0.04333971735947608,0,0,0,0,0,0,0,0,0.0,0,0,1.4
97420.0,8.932922023069145e-07,168.45983326981903,260.1675633277609,0.04318886651580569,0,0,0,0,0,0,0,0,0.0,0,0,1.4
97440.0,8.898088174958633e-07,168.53093270507776,260.22246013960654,0.04303860894930799,0,0,0,0,0,0,0,0,0.0,0,0,1.4
97460.00000000001,8.86339153905724e-07,168.60230342441932,260.2775547682561,0.04288894218658995,0,0,0,0,0,0,0,0,0.0,0,0,1.4
97480.0,8.828831603712144e-07,168.67394531232856,260.33284699896984,0.04273986375425881,0,0,0,0,0,0,0,0,0.0,0,0,1.4
97500.0,8.794407857270445e-07,168.74585825329046,260.3883366170077,0.04259137117892152,0,0,0,0,0,0,0,0,0.0,0,0,1.4
97520.0,8.760119789451338e-07,168.8180421310637,260.44402340685093,0.04244346199581054,0,0,0,0,0,0,0,0,0.0,0,0,1.4
97540.0,8.725966895462238e-07,168.89049682650202,260.4999071498641,0.04229613377465978,0,0,0,0,0,0,0,0,0.0,0,0,1.4
97560.0,8.691948671882697e-07,168.9632222197328,260.5559876266327,0.04214938409382889,0,0,0,0,0,0,0,0,0.0,0,0,1.4
97580.0,8.658064615292193e-07,169.03621819088352,260.61226461774237,0.04200321053167718,0,0,0,0,0,0,0,0,0.0,0,0,1.4
97600.00000000001,8.624314222270208e-07,169.1094846200818,260.66873790377866,0.041857610666564,0,0,0,0,0,0,0,0,0.0,0,0,1.4
97620.0,8.590696990752691e-07,169.18302138673548,260.7254072645643,0.041712582085306774,0,0,0,0,0,0,0,0,0.0,0,0,1.4
97640.0,8.557212424101127e-07,169.25682836737514,260.78227247687096,0.04156812240855387,0,0,0,0,0,0,0,0,0.0,0,0,1.4
97660.0,8.523860027033421e-07,169.33090543781174,260.8393333167076,0.041424229265411526,0,0,0,0,0,0,0,0,0.0,0,0,1.4
97680.0,8.490639304267459e-07,169.40525247385642,260.896589560083,0.04128090028498595,0,0,0,0,0,0,0,0,0.0,0,0,1.4
97700.0,8.457549760521194e-07,169.47986935132008,260.95404098300605,0.04113813309638356,0,0,0,0,0,0,0,0,0.0,0,0,1.4
97720.0,8.424590901853244e-07,169.55475594530122,261.0116873607393,0.04099592533700319,0,0,0,0,0,0,0,0,0.0,0,0,1.4
97740.00000000001,8.391762239685165e-07,169.6299121280479,261.06952846555953,0.04085427467741421,0,0,0,0,0,0,0,0,0.0,0,0,1.4
97760.0,8.359063286779319e-07,169.70533777109546,261.12756406899706,0.040713178796478934,0,0,0,0,0,0,0,0,0.0,0,0,1.4
97780.0,8.326493555897993e-07,169.7810327459794,261.18579394258234,0.040572635373059364,0,0,0,0,0,0,0,0,0.0,0,0,1.4
97800.0,8.294052559803502e-07,169.85699692423512,261.24421785784597,0.04043264208601765,0,0,0,0,0,0,0,0,0.0,0,0,1.4
97820.00000000001,8.261739812583221e-07,169.93323017669255,261.3028355855883,0.04029319662234581,0,0,0,0,0,0,0,0,0.0,0,0,1.4
97840.0,8.229554833624932e-07,170.00973237135895,261.36164689369053,0.040154296701556354,0,0,0,0,0,0,0,0,0.0,0,0,1.4
97860.0,8.197497143641441e-07,170.0865033755362,261.4206515493042,0.040015940051291526,0,0,0,0,0,0,0,0,0.0,0,0,1.4
97880.0,8.165566263345571e-07,170.1635430565262,261.47984931958047,0.039878124399193644,0,0,0,0,0,0,0,0,0.0,0,0,1.4
97900.0,8.13376171345012e-07,170.24085128163085,261.53923997167095,0.03974084747290495,0,0,0,0,0,0,0,0,0.0,0,0,1.4
97920.0,8.102083015977421e-07,170.3184279174533,261.59882327201376,0.039604107008037945,0,0,0,0,0,0,0,0,0.0,0,0,1.4
97940.0,8.070529698187571e-07,170.39627282780307,261.6585989841946,0.03946790077208472,0,0,0,0,0,0,0,0,0.0,0,0,1.4
97960.00000000001,8.039101288650136e-07,170.47438587579109,261.71856687108624,0.03933222654050734,0,0,0,0,0,0,0,0,0.0,0,0,1.4
97980.0,8.007797315934742e-07,170.55276692452819,261.7787266955612,0.039197082088768154,0,0,0,0,0,0,0,0,0.0,0,0,1.4
98000.0,7.976617308610951e-07,170.63141583712533,261.83907822049207,0.039062465192329233,0,0,0,0,0,0,0,0,0.0,0,0,1.4
98020.0,7.94556079654219e-07,170.71033247600198,261.899621208055,0.03892837363446503,0,0,0,0,0,0,0,0,0.0,0,0,1.4
98040.0,7.914627314767247e-07,170.78951670081196,261.9603554176407,0.03879480522969917,0,0,0,0,0,0,0,0,0.0,0,0,1.4
98060.0,7.88381639961882e-07,170.8689683705174,262.02128060794297,0.03866175780036783,0,0,0,0,0,0,0,0,0.0,0,0,1.4
98080.0,7.853127587429535e-07,170.9486873440806,262.0823965376559,0.038529229168806925,0,0,0,0,0,0,0,0,0.0,0,0,1.4
98100.00000000001,7.822560414532029e-07,171.02867348046394,262.14370296547355,0.038397217157352365,0,0,0,0,0,0,0,0,0.0,0,0,1.4
98120.0,7.792114418537262e-07,171.10892663794553,262.20519964941053,0.03826571959599759,0,0,0,0,0,0,0,0,0.0,0,0,1.4
98140.0,7.761789142169195e-07,171.18944667206756,262.26688634476375,0.038134734345364706,0,0,0,0,0,0,0,0,0.0,0,0,1.4
98160.0,7.73158412943008e-07,171.27023343768818,262.3287628061507,0.03800425927373316,0,0,0,0,0,0,0,0,0.0,0,0,1.4
98180.0,7.701498924322145e-07,171.35128678966555,262.390828788189,0.0378742922493823,0,0,0,0,0,0,0,0,0.0,0,0,1.4
98200.0,7.671533070847685e-07,171.43260658285772,262.4530840454961,0.03774483114059178,0,0,0,0,0,0,0,0,0.0,0,0,1.4
98220.0,7.64168611427164e-07,171.5141926714459,262.51552833202686,0.037615873823145476,0,0,0,0,0,0,0,0,0.0,0,0,1.4
98240.00000000001,7.61195760490981e-07,171.59604490690393,262.57816139908596,0.0374874182028455,0,0,0,0,0,0,0,0,0.0,0,0,1.4
98260.0,7.582347094340774e-07,171.67816314002852,262.6409829973152,0.03735946219299873,0,0,0,0,0,0,0,0,0.0,0,0,1.4
98280.0,7.552854134143042e-07,171.76054722161655,262.7039928773565,0.037232003706911834,0,0,0,0,0,0,0,0,0.0,0,0,1.4
98300.0,7.523478275895151e-07,171.84319700246488,262.7671907898518,0.03710504065789151,0,0,0,0,0,0,0,0,0.0,0,0,1.4
98320.00000000001,7.49421907242281e-07,171.9261123327011,262.8305764847977,0.0369785709665988,0,0,0,0,0,0,0,0,0.0,0,0,1.4
98340.0,7.465076081540571e-07,172.00929305977553,262.89414970960877,0.036852592583112506,0,0,0,0,0,0,0,0,0.0,0,0,1.4
98360.0,7.436048862310123e-07,172.0927390304691,262.9579102110545,0.03672710346486558,0,0,0,0,0,0,0,0,0.0,0,0,1.4
98380.0,7.407136973793173e-07,172.17645009156303,263.0218577359042,0.03660210156929104,0,0,0,0,0,0,0,0,0.0,0,0,1.4
98400.0,7.378339975051409e-07,172.26042608983835,263.0859920309271,0.03647758485382183,0,0,0,0,0,0,0,0,0.0,0,0,1.4
98420.0,7.349657426378297e-07,172.3446668714141,263.1503128422642,0.036353551283097765,0,0,0,0,0,0,0,0,0.0,0,0,1.4
98440.0,7.321088892994111e-07,172.4291722797619,263.21481991354267,0.036229998850584866,0,0,0,0,0,0,0,0,0.0,0,0,1.4
98460.00000000001,7.292633941350843e-07,172.51394215769156,263.2795129877616,0.03610692555695575,0,0,0,0,0,0,0,0,0.0,0,0,1.4
98480.0,7.264292137900546e-07,172.59897634801254,263.34439180791975,0.03598432940288332,0,0,0,0,0,0,0,0,0.0,0,0,1.4
98500.0,7.23606304909521e-07,172.68427469353458,263.409456117016,0.03586220838904018,0,0,0,0,0,0,0,0,0.0,0,0,1.4
98520.0,7.207946242603132e-07,172.76983703641312,263.4747056574381,0.03574056052316037,0,0,0,0,0,0,0,0,0.0,0,0,1.4
98540.0,7.179941290957709e-07,172.85566321618643,263.54014016912873,0.035619383841223005,0,0,0,0,0,0,0,0,0.0,0,0,1.4
98560.0,7.152047767908684e-07,172.9417530717384,263.6057593914194,0.035498676386268815,0,0,0,0,0,0,0,0,0.0,0,0,1.4
98580.0,7.124265247205743e-07,173.02810644195296,263.67156306364166,0.035378436201338216,0,0,0,0,0,0,0,0,0.0,0,0,1.4
98600.00000000001,7.096593302598566e-07,173.11472316571422,263.73755092512704,0.035258661329471655,0,0,0,0,0,0,0,0,0.0,0,0,1.4
98620.0,7.069031509037789e-07,173.20160308125935,263.80372271461295,0.03513934982062823,0,0,0,0,0,0,0,0,0.0,0,0,1.4
98640.0,7.041579446277565e-07,173.28874602423923,263.87007816846074,0.03502049975244038,0,0,0,0,0,0,0,0,0.0,0,0,1.4
98660.0,7.014236695272958e-07,173.376151829658,263.9366170224377,0.034902109209459006,0,0,0,0,0,0,0,0,0.0,0,0,1.4
98680.0,6.987002836979013e-07,173.4638203325199,264.0033390123112,0.03478417627623496,0,0,0,0,0,0,0,0,0.0,0,0,1.4
98700.0,6.959877452350834e-07,173.55175136782904,264.0702438738483,0.034666699037319296,0,0,0,0,0,0,0,0,0.0,0,0,1.4
98720.0,6.932860123529018e-07,173.6399447699507,264.1373313422397,0.03454967558404075,0,0,0,0,0,0,0,0,0.0,0,0,1.4
98740.00000000001,6.905950437396373e-07,173.72840037069446,264.2046011503683,0.03443310403483945,0,0,0,0,0,0,0,0,0.0,0,0,1.4
98760.0,6.879147982021319e-07,173.81711800123085,264.2720530305406,0.03431698251493372,0,0,0,0,0,0,0,0,0.0,0,0,1.4
98780.0,6.852452345472215e-07,173.9060974927307,264.33968671506267,0.03420130914954155,0,0,0,0,0,0,0,0,0.0,0,0,1.4
98800.0,6.825863115817439e-07,173.99533867636453,264.407501936241,0.03408608206388109,0,0,0,0,0,0,0,0,0.0,0,0,1.4
98820.00000000001,6.799379882295624e-07,174.08484138267198,264.4754984258221,0.03397129938981011,0,0,0,0,0,0,0,0,0.0,0,0,1.4
98840.0,6.77300223882654e-07,174.17460543966789,264.5436759133143,0.033856959285745614,0,0,0,0,0,0,0,0,0.0,0,0,1.4
98860.0,6.746729780500176e-07,174.26463067473637,264.6120341276664,0.033743059916744096,0,0,0,0,0,0,0,0,0.0,0,0,1.4
98880.0,6.720562102406535e-07,174.3549169152613,264.68057279782704,0.033629599447862146,0,0,0,0,0,0,0,0,0.0,0,0,1.4
98900.0,6.694498799635604e-07,174.4454639886266,264.7492916527449,0.03351657604415625,0,0,0,0,0,0,0,0,0.0,0,0,1.4
98920.0,6.66853946843247e-07,174.53627172159293,264.8181904208263,0.03340398787718712,0,0,0,0,0,0,0,0,0.0,0,0,1.4
98940.0,6.642683709662334e-07,174.6273399384279,264.8872688283082,0.03329183314453104,0,0,0,0,0,0,0,0,0.0,0,0,1.4
98960.00000000001,6.616931125345448e-07,174.71866846277607,264.95652660088524,0.033180110050268274,0,0,0,0,0,0,0,0,0.0,0,0,1.4
98980.0,6.59128131750211e-07,174.8102571182817,265.02596346425184,0.03306881679847931,0,0,0,0,0,0,0,0,0.0,0,0,1.4
99000.0,6.56573388815257e-07,174.90210572858925,265.09557914410266,0.0329579515932444,0,0,0,0,0,0,0,0,0.0,0,0,1.4
99020.0,6.540288440456975e-07,174.99421411672782,265.1653733656071,0.03284751264501439,0,0,0,0,0,0,0,0,0.0,0,0,1.4
99040.0,6.514944582134968e-07,175.08658210326527,265.23534585183415,0.032737498189722145,0,0,0,0,0,0,0,0,0.0,0,0,1.4
99060.0,6.48970192204613e-07,175.1792095081539,265.3054963253275,0.032627906469671265,0,0,0,0,0,0,0,0,0.0,0,0,1.4
99080.0,6.464560069049989e-07,175.2720961513462,265.3758245086312,0.03251873572716515,0,0,0,0,0,0,0,0,0.0,0,0,1.4
99100.00000000001,6.439518632006067e-07,175.36524185279475,265.44633012428886,0.032409984204507136,0,0,0,0,0,0,0,0,0.0,0,0,1.4
99120.0,6.414577220898728e-07,175.45864643184447,265.51701289433646,0.03230165015024025,0,0,0,0,0,0,0,0,0.0,0,0,1.4
99140.0,6.389735450211392e-07,175.55230970541103,265.58787253877813,0.0321937318378648,0,0,0,0,0,0,0,0,0.0,0,0,1.4
99160.0,6.364992935552291e-07,175.64623148980277,265.6589087771101,0.03208622754712061,0,0,0,0,0,0,0,0,0.0,0,0,1.4
99180.0,6.340349292529622e-07,175.74041160132796,265.73012132882866,0.031979135557747354,0,0,0,0,0,0,0,0,0.0,0,0,1.4
99200.0,6.315804136751649e-07,175.8348498562947,265.80150991343004,0.031872454149484995,0,0,0,0,0,0,0,0,0.0,0,0,1.4
99220.0,6.291357084936327e-07,175.92954607041213,265.8730742499197,0.03176618160818383,0,0,0,0,0,0,0,0,0.0,0,0,1.4
99240.00000000001,6.267007758240614e-07,176.02450005699203,265.9448140553403,0.03166031624413644,0,0,0,0,0,0,0,0,0.0,0,0,1.4
99260.0,6.242755778931274e-07,176.11971162874687,266.01672904624377,0.03155485637374624,0,0,0,0,0,0,0,0,0.0,0,0,1.4
99280.0,6.218600769275015e-07,176.21518059838922,266.08881893918203,0.03144980031341639,0,0,0,0,0,0,0,0,0.0,0,0,1.4
99300.0,6.194542351538563e-07,176.3109067786317,266.161083450707,0.03134514637955013,0,0,0,0,0,0,0,0,0.0,0,0,1.4
99320.00000000001,6.170580149083422e-07,176.4068899815956,266.23352229689715,0.03124089289453466,0,0,0,0,0,0,0,0,0.0,0,0,1.4
99340.0,6.146713789650306e-07,176.5031300170375,266.30613519193633,0.031137038204693504,0,0,0,0,0,0,0,0,0.0,0,0,1.4
99360.0,6.122942902074683e-07,176.5996266941227,266.3789218495352,0.031033580662333953,0,0,0,0,0,0,0,0,0.0,0,0,1.4
99380.0,6.099267115192027e-07,176.6963798220167,266.451881983404,0.030930518619763404,0,0,0,0,0,0,0,0,0.0,0,0,1.4
99400.0,6.075686057837797e-07,176.79338920988488,266.52501530725357,0.030827850429289157,0,0,0,0,0,0,0,0,0.0,0,0,1.4
99420.0,6.052199359927415e-07,176.89065466630944,266.5983215343376,0.030725574449078464,0,0,0,0,0,0,0,0,0.0,0,0,1.4
99440.0,6.028806655695879e-07,176.98817599754042,266.6718003760842,0.030623689060737234,0,0,0,0,0,0,0,0,0.0,0,0,1.4
99460.00000000001,6.005507580458101e-07,177.0859530092448,266.7454515434648,0.030522192651731072,0,0,0,0,0,0,0,0,0.0,0,0,1.4
99480.0,5.982301769529037e-07,177.18398550708932,266.81927474745083,0.030421083609525813,0,0,0,0,0,0,0,0,0.0,0,0,1.4
99500.0,5.9591888582236e-07,177.28227329674098,266.89326969901384,0.03032036032158707,0,0,0,0,0,0,0,0,0.0,0,0,1.4
99520.0,5.93616848292182e-07,177.38081618329187,266.96743610868583,0.03022002118111821,0,0,0,0,0,0,0,0,0.0,0,0,1.4
99540.0,5.913240284264145e-07,177.47961396953485,267.0417736852413,0.030120064604273255,0,0,0,0,0,0,0,0,0.0,0,0,1.4
99560.0,5.89040390395617e-07,177.57866645768783,267.1162821370152,0.030020489012944133,0,0,0,0,0,0,0,0,0.0,0,0,1.4
99580.0,5.86765898370345e-07,177.67797344996887,267.19096117234255,0.029921292829022533,0,0,0,0,0,0,0,0,0.0,0,0,1.4
99600.00000000001,5.845005165211537e-07,177.77753474859608,267.2658104995585,0.029822474474400174,0,0,0,0,0,0,0,0,0.0,0,0,1.4
99620.0,5.822442091236411e-07,177.8773501552207,267.3408298265754,0.029724032376586766,0,0,0,0,0,0,0,0,0.0,0,0,1.4
99640.0,5.799969408735524e-07,177.97741946922784,267.41601885961603,0.029625964985563007,0,0,0,0,0,0,0,0,0.0,0,0,1.4
99660.0,5.777586765716724e-07,178.0777424894359,267.49137730448086,0.02952827075692746,0,0,0,0,0,0,0,0,0.0,0,0,1.4
99680.0,5.755293810187845e-07,178.17831901466337,267.5669048669701,0.02943094814627864,0,0,0,0,0,0,0,0,0.0,0,0,1.4
99700.0,5.733090190156767e-07,178.2791488437286,267.6426012528838,0.029333995609215232,0,0,0,0,0,0,0,0,0.0,0,0,1.4
99720.0,5.710975554667066e-07,178.38023177489168,267.71846616761695,0.029237411606835895,0,0,0,0,0,0,0,0,0.0,0,0,1.4
99740.00000000001,5.688949556905311e-07,178.48156760417962,267.7944993149421,0.029141194622239883,0,0,0,0,0,0,0,0,0.0,0,0,1.4
99760.0,5.66701185109386e-07,178.58315612706085,267.87070039822595,0.02904534314402679,0,0,0,0,0,0,0,0,0.0,0,0,1.4
99780.0,5.645162091455021e-07,178.68499713900397,267.94706912083575,0.028949855660796033,0,0,0,0,0,0,0,0,0.0,0,0,1.4
99800.0,5.623399932211127e-07,178.78709043547764,268.02360518613824,0.02885473066114707,0,0,0,0,0,0,0,0,0.0,0,0,1.4
99820.00000000001,5.601725028605679e-07,178.88943581140046,268.1003082971119,0.02875996663906394,0,0,0,0,0,0,0,0,0.0,0,0,1.4
99840.0,5.58013703996701e-07,178.99203305949118,268.1771781551799,0.028665562110069435,0,0,0,0,0,0,0,0,0.0,0,0,1.4
99860.0,5.558635626644599e-07,179.0948819719187,268.25421446137693,0.028571515595070776,0,0,0,0,0,0,0,0,0.0,0,0,1.4
99880.0,5.53722044898794e-07,179.19798234085192,268.33141691673774,0.028477825614975253,0,0,0,0,0,0,0,0,0.0,0,0,1.4
99900.0,5.515891167346512e-07,179.30133395845974,268.40878522229696,0.028384490690690076,0,0,0,0,0,0,0,0,0.0,0,0,1.4
99920.0,5.494647443076577e-07,179.4049366163693,268.48631907871714,0.028291509348393952,0,0,0,0,0,0,0,0,0.0,0,0,1.4
99940.0,5.473488941561297e-07,179.50879010404174,268.56401818517315,0.02819888013535046,0,0,0,0,0,0,0,0,0.0,0,0,1.4
99960.00000000001,5.452415329190567e-07,179.6128942103965,268.64188224046757,0.028106601604094457,0,0,0,0,0,0,0,0,0.0,0,0,1.4
99980.0,5.431426272354328e-07,179.71724872435286,268.71991094340314,0.028014672307160995,0,0,0,0,0,0,0,0,0.0,0,0,1.4
100000.0,5.41052143744248e-07,179.8218534348303,268.79810399278267,0.027923090797084944,0,0,0,0,0,0,0,0,0.0,0,0,1.4
100020.0,5.389700491837302e-07,179.9267081302151,268.87646108705337,0.027831855631561212,0,0,0,0,0,0,0,0,0.0,0,0,1.4
100040.0,5.368963106890534e-07,180.03181259676077,268.95498192324135,0.0277409653889247,0,0,0,0,0,0,0,0,0.0,0,0,1.4
100060.0,5.34830895494633e-07,180.13716662018754,269.0336661980166,0.027650418652670462,0,0,0,0,0,0,0,0,0.0,0,0,1.4
100080.0,5.327737708348803e-07,180.24276998621576,269.1125136080499,0.027560214006293382,0,0,0,0,0,0,0,0,0.0,0,0,1.4
100100.00000000001,5.307249039442058e-07,180.3486224805658,269.19152385001155,0.027470350033288352,0,0,0,0,0,0,0,0,0.0,0,0,1.4
100120.0,5.286842621548352e-07,180.45472388843314,269.27069662023314,0.02738082532220129,0,0,0,0,0,0,0,0,0.0,0,0,1.4
100140.0,5.266518131902298e-07,180.56107399291457,269.35003161369093,0.027291638481781313,0,0,0,0,0,0,0,0,0.0,0,0,1.4
100160.0,5.246275248716628e-07,180.66767257658205,269.42952852502225,0.027202788125828492,0,0,0,0,0,0,0,0,0.0,0,0,1.4
100180.0,5.226113650204058e-07,180.77451942200767,269.50918704886453,0.027114272868142785,0,0,0,0,0,0,0,0,0.0,0,0,1.4
100200.0,5.206033014577348e-07,180.8816143117633,269.589006879855,0.02702609132252437,0,0,0,0,0,0,0,0,0.0,0,0,1.4
100220.0,5.186033021013137e-07,180.98895702790477,269.66898771230865,0.026938242107716965,0,0,0,0,0,0,0,0,0.0,0,0,1.4
100240.00000000001,5.166113352543772e-07,181.0965473504232,269.74912923925086,0.02685072386223917,0,0,0,0,0,0,0,0,0.0,0,0,1.4
100260.0,5.146273693165565e-07,181.20438505879324,269.8294311533844,0.026763535229553548,0,0,0,0,0,0,0,0,0.0,0,0,1.4
100280.0,5.126513726874785e-07,181.31246993248985,269.9098931474122,0.026676674853122435,0,0,0,0,0,0,0,0,0.0,0,0,1.4
100300.0,5.106833137667717e-07,181.42080175098783,269.9905149140372,0.026590141376408253,0,0,0,0,0,0,0,0,0.0,0,0,1.4
100320.00000000001,5.087231610490489e-07,181.5293802932543,270.07129614565605,0.02650393344771201,0,0,0,0,0,0,0,0,0.0,0,0,1.4
100340.0,5.067708834088719e-07,181.63820533622481,270.15223653344054,0.026418049734689596,0,0,0,0,0,0,0,0,0.0,0,0,1.4
100360.0,5.048264498157839e-07,181.74727665632744,270.23333576825615,0.026332488909835357,0,0,0,0,0,0,0,0,0.0,0,0,1.4
100380.0,5.028898292393294e-07,181.85659402999016,270.3145935409685,0.02624724964564372,0,0,0,0,0,0,0,0,0.0,0,0,1.4
100400.0,5.009609906490521e-07,181.966157233641,270.3960095424431,0.026162330614609035,0,0,0,0,0,0,0,0,0.0,0,0,1.4
100420.0,4.990399031080879e-07,182.07596604320864,270.4775834632555,0.02607773049396145,0,0,0,0,0,0,0,0,0.0,0,0,1.4
100440.0,4.971265360539241e-07,182.18602023262557,270.5593149928215,0.025993447979873317,0,0,0,0,0,0,0,0,0.0,0,0,1.4
100460.00000000001,4.952208590176367e-07,182.29631957532504,270.64120382026687,0.025909481773252602,0,0,0,0,0,0,0,0,0.0,0,0,1.4
100480.0,4.933228415303055e-07,182.40686384474017,270.7232496347174,0.025825830575007442,0,0,0,0,0,0,0,0,0.0,0,0,1.4
100500.0,4.914324531230064e-07,182.51765281430428,270.80545212529876,0.025742493086045797,0,0,0,0,0,0,0,0,0.0,0,0,1.4
100520.0,4.895496634190198e-07,182.62868625695992,270.8878109808628,0.025659468011910207,0,0,0,0,0,0,0,0,0.0,0,0,1.4
100540.0,4.876744424104362e-07,182.73996394368703,270.97032588916517,0.02557675407668126,0,0,0,0,0,0,0,0,0.0,0,0,1.4
100560.0,4.858067601815533e-07,182.85148564497453,271.05299653768714,0.025494350009074223,0,0,0,0,0,0,0,0,0.0,0,0,1.4
100580.0,4.839465868166646e-07,182.9632511313117,271.1358226139104,0.025412254537804213,0,0,0,0,0,0,0,0,0.0,0,0,1.4
100600.00000000001,4.820938924000639e-07,183.07526017318764,271.21880380531655,0.025330466391586325,0,0,0,0,0,0,0,0,0.0,0,0,1.4
100620.0,4.80248647106876e-07,183.1875125406094,271.3019397991288,0.025248984303671243,0,0,0,0,0,0,0,0,0.0,0,0,1.4
100640.0,4.784108214755312e-07,183.30000800165595,271.3852302815381,0.02516780702545109,0,0,0,0,0,0,0,0,0.0,0,0,1.4
100660.0,4.765803861352886e-07,183.41274632392432,271.4686749384772,0.025086933312853454,0,0,0,0,0,0,0,0,0.0,0,0,1.4
100680.0,4.7475731171540586e-07,183.52572727501143,271.552273455879,0.025006361921805862,0,0,0,0,0,0,0,0,0.0,0,0,1.4
100700.0,4.729415688451444e-07,183.63895062251416,271.6360255196762,0.024926091608236015,0,0,0,0,0,0,0,0,0.0,0,0,1.4
100720.0,4.711331282432252e-07,183.75241613355595,271.719930815559,0.02484612113250967,0,0,0,0,0,0,0,0,0.0,0,0,1.4
100740.00000000001,4.6933196098622296e-07,183.8661235733664,271.8039890282481,0.024766449272745485,0,0,0,0,0,0,0,0,0.0,0,0,1.4
100760.0,4.675380382401784e-07,183.9800727067013,271.88819984222135,0.024687074811500533,0,0,0,0,0,0,0,0,0.0,0,0,1.4
100780.0,4.6575133117112946e-07,184.09426329831666,271.9725629419568,0.024607996531331704,0,0,0,0,0,0,0,0,0.0,0,0,1.4
100800.0,4.639718109451148e-07,184.20869511296848,272.0570780119326,0.02452921321479595,0,0,0,0,0,0,0,0,0.0,0,0,1.4
100820.00000000001,4.6219944881628153e-07,184.32336791494808,272.14174473639974,0.02445072364879309,0,0,0,0,0,0,0,0,0.0,0,0,1.4
100840.0,4.6043421639121783e-07,184.4382814666871,272.2265627987022,0.024372526637594767,0,0,0,0,0,0,0,0,0.0,0,0,1.4
100860.0,4.586760853646178e-07,184.55343553015288,272.31153188195685,0.0242946209898154,0,0,0,0,0,0,0,0,0.0,0,0,1.4
100880.0,4.5692502743117663e-07,184.66882986731255,272.3966516692806,0.024217005514069447,0,0,0,0,0,0,0,0,0.0,0,0,1.4
100900.0,4.551810142855883e-07,184.78446424013333,272.4819218437906,0.024139679018971318,0,0,0,0,0,0,0,0,0.0,0,0,1.4
100920.0,4.534440177093189e-07,184.90033841012598,272.5673420883921,0.024062640317385132,0,0,0,0,0,0,0,0,0.0,0,0,1.4
100940.0,4.5171400983090454e-07,185.0164521369764,272.6529120851446,0.023985888239173032,0,0,0,0,0,0,0,0,0.0,0,0,1.4
100960.00000000001,4.4999096286564953e-07,185.1328051799144,272.738631515896,0.023909421618446725,0,0,0,0,0,0,0,0,0.0,0,0,1.4
100980.0,4.482748490288621e-07,185.2493972981694,272.82450006249417,0.02383323928931806,0,0,0,0,0,0,0,0,0.0,0,0,1.4
101000.0,4.4656564053584656e-07,185.36622825097115,272.91051740678705,0.023757340085898745,0,0,0,0,0,0,0,0,0.0,0,0,1.4
101020.0,4.4486330968734613e-07,185.48329779710167,272.9966832304263,0.023681722846458485,0,0,0,0,0,0,0,0,0.0,0,0,1.4
101040.0,4.431678291258521e-07,185.6006056935529,273.08299721427863,0.023606386425898795,0,0,0,0,0,0,0,0,0.0,0,0,1.4
101060.0,4.414791715792972e-07,185.7181516968689,273.1694590390142,0.023531329683279312,0,0,0,0,0,0,0,0,0.0,0,0,1.4
101080.0,4.3979730977561043e-07,185.83593556359398,273.2560683853037,0.023456551477659515,0,0,0,0,0,0,0,0,0.0,0,0,1.4
101100.00000000001,4.3812221644272056e-07,185.9539570502725,273.3428249338173,0.02338205066809888,0,0,0,0,0,0,0,0,0.0,0,0,1.4
101120.0,4.3645386439267945e-07,186.07221591300956,273.4297283650443,0.02330782611772528,0,0,0,0,0,0,0,0,0.0,0,0,1.4
101140.0,4.3479222677401174e-07,186.19071190615483,273.5167783587489,0.023233876705939436,0,0,0,0,0,0,0,0,0.0,0,0,1.4
101160.0,4.3313727681936254e-07,186.3094447836188,273.60397459451417,0.02316020131621033,0,0,0,0,0,0,0,0,0.0,0,0,1.4
101180.0,4.314889877613758e-07,186.42841429931212,273.6913167519233,0.023086798832006924,0,0,0,0,0,0,0,0,0.0,0,0,1.4
101200.0,4.2984733283269883e-07,186.54762020714517,273.7788045105591,0.023013668136798313,0,0,0,0,0,0,0,0,0.0,0,0,1.4
101220.0,4.2821228534878823e-07,186.66706226059836,273.8664375498384,0.022940808118033767,0,0,0,0,0,0,0,0,0.0,0,0,1.4
101240.00000000001,4.2658381895635073e-07,186.78674021143095,273.9542155485126,0.02286821767908384,0,0,0,0,0,0,0,0,0.0,0,0,1.4
101260.0,4.249619073849091e-07,186.90665381097176,274.0421381851666,0.022795895727299554,0,0,0,0,0,0,0,0,0.0,0,0,1.4
101280.0,4.233465243639826e-07,187.02680281054987,274.1302051383855,0.022723841170031775,0,0,0,0,0,0,0,0,0.0,0,0,1.4
101300.0,4.217376436230918e-07,187.14718696149419,274.21841608675436,0.02265205291463143,0,0,0,0,0,0,0,0,0.0,0,0,1.4
101320.00000000001,4.2013523897327367e-07,187.26780601471214,274.30677070870667,0.022580529872343522,0,0,0,0,0,0,0,0,0.0,0,0,1.4
101340.0,4.18539284551639e-07,187.38865971942437,274.3952686820689,0.022509270969989753,0,0,0,0,0,0,0,0,0.0,0,0,1.4
101360.0,4.169497545768126e-07,187.50974782443015,274.48390968451605,0.022438275138285817,0,0,0,0,0,0,0,0,0.0,0,0,1.4
101380.0,4.1536662326742077e-07,187.63107007852864,274.5726933937234,0.02236754130794745,0,0,0,0,0,0,0,0,0.0,0,0,1.4
101400.0,4.137898648420884e-07,187.75262623051913,274.6616194873659,0.022297068409690337,0,0,0,0,0,0,0,0,0.0,0,0,1.4
101420.0,4.122194535996794e-07,187.8744160287876,274.7506876429813,0.022226855378040065,0,0,0,0,0,0,0,0,0.0,0,0,1.4
101440.0,4.1065536415999676e-07,187.99643922006848,274.8398975375588,0.02215690116276102,0,0,0,0,0,0,0,0,0.0,0,0,1.4
101460.00000000001,4.0909757122307926e-07,188.11869555068313,274.9292488479504,0.02208720471742733,0,0,0,0,0,0,0,0,0.0,0,0,1.4
101480.0,4.075460494889686e-07,188.24118476695273,275.0187412510081,0.022017764995613264,0,0,0,0,0,0,0,0,0.0,0,0,1.4
101500.0,4.060007736577034e-07,188.3639066151987,275.1083744235839,0.02194858095089296,0,0,0,0,0,0,0,0,0.0,0,0,1.4
101520.0,4.044617185082883e-07,188.48686084133803,275.1981480424069,0.021879651540567608,0,0,0,0,0,0,0,0,0.0,0,0,1.4
101540.0,4.029288591355866e-07,188.61004718967075,275.2880617837149,0.02181097573684637,0,0,0,0,0,0,0,0,0.0,0,0,1.4
101560.0,4.014021707134297e-07,188.73346540409224,275.3781153236227,0.021742552515665585,0,0,0,0,0,0,0,0,0.0,0,0,1.4
101580.0,3.9988162841564567e-07,188.8571152284982,275.4683083382452,0.021674380852961438,0,0,0,0,0,0,0,0,0.0,0,0,1.4
101600.00000000001,3.9836720741606266e-07,188.9809964067843,275.5586405036974,0.021606459724670107,0,0,0,0,0,0,0,0,0.0,0,0,1.4
101620.0,3.9685888296621984e-07,189.1051086824503,275.64911149598527,0.021538788110373942,0,0,0,0,0,0,0,0,0.0,0,0,1.4
101640.0,3.953566306284841e-07,189.22945179741347,275.73972099068,0.021471365004239205,0,0,0,0,0,0,0,0,0.0,0,0,1.4
101660.0,3.9386042604293125e-07,189.35402549319537,275.8304686632436,0.021404189404078223,0,0,0,0,0,0,0,0,0.0,0,0,1.4
101680.0,3.923702448496357e-07,189.47882951131763,275.9213541891385,0.02133726030770328,0,0,0,0,0,0,0,0,0.0,0,0,1.4
101700.0,3.908860626886754e-07,189.60386359330155,276.01237724382685,0.021270576712926797,0,0,0,0,0,0,0,0,0.0,0,0,1.4
101720.0,3.8940785527658717e-07,189.72912748028182,276.10353750267603,0.021204137621127706,0,0,0,0,0,0,0,0,0.0,0,0,1.4
101740.00000000001,3.87935598635757e-07,189.85462091184527,276.1948346406743,0.021137942047951525,0,0,0,0,0,0,0,0,0.0,0,0,1.4
101760.0,3.8646926886503566e-07,189.98034362719147,276.2862683327148,0.021071989012610575,0,0,0,0,0,0,0,0,0.0,0,0,1.4
101780.0,3.8500884206327147e-07,190.10629536552034,276.37783825369104,0.021006277534317018,0,0,0,0,0,0,0,0,0.0,0,0,1.4
101800.0,3.8355429432931336e-07,190.2324758660316,276.4695440784961,0.02094080663228308,0,0,0,0,0,0,0,0,0.0,0,0,1.4
101820.00000000001,3.821056018372393e-07,190.3588848675467,276.5613854819423,0.020875575329209865,0,0,0,0,0,0,0,0,0.0,0,0,1.4
101840.0,3.8066274106205095e-07,190.48552210737296,276.6533621385168,0.020810582661754336,0,0,0,0,0,0,0,0,0.0,0,0,1.4
101860.0,3.792256885539764e-07,190.61238732243964,276.74547372262555,0.020745827670062257,0,0,0,0,0,0,0,0,0.0,0,0,1.4
101880.0,3.7779442086324515e-07,190.73948024967584,276.8377199086747,0.020681309394279434,0,0,0,0,0,0,0,0,0.0,0,0,1.4
101900.0,3.7636891454008563e-07,190.86680062601073,276.9301003710704,0.020617026874551622,0,0,0,0,0,0,0,0,0.0,0,0,1.4
101920.0,3.749491462087392e-07,190.99434818800358,277.02261478415085,0.02055297915443755,0,0,0,0,0,0,0,0,0.0,0,0,1.4
101940.0,3.735350927894844e-07,191.12212267073548,277.11526282198423,0.020489165291147082,0,0,0,0,0,0,0,0,0.0,0,0,1.4
101960.00000000001,3.7212673127661024e-07,191.25012380891766,277.2080441585711,0.020425584345302908,0,0,0,0,0,0,0,0,0.0,0,0,1.4
101980.0,3.7072403866440805e-07,191.37835133726128,277.3009584679118,0.020362235377527863,0,0,0,0,0,0,0,0,0.0,0,0,1.4
102000.0,3.6932699194716694e-07,191.50680499047763,277.3940054240068,0.020299117448444644,0,0,0,0,0,0,0,0,0.0,0,0,1.4
102020.0,3.679355681919798e-07,191.63548450291685,277.48718470080223,0.02023622962201428,0,0,0,0,0,0,0,0,0.0,0,0,1.4
102040.0,3.665497447571534e-07,191.76438960748433,277.58049597202654,0.020173570975550927,0,0,0,0,0,0,0,0,0.0,0,0,1.4
102060.0,3.651694990738005e-07,191.89352003672414,277.67393891135345,0.020111140589707182,0,0,0,0,0,0,0,0,0.0,0,0,1.4
102080.0,3.6379480857303137e-07,192.02287552318057,277.76751319245705,0.0200489375451355,0,0,0,0,0,0,0,0,0.0,0,0,1.4
102100.00000000001,3.624256506859559e-07,192.15245579939787,277.86121848901126,0.019986960922488334,0,0,0,0,0,0,0,0,0.0,0,0,1.4
102120.0,3.610620029152965e-07,192.28226059756764,277.95505447464865,0.019925209805683592,0,0,0,0,0,0,0,0,0.0,0,0,1.4
102140.0,3.5970384305021e-07,192.41228964847173,278.0490208228368,0.019863683291700292,0,0,0,0,0,0,0,0,0.0,0,0,1.4
102160.0,3.5835114895146376e-07,192.5425426825396,278.1431172070019,0.019802380480782825,0,0,0,0,0,0,0,0,0.0,0,0,1.4
102180.0,3.57003898479824e-07,192.67301943020058,278.2373433005704,0.019741300473175526,0,0,0,0,0,0,0,0,0.0,0,0,1.4
102200.0,3.556620694960599e-07,192.80371962188397,278.33169877696827,0.01968044236912286,0,0,0,0,0,0,0,0,0.0,0,0,1.4
102220.0,3.543256399313665e-07,192.93464298767523,278.4261833095934,0.019619805272063043,0,0,0,0,0,0,0,0,0.0,0,0,1.4
102240.00000000001,3.5299458799865333e-07,193.06578925628412,278.52079657172976,0.01955938829820976,0,0,0,0,0,0,0,0,0.0,0,0,1.4
102260.0,3.516688919812614e-07,193.19715815607628,278.61553823663274,0.01949919056697069,0,0,0,0,0,0,0,0,0.0,0,0,1.4
102280.0,3.503485301625289e-07,193.32874941541752,278.71040797755774,0.019439211197753402,0,0,0,0,0,0,0,0,0.0,0,0,1.4
102300.0,3.49033480825795e-07,193.46056276267362,278.8054054677604,0.019379449309965498,0,0,0,0,0,0,0,0,0.0,0,0,1.4
102320.00000000001,3.4772372232365885e-07,193.5925979258751,278.90053038048035,0.019319904026138455,0,0,0,0,0,0,0,0,0.0,0,0,1.4
102340.0,3.4641923328576586e-07,193.72485463171074,278.99578238889376,0.01926057448129961,0,0,0,0,0,0,0,0,0.0,0,0,1.4
102360.0,3.4511999241101954e-07,193.85733260653438,279.09116116616127,0.019201459813600084,0,0,0,0,0,0,0,0,0.0,0,0,1.4
102380.0,3.438259783983244e-07,193.99003157669964,279.1866663854436,0.01914255916119105,0,0,0,0,0,0,0,0,0.0,0,0,1.4
102400.0,3.4253716994658404e-07,194.12295126856026,279.2822977199012,0.019083871662223636,0,0,0,0,0,0,0,0,0.0,0,0,1.4
102420.0,3.412535458228109e-07,194.25609140814294,279.37805484269114,0.01902539645790455,0,0,0,0,0,0,0,0,0.0,0,0,1.4
102440.0,3.399750850664393e-07,194.3894517201675,279.473937426957,0.018967132701662205,0,0,0,0,0,0,0,0,0.0,0,0,1.4
102460.00000000001,3.3870176678500995e-07,194.523031929027,279.5699451458392,0.018909079549980456,0,0,0,0,0,0,0,0,0.0,0,0,1.4
102480.0,3.3743357008606586e-07,194.65683175911414,279.6660776724777,0.018851236159343292,0,0,0,0,0,0,0,0,0.0,0,0,1.4
102500.0,3.361704740771477e-07,194.79085093482195,279.7623346800127,0.01879360168623458,0,0,0,0,0,0,0,0,0.0,0,0,1.4
102520.0,3.349124579327617e-07,194.9250891802251,279.85871584159327,0.01873617529012666,0,0,0,0,0,0,0,0,0.0,0,0,1.4
102540.0,3.3365950109527233e-07,195.05954621812518,279.9552208304037,0.01867895614244559,0,0,0,0,0,0,0,0,0.0,0,0,1.4
102560.0,3.324115830740115e-07,195.19422177100526,280.05184931963646,0.018621943417605997,0,0,0,0,0,0,0,0,0.0,0,0,1.4
102580.0,3.3116868337830864e-07,195.32911556134871,280.14860098248477,0.018565136290022367,0,0,0,0,0,0,0,0,0.0,0,0,1.4
102600.00000000001,3.2993078151749284e-07,195.4642273116388,280.2454754921415,0.018508533934109214,0,0,0,0,0,0,0,0,0.0,0,0,1.4
102620.0,3.2869785706673273e-07,195.5995567440489,280.34247252182024,0.01845213552720399,0,0,0,0,0,0,0,0,0.0,0,0,1.4
102640.0,3.274698898645403e-07,195.73510357951358,280.4395917448178,0.018395940258335422,0,0,0,0,0,0,0,0,0.0,0,0,1.4
102660.0,3.2624685981526523e-07,195.87086753865754,280.53683283445184,0.018339947319455128,0,0,0,0,0,0,0,0,0.0,0,0,1.4
102680.0,3.250287468232559e-07,196.00684834210566,280.6341954640399,0.018284155902514674,0,0,0,0,0,0,0,0,0.0,0,0,1.4
102700.0,3.2381553079286374e-07,196.14304571048248,280.7316793068995,0.01822856519946575,0,0,0,0,0,0,0,0,0.0,0,0,1.4
102720.0,3.2260719169315896e-07,196.27945936411152,280.82928403638067,0.018173174405118578,0,0,0,0,0,0,0,0,0.0,0,0,1.4
102740.00000000001,3.214037097520987e-07,196.41608902211104,280.92700932596364,0.01811798272571796,0,0,0,0,0,0,0,0,0.0,0,0,1.4
102760.0,3.2020506526236393e-07,196.55293440329766,281.0248548491607,0.018062989370367474,0,0,0,0,0,0,0,0,0.0,0,0,1.4
102780.0,3.190112385166334e-07,196.68999522648835,281.12282027948453,0.018008193548170567,0,0,0,0,0,0,0,0,0.0,0,0,1.4
102800.0,3.178222098075866e-07,196.82727121049993,281.22090529044755,0.01795359446823074,0,0,0,0,0,0,0,0,0.0,0,0,1.4
102820.00000000001,3.166379594915223e-07,196.96476207385652,281.3191095556064,0.017899191342447274,0,0,0,0,0,0,0,0,0.0,0,0,1.4
102840.0,3.1545846817922237e-07,197.10246753391064,281.4174327486939,0.01784498339390291,0,0,0,0,0,0,0,0,0.0,0,0,1.4
102860.0,3.1428371654508615e-07,197.2403873077223,281.5158745434867,0.017790969848476106,0,0,0,0,0,0,0,0,0.0,0,0,1.4
102880.0,3.1311368526351407e-07,197.37852111235145,281.61443461376166,0.017737149932045344,0,0,0,0,0,0,0,0,0.0,0,0,1.4
102900.0,3.1194835500890554e-07,197.516868664858,281.71311263329574,0.017683522870489087,0,0,0,0,0,0,0,0,0.0,0,0,1.4
102920.0,3.107877065181941e-07,197.65542968201729,281.8119082759208,0.017630087892420248,0,0,0,0,0,0,0,0,0.0,0,0,1.4
102940.0,3.0963172077843746e-07,197.79420387946712,281.9108212156903,0.017576844237388995,0,0,0,0,0,0,0,0,0.0,0,0,1.4
102960.00000000001,3.084803788392248e-07,197.9331909725609,282.00985112671316,0.017523791147679844,0,0,0,0,0,0,0,0,0.0,0,0,1.4
102980.0,3.073336617501479e-07,198.07239067665174,282.1089976830978,0.01747092786557743,0,0,0,0,0,0,0,0,0.0,0,0,1.4
103000.0,3.061915505607962e-07,198.211802707093,282.2082605589531,0.017418253633366264,0,0,0,0,0,0,0,0,0.0,0,0,1.4
103020.0,3.0505402638221667e-07,198.35142677896195,282.30763942845414,0.01736576769600512,0,0,0,0,0,0,0,0,0.0,0,0,1.4
103040.0,3.0392107057128444e-07,198.49126260623189,282.40713396604167,0.017313469309149603,0,0,0,0,0,0,0,0,0.0,0,0,1.4
103060.0,3.0279266454633403e-07,198.63130990259958,282.5067438462226,0.017261357731129648,0,0,0,0,0,0,0,0,0.0,0,0,1.4
103080.0,3.0166878972569746e-07,198.7715683817623,282.60646874350414,0.017209432220275076,0,0,0,0,0,0,0,0,0.0,0,0,1.4
103100.00000000001,3.00549427527707e-07,198.91203775741724,282.70630833239335,0.017157692034915715,0,0,0,0,0,0,0,0,0.0,0,0,1.4
103120.0,2.99434559431092e-07,199.05271774299356,282.80626228747445,0.017106136435996833,0,0,0,0,0,0,0,0,0.0,0,0,1.4
103140.0,2.9832416715616e-07,199.19360805085006,282.9063302836407,0.017054764694924927,0,0,0,0,0,0,0,0,0.0,0,0,1.4
103160.0,2.972182324836141e-07,199.33470839307768,283.0065119958626,0.017003576085721867,0,0,0,0,0,0,0,0,0.0,0,0,1.4
103180.0,2.9611673719415663e-07,199.4760184817676,283.10680709911054,0.01695256988240949,0,0,0,0,0,0,0,0,0.0,0,0,1.4
103200.0,2.950196630684923e-07,199.61753802901055,283.2072152683551,0.016901745359009745,0,0,0,0,0,0,0,0,0.0,0,0,1.4
103220.0,2.93926991946671e-07,199.75926674663827,283.3077361786545,0.016851101792102238,0,0,0,0,0,0,0,0,0.0,0,0,1.4
103240.00000000001,2.9283870590613206e-07,199.901204345445,283.4083695054184,0.016800638468497768,0,0,0,0,0,0,0,0,0.0,0,0,1.4
103260.0,2.917547870836646e-07,200.0433505359653,283.50911492414434,0.01675035467756499,0,0,0,0,0,0,0,0,0.0,0,0,1.4
103280.0,2.9067521761605545e-07,200.18570502873405,283.6099721103297,0.016700249708672472,0,0,0,0,0,0,0,0,0.0,0,0,1.4
103300.0,2.895999796400921e-07,200.32826753428606,283.71094073947194,0.01665032285118882,0,0,0,0,0,0,0,0,0.0,0,0,1.4
103320.00000000001,2.885290553508735e-07,200.471037762905,283.81202048716693,0.016600573396984026,0,0,0,0,0,0,0,0,0.0,0,0,1.4
103340.0,2.8746242717674954e-07,200.61401542387006,283.913211029403,0.016551000647933932,0,0,0,0,0,0,0,0,0.0,0,0,1.4
103360.0,2.8640007760437943e-07,200.7572002262094,284.01451204226703,0.016501603908415714,0,0,0,0,0,0,0,0,0.0,0,0,1.4
103380.0,2.853419891204237e-07,200.9005918789512,284.1159232018457,0.01645238248280657,0,0,0,0,0,0,0,0,0.0,0,0,1.4
103400.0,2.842881442115419e-07,201.04419009112374,284.2174441842258,0.016403335675483674,0,0,0,0,0,0,0,0,0.0,0,0,1.4
103420.0,2.8323852542168687e-07,201.1879945715121,284.31907466560244,0.016354462793270658,0,0,0,0,0,0,0,0,0.0,0,0,1.4
103440.0,2.8219311552397287e-07,201.3320050279304,284.42081432260414,0.016305763152776456,0,0,0,0,0,0,0,0,0.0,0,0,1.4
103460.00000000001,2.811518973488055e-07,201.47622116794992,284.5226628319682,0.016257236073056364,0,0,0,0,0,0,0,0,0.0,0,0,1.4
103480.0,2.801148537265925e-07,201.6206426991416,284.62461987043133,0.016208880873165788,0,0,0,0,0,0,0,0,0.0,0,0,1.4
103500.0,2.7908196748773917e-07,201.7652693290767,284.72668511473074,0.016160696872160017,0,0,0,0,0,0,0,0,0.0,0,0,1.4
103520.0,2.780532215189344e-07,201.91010076509176,284.8288582417217,0.01611268339148682,0,0,0,0,0,0,0,0,0.0,0,0,1.4
103540.0,2.7702859893199663e-07,202.05513671358466,284.93113892873276,0.01606483976216369,0,0,0,0,0,0,0,0,0.0,0,0,1.4
103560.0,2.7600808289502935e-07,202.20037688071847,285.0335268532105,0.01601716531760067,0,0,0,0,0,0,0,0,0.0,0,0,1.4
103580.0,2.749916565761335e-07,202.3458209726564,285.1360216926017,0.01596965939120769,0,0,0,0,0,0,0,0,0.0,0,0,1.4
103600.00000000001,2.7397930314341044e-07,202.49146869556176,285.23862312435307,0.015922321316394674,0,0,0,0,0,0,0,0,0.0,0,0,1.4
103620.0,2.729710058202513e-07,202.63731975537107,285.34133082603927,0.015875150428911397,0,0,0,0,0,0,0,0,0.0,0,0,1.4
103640.0,2.7196674805119687e-07,202.78337385711518,285.4441444757471,0.015828146073866435,0,0,0,0,0,0,0,0,0.0,0,0,1.4
103660.0,2.709665133360766e-07,202.92963070559836,285.54706375169116,0.01578130759870814,0,0,0,0,0,0,0,0,0.0,0,0,1.4
103680.0,2.699702851747194e-07,203.07609000562502,285.65008833208634,0.015734634350884822,0,0,0,0,0,0,0,0,0.0,0,0,1.4
103700.0,2.6897804706695597e-07,203.22275146199934,285.753217895147,0.0156881256778449,0,0,0,0,0,0,0,0,0.0,0,0,1.4
103720.0,2.679897825669215e-07,203.36961477930726,285.8564521192254,0.015641780929324844,0,0,0,0,0,0,0,0,0.0,0,0,1.4
103740.00000000001,2.6700547544597624e-07,203.51667966126126,285.95979068322373,0.015595599464213777,0,0,0,0,0,0,0,0,0.0,0,0,1.4
103760.0,2.660251095297892e-07,203.66394581135523,286.063233266181,0.015549580643689075,0,0,0,0,0,0,0,0,0.0,0,0,1.4
103780.0,2.6504866864402683e-07,203.81141293308335,286.16677954713685,0.015503723828928019,0,0,0,0,0,0,0,0,0.0,0,0,1.4
103800.0,2.6407613661435663e-07,203.95908072993956,286.27042920513065,0.015458028381107922,0,0,0,0,0,0,0,0,0.0,0,0,1.4
103820.00000000001,2.631074973197835e-07,204.10694890520773,286.37418191934864,0.015412493663643799,0,0,0,0,0,0,0,0,0.0,0,0,1.4
103840.0,2.6214273485266657e-07,204.25501716133007,286.4780373695633,0.0153671190489017,0,0,0,0,0,0,0,0,0.0,0,0,1.4
103860.0,2.611818333587017e-07,204.40328520053873,286.58199523569436,0.015321903911485309,0,0,0,0,0,0,0,0,0.0,0,0,1.4
103880.0,2.6022477698358466e-07,204.55175272506588,286.6860551976612,0.01527684762599834,0,0,0,0,0,0,0,0,0.0,0,0,1.4
103900.0,2.592715498730111e-07,204.70041943714358,286.79021693538346,0.01523194956704449,0,0,0,0,0,0,0,0,0.0,0,0,1.4
103920.0,2.5832213622506133e-07,204.8492850388015,286.8944801289361,0.015187209111415937,0,0,0,0,0,0,0,0,0.0,0,0,1.4
103940.0,2.5737652044734554e-07,204.99834923126045,286.9988444590174,0.01514262564465842,0,0,0,0,0,0,0,0,0.0,0,0,1.4
103960.00000000001,2.564346869998569e-07,205.1476117155389,287.103309606481,0.015098198554506066,0,0,0,0,0,0,0,0,0.0,0,0,1.4
103980.0,2.5549662034259026e-07,205.2970721926551,287.2078752521806,0.015053927228693111,0,0,0,0,0,0,0,0,0.0,0,0,1.4
104000.0,2.545623049355389e-07,205.44673036362744,287.3125410769699,0.015009811054953696,0,0,0,0,0,0,0,0,0.0,0,0,1.4
104020.0,2.5363172529013773e-07,205.59658592928014,287.4173067618673,0.014965849423162172,0,0,0,0,0,0,0,0,0.0,0,0,1.4
104040.0,2.5270486612358603e-07,205.74663858966017,287.5221719885491,0.014922041731753622,0,0,0,0,0,0,0,0,0.0,0,0,1.4
104060.0,2.5178171220452633e-07,205.8968880446199,287.6271364388557,0.014878387381303412,0,0,0,0,0,0,0,0,0.0,0,0,1.4
104080.0,2.5086224830159917e-07,206.04733399401218,287.7321997946282,0.014834885772386812,0,0,0,0,0,0,0,0,0.0,0,0,1.4
104100.00000000001,2.49946459183445e-07,206.19797613768955,287.83736173770717,0.014791536305579093,0,0,0,0,0,0,0,0,0.0,0,0,1.4
104120.0,2.490343296692187e-07,206.3488141753181,287.94262195010646,0.014748338383548627,0,0,0,0,0,0,0,0,0.0,0,0,1.4
104140.0,2.481258447801225e-07,206.49984780581843,288.0479801145319,0.014705291417335757,0,0,0,0,0,0,0,0,0.0,0,0,1.4
104160.0,2.4722098958787157e-07,206.65107672792467,288.1534359138627,0.014662394820073851,0,0,0,0,0,0,0,0,0.0,0,0,1.4
104180.0,2.463197491641806e-07,206.8025006403711,288.25898903097766,0.014619648004896263,0,0,0,0,0,0,0,0,0.0,0,0,1.4
104200.0,2.454221085807659e-07,206.9541192418916,288.36463914875566,0.014577050384936426,0,0,0,0,0,0,0,0,0.0,0,0,1.4
104220.0,2.44528052958939e-07,207.10593223104183,288.47038595025714,0.014534601375374594,0,0,0,0,0,0,0,0,0.0,0,0,1.4
104240.00000000001,2.436375676183986e-07,207.2579393056636,288.5762291192682,0.01449230039957864,0,0,0,0,0,0,0,0,0.0,0,0,1.4
104260.0,2.4275063792844177e-07,207.41014016341964,288.68216833975595,0.014450146882963425,0,0,0,0,0,0,0,0,0.0,0,0,1.4
104280.0,2.418672492583644e-07,207.56253450197312,288.78820329568777,0.014408140250943724,0,0,0,0,0,0,0,0,0.0,0,0,1.4
104300.0,2.4098738697746224e-07,207.7151220189871,288.894333671031,0.014366279928934342,0,0,0,0,0,0,0,0,0.0,0,0,1.4
104320.00000000001,2.4011103650372504e-07,207.86790241195405,289.00055914994266,0.014324565344351855,0,0,0,0,0,0,0,0,0.0,0,0,1.4
104340.0,2.392381834499202e-07,208.02087537768332,289.1068794173374,0.014282995932620121,0,0,0,0,0,0,0,0,0.0,0,0,1.4
104360.0,2.3836881347750717e-07,208.17404061281383,289.21329415831957,0.014241571131164716,0,0,0,0,0,0,0,0,0.0,0,0,1.4
104380.0,2.375029122479463e-07,208.32739781398442,289.3198030579936,0.014200290377411239,0,0,0,0,0,0,0,0,0.0,0,0,1.4
104400.0,2.3664046542269718e-07,208.4809466778341,289.42640580146406,0.01415915310878526,0,0,0,0,0,0,0,0,0.0,0,0,1.4
104420.0,2.3578145871102567e-07,208.63468690083855,289.5331020740324,0.014118158764670157,0,0,0,0,0,0,0,0,0.0,0,0,1.4
104440.0,2.349258780134139e-07,208.78861817882216,289.6398915617902,0.014077306792280095,0,0,0,0,0,0,0,0,0.0,0,0,1.4
104460.00000000001,2.3407370927814821e-07,208.9427402074464,289.7467739510264,0.014036596640786941,0,0,0,0,0,0,0,0,0.0,0,0,1.4
104480.0,2.3322493845351696e-07,209.09705268237235,289.8537489280296,0.01399602775936266,0,0,0,0,0,0,0,0,0.0,0,0,1.4
104500.0,2.3237955148780673e-07,209.25155529926158,289.9608161790888,0.013955599597179132,0,0,0,0,0,0,0,0,0.0,0,0,1.4
104520.0,2.315375343762321e-07,209.40624775362014,290.0679753906979,0.013915311605322849,0,0,0,0,0,0,0,0,0.0,0,0,1.4
104540.0,2.3069887330171738e-07,209.5611297403331,290.1752262501711,0.013875163242538669,0,0,0,0,0,0,0,0,0.0,0,0,1.4
104560.0,2.298635544941163e-07,209.7162009541302,290.28256844502727,0.013835153969486123,0,0,0,0,0,0,0,0,0.0,0,0,1.4
104580.0,2.2903156418328071e-07,209.87146108974116,290.3900016627857,0.013795283246824665,0,0,0,0,0,0,0,0,0.0,0,0,1.4
104600.00000000001,2.282028885990625e-07,210.026909841896,290.4975255909658,0.01375555053521374,0,0,0,0,0,0,0,0,0.0,0,0,1.4
104620.0,2.2737751401737918e-07,210.18254690517674,290.60513991729886,0.013715955297185348,0,0,0,0,0,0,0,0,0.0,0,0,1.4
104640.0,2.2655542689840173e-07,210.3383719735756,290.71284433036703,0.013676497002761261,0,0,0,0,0,0,0,0,0.0,0,0,1.4
104660.0,2.2573661374836552e-07,210.49438474093716,290.82063851896476,0.013637175123835754,0,0,0,0,0,0,0,0,0.0,0,0,1.4
104680.0,2.2492106107350532e-07,210.6505849011062,290.92852217188675,0.013597989132303057,0,0,0,0,0,0,0,0,0.0,0,0,1.4
104700.0,2.241087553800578e-07,210.806972147927,291.03649497792725,0.013558938500057497,0,0,0,0,0,0,0,0,0.0,0,0,1.4
104720.0,2.2329968321946995e-07,210.96354617510434,291.14455662610067,0.013520022700824549,0,0,0,0,0,0,0,0,0.0,0,0,1.4
104740.00000000001,2.2249383132403815e-07,211.120306675783,291.25270680630035,0.013481241215654628,0,0,0,0,0,0,0,0,0.0,0,0,1.4
104760.0,2.2169118647127268e-07,211.27725334296736,291.3609452086393,0.013442593527429469,0,0,0,0,0,0,0,0,0.0,0,0,1.4
104780.0,2.208917354386821e-07,211.4343858696622,291.4692715232306,0.013404079119030732,0,0,0,0,0,0,0,0,0.0,0,0,1.4
104800.0,2.2009546500377563e-07,211.59170394887224,291.57768544018745,0.013365697473340094,0,0,0,0,0,0,0,0,0.0,0,0,1.4
104820.00000000001,2.1930236198843594e-07,211.74920727346972,291.68618664984973,0.013327448075030177,0,0,0,0,0,0,0,0,0.0,0,0,1.4
104840.0,2.185124133920441e-07,211.90689553579696,291.79477484346444,0.013289330415937604,0,0,0,0,0,0,0,0,0.0,0,0,1.4
104860.0,2.1772560625835357e-07,212.06476842806413,291.9034497125056,0.013251343989689872,0,0,0,0,0,0,0,0,0.0,0,0,1.4
104880.0,2.1694192763111833e-07,212.2228256424813,292.0122109484471,0.013213488289914515,0,0,0,0,0,0,0,0,0.0,0,0,1.4
104900.0,2.1616136455409184e-07,212.3810668712586,292.12105824276296,0.01317576281023904,0,0,0,0,0,0,0,0,0.0,0,0,1.4
104920.0,2.1538390411457715e-07,212.53949180648098,292.2299912871606,0.0131381670460426,0,0,0,0,0,0,0,0,0.0,0,0,1.4
104940.0,2.1460953357406712e-07,212.6981001397336,292.339009774282,0.013100700499710564,0,0,0,0,0,0,0,0,0.0,0,0,1.4
104960.00000000001,2.1383824023760262e-07,212.85689156247696,292.44811339700277,0.013063362675379869,0,0,0,0,0,0,0,0,0.0,0,0,1.4
104980.0,2.1307001141022605e-07,213.0158657661709,292.55730184819834,0.013026153077187543,0,0,0,0,0,0,0,0,0.0,0,0,1.4
105000.0,2.1230483439697824e-07,213.1750224422758,292.6665748207445,0.012989071209270514,0,0,0,0,0,0,0,0,0.0,0,0,1.4
105020.0,2.1154269654563516e-07,213.33436128213444,292.77593200775686,0.012952116577478846,0,0,0,0,0,0,0,0,0.0,0,0,1.4
105040.0,2.10783585374911e-07,213.49388197661975,292.8853731033126,0.012915288694514937,0,0,0,0,0,0,0,0,0.0,0,0,1.4
105060.0,2.1002748844625608e-07,213.65358421648696,292.99489780172865,0.012878587074794352,0,0,0,0,0,0,0,0,0.0,0,0,1.4
105080.0,2.0927439332111924e-07,213.8134676924916,293.1045057973224,0.012842011232732577,0,0,0,0,0,0,0,0,0.0,0,0,1.4
105100.00000000001,2.0852428756094921e-07,213.97353209538923,293.2141967844112,0.012805560682745099,0,0,0,0,0,0,0,0,0.0,0,0,1.4
105120.0,2.0777715876913012e-07,214.1337771158247,293.3239704575585,0.012769234940922932,0,0,0,0,0,0,0,0,0.0,0,0,1.4
105140.0,2.07032994716779e-07,214.29420244400208,293.43382651231434,0.012733033530058798,0,0,0,0,0,0,0,0,0.0,0,0,1.4
105160.0,2.0629178321694733e-07,214.4548077700149,293.54376464447523,0.01269695597462088,0,0,0,0,0,0,0,0,0.0,0,0,1.4
105180.0,2.055535120826858e-07,214.61559278395688,293.6537845498377,0.01266100179907735,0,0,0,0,0,0,0,0,0.0,0,0,1.4
105200.0,2.048181691270469e-07,214.77655717592145,293.763885924198,0.012625170527896445,0,0,0,0,0,0,0,0,0.0,0,0,1.4
105220.0,2.0408574220422624e-07,214.93770063589952,293.8740684636056,0.012589461687185,0,0,0,0,0,0,0,0,0.0,0,0,1.4
105240.00000000001,2.0335621933299902e-07,215.09902285347084,293.9843318651215,0.012553874809604498,0,0,0,0,0,0,0,0,0.0,0,0,1.4
105260.0,2.0262958857328698e-07,215.26052351811228,294.09467582605924,0.012518409429455174,0,0,0,0,0,0,0,0,0.0,0,0,1.4
105280.0,2.0190583798501003e-07,215.4222023193008,294.2051000437329,0.01248306508103717,0,0,0,0,0,0,0,0,0.0,0,0,1.4
105300.0,2.0118495562808883e-07,215.58405894651338,294.3156042154562,0.01244784129865067,0,0,0,0,0,0,0,0,0.0,0,0,1.4
105320.00000000001,2.0046692960281217e-07,215.74609308913136,294.42618803880174,0.012412737618198527,0,0,0,0,0,0,0,0,0.0,0,0,1.4
105340.0,1.9975174817094492e-07,215.90830443615263,294.536851212377,0.012377753581994505,0,0,0,0,0,0,0,0,0.0,0,0,1.4
105360.0,1.9903939963461932e-07,216.0706926764798,294.6475934350481,0.01234288873395499,0,0,0,0,0,0,0,0,0.0,0,0,1.4
105380.0,1.9832987229596789e-07,216.23325749901525,294.7584144056815,0.012308142617996395,0,0,0,0,0,0,0,0,0.0,0,0,1.4
105400.0,1.976231544571228e-07,216.3959985926615,294.86931382314333,0.01227351477803511,0,0,0,0,0,0,0,0,0.0,0,0,1.4
105420.0,1.9691923445982183e-07,216.55891564623232,294.98029138656443,0.01223900475955515,0,0,0,0,0,0,0,0,0.0,0,0,1.4
105440.0,1.9621810080421817e-07,216.72200834818824,295.0913467961343,0.012204612114310676,0,0,0,0,0,0,0,0,0.0,0,0,1.4
105460.00000000001,1.95519742030069e-07,216.88527638690115,295.2024797523071,0.012170336395623397,0,0,0,0,0,0,0,0,0.0,0,0,1.4
105480.0,1.948241466771332e-07,217.04871945074277,295.3136899555368,0.012136177156815104,0,0,0,0,0,0,0,0,0.0,0,0,1.4
105500.0,1.9413130328516804e-07,217.21233722808515,295.42497710627754,0.012102133951207504,0,0,0,0,0,0,0,0,0.0,0,0,1.4
105520.0,1.9344120043278341e-07,217.37612940721863,295.5363409052535,0.012068206333655539,0,0,0,0,0,0,0,0,0.0,0,0,1.4
105540.0,1.9275382685399753e-07,217.54009567610782,295.6477810542695,0.012034393865146917,0,0,0,0,0,0,0,0,0.0,0,0,1.4
105560.0,1.9206917132168208e-07,217.7042357226354,295.7592972554,0.012000696108202626,0,0,0,0,0,0,0,0,0.0,0,0,1.4
105580.0,1.9138722260870734e-07,217.86854923468445,295.87088921071995,0.011967112625343572,0,0,0,0,0,0,0,0,0.0,0,0,1.4
105600.00000000001,1.9070796948794356e-07,218.03303590013803,295.9825566223042,0.011933642979090673,0,0,0,0,0,0,0,0,0.0,0,0,1.4
105620.0,1.9003140077037417e-07,218.1976954068046,296.0942991925029,0.011900286733464528,0,0,0,0,0,0,0,0,0.0,0,0,1.4
105640.0,1.8935750541942795e-07,218.36252744219576,296.2061166247691,0.011867043458484126,0,0,0,0,0,0,0,0,0.0,0,0,1.4
105660.0,1.8868627243664573e-07,218.5275316937488,296.3180086228312,0.01183391272566811,0,0,0,0,0,0,0,0,0.0,0,0,1.4
105680.0,1.8801769082356793e-07,218.69270784890105,296.42997489041795,0.011800894106535086,0,0,0,0,0,0,0,0,0.0,0,0,1.4
105700.0,1.8735174958173642e-07,218.8580555950896,296.54201513125764,0.011767987172603734,0,0,0,0,0,0,0,0,0.0,0,0,1.4
105720.0,1.8668843775007516e-07,219.02357461968427,296.65412904935954,0.01173519149685947,0,0,0,0,0,0,0,0,0.0,0,0,1.4
105740.00000000001,1.8602774451704204e-07,219.18926460978503,296.76631634985574,0.011702506658154909,0,0,0,0,0,0,0,0,0.0,0,0,1.4
105760.0,1.8536965910848002e-07,219.35512525242387,296.8785767381589,0.011669932236809535,0,0,0,0,0,0,0,0,0.0,0,0,1.4
105780.0,1.8471417075023066e-07,219.5211562346333,296.9909099196818,0.01163746781314277,0,0,0,0,0,0,0,0,0.0,0,0,1.4
105800.0,1.8406126866813585e-07,219.68735724344563,297.10331559983723,0.011605112967474055,0,0,0,0,0,0,0,0,0.0,0,0,1.4
105820.00000000001,1.834109421247037e-07,219.8537279658328,297.2157934843237,0.011572867281557517,0,0,0,0,0,0,0,0,0.0,0,0,1.4
105840.0,1.8276318052910998e-07,220.02026808852457,297.3283432799829,0.011540730342886205,0,0,0,0,0,0,0,0,0.0,0,0,1.4
105860.0,1.821179733271957e-07,220.18697729819053,297.44096469394236,0.011508701740387815,0,0,0,0,0,0,0,0,0.0,0,0,1.4
105880.0,1.8147530996480225e-07,220.35385528150027,297.55365743332965,0.011476781062990058,0,0,0,0,0,0,0,0,0.0,0,0,1.4
105900.0,1.8083517988777058e-07,220.52090172512334,297.6664212052723,0.011444967899620628,0,0,0,0,0,0,0,0,0.0,0,0,1.4
105920.0,1.8019757257790469e-07,220.68811631567536,297.7792557171883,0.011413261840610648,0,0,0,0,0,0,0,0,0.0,0,0,1.4
105940.0,1.7956247766085393e-07,220.85549873955733,297.8921606776579,0.011381662481904633,0,0,0,0,0,0,0,0,0.0,0,0,1.4
105960.00000000001,1.7892988479822924e-07,221.02304868311666,298.00513579555235,0.011350169420850454,0,0,0,0,0,0,0,0,0.0,0,0,1.4
105980.0,1.7829978365164294e-07,221.1907658327002,298.1181807797422,0.011318782254796052,0,0,0,0,0,0,0,0,0.0,0,0,1.4
106000.0,1.7767216388270604e-07,221.35864987465544,298.23129533909844,0.011287500581089304,0,0,0,0,0,0,0,0,0.0,0,0,1.4
106020.0,1.7704701518829795e-07,221.5267004952826,298.34447918278715,0.011256323998450819,0,0,0,0,0,0,0,0,0.0,0,0,1.4
106040.0,1.7642432740636987e-07,221.69491738069442,298.4577320211555,0.011225252111092054,0,0,0,0,0,0,0,0,0.0,0,0,1.4
106060.0,1.758040904101422e-07,221.86330021695642,298.57105356484544,0.011194284524597236,0,0,0,0,0,0,0,0,0.0,0,0,1.4
106080.0,1.751862940728341e-07,222.0318486901344,298.6844435244993,0.011163420844550532,0,0,0,0,0,0,0,0,0.0,0,0,1.4
106100.00000000001,1.7457092826766483e-07,222.20056248629427,298.79790161075937,0.011132660676536111,0,0,0,0,0,0,0,0,0.0,0,0,1.4
106120.0,1.739579829024407e-07,222.3694412914612,298.91142753456734,0.011102003627480966,0,0,0,0,0,0,0,0,0.0,0,0,1.4
106140.0,1.733474480233106e-07,222.53848479149954,299.0250210080636,0.011071449309683089,0,0,0,0,0,0,0,0,0.0,0,0,1.4
106160.0,1.727393137110097e-07,222.7076926722334,299.1386817436882,0.011040997336783247,0,0,0,0,0,0,0,0,0.0,0,0,1.4
106180.0,1.721335700462727e-07,222.87706461948684,299.25240945388117,0.011010647322422197,0,0,0,0,0,0,0,0,0.0,0,0,1.4
106200.0,1.7153020710983575e-07,223.0466003190837,299.3662038510824,0.01098039888024075,0,0,0,0,0,0,0,0,0.0,0,0,1.4
106220.0,1.7092921501634868e-07,223.21629945681445,299.4800646480358,0.010950251625193159,0,0,0,0,0,0,0,0,0.0,0,0,1.4
106240.00000000001,1.703305840161219e-07,223.38616171833522,299.5939915587012,0.010920205177487654,0,0,0,0,0,0,0,0,0.0,0,0,1.4
106260.0,1.69734304393382e-07,223.55618678926814,299.7079842973419,0.010890259158646035,0,0,0,0,0,0,0,0,0.0,0,0,1.4
106280.0,1.6914036643235452e-07,223.72637435523566,299.8220425782218,0.010860413190190025,0,0,0,0,0,0,0,0,0.0,0,0,1.4
106300.0,1.6854876041726538e-07,223.89672410186017,299.9361661156043,0.010830666893641384,0,0,0,0,0,0,0,0,0.0,0,0,1.4
106320.00000000001,1.6795947666559535e-07,224.067235714737,300.0503546240612,0.010801019891806714,0,0,0,0,0,0,0,0,0.0,0,0,1.4
106340.0,1.6737250562784788e-07,224.23790887935266,300.1646078193958,0.010771471812632204,0,0,0,0,0,0,0,0,0.0,0,0,1.4
106360.0,1.6678783778778055e-07,224.4087432811669,300.2789254177196,0.010742022285348854,0,0,0,0,0,0,0,0,0.0,0,0,1.4
106380.0,1.6620546362915125e-07,224.5797386056393,300.3933071351442,0.010712670939187681,0,0,0,0,0,0,0,0,0.0,0,0,1.4
106400.0,1.6562537363571771e-07,224.75089453822966,300.5077526877812,0.010683417403379691,0,0,0,0,0,0,0,0,0.0,0,0,1.4
106420.0,1.6504755832384547e-07,224.9222107643767,300.62226179205373,0.01065426130841287,0,0,0,0,0,0,0,0,0.0,0,0,1.4
106440.0,1.6447200834032632e-07,225.0936869694371,300.7368341656331,0.010625202289802852,0,0,0,0,0,0,0,0,0.0,0,0,1.4
106460.00000000001,1.63898714364559e-07,225.26532283874707,300.85146952650246,0.010596239984322204,0,0,0,0,0,0,0,0,0.0,0,0,1.4
106480.0,1.633276670759434e-07,225.43711805764232,300.9661675926446,0.010567374028743545,0,0,0,0,0,0,0,0,0.0,0,0,1.4
106500.0,1.6275885715387824e-07,225.60907231145893,301.08092808204276,0.010538604059839442,0,0,0,0,0,0,0,0,0.0,0,0,1.4
106520.0,1.6219227530973162e-07,225.78118528551866,301.19575071299556,0.010509929715612067,0,0,0,0,0,0,0,0,0.0,0,0,1.4
106540.0,1.6162791238274763e-07,225.95345666508635,301.31063520506444,0.010481350638981937,0,0,0,0,0,0,0,0,0.0,0,0,1.4
106560.0,1.6106575924414072e-07,226.1258861354122,301.4255812781259,0.010452866474099222,0,0,0,0,0,0,0,0,0.0,0,0,1.4
106580.0,1.60505806765124e-07,226.29847338174673,301.5405886520569,0.010424476865114028,0,0,0,0,0,0,0,0,0.0,0,0,1.4
106600.00000000001,1.599480458169106e-07,226.47121808934054,301.6556570467344,0.010396181456176469,0,0,0,0,0,0,0,0,0.0,0,0,1.4
106620.0,1.5939246730205725e-07,226.64411994343592,301.7707861823543,0.010367979892639599,0,0,0,0,0,0,0,0,0.0,0,0,1.4
106640.0,1.5883906224848879e-07,226.81717862924395,301.8859757803897,0.010339871824667987,0,0,0,0,0,0,0,0,0.0,0,0,1.4
106660.0,1.5828782171547275e-07,226.9903938319677,302.00122556263267,0.01031185690362911,0,0,0,0,0,0,0,0,0.0,0,0,1.4
106680.0,1.5773873676227634e-07,227.16376523681032,302.11653525087553,0.010283934780890428,0,0,0,0,0,0,0,0,0.0,0,0,1.4
106700.0,1.5719179844816786e-07,227.3372925289746,302.2319045669103,0.010256105107819458,0,0,0,0,0,0,0,0,0.0,0,0,1.4
106720.0,1.5664699786314063e-07,227.51097539366205,302.34733323285184,0.010228367536960442,0,0,0,0,0,0,0,0,0.0,0,0,1.4
106740.00000000001,1.5610432622009243e-07,227.6848135160675,302.4628209721055,0.010200721725564767,0,0,0,0,0,0,0,0,0.0,0,0,1.4
106760.0,1.555637747626484e-07,227.8588065813837,302.5783675083989,0.010173167332060657,0,0,0,0,0,0,0,0,0.0,0,0,1.4
106780.0,1.5502533473443246e-07,228.0329542748038,302.69397256545994,0.010145704014876281,0,0,0,0,0,0,0,0,0.0,0,0,1.4
106800.0,1.5448899737906889e-07,228.2072562815209,302.8096358670164,0.01011833143243983,0,0,0,0,0,0,0,0,0.0,0,0,1.4
106820.00000000001,1.5395475397030238e-07,228.38171228673252,302.92535713712226,0.010091049244330748,0,0,0,0,0,0,0,0,0.0,0,0,1.4
106840.0,1.5342259590236095e-07,228.5563219756541,303.04113610113427,0.01006385711473366,0,0,0,0,0,0,0,0,0.0,0,0,1.4
106860.0,1.5289251459959226e-07,228.73108503350588,303.15697248473555,0.010036754708984406,0,0,0,0,0,0,0,0,0.0,0,0,1.4
106880.0,1.5236450148634434e-07,228.90600114550796,303.2728660136091,0.010009741692418852,0,0,0,0,0,0,0,0,0.0,0,0,1.4
106900.0,1.5183854798696476e-07,229.0810699968807,303.38881641343784,0.009982817730372835,0,0,0,0,0,0,0,0,0.0,0,0,1.4
106920.0,1.5131464555532773e-07,229.2562912728545,303.5048234102336,0.009955982489308603,0,0,0,0,0,0,0,0,0.0,0,0,1.4
106940.0,1.5079278576340838e-07,229.43166465870252,303.620886731324,0.009929235640193726,0,0,0,0,0,0,0,0,0.0,0,0,1.4
106960.00000000001,1.502729602127071e-07,229.6071898397086,303.73700610436555,0.009902576855122115,0,0,0,0,0,0,0,0,0.0,0,0,1.4
106980.0,1.4975516050472566e-07,229.7828665011561,303.8531812570144,0.00987600580618774,0,0,0,0,0,0,0,0,0.0,0,0,1.4
107000.0,1.492393782409645e-07,229.95869432832882,303.9694119169272,0.009849522165484511,0,0,0,0,0,0,0,0,0.0,0,0,1.4
107020.0,1.487256050518653e-07,230.13467300652704,304.0856978120921,0.009823125606208348,0,0,0,0,0,0,0,0,0.0,0,0,1.4
107040.0,1.4821383268363257e-07,230.3108022211177,304.20203867182494,0.009796815805963087,0,0,0,0,0,0,0,0,0.0,0,0,1.4
107060.0,1.4770405291141257e-07,230.48708165748405,304.31843422577293,0.009770592443454604,0,0,0,0,0,0,0,0,0.0,0,0,1.4
107080.0,1.4719625751035058e-07,230.66351100100957,304.43488420358364,0.009744455197388723,0,0,0,0,0,0,0,0,0.0,0,0,1.4
107100.00000000001,1.4669043825559185e-07,230.84008993707786,304.55138833490463,0.009718403746471264,0,0,0,0,0,0,0,0,0.0,0,0,1.4
107120.0,1.4618658695064884e-07,231.01681815109472,304.6679463497178,0.009692437770486274,0,0,0,0,0,0,0,0,0.0,0,0,1.4
107140.0,1.4568469551249763e-07,231.1936953285566,304.78455797934384,0.00966655695353041,0,0,0,0,0,0,0,0,0.0,0,0,1.4
107160.0,1.4518475588648072e-07,231.37072115498256,304.9012229554378,0.009640760980778516,0,0,0,0,0,0,0,0,0.0,0,0,1.4
107180.0,1.4468676001794035e-07,231.54789531589157,305.0179410096547,0.00961504953740542,0,0,0,0,0,0,0,0,0.0,0,0,1.4
107200.0,1.4419069985221972e-07,231.72521749680246,305.13471187364974,0.009589422308585999,0,0,0,0,0,0,0,0,0.0,0,0,1.4
107220.0,1.4369656736246285e-07,231.9026873832627,305.2515352794152,0.009563878980549981,0,0,0,0,0,0,0,0,0.0,0,0,1.4
107240.00000000001,1.432043546330209e-07,232.0803046609336,305.3684109602921,0.009538419243746689,0,0,0,0,0,0,0,0,0.0,0,0,1.4
107260.0,1.4271405377604775e-07,232.25806901550447,305.48533864995886,0.009513042789680397,0,0,0,0,0,0,0,0,0.0,0,0,1.4
107280.0,1.4222565690369637e-07,232.43598013266504,305.6023180820936,0.009487749309855327,0,0,0,0,0,0,0,0,0.0,0,0,1.4
107300.0,1.4173915612811996e-07,232.61403769810488,305.7193489903747,0.009462538495775726,0,0,0,0,0,0,0,0,0.0,0,0,1.4
107320.00000000001,1.4125454358871864e-07,232.79224139754797,305.83643110882036,0.00943741003997796,0,0,0,0,0,0,0,0,0.0,0,0,1.4
107340.0,1.4077181153388258e-07,232.9705909168547,305.95356417280675,0.00941236363912706,0,0,0,0,0,0,0,0,0.0,0,0,1.4
107360.0,1.40290952239248e-07,233.14908594192028,306.07074791805024,0.009387398990920155,0,0,0,0,0,0,0,0,0.0,0,0,1.4
107380.0,1.3981195798045155e-07,233.32772615863954,306.18798208026715,0.009362515793054384,0,0,0,0,0,0,0,0,0.0,0,0,1.4
107400.0,1.393348210331296e-07,233.50651125290764,306.30526639517365,0.009337713743226879,0,0,0,0,0,0,0,0,0.0,0,0,1.4
107420.0,1.38859533699622e-07,233.68544091065925,306.42260059882784,0.009312992540144742,0,0,0,0,0,0,0,0,0.0,0,0,1.4
107440.0,1.383860883890783e-07,233.86451481798932,306.53998442865594,0.009288351886554731,0,0,0,0,0,0,0,0,0.0,0,0,1.4
107460.00000000001,1.379144775373505e-07,234.04373266103275,306.657417622426,0.009263791486213533,0,0,0,0,0,0,0,0,0.0,0,0,1.4
107480.0,1.3744469358029184e-07,234.22309412592418,306.7748999179062,0.00923931104287789,0,0,0,0,0,0,0,0,0.0,0,0,1.4
107500.0,1.369767289537544e-07,234.40259889879846,306.8924310528646,0.009214910260304484,0,0,0,0,0,0,0,0,0.0,0,0,1.4
107520.0,1.365105761197582e-07,234.582246665836,307.0100107654134,0.009190588843238217,0,0,0,0,0,0,0,0,0.0,0,0,1.4
107540.0,1.3604622764499373e-07,234.7620371133996,307.1276387950415,0.00916634650037676,0,0,0,0,0,0,0,0,0.0,0,0,1.4
107560.0,1.3558367612231992e-07,234.94196992789722,307.2453148815815,0.009142182941406025,0,0,0,0,0,0,0,0,0.0,0,0,1.4
107580.0,1.3512291414459487e-07,235.1220447957373,307.3630387648663,0.009118097876011887,0,0,0,0,0,0,0,0,0.0,0,0,1.4
107600.00000000001,1.3466393430467655e-07,235.30226140332812,307.48081018472885,0.009094091013880208,0,0,0,0,0,0,0,0,0.0,0,0,1.4
107620.0,1.342067292210664e-07,235.4826194371289,307.59862888134796,0.009070162065663875,0,0,0,0,0,0,0,0,0.0,0,0,1.4
107640.0,1.337512916148341e-07,235.6631185838038,307.7164945962874,0.0090463107458836,0,0,0,0,0,0,0,0,0.0,0,0,1.4
107660.0,1.3329761423269222e-07,235.84375853006816,307.83440707145706,0.009022536770027074,0,0,0,0,0,0,0,0,0.0,0,0,1.4
107680.0,1.328456898213528e-07,236.02453896263734,307.9523660487667,0.008998839853581976,0,0,0,0,0,0,0,0,0.0,0,0,1.4
107700.0,1.3239551112752898e-07,236.20545956822636,308.07037127012615,0.008975219712036036,0,0,0,0,0,0,0,0,0.0,0,0,1.4
107720.0,1.3194707092305926e-07,236.38652003360724,308.18842247779327,0.008951676061823143,0,0,0,0,0,0,0,0,0.0,0,0,1.4
107740.00000000001,1.3150036208028787e-07,236.56772004577863,308.3065194154183,0.008928208623162032,0,0,0,0,0,0,0,0,0.0,0,0,1.4
107760.0,1.3105537749668622e-07,236.74905929179533,308.424661826999,0.008904817117217703,0,0,0,0,0,0,0,0,0.0,0,0,1.4
107780.0,1.3061211006972482e-07,236.93053745871265,308.5428494565336,0.008881501265155104,0,0,0,0,0,0,0,0,0.0,0,0,1.4
107800.0,1.3017055269687457e-07,237.1121542335857,308.6610820480203,0.008858260788139203,0,0,0,0,0,0,0,0,0.0,0,0,1.4
107820.00000000001,1.2973069830022599e-07,237.29390930353176,308.77935934580705,0.008835095408260885,0,0,0,0,0,0,0,0,0.0,0,0,1.4
107840.0,1.2929253990035032e-07,237.47580235591593,308.8976810956406,0.008812004851314833,0,0,0,0,0,0,0,0,0.0,0,0,1.4
107860.0,1.2885607054243782e-07,237.65783307816562,309.01604704361796,0.008788988844021612,0,0,0,0,0,0,0,0,0.0,0,0,1.4
107880.0,1.2842128327167907e-07,237.8400011577083,309.1344569358359,0.008766047113101815,0,0,0,0,0,0,0,0,0.0,0,0,1.4
107900.0,1.2798817113326444e-07,238.02230628197142,309.2529105183913,0.008743179385276008,0,0,0,0,0,0,0,0,0.0,0,0,1.4
107920.0,1.2755672719650757e-07,238.20474813844945,309.37140753773224,0.008720385388170913,0,0,0,0,0,0,0,0,0.0,0,0,1.4
107940.0,1.2712694462721104e-07,238.38732641490685,309.4899477417126,0.008697664853037626,0,0,0,0,0,0,0,0,0.0,0,0,1.4
107960.00000000001,1.2669881661530015e-07,238.57004079917527,309.60853087853786,0.008675017512033341,0,0,0,0,0,0,0,0,0.0,0,0,1.4
107980.0,1.2627233635070087e-07,238.75289097908612,309.727156696413,0.00865244309731531,0,0,0,0,0,0,0,0,0.0,0,0,1.4
108000.0,1.2584749702333838e-07,238.93587664247121,309.8458249435434,0.008629941341040726,0,0,0,0,0,0,0,0,0.0,0,0,1.4
108020.0,1.2542429184677248e-07,239.11899747723479,309.9645353684872,0.008607511976253543,0,0,0,0,0,0,0,0,0.0,0,0,1.4
108040.0,1.250027141291001e-07,239.30225317157183,310.08328772121445,0.008585154739544658,0,0,0,0,0,0,0,0,0.0,0,0,1.4
108060.0,1.2458275720205335e-07,239.48564341374967,310.2020817520475,0.008562869368391755,0,0,0,0,0,0,0,0,0.0,0,0,1.4
108080.0,1.241644143973635e-07,239.66916789203603,310.3209172113093,0.008540655600272472,0,0,0,0,0,0,0,0,0.0,0,0,1.4
108100.00000000001,1.2374767904676178e-07,239.85282629469853,310.43979384932254,0.00851851317266444,0,0,0,0,0,0,0,0,0.0,0,0,1.4
108120.0,1.233325445051354e-07,240.03661831008225,310.55871141676414,0.008496441823913146,0,0,0,0,0,0,0,0,0.0,0,0,1.4
108140.0,1.2291900421999048e-07,240.22054362684364,310.67766966572793,0.008474441295835205,0,0,0,0,0,0,0,0,0.0,0,0,1.4
108160.0,1.225070516619886e-07,240.40460193371692,310.7966683486622,0.008452511331115055,0,0,0,0,0,0,0,0,0.0,0,0,1.4
108180.0,1.220966803017909e-07,240.58879291943637,310.9157072180149,0.00843065167243711,0,0,0,0,0,0,0,0,0.0,0,0,1.4
108200.0,1.2168788361005952e-07,240.77311627273582,311.0347860262342,0.008408862062485839,0,0,0,0,0,0,0,0,0.0,0,0,1.4
108220.0,1.2128065508014017e-07,240.95757168243256,311.15390452612365,0.008387142244794947,0,0,0,0,0,0,0,0,0.0,0,0,1.4
108240.00000000001,1.2087498829611656e-07,241.14215883767545,311.2730624719091,0.0083654919662953,0,0,0,0,0,0,0,0,0.0,0,0,1.4
108260.0,1.2047087686475787e-07,241.32687742769605,311.3922596181714,0.008343910974767096,0,0,0,0,0,0,0,0,0.0,0,0,1.4
108280.0,1.200683143928323e-07,241.51172714172617,311.5114957194921,0.0083223990179905,0,0,0,0,0,0,0,0,0.0,0,0,1.4
108300.0,1.196672944871084e-07,241.69670766899762,311.630770530452,0.008300955843745671,0,0,0,0,0,0,0,0,0.0,0,0,1.4
108320.00000000001,1.1926781077657728e-07,241.88181869883016,311.75008380598933,0.008279581200643973,0,0,0,0,0,0,0,0,0.0,0,0,1.4
108340.0,1.1886985697912211e-07,242.06705992089474,311.8694353024678,0.008258274840621612,0,0,0,0,0,0,0,0,0.0,0,0,1.4
108360.0,1.1847342683484798e-07,242.25243102495065,311.98882477660834,0.008237036516445952,0,0,0,0,0,0,0,0,0.0,0,0,1.4
108380.0,1.180785140838604e-07,242.43793170075702,312.1082519851316,0.008215865980884371,0,0,0,0,0,0,0,0,0.0,0,0,1.4
108400.0,1.1768511246626445e-07,242.62356163807306,312.2277166847584,0.00819476298670423,0,0,0,0,0,0,0,0,0.0,0,0,1.4
108420.0,1.1729321574393575e-07,242.80932052675053,312.3472186325668,0.008173727287486462,0,0,0,0,0,0,0,0,0.0,0,0,1.4
108440.0,1.1690281776582756e-07,242.99520805701292,312.46675758706584,0.008152758640066019,0,0,0,0,0,0,0,0,0.0,0,0,1.4
108460.00000000001,1.1651391240266274e-07,243.18122391917657,312.5863333071216,0.00813185680209137,0,0,0,0,0,0,0,0,0.0,0,0,1.4
108480.0,1.16126493525165e-07,243.3673678035575,312.7059455516003,0.00811102153121104,0,0,0,0,0,0,0,0,0.0,0,0,1.4
108500.0,1.1574055500405721e-07,243.55363940047195,312.8255940793682,0.008090252585073501,0,0,0,0,0,0,0,0,0.0,0,0,1.4
108520.0,1.1535609073138735e-07,243.74003840033396,312.9452786496502,0.008069549722123467,0,0,0,0,0,0,0,0,0.0,0,0,1.4
108540.0,1.1497309468450247e-07,243.92656449394863,313.06499902310503,0.008048912703990573,0,0,0,0,0,0,0,0,0.0,0,0,1.4
108560.0,1.1459156086207525e-07,244.11321737221837,313.18475496074984,0.008028341293100717,0,0,0,0,0,0,0,0,0.0,0,0,1.4
108580.0,1.1421148326277758e-07,244.29999672604603,313.3045462236019,0.00800783525187976,0,0,0,0,0,0,0,0,0.0,0,0,1.4
108600.00000000001,1.1383285588528133e-07,244.48690224633447,313.4243725726786,0.007987394342753562,0,0,0,0,0,0,0,0,0.0,0,0,1.4
108620.0,1.1345567274914779e-07,244.67393362408856,313.5442337693561,0.00796701832892737,0,0,0,0,0,0,0,0,0.0,0,0,1.4
108640.0,1.1307992795749182e-07,244.8610905507234,313.6641295764479,0.007946706976723767,0,0,0,0,0,0,0,0,0.0,0,0,1.4
108660.0,1.1270561563431714e-07,245.0483727177565,313.78405975712656,0.007926460053244695,0,0,0,0,0,0,0,0,0.0,0,0,1.4
108680.0,1.1233272990362718e-07,245.23577981670536,313.9040240745646,0.007906277325592079,0,0,0,0,0,0,0,0,0.0,0,0,1.4
108700.0,1.1196126488942622e-07,245.4233115390872,314.0240222919343,0.007886158560867891,0,0,0,0,0,0,0,0,0.0,0,0,1.4
108720.0,1.1159121473617799e-07,245.6109675765268,314.1440541727682,0.007866103526936882,0,0,0,0,0,0,0,0,0.0,0,0,1.4
108740.00000000001,1.1122257367018736e-07,245.79874762107795,314.26411948203867,0.007846111994715094,0,0,0,0,0,0,0,0,0.0,0,0,1.4
108760.0,1.1085533593822027e-07,245.98665136490115,314.3842179850773,0.007826183735881443,0,0,0,0,0,0,0,0,0.0,0,0,1.4
108780.0,1.104894957870419e-07,246.17467850015743,314.50434944721616,0.007806318522114794,0,0,0,0,0,0,0,0,0.0,0,0,1.4
108800.0,1.1012504746341764e-07,246.36282871900758,314.62451363378733,0.007786516125094029,0,0,0,0,0,0,0,0,0.0,0,0,1.4
108820.00000000001,1.0976198523415293e-07,246.55110171372442,314.74471031048336,0.007766776317244703,0,0,0,0,0,0,0,0,0.0,0,0,1.4
108840.0,1.0940030344621509e-07,246.73949717702763,314.864939244438,0.007747098873979154,0,0,0,0,0,0,0,0,0.0,0,0,1.4
108860.0,1.090399964666109e-07,246.928014801749,314.98520020314606,0.007727483571456363,0,0,0,0,0,0,0,0,0.0,0,0,1.4
108880.0,1.0868105866234746e-07,247.11665428072027,315.1054929541021,0.007707930185835325,0,0,0,0,0,0,0,0,0.0,0,0,1.4
108900.0,1.0832348440043156e-07,247.30541530677334,315.2258172648007,0.007688438493275022,0,0,0,0,0,0,0,0,0.0,0,0,1.4
108920.0,1.0796726806749894e-07,247.49429757285603,315.34617290309717,0.007669008270665382,0,0,0,0,0,0,0,0,0.0,0,0,1.4
108940.0,1.076124041286973e-07,247.68330077238218,315.4665596382906,0.007649639297819932,0,0,0,0,0,0,0,0,0.0,0,0,1.4
108960.00000000001,1.0725888706880247e-07,247.8724245988819,315.5869772400409,0.007630331355283101,0,0,0,0,0,0,0,0,0.0,0,0,1.4
108980.0,1.0690671137259106e-07,248.06166874588504,315.70742547800774,0.007611084223599365,0,0,0,0,0,0,0,0,0.0,0,0,1.4
109000.0,1.0655587152483893e-07,248.2510329069218,315.82790412185113,0.007591897683313155,0,0,0,0,0,0,0,0,0.0,0,0,1.4
109020.0,1.0620636202954605e-07,248.440516775643,315.94841294159215,0.007572771515684397,0,0,0,0,0,0,0,0,0.0,0,0,1.4
109040.0,1.058581774676074e-07,248.63012004618307,316.0689517086967,0.007553705504834913,0,0,0,0,0,0,0,0,0.0,0,0,1.4
109060.0,1.0551131243914266e-07,248.81984241279673,316.1895201949918,0.007534699435602053,0,0,0,0,0,0,0,0,0.0,0,0,1.4
109080.0,1.0516576154427068e-07,249.0096835697392,316.31011817230467,0.00751575309282312,0,0,0,0,0,0,0,0,0.0,0,0,1.4
109100.00000000001,1.0482151938311034e-07,249.19964321126565,316.43074541246233,0.007496866261335419,0,0,0,0,0,0,0,0,0.0,0,0,1.4
109120.0,1.0447858057460857e-07,249.38972103175618,316.5514016876533,0.007478038726676701,0,0,0,0,0,0,0,0,0.0,0,0,1.4
109140.0,1.0413693981302095e-07,249.57991672609228,316.67208677151217,0.007459270277186297,0,0,0,0,0,0,0,0,0.0,0,0,1.4
109160.0,1.0379659181143059e-07,249.77022998928055,316.79280043803476,0.007440560701903954,0,0,0,0,0,0,0,0,0.0,0,0,1.4
109180.0,1.0345753128292031e-07,249.96066051632786,316.913542461217,0.00742190978986941,0,0,0,0,0,0,0,0,0.0,0,0,1.4
109200.0,1.0311975294057379e-07,250.15120800224057,317.0343126150548,0.007403317330122438,0,0,0,0,0,0,0,0,0.0,0,0,1.4
109220.0,1.0278325151591226e-07,250.34187214215493,317.15511067390554,0.0073847831123884395,0,0,0,0,0,0,0,0,0.0,0,0,1.4
109240.00000000001,1.0244802181421055e-07,250.53265263172537,317.27593641357316,0.00736630692913547,0,0,0,0,0,0,0,0,0.0,0,0,1.4
109260.0,1.0211405865918266e-07,250.72354916673547,317.39678961022287,0.0073478885735172896,0,0,0,0,0,0,0,0,0.0,0,0,1.4
109280.0,1.0178135687454177e-07,250.9145614429691,317.51767004002,0.007329527838687618,0,0,0,0,0,0,0,0,0.0,0,0,1.4
109300.0,1.0144991128400142e-07,251.10568915621,317.6385774791298,0.0073112245178001915,0,0,0,0,0,0,0,0,0.0,0,0,1.4
109320.00000000001,1.0111971672933165e-07,251.296932002376,317.75951170407956,0.007292978404679976,0,0,0,0,0,0,0,0,0.0,0,0,1.4
109340.0,1.0079076812453074e-07,251.48828967791982,317.88047249284267,0.0072747892958369914,0,0,0,0,0,0,0,0,0.0,0,0,1.4
109360.0,1.0046306040165305e-07,251.67976187942836,318.00145962375444,0.007256656988452466,0,0,0,0,0,0,0,0,0.0,0,0,1.4
109380.0,1.001365884927532e-07,251.87134830348842,318.1224728751501,0.007238581279707638,0,0,0,0,0,0,0,0,0.0,0,0,1.4
109400.0,9.981134732988559e-08,252.06304864668692,318.24351202536525,0.007220561966783739,0,0,0,0,0,0,0,0,0.0,0,0,1.4
109420.0,9.948733186278816e-08,252.25486260574834,318.3645768530964,0.007202598847519205,0,0,0,0,0,0,0,0,0.0,0,0,1.4
109440.0,9.916453711192965e-08,252.44678987794924,318.48566713848686,0.007184691722381113,0,0,0,0,0,0,0,0,0.0,0,0,1.4
109460.00000000001,9.884295811546167e-08,252.63883016070412,318.60678266204127,0.007166840392493719,0,0,0,0,0,0,0,0,0.0,0,0,1.4
109480.0,9.85225899115365e-08,252.83098315142706,318.72792320426436,0.007149044658981305,0,0,0,0,0,0,0,0,0.0,0,0,1.4
109500.0,9.820342753830575e-08,253.02324854753255,318.8490885456607,0.007131304322968124,0,0,0,0,0,0,0,0,0.0,0,0,1.4
109520.0,9.788546605123714e-08,253.21562604657697,318.97027846709665,0.007113619186221829,0,0,0,0,0,0,0,0,0.0,0,0,1.4
109540.0,9.756870057506175e-08,253.40811534668507,319.09149275088396,0.007095989053083616,0,0,0,0,0,0,0,0,0.0,0,0,1.4
109560.0,9.725312625182714e-08,253.60071614612323,319.21273117969616,0.007078413728538113,0,0,0,0,0,0,0,0,0.0,0,0,1.4
109580.0,9.693873822358028e-08,253.7934281431581,319.3339935362065,0.007060893017569913,0,0,0,0,0,0,0,0,0.0,0,0,1.4
109600.00000000001,9.662553163236814e-08,253.98625103605656,319.4552796030886,0.0070434267251636,0,0,0,0,0,0,0,0,0.0,0,0,1.4
109620.0,9.631350163719456e-08,254.17918452323096,319.5765891633769,0.007026014656933738,0,0,0,0,0,0,0,0,0.0,0,0,1.4
109640.0,9.600264346488786e-08,254.37222830367847,319.69792200155104,0.007008656621014583,0,0,0,0,0,0,0,0,0.0,0,0,1.4
109660.0,9.569295235923286e-08,254.56538207654222,319.81927790245186,0.006991352426170345,0,0,0,0,0,0,0,0,0.0,0,0,1.4
109680.0,9.538442356401411e-08,254.75864554096535,319.94065665092023,0.006974101881165212,0,0,0,0,0,0,0,0,0.0,0,0,1.4
109700.0,9.50770523230169e-08,254.95201839609072,320.0620580317968,0.0069569047947634155,0,0,0,0,0,0,0,0,0.0,0,0,1.4
109720.0,9.477083389662925e-08,255.1455003412115,320.1834818302835,0.006939760976345913,0,0,0,0,0,0,0,0,0.0,0,0,1.4
109740.00000000001,9.446576361165323e-08,255.33909107622068,320.30492783302554,0.0069226702377607075,0,0,0,0,0,0,0,0,0.0,0,0,1.4
109760.0,9.41618368114949e-08,255.53279030116076,320.426395827029,0.006905632391472601,0,0,0,0,0,0,0,0,0.0,0,0,1.4
109780.0,9.38590488395598e-08,255.72659771607468,320.5478855993001,0.006888647249946366,0,0,0,0,0,0,0,0,0.0,0,0,1.4
109800.0,9.355739503925358e-08,255.9205130210053,320.6693969368451,0.0068717146256467776,0,0,0,0,0,0,0,0,0.0,0,0,1.4
109820.00000000001,9.32568707702395e-08,256.1145359161493,320.7909296270307,0.006854834331642506,0,0,0,0,0,0,0,0,0.0,0,0,1.4
109840.0,9.295747145721232e-08,256.3086661023184,320.91248345866546,0.006838006183417837,0,0,0,0,0,0,0,0,0.0,0,0,1.4
109860.0,9.265919254112395e-08,256.50290328047873,321.03405822091884,0.006821229997060923,0,0,0,0,0,0,0,0,0.0,0,0,1.4
109880.0,9.236202946292646e-08,256.6972471515962,321.15565370296,0.006804505588659928,0,0,0,0,0,0,0,0,0.0,0,0,1.4
109900.0,9.206597766357176e-08,256.8916974166365,321.2772696939585,0.006787832774303004,0,0,0,0,0,0,0,0,0.0,0,0,1.4
109920.0,9.1771032599931e-08,257.0862537767231,321.39890598344334,0.006771211370669648,0,0,0,0,0,0,0,0,0.0,0,0,1.4
109940.0,9.147718979254933e-08,257.2809159336099,321.520562362384,0.00675464119680455,0,0,0,0,0,0,0,0,0.0,0,0,1.4
109960.00000000001,9.118444477789052e-08,257.4756835892087,321.64223862211026,0.006738122072343722,0,0,0,0,0,0,0,0,0.0,0,0,1.4
109980.0,9.089279309241902e-08,257.6705564454306,321.76393455395123,0.006721653816923197,0,0,0,0,0,0,0,0,0.0,0,0,1.4
110000.0,9.060223027259857e-08,257.86553420418727,321.8856499492366,0.006705236250178978,0,0,0,0,0,0,0,0,0.0,0,0,1.4
110020.0,9.031275187047954e-08,258.0606165675516,322.0073845996553,0.006688869192326094,0,0,0,0,0,0,0,0,0.0,0,0,1.4
110040.0,9.002435350045748e-08,258.255803238242,322.1291382983344,0.006672552465895592,0,0,0,0,0,0,0,0,0.0,0,0,1.4
110060.0,8.973703079251483e-08,258.45109391913763,322.2509108387601,0.006656285893997569,0,0,0,0,0,0,0,0,0.0,0,0,1.4
110080.0,8.945077937663353e-08,258.6464883131184,322.37270201441925,0.006640069299742081,0,0,0,0,0,0,0,0,0.0,0,0,1.4
110100.00000000001,8.916559488279546e-08,258.84198612306403,322.4945116187982,0.006623902506239194,0,0,0,0,0,0,0,0,0.0,0,0,1.4
110120.0,8.88814729562436e-08,259.03758705201864,322.61633944574214,0.00660778533716597,0,0,0,0,0,0,0,0,0.0,0,0,1.4
110140.0,8.85984093032624e-08,259.2332908036867,322.73818529053193,0.006591717618467339,0,0,0,0,0,0,0,0,0.0,0,0,1.4
110160.0,8.831639964539698e-08,259.4290970819373,322.86004894880693,0.006575699176655216,0,0,0,0,0,0,0,0,0.0,0,0,1.4
110180.0,8.803543970419231e-08,259.6250055906397,322.9819302162069,0.0065597298382415,0,0,0,0,0,0,0,0,0.0,0,0,1.4
110200.0,8.775552520119392e-08,259.82101603366283,323.103828888371,0.006543809429738127,0,0,0,0,0,0,0,0,0.0,0,0,1.4
110220.0,8.747665187288794e-08,260.01712811504444,323.22574476129716,0.006527937778212216,0,0,0,0,0,0,0,0,0.0,0,0,1.4
110240.00000000001,8.71988155155254e-08,260.2133415394963,323.34767763241564,0.00651211471295174,0,0,0,0,0,0,0,0,0.0,0,0,1.4
110260.0,8.692201194029914e-08,260.4096560118984,323.46962729951474,0.006496340063799921,0,0,0,0,0,0,0,0,0.0,0,0,1.4
110280.0,8.664623695840136e-08,260.6060712371311,323.59159356038305,0.006480613660599945,0,0,0,0,0,0,0,0,0.0,0,0,1.4
110300.0,8.637148638102449e-08,260.80258692007465,323.71357621280885,0.00646493533319501,0,0,0,0,0,0,0,0,0.0,0,0,1.4
110320.00000000001,8.609775603398893e-08,260.9992027657812,323.83557505493803,0.006449304911972019,0,0,0,0,0,0,0,0,0.0,0,0,1.4
110340.0,8.582504180162824e-08,261.1959184799908,323.95758988634594,0.006433722229492717,0,0,0,0,0,0,0,0,0.0,0,0,1.4
110360.0,8.555333958290357e-08,261.3927337686154,324.07962050696506,0.006418187118862535,0,0,0,0,0,0,0,0,0.0,0,0,1.4
110380.0,8.528264527677624e-08,261.58964833756727,324.20166671672825,0.00640269941318691,0,0,0,0,0,0,0,0,0.0,0,0,1.4
110400.0,8.501295478220741e-08,261.7866618927586,324.3237283155681,0.006387258945571269,0,0,0,0,0,0,0,0,0.0,0,0,1.4
110420.0,8.474426401248025e-08,261.9837741402766,324.4458051037737,0.006371865549653538,0,0,0,0,0,0,0,0,0.0,0,0,1.4
110440.0,8.44765689381632e-08,262.18098478691047,324.5678968830604,0.006356519061201469,0,0,0,0,0,0,0,0,0.0,0,0,1.4
110460.00000000001,8.42098655441462e-08,262.37829353962496,324.69000345550035,0.006341219316515274,0,0,0,0,0,0,0,0,0.0,0,0,1.4
110480.0,8.394414981531971e-08,262.5757001053843,324.81212462316523,0.006325966151895207,0,0,0,0,0,0,0,0,0.0,0,0,1.4
110500.0,8.367941773657368e-08,262.7732041911532,324.9342601881269,0.0063107594036414805,0,0,0,0,0,0,0,0,0.0,0,0,1.4
110520.0,8.341566530681889e-08,262.97080550407475,325.056409952813,0.0062955989085757775,0,0,0,0,0,0,0,0,0.0,0,0,1.4
110540.0,8.315288858104885e-08,263.1685037520072,325.1785737210734,0.0062804845056055976,0,0,0,0,0,0,0,0,0.0,0,0,1.4
110560.0,8.289108362827833e-08,263.366298642987,325.3007512971134,0.006265416034159927,0,0,0,0,0,0,0,0,0.0,0,0,1.4
110580.0,8.263024651752155e-08,263.5641898850506,325.4229424851385,0.0062503933336677175,0,0,0,0,0,0,0,0,0.0,0,0,1.4
110600.00000000001,8.237037331779271e-08,263.76217718623525,325.5451470893543,0.0062354162435579235,0,0,0,0,0,0,0,0,0.0,0,0,1.4
110620.0,8.211146011183278e-08,263.9602602547591,325.66736491432084,0.006220484603770242,0,0,0,0,0,0,0,0,0.0,0,0,1.4
110640.0,8.185350303728701e-08,264.15843879956896,325.7895957660167,0.006205598256287175,0,0,0,0,0,0,0,0,0.0,0,0,1.4
110660.0,8.159649824552696e-08,264.35671252979375,325.9118394507755,0.0061907570436019466,0,0,0,0,0,0,0,0,0.0,0,0,1.4
110680.0,8.13404418879241e-08,264.5550811545623,326.03409577493073,0.006175960808207769,0,0,0,0,0,0,0,0,0.0,0,0,1.4
110700.0,8.108533011585036e-08,264.7535443830031,326.1563645448156,0.00616120939259789,0,0,0,0,0,0,0,0,0.0,0,0,1.4
110720.0,8.083115909411457e-08,264.9521019244302,326.27864556711717,0.0061465026397656995,0,0,0,0,0,0,0,0,0.0,0,0,1.4
110740.00000000001,8.057792504127498e-08,265.15075348889826,326.40093864993685,0.006131840394705313,0,0,0,0,0,0,0,0,0.0,0,0,1.4
110760.0,8.032562418932781e-08,265.3494987866466,326.5232436017294,0.006117222502911059,0,0,0,0,0,0,0,0,0.0,0,0,1.4
110780.0,8.007425277026874e-08,265.54833752791507,326.64556023094985,0.006102648809877231,0,0,0,0,0,0,0,0,0.0,0,0,1.4
110800.0,7.982380701609358e-08,265.74726942294325,326.7678883460531,0.006088119161098133,0,0,0,0,0,0,0,0,0.0,0,0,1.4
110820.00000000001,7.957428317195256e-08,265.94629418215925,326.8902277558466,0.0060736334025579646,0,0,0,0,0,0,0,0,0.0,0,0,1.4
110840.0,7.93256775356148e-08,266.14541151674376,327.0125782705475,0.006059191382200559,0,0,0,0,0,0,0,0,0.0,0,0,1.4
110860.0,7.907798641800339e-08,266.3446211380665,327.13493970072597,0.006044792948459621,0,0,0,0,0,0,0,0,0.0,0,0,1.4
110880.0,7.883120613004173e-08,266.54392275749655,327.25731185695173,0.006030437949768868,0,0,0,0,0,0,0,0,0.0,0,0,1.4
110900.0,7.85853329826529e-08,266.74331608640364,327.37969454979486,0.006016126234562007,0,0,0,0,0,0,0,0,0.0,0,0,1.4
110920.0,7.834036329963786e-08,266.94280083634806,327.5020875901764,0.006001857651752604,0,0,0,0,0,0,0,0,0.0,0,0,1.4
110940.0,7.809629345630617e-08,267.14237671965594,327.6244907904229,0.00598763205217353,0,0,0,0,0,0,0,0,0.0,0,0,1.4
110960.00000000001,7.785311984084464e-08,267.34204344884466,327.74690396321233,0.005973449287137486,0,0,0,0,0,0,0,0,0.0,0,0,1.4
110980.0,7.761083884144069e-08,267.5418007364314,327.8693269212224,0.005959309207957202,0,0,0,0,0,0,0,0,0.0,0,0,1.4
111000.0,7.73694468462811e-08,267.7416482949333,327.9917594771311,0.005945211665945383,0,0,0,0,0,0,0,0,0.0,0,0,1.4
111020.0,7.712894025615868e-08,267.94158583706223,328.11420144396635,0.0059311565128847355,0,0,0,0,0,0,0,0,0.0,0,0,1.4
111040.0,7.68893155222891e-08,268.14161307630695,328.2366526361568,0.005917143602437955,0,0,0,0,0,0,0,0,0.0,0,0,1.4
111060.0,7.665056910849432e-08,268.34172972635037,328.35911286848085,0.005903172788737765,0,0,0,0,0,0,0,0,0.0,0,0,1.4
111080.0,7.641269747859575e-08,268.54193550087587,328.48158195571705,0.005889243925916856,0,0,0,0,0,0,0,0,0.0,0,0,1.4
111100.00000000001,7.617569709641485e-08,268.7422301135666,328.60405971264424,0.005875356868107922,0,0,0,0,0,0,0,0,0.0,0,0,1.4
111120.0,7.593956443811323e-08,268.9426132783027,328.7265459543897,0.005861511469904056,0,0,0,0,0,0,0,0,0.0,0,0,1.4
111140.0,7.57042960292105e-08,269.1430847097533,328.84904049747604,0.005847707587739799,0,0,0,0,0,0,0,0,0.0,0,0,1.4
111160.0,7.54698884075661e-08,269.3436441227845,328.97154315877503,0.00583394507851008,0,0,0,0,0,0,0,0,0.0,0,0,1.4
111180.0,7.523633811103934e-08,269.5442912322627,329.0940537551582,0.005820223799109809,0,0,0,0,0,0,0,0,0.0,0,0,1.4
111200.0,7.500364167748998e-08,269.7450257530538,329.21657210349696,0.005806543606433931,0,0,0,0,0,0,0,0,0.0,0,0,1.4
111220.0,7.477179565685626e-08,269.9458474002242,329.3390980210105,0.0057929043578283206,0,0,0,0,0,0,0,0,0.0,0,0,1.4
111240.00000000001,7.454079664739237e-08,270.1467558896404,329.46163132630807,0.005779305912442683,0,0,0,0,0,0,0,0,0.0,0,0,1.4
111260.0,7.431064125943192e-08,270.34775093736846,329.58417183834615,0.005765748129877717,0,0,0,0,0,0,0,0,0.0,0,0,1.4
111280.0,7.408132610330806e-08,270.5488322594751,329.7067193760815,0.005752230869734091,0,0,0,0,0,0,0,0,0.0,0,0,1.4
111300.0,7.385284778935403e-08,270.7499995720267,329.8292737584709,0.00573875399161248,0,0,0,0,0,0,0,0,0.0,0,0,1.4
111320.00000000001,7.362520293972665e-08,270.95125259129253,329.9518348048171,0.005725317355555304,0,0,0,0,0,0,0,0,0.0,0,0,1.4
111340.0,7.339838822387754e-08,271.1525910343526,330.07440233580735,0.005711920823372014,0,0,0,0,0,0,0,0,0.0,0,0,1.4
111360.0,7.317240032308146e-08,271.3540146184904,330.19697617247516,0.0056985642573137854,0,0,0,0,0,0,0,0,0.0,0,0,1.4
111380.0,7.29472359186134e-08,271.5555230609888,330.3195561358541,0.005685247519631804,0,0,0,0,0,0,0,0,0.0,0,0,1.4
111400.0,7.27228916917481e-08,271.7571160791311,330.44214204697755,0.005671970472577242,0,0,0,0,0,0,0,0,0.0,0,0,1.4
111420.0,7.249936433533429e-08,271.9587933904056,330.56473372722365,0.00565873297883405,0,0,0,0,0,0,0,0,0.0,0,0,1.4
111440.0,7.227665058851395e-08,272.1605547131229,330.68733099934934,0.005645534902817124,0,0,0,0,0,0,0,0,0.0,0,0,1.4
111460.00000000001,7.20547472020025e-08,272.3623997657991,330.8099336864564,0.005632376109374105,0,0,0,0,0,0,0,0,0.0,0,0,1.4
111480.0,7.183365092651588e-08,272.56432826694964,330.9325416116463,0.005619256463352665,0,0,0,0,0,0,0,0,0.0,0,0,1.4
111500.0,7.161335851276954e-08,272.7663399350908,331.05515459802086,0.005606175829600447,0,0,0,0,0,0,0,0,0.0,0,0,1.4
111520.0,7.139386672280747e-08,272.96843448894646,331.1777724690249,0.005593134073389038,0,0,0,0,0,0,0,0,0.0,0,0,1.4
111540.0,7.117517236398716e-08,273.17061164807325,331.30039504947644,0.005580131061685764,0,0,0,0,0,0,0,0,0.0,0,0,1.4
111560.0,7.095727225499507e-08,273.3728711322355,331.42302216453635,0.005567166661881913,0,0,0,0,0,0,0,0,0.0,0,0,1.4
111580.0,7.074016321451712e-08,273.5752126611979,331.54565363936575,0.005554240741368748,0,0,0,0,0,0,0,0,0.0,0,0,1.4
111600.00000000001,7.052384206123924e-08,273.7776359547252,331.66828929912583,0.005541353167537531,0,0,0,0,0,0,0,0,0.0,0,0,1.4
111620.0,7.030830562493616e-08,273.9801407327924,331.7909289693193,0.005528503808194867,0,0,0,0,0,0,0,0,0.0,0,0,1.4
111640.0,7.009355077973573e-08,274.18272671621725,331.91357247681566,0.005515692532808596,0,0,0,0,0,0,0,0,0.0,0,0,1.4
111660.0,6.987957441085417e-08,274.38539362602825,332.03621964882626,0.005502919211261886,0,0,0,0,0,0,0,0,0.0,0,0,1.4
111680.0,6.966637340350766e-08,274.5881411832538,332.1588703125623,0.005490183713437894,0,0,0,0,0,0,0,0,0.0,0,0,1.4
111700.0,6.94539446429128e-08,274.79096910892207,332.2815242952351,0.005477485909219806,0,0,0,0,0,0,0,0,0.0,0,0,1.4
111720.0,6.924228502513908e-08,274.99387712427466,332.4041814243959,0.005464825668897668,0,0,0,0,0,0,0,0,0.0,0,0,1.4
111740.00000000001,6.903139148966937e-08,275.19686495140576,332.5268415289568,0.005452202864389095,0,0,0,0,0,0,0,0,0.0,0,0,1.4
111760.0,6.88212609868403e-08,275.3999323126221,332.64950443816974,0.005439617368018618,0,0,0,0,0,0,0,0,0.0,0,0,1.4
111780.0,6.861189046698807e-08,275.6030789302312,332.77216998128677,0.005427069052110742,0,0,0,0,0,0,0,0,0.0,0,0,1.4
111800.0,6.840327688044907e-08,275.80630452654003,332.89483798756,0.00541455778898998,0,0,0,0,0,0,0,0,0.0,0,0,1.4
111820.00000000001,6.819541718818249e-08,276.00960882407156,333.01750828658,0.005402083451379476,0,0,0,0,0,0,0,0,0.0,0,0,1.4
111840.0,6.798830839364005e-08,276.2129915462105,333.14018070929166,0.005389645913596954,0,0,0,0,0,0,0,0,0.0,0,0,1.4
111860.0,6.778194751089607e-08,276.4164524165577,333.2628550869781,0.005377245050358753,0,0,0,0,0,0,0,0,0.0,0,0,1.4
111880.0,6.757633155402499e-08,276.6199911587138,333.3855312509228,0.005364880736381218,0,0,0,0,0,0,0,0,0.0,0,0,1.4
111900.0,6.73714575371011e-08,276.8236074962795,333.5082090324092,0.005352552846380685,0,0,0,0,0,0,0,0,0.0,0,0,1.4
111920.0,6.716732248459672e-08,277.02730115307315,333.6308882630572,0.005340261255464097,0,0,0,0,0,0,0,0,0.0,0,0,1.4
111940.0,6.696392346257417e-08,277.2310718537848,333.7535687758346,0.005328005840300672,0,0,0,0,0,0,0,0,0.0,0,0,1.4
111960.00000000001,6.676125754749338e-08,277.43491932332245,333.8762504040459,0.005315786477950207,0,0,0,0,0,0,0,0,0.0,0,0,1.4
111980.0,6.655932181581463e-08,277.6388432865937,333.9989329809954,0.005303603045472526,0,0,0,0,0,0,0,0,0.0,0,0,1.4
112000.0,6.635811334399785e-08,277.8428434685067,334.1216163399878,0.005291455419927423,0,0,0,0,0,0,0,0,0.0,0,0,1.4
112020.0,6.615762921867977e-08,278.0469195941894,334.2443003146626,0.005279343478757384,0,0,0,0,0,0,0,0,0.0,0,0,1.4
112040.0,6.59578665672038e-08,278.25107138965075,334.3669847400004,0.005267267100935602,0,0,0,0,0,0,0,0,0.0,0,0,1.4
112060.0,6.575882252709045e-08,278.45529858111956,334.4896694513165,0.005255226165817973,0,0,0,0,0,0,0,0,0.0,0,0,1.4
112080.0,6.556049423585978e-08,278.65960089482496,334.6123542839267,0.005243220552760369,0,0,0,0,0,0,0,0,0.0,0,0,1.4
112100.00000000001,6.53628788310319e-08,278.863978056996,334.73503907314665,0.0052312501411186626,0,0,0,0,0,0,0,0,0.0,0,0,1.4
112120.0,6.516597346008778e-08,279.068429794084,334.8577236546252,0.005219314810623713,0,0,0,0,0,0,0,0,0.0,0,0,1.4
112140.0,6.49697753103499e-08,279.2729558334303,334.98040786534546,0.005207414442506197,0,0,0,0,0,0,0,0,0.0,0,0,1.4
112160.0,6.477428157910137e-08,279.4775559025984,335.1030915426238,0.005195548918371768,0,0,0,0,0,0,0,0,0.0,0,0,1.4
112180.0,6.457948946362516e-08,279.68222972915225,335.2257745237769,0.005183718119826063,0,0,0,0,0,0,0,0,0.0,0,0,1.4
112200.0,6.438539616120463e-08,279.88697704065515,335.34845664612095,0.0051719219284747505,0,0,0,0,0,0,0,0,0.0,0,0,1.4
112220.0,6.419199887887142e-08,280.0917975648955,335.4711377473041,0.0051601602262908745,0,0,0,0,0,0,0,0,0.0,0,0,1.4
112240.00000000001,6.399929486265194e-08,280.2966910305595,335.59381766630133,0.005148432896717094,0,0,0,0,0,0,0,0,0.0,0,0,1.4
112260.0,6.380728136832167e-08,280.5016571665577,335.71649624241877,0.005136739823563502,0,0,0,0,0,0,0,0,0.0,0,0,1.4
112280.0,6.361595565165567e-08,280.706695701801,335.839173314963,0.0051250808906401595,0,0,0,0,0,0,0,0,0.0,0,0,1.4
112300.0,6.34253149684292e-08,280.91180636519994,335.9618487232403,0.0051134559817571385,0,0,0,0,0,0,0,0,0.0,0,0,1.4
112320.00000000001,6.323535658395856e-08,281.1169888858923,336.0845223068871,0.005101864981084518,0,0,0,0,0,0,0,0,0.0,0,0,1.4
112340.0,6.304607780172569e-08,281.32224299392186,336.20719390685946,0.005090307774232441,0,0,0,0,0,0,0,0,0.0,0,0,1.4
112360.0,6.285747593475338e-08,281.5275684195597,336.32986336444327,0.005078784247171048,0,0,0,0,0,0,0,0,0.0,0,0,1.4
112380.0,6.266954829606452e-08,281.73296489307677,336.4525305209245,0.005067294285870477,0,0,0,0,0,0,0,0,0.0,0,0,1.4
112400.0,6.248229219868193e-08,281.93843214474407,336.57519521758906,0.005055837776300866,0,0,0,0,0,0,0,0,0.0,0,0,1.4
112420.0,6.229570496496704e-08,282.14396990506094,336.69785729605087,0.005044414604785157,0,0,0,0,0,0,0,0,0.0,0,0,1.4
112440.0,6.210978395463412e-08,282.3495779054417,336.8205165992361,0.0050330246590573995,0,0,0,0,0,0,0,0,0.0,0,0,1.4
112460.00000000001,6.192452653673562e-08,282.5552558775295,336.94317297039913,0.0050216678272044235,0,0,0,0,0,0,0,0,0.0,0,0,1.4
112480.0,6.173993008032443e-08,282.7610035529667,337.06582625279407,0.005010343997313089,0,0,0,0,0,0,0,0,0.0,0,0,1.4
112500.0,6.155599195445306e-08,282.96682066339656,337.18847628967507,0.004999053057470228,0,0,0,0,0,0,0,0,0.0,0,0,1.4
112520.0,6.137270953731354e-08,283.17270694069254,337.3111229246227,0.004987794896108381,0,0,0,0,0,0,0,0,0.0,0,0,1.4
112540.0,6.119008024365531e-08,283.3786621176507,337.433766002522,0.004976569403042882,0,0,0,0,0,0,0,0,0.0,0,0,1.4
112560.0,6.100810149736759e-08,283.5846859272977,337.55640536858454,0.004965376468434794,0,0,0,0,0,0,0,0,0.0,0,0,1.4
112580.0,6.082677072233925e-08,283.79077810266017,337.6790408680214,0.004954215982445152,0,0,0,0,0,0,0,0,0.0,0,0,1.4
112600.00000000001,6.064608534245913e-08,283.99693837676506,337.8016723460442,0.004943087835234993,0,0,0,0,0,0,0,0,0.0,0,0,1.4
112620.0,6.046604279056123e-08,284.2031664828712,337.9242996481884,0.004931991917304156,0,0,0,0,0,0,0,0,0.0,0,0,1.4
112640.0,6.02866405352583e-08,284.40946215516834,338.04692262128697,0.004920928120507585,0,0,0,0,0,0,0,0,0.0,0,0,1.4
112660.0,6.010787605410797e-08,284.6158251280783,338.169541112497,0.004909896337039004,0,0,0,0,0,0,0,0,0.0,0,0,1.4
112680.0,5.992974682466776e-08,284.82225513602344,338.29215496897575,0.004898896459092138,0,0,0,0,0,0,0,0,0.0,0,0,1.4
112700.0,5.975225032449554e-08,285.02875191342514,338.41476403788033,0.004887928378860731,0,0,0,0,0,0,0,0,0.0,0,0,1.4
112720.0,5.957538403990301e-08,285.2353151949401,338.53736816669027,0.004876991988870505,0,0,0,0,0,0,0,0,0.0,0,0,1.4
112740.00000000001,5.939914549221844e-08,285.44194471616237,338.65996720417473,0.004866087182975195,0,0,0,0,0,0,0,0,0.0,0,0,1.4
112760.0,5.922353221152461e-08,285.64864021292,338.782560999425,0.004855213855360558,0,0,0,0,0,0,0,0,0.0,0,0,1.4
112780.0,5.904854172790394e-08,285.8554014210415,338.9051494015326,0.004844371900212329,0,0,0,0,0,0,0,0,0.0,0,0,1.4
112800.0,5.887417157143898e-08,286.06222807635515,339.0277322595889,0.004833561211716252,0,0,0,0,0,0,0,0,0.0,0,0,1.4
112820.00000000001,5.870041928077974e-08,286.26911991492557,339.1503094230059,0.0048227816843834335,0,0,0,0,0,0,0,0,0.0,0,0,1.4
112840.0,5.852728242884668e-08,286.4760766737616,339.272880742477,0.004812033214026489,0,0,0,0,0,0,0,0,0.0,0,0,1.4
112860.0,5.835475859712756e-08,286.68309809010873,339.39544606901615,0.004801315696783376,0,0,0,0,0,0,0,0,0.0,0,0,1.4
112880.0,5.81828453671102e-08,286.89018390121214,339.5180052536374,0.00479062902879207,0,0,0,0,0,0,0,0,0.0,0,0,1.4
112900.0,5.801154032028229e-08,287.09733384431723,339.64055814735474,0.004779973106190529,0,0,0,0,0,0,0,0,0.0,0,0,1.4
112920.0,5.784084104651681e-08,287.304547656907,339.76310460150034,0.004769347825435625,0,0,0,0,0,0,0,0,0.0,0,0,1.4
112940.0,5.7670745169225876e-08,287.5118250774162,339.8856444686806,0.0047587530842597425,0,0,0,0,0,0,0,0,0.0,0,0,1.4
112960.00000000001,5.750125032020654e-08,287.71916584451736,340.0081776018201,0.004748188780714147,0,0,0,0,0,0,0,0,0.0,0,0,1.4
112980.0,5.733235413125617e-08,287.92656969688295,340.1307038538433,0.004737654812850133,0,0,0,0,0,0,0,0,0.0,0,0,1.4
113000.0,5.716405423417181e-08,288.1340363731856,340.2532230776749,0.004727151078718966,0,0,0,0,0,0,0,0,0.0,0,0,1.4
113020.0,5.6996348268956606e-08,288.3415656123374,340.3757351265559,0.004716677476684454,0,0,0,0,0,0,0,0,0.0,0,0,1.4
113040.0,5.682923390843761e-08,288.5491571542085,340.49823985499324,0.004706233906360517,0,0,0,0,0,0,0,0,0.0,0,0,1.4
113060.0,5.666270883364821e-08,288.7568107389082,340.6207371178097,0.004695820267673628,0,0,0,0,0,0,0,0,0.0,0,0,1.4
113080.0,5.649677072562146e-08,288.96452610654626,340.74322676982865,0.004685436460550238,0,0,0,0,0,0,0,0,0.0,0,0,1.4
113100.00000000001,5.633141726539041e-08,289.17230299723235,340.8657086658732,0.004675082384916798,0,0,0,0,0,0,0,0,0.0,0,0,1.4
113120.0,5.616664614201942e-08,289.380141151317,340.9881826610809,0.0046647579410061014,0,0,0,0,0,0,0,0,0.0,0,0,1.4
113140.0,5.6002455076696375e-08,289.588040310116,341.1106486118472,0.004654463030276204,0,0,0,0,0,0,0,0,0.0,0,0,1.4
113160.0,5.58388417986402e-08,289.79600021518615,341.2331063748819,0.004644197554491487,0,0,0,0,0,0,0,0,0.0,0,0,1.4
113180.0,5.567580403706975e-08,290.0040206080846,341.35555580689515,0.004633961415416327,0,0,0,0,0,0,0,0,0.0,0,0,1.4
113200.0,5.5513339521204196e-08,290.21210123036786,341.4779967645966,0.004623754514815123,0,0,0,0,0,0,0,0,0.0,0,0,1.4
113220.0,5.535144598812192e-08,290.4202418238355,341.6004291050085,0.004613576754752481,0,0,0,0,0,0,0,0,0.0,0,0,1.4
113240.00000000001,5.5190121206339524e-08,290.62844213125726,341.7228526864023,0.004603428038493947,0,0,0,0,0,0,0,0,0.0,0,0,1.4
113260.0,5.502936295223348e-08,290.83670189564526,341.8452673673615,0.004593308269605316,0,0,0,0,0,0,0,0,0.0,0,0,1.4
113280.0,5.486916900217991e-08,291.0450208600117,341.96767300646985,0.004583217351652362,0,0,0,0,0,0,0,0,0.0,0,0,1.4
113300.0,5.47095371325551e-08,291.25339876736894,342.0900694623111,0.004573155188200871,0,0,0,0,0,0,0,0,0.0,0,0,1.4
113320.00000000001,5.455046512742692e-08,291.4618353609735,342.21245659377934,0.0045631216831109,0,0,0,0,0,0,0,0,0.0,0,0,1.4
113340.0,5.43919508016307e-08,291.6703303850586,342.3348342610095,0.004553116741419656,0,0,0,0,0,0,0,0,0.0,0,0,1.4
113360.0,5.423399197769319e-08,291.87888358410214,342.4572023244478,0.004543140268458612,0,0,0,0,0,0,0,0,0.0,0,0,1.4
113380.0,5.4076586478141214e-08,292.0874947025817,342.5795606445397,0.0045331921695592435,0,0,0,0,0,0,0,0,0.0,0,0,1.4
113400.0,5.391973212550154e-08,292.2961634849753,342.7019090817311,0.0045232723500530205,0,0,0,0,0,0,0,0,0.0,0,0,1.4
113420.0,5.376342674982882e-08,292.50488967600575,342.82424749677574,0.004513380715559893,0,0,0,0,0,0,0,0,0.0,0,0,1.4
113440.0,5.360766821128778e-08,292.7136730213786,342.94657575166013,0.004503517172853619,0,0,0,0,0,0,0,0,0.0,0,0,1.4
113460.00000000001,5.345245437757073e-08,292.9225132670448,343.06889370867935,0.00449368162899642,0,0,0,0,0,0,0,0,0.0,0,0,1.4
113480.0,5.329778311637028e-08,293.1314101589551,343.1912012301277,0.0044838739910505335,0,0,0,0,0,0,0,0,0.0,0,0,1.4
113500.0,5.314365229537876e-08,293.3403634430604,343.31349817830016,0.004474094166078178,0,0,0,0,0,0,0,0,0.0,0,0,1.4
113520.0,5.299005978965539e-08,293.54937286555867,343.43578441579757,0.004464342061424329,0,0,0,0,0,0,0,0,0.0,0,0,1.4
113540.0,5.283700350372643e-08,293.7584381736356,343.5580598064452,0.0044546175855649656,0,0,0,0,0,0,0,0,0.0,0,0,1.4
113560.0,5.26844813494853e-08,293.9675591147238,343.68032421437425,0.004444920647258837,0,0,0,0,0,0,0,0,0.0,0,0,1.4
113580.0,5.2532491238825053e-08,294.17673543625597,343.8025775037162,0.00443525115526467,0,0,0,0,0,0,0,0,0.0,0,0,1.4
113600.00000000001,5.2381031083638804e-08,294.3859668856649,343.9248195386023,0.004425609018341196,0,0,0,0,0,0,0,0,0.0,0,0,1.4
113620.0,5.22300988030294e-08,294.59525321063126,344.04705018346783,0.004415994145524335,0,0,0,0,0,0,0,0,0.0,0,0,1.4
113640.0,5.2079692344937295e-08,294.80459415982904,344.16926930396386,0.004406406446958667,0,0,0,0,0,0,0,0,0.0,0,0,1.4
113660.0,5.1929809664512525e-08,295.01398948218025,344.29147676604526,0.004396845833065954,0,0,0,0,0,0,0,0,0.0,0,0,1.4
113680.0,5.1780448716905024e-08,295.2234389266072,344.41367243566737,0.004387312214267946,0,0,0,0,0,0,0,0,0.0,0,0,1.4
113700.0,5.163160745726504e-08,295.43294224203163,344.53585617878485,0.004377805500986419,0,0,0,0,0,0,0,0,0.0,0,0,1.4
113720.0,5.1483283847797976e-08,295.6424991776253,344.65802786165466,0.004368325603914833,0,0,0,0,0,0,0,0,0.0,0,0,1.4
113740.00000000001,5.133547587893119e-08,295.85210948355814,344.78018735174095,0.004358872434833483,0,0,0,0,0,0,0,0,0.0,0,0,1.4
113760.0,5.1188181548147865e-08,296.0617729102492,344.9023345168097,0.004349445905794396,0,0,0,0,0,0,0,0,0.0,0,0,1.4
113780.0,5.104139885293081e-08,296.27148920811794,345.0244692246268,0.004340045928849572,0,0,0,0,0,0,0,0,0.0,0,0,1.4
113800.0,5.089512579076302e-08,296.48125812758366,345.1465913429584,0.004330672416051023,0,0,0,0,0,0,0,0,0.0,0,0,1.4
113820.00000000001,5.074936036603204e-08,296.69107941931657,345.26870073987004,0.0043213252797171114,0,0,0,0,0,0,0,0,0.0,0,0,1.4
113840.0,5.060410061074478e-08,296.90095283498914,345.3907972846258,0.004312004433231649,0,0,0,0,0,0,0,0,0.0,0,0,1.4
113860.0,5.045934456381252e-08,297.11087812652494,345.5128808467895,0.004302709790244786,0,0,0,0,0,0,0,0,0.0,0,0,1.4
113880.0,5.0315090264146655e-08,297.32085504584734,345.634951295925,0.00429344126440668,0,0,0,0,0,0,0,0,0.0,0,0,1.4
113900.0,5.017133575065851e-08,297.5308833448802,345.7570085015962,0.004284198769367481,0,0,0,0,0,0,0,0,0.0,0,0,1.4
113920.0,5.0028079069016905e-08,297.7409627757983,345.8790523336641,0.004274982219038481,0,0,0,0,0,0,0,0,0.0,0,0,1.4
113940.0,4.9885318291919266e-08,297.9510930917847,346.0010826631801,0.0042657915283754455,0,0,0,0,0,0,0,0,0.0,0,0,1.4
113960.00000000001,4.974305149882025e-08,298.16127404627423,346.12309936149296,0.004256626612595263,0,0,0,0,0,0,0,0,0.0,0,0,1.4
113980.0,4.960127676917481e-08,298.3715053927013,346.2451022999511,0.004247487386914839,0,0,0,0,0,0,0,0,0.0,0,0,1.4
114000.0,4.945999218243758e-08,298.58178688450073,346.3670913499035,0.0042383737665510615,0,0,0,0,0,0,0,0,0.0,0,0,1.4
114020.0,4.9319195824676187e-08,298.7921182753602,346.48906638299394,0.004229285666976822,0,0,0,0,0,0,0,0,0.0,0,0,1.4
114040.0,4.9178885808409495e-08,299.00249931997905,346.61102727204764,0.004220223004688993,0,0,0,0,0,0,0,0,0.0,0,0,1.4
114060.0,4.903906025276952e-08,299.21292977330944,346.7329738901848,0.004211185696440462,0,0,0,0,0,0,0,0,0.0,0,0,1.4
114080.0,4.889971727688803e-08,299.4234093903038,346.85490611052575,0.004202173658984098,0,0,0,0,0,0,0,0,0.0,0,0,1.4
114100.00000000001,4.8760854999896694e-08,299.6339379259145,346.9768238061909,0.004193186809072773,0,0,0,0,0,0,0,0,0.0,0,0,1.4
114120.0,4.862247154739913e-08,299.84451513534754,347.0987268505936,0.004184225063710353,0,0,0,0,0,0,0,0,0.0,0,0,1.4
114140.0,4.848456507088479e-08,300.0551407748256,347.2206151183198,0.00417528834090461,0,0,0,0,0,0,0,0,0.0,0,0,1.4
114160.0,4.8347133728314803e-08,300.26581460082497,347.34248848424824,0.0041663765589143005,0,0,0,0,0,0,0,0,0.0,0,0,1.4
114180.0,4.82101756776502e-08,300.47653636982227,347.46434682325815,0.004157489635998177,0,0,0,0,0,0,0,0,0.0,0,0,1.4
114200.0,4.807368907685228e-08,300.6873058382936,347.5861900102281,0.00414862749041501,0,0,0,0,0,0,0,0,0.0,0,0,1.4
114220.0,4.793767209021532e-08,300.8981227629705,347.7080179203281,0.004139790040669615,0,0,0,0,0,0,0,0,0.0,0,0,1.4
114240.00000000001,4.780212290736662e-08,301.1089869016044,347.8298304298913,0.004130977206251076,0,0,0,0,0,0,0,0,0.0,0,0,1.4
114260.0,4.7667039724267005e-08,301.31989801220107,347.9516274155416,0.004122188906894561,0,0,0,0,0,0,0,0,0.0,0,0,1.4
114280.0,4.7532420736877034e-08,301.53085585276676,348.0734087539032,0.004113425062335219,0,0,0,0,0,0,0,0,0.0,0,0,1.4
114300.0,4.7398264141157316e-08,301.74186018130774,348.1951743216001,0.0041046855923082045,0,0,0,0,0,0,0,0,0.0,0,0,1.4
114320.00000000001,4.726456813926637e-08,301.9529107560862,348.3169239955451,0.004095970416789926,0,0,0,0,0,0,0,0,0.0,0,0,1.4
114340.0,4.713133095815467e-08,302.1640073363878,348.4386576538053,0.004087279456721845,0,0,0,0,0,0,0,0,0.0,0,0,1.4
114360.0,4.699855083097039e-08,302.37514968175435,348.56037517473675,0.004078612633286662,0,0,0,0,0,0,0,0,0.0,0,0,1.4
114380.0,4.686622599086177e-08,302.58633755172775,348.6820764366956,0.004069969867667088,0,0,0,0,0,0,0,0,0.0,0,0,1.4
114400.0,4.6734354670976964e-08,302.79757070585,348.80376131803763,0.00406135108104582,0,0,0,0,0,0,0,0,0.0,0,0,1.4
114420.0,4.66029351105299e-08,303.0088489039192,348.9254296974052,0.004052756194842127,0,0,0,0,0,0,0,0,0.0,0,0,1.4
114440.0,4.647196557299612e-08,303.2201719067613,349.0470814545863,0.00404418513142145,0,0,0,0,0,0,0,0,0.0,0,0,1.4
114460.00000000001,4.634144432791667e-08,303.4315394754589,349.1687164696553,0.004035637813385776,0,0,0,0,0,0,0,0,0.0,0,0,1.4
114480.0,4.621136964483283e-08,303.6429513710942,349.29033462268643,0.00402711416333711,0,0,0,0,0,0,0,0,0.0,0,0,1.4
114500.0,4.6081739793285664e-08,303.85440735474975,349.41193579375397,0.004018614103877442,0,0,0,0,0,0,0,0,0.0,0,0,1.4
114520.0,4.5952553048752173e-08,304.0659071877657,349.53351986321655,0.004010137557840703,0,0,0,0,0,0,0,0,0.0,0,0,1.4
114540.0,4.582380771045289e-08,304.2774506325131,349.65508671256936,0.004001684448988585,0,0,0,0,0,0,0,0,0.0,0,0,1.4
114560.0,4.569550208354451e-08,304.48903745162016,349.7766362235919,0.003993254701314735,0,0,0,0,0,0,0,0,0.0,0,0,1.4
114580.0,4.5567634473183465e-08,304.70066740771574,349.8981682780634,0.003984848238812782,0,0,0,0,0,0,0,0,0.0,0,0,1.4
114600.00000000001,4.544020318452619e-08,304.9123402634285,350.01968275776375,0.003976464985476359,0,0,0,0,0,0,0,0,0.0,0,0,1.4
114620.0,4.531320652853844e-08,305.12405578164515,350.1411795447539,0.003968104865526534,0,0,0,0,0,0,0,0,0.0,0,0,1.4
114640.0,4.51866428394219e-08,305.33581372628635,350.26265852222286,0.003959767804094057,0,0,0,0,0,0,0,0,0.0,0,0,1.4
114660.0,4.5060510457187454e-08,305.54761386153103,350.38411957364144,0.003951453726537105,0,0,0,0,0,0,0,0,0.0,0,0,1.4
114680.0,4.4934807721845845e-08,305.75945595155804,350.5055625824805,0.003943162558213851,0,0,0,0,0,0,0,0,0.0,0,0,1.4
114700.0,4.4809532973408124e-08,305.9713397605462,350.62698743221046,0.003934894224482481,0,0,0,0,0,0,0,0,0.0,0,0,1.4
114720.0,4.4684684557570004e-08,306.18326505293356,350.74839400658203,0.003926648650924175,0,0,0,0,0,0,0,0,0.0,0,0,1.4
114740.00000000001,4.456026084276712e-08,306.39523159419525,350.86978219046426,0.003918425764012135,0,0,0,0,0,0,0,0,0.0,0,0,1.4
114760.0,4.4436260203120306e-08,306.60723915006497,350.9911518690059,0.00391022549044259,0,0,0,0,0,0,0,0,0.0,0,0,1.4
114780.0,4.4312681012750124e-08,306.819287486277,351.11250292735576,0.0039020477569117473,0,0,0,0,0,0,0,0,0.0,0,0,1.4
114800.0,4.4189521645777274e-08,307.03137636856536,351.2338352506626,0.0038938924901158224,0,0,0,0,0,0,0,0,0.0,0,0,1.4
114820.00000000001,4.406678048188582e-08,307.2435055629243,351.3551487243526,0.0038857596169697014,0,0,0,0,0,0,0,0,0.0,0,0,1.4
114840.0,4.394445592301417e-08,307.45567483638666,351.47644323496144,0.003877649065262991,0,0,0,0,0,0,0,0,0.0,0,0,1.4
114860.0,4.382254637666394e-08,307.6678839562456,351.5977186693021,0.0038695607630039575,0,0,0,0,0,0,0,0,0.0,0,0,1.4
114880.0,4.370105025033686e-08,307.88013268979444,351.7189749141876,0.0038614946382008715,0,0,0,0,0,0,0,0,0.0,0,0,1.4
114900.0,4.357996595153457e-08,308.0924208043263,351.8402118564311,0.003853450618862001,0,0,0,0,0,0,0,0,0.0,0,0,1.4
114920.0,4.345929189320365e-08,308.3047480673946,351.96142938312056,0.003845428633210068,0,0,0,0,0,0,0,0,0.0,0,0,1.4
114940.0,4.333902651006916e-08,308.5171142475953,352.08262738244485,0.003837428610325536,0,0,0,0,0,0,0,0,0.0,0,0,1.4
114960.00000000001,4.321916824230091e-08,308.7295191137848,352.2038057428677,0.0038294504795033124,0,0,0,0,0,0,0,0,0.0,0,0,1.4
114980.0,4.3099715530068885e-08,308.9419624348191,352.32496435285293,0.0038214941700383163,0,0,0,0,0,0,0,0,0.0,0,0,1.4
115000.0,4.2980666813542865e-08,309.15444397955457,352.44610310086426,0.003813559611225454,0,0,0,0,0,0,0,0,0.0,0,0,1.4
115020.0,4.286202053822111e-08,309.3669635171086,352.56722187563844,0.0038056467325699246,0,0,0,0,0,0,0,0,0.0,0,0,1.4
115040.0,4.2743775170915426e-08,309.5795208176431,352.6883205670035,0.0037977554644180755,0,0,0,0,0,0,0,0,0.0,0,0,1.4
115060.0,4.2625929183766274e-08,309.79211565158033,352.8093990650599,0.003789885737326562,0,0,0,0,0,0,0,0,0.0,0,0,1.4
115080.0,4.250848104891387e-08,310.0047477893433,352.9304572599085,0.0037820374818520208,0,0,0,0,0,0,0,0,0.0,0,0,1.4
115100.00000000001,4.23914292384984e-08,310.2174170013547,353.0514950416502,0.003774210628551089,0,0,0,0,0,0,0,0,0.0,0,0,1.4
115120.0,4.2274772229875e-08,310.4301230582987,353.1725123006561,0.0037664051081866476,0,0,0,0,0,0,0,0,0.0,0,0,1.4
115140.0,4.215850852125707e-08,310.6428657319065,353.2935089283797,0.0037586208523464632,0,0,0,0,0,0,0,0,0.0,0,0,1.4
115160.0,4.204263661607275e-08,310.85564479417053,353.41448481654527,0.0037508577928245333,0,0,0,0,0,0,0,0,0.0,0,0,1.4
115180.0,4.192715501775009e-08,311.0684600170838,353.5354398568769,0.0037431158614148552,0,0,0,0,0,0,0,0,0.0,0,0,1.4
115200.0,4.1812062229717384e-08,311.2813111726384,353.65637394109854,0.003735394989911435,0,0,0,0,0,0,0,0,0.0,0,0,1.4
115220.0,4.169735676050599e-08,311.49419803308956,353.7772869612027,0.003727695110310512,0,0,0,0,0,0,0,0,0.0,0,0,1.4
115240.00000000001,4.1583037139060454e-08,311.70712037174087,353.898178810255,0.0037200161554173062,0,0,0,0,0,0,0,0,0.0,0,0,1.4
115260.0,4.146910189942882e-08,311.920077962158,354.01904938158924,0.0037123580582392934,0,0,0,0,0,0,0,0,0.0,0,0,1.4
115280.0,4.135554957565892e-08,312.13307057790695,354.1398985685393,0.0037047207517839384,0,0,0,0,0,0,0,0,0.0,0,0,1.4
115300.0,4.124237870179866e-08,312.34609799255344,354.2607262644393,0.0036971041690587072,0,0,0,0,0,0,0,0,0.0,0,0,1.4
115320.00000000001,4.1129587816890257e-08,312.55915997992616,354.3815323628889,0.003689508243269413,0,0,0,0,0,0,0,0,0.0,0,0,1.4
115340.0,4.101717547995378e-08,312.77225631490325,354.5023167585518,0.0036819329084152776,0,0,0,0,0,0,0,0,0.0,0,0,1.4
115360.0,4.090514025500345e-08,312.9853867726262,354.6230793463575,0.0036743780986938563,0,0,0,0,0,0,0,0,0.0,0,0,1.4
115380.0,4.0793480706053545e-08,313.1985511282361,354.7438200212356,0.003666843748302709,0,0,0,0,0,0,0,0,0.0,0,0,1.4
115400.0,4.068219539711831e-08,313.41174915687424,354.864538678116,0.003659329791439392,0,0,0,0,0,0,0,0,0.0,0,0,1.4
115420.0,4.057128289709996e-08,313.6249806339445,354.9852352121917,0.0036518361624960053,0,0,0,0,0,0,0,0,0.0,0,0,1.4
115440.0,4.046074179445164e-08,313.8382453359037,355.10590951971096,0.0036443627966427482,0,0,0,0,0,0,0,0,0.0,0,0,1.4
115460.00000000001,4.035057068251424e-08,314.0515430394714,355.2265614971858,0.003636909629244356,0,0,0,0,0,0,0,0,0.0,0,0,1.4
115480.0,4.0240768154628923e-08,314.26487352136695,355.34719104112804,0.0036294765956655715,0,0,0,0,0,0,0,0,0.0,0,0,1.4
115500.0,4.013133280413659e-08,314.4782365583101,355.4677980480496,0.0036220636312711265,0,0,0,0,0,0,0,0,0.0,0,0,1.4
115520.0,4.002226322916177e-08,314.6916319272837,355.5883824147238,0.003614670671616551,0,0,0,0,0,0,0,0,0.0,0,0,1.4
115540.0,3.991355804696311e-08,314.90505940632465,355.7089440389697,0.0036072976530205463,0,0,0,0,0,0,0,0,0.0,0,0,1.4
115560.0,3.9805215879582985e-08,315.1185187737327,355.82948281886763,0.00359994451199262,0,0,0,0,0,0,0,0,0.0,0,0,1.4
115580.0,3.9697235349063575e-08,315.3320098078078,355.94999865249764,0.0035926111850422683,0,0,0,0,0,0,0,0,0.0,0,0,1.4
115600.00000000001,3.9589615077447053e-08,315.54553228685035,356.0704914379406,0.003585297608678985,0,0,0,0,0,0,0,0,0.0,0,0,1.4
115620.0,3.94823536914573e-08,315.7590859894236,356.19096107353556,0.0035780037195994093,0,0,0,0,0,0,0,0,0.0,0,0,1.4
115640.0,3.937544983654393e-08,315.9726706951466,356.3114074586585,0.003570729455248684,0,0,0,0,0,0,0,0,0.0,0,0,1.4
115660.0,3.926890216283811e-08,316.1862861839016,356.4318304929447,0.0035634747532590893,0,0,0,0,0,0,0,0,0.0,0,0,1.4
115680.0,3.9162709320470927e-08,316.3999322355712,356.5522300760291,0.0035562395512628952,0,0,0,0,0,0,0,0,0.0,0,0,1.4
115700.0,3.9056869959573693e-08,316.61360863003773,356.6726061075467,0.003549023786892391,0,0,0,0,0,0,0,0,0.0,0,0,1.4
115720.0,3.8951382734859215e-08,316.8273151474476,356.79295848738946,0.003541827397963395,0,0,0,0,0,0,0,0,0.0,0,0,1.4
115740.00000000001,3.884624631936695e-08,317.04105156900357,356.91328711647657,0.0035346503230259028,0,0,0,0,0,0,0,0,0.0,0,0,1.4
115760.0,3.87414593907183e-08,317.2548176761719,357.03359189598393,0.003527492500813472,0,0,0,0,0,0,0,0,0.0,0,0,1.4
115780.0,3.863702062653444e-08,317.46861325041925,357.15387272708756,0.0035203538700596406,0,0,0,0,0,0,0,0,0.0,0,0,1.4
115800.0,3.85329287044366e-08,317.68243807321215,357.27412951096335,0.003513234369497956,0,0,0,0,0,0,0,0,0.0,0,0,1.4
115820.00000000001,3.842918230652996e-08,317.89629192628166,357.39436214904214,0.003506133938041992,0,0,0,0,0,0,0,0,0.0,0,0,1.4
115840.0,3.8325780132855964e-08,318.1101745924154,357.5145705437722,0.0034990525153254645,0,0,0,0,0,0,0,0,0.0,0,0,1.4
115860.0,3.822272088793986e-08,318.32408585466584,357.63475459785707,0.0034919900411621053,0,0,0,0,0,0,0,0,0.0,0,0,1.4
115880.0,3.812000327630694e-08,318.53802549608537,357.7549142139999,0.003484946455365655,0,0,0,0,0,0,0,0,0.0,0,0,1.4
115900.0,3.801762600248245e-08,318.7519932997263,357.8750492949041,0.003477921697749844,0,0,0,0,0,0,0,0,0.0,0,0,1.4
115920.0,3.79155877753803e-08,318.96598904890516,357.9951597435249,0.003470915708305012,0,0,0,0,0,0,0,0,0.0,0,0,1.4
115940.0,3.781388732146792e-08,319.1800125279967,358.115245463827,0.0034639284277278404,0,0,0,0,0,0,0,0,0.0,0,0,1.4
115960.00000000001,3.771252337160125e-08,319.39406352164025,358.23530636002687,0.003456959796891603,0,0,0,0,0,0,0,0,0.0,0,0,1.4
115980.0,3.7611494656636415e-08,319.60814181447455,358.3553423363413,0.003450009756669583,0,0,0,0,0,0,0,0,0.0,0,0,1.4
116000.0,3.75107999074293e-08,319.82224719113884,358.47535329698695,0.003443078247935055,0,0,0,0,0,0,0,0,0.0,0,0,1.4
116020.0,3.7410437859130886e-08,320.03637943653683,358.59533914643043,0.0034361652117345168,0,0,0,0,0,0,0,0,0.0,0,0,1.4
116040.0,3.731040726407204e-08,320.2505383366314,358.71529979013843,0.003429270589807354,0,0,0,0,0,0,0,0,0.0,0,0,1.4
116060.0,3.721070687887881e-08,320.46472367764915,358.8352351338273,0.003422394324066191,0,0,0,0,0,0,0,0,0.0,0,0,1.4
116080.0,3.711133546017704e-08,320.67893524581757,358.9551450832138,0.0034155363564236326,0,0,0,0,0,0,0,0,0.0,0,0,1.4
116100.00000000001,3.701229176459257e-08,320.8931728273639,359.0750295440144,0.003408696628792288,0,0,0,0,0,0,0,0,0.0,0,0,1.4
116120.0,3.691357455295497e-08,321.1074362087799,359.1948884221932,0.0034018750832546965,0,0,0,0,0,0,0,0,0.0,0,0,1.4
116140.0,3.68151826029075e-08,321.32172517761654,359.314721624705,0.003395071662573051,0,0,0,0,0,0,0,0,0.0,0,0,1.4
116160.0,3.671711469629703e-08,321.53603952168953,359.4345290587524,0.0033882863096794656,0,0,0,0,0,0,0,0,0.0,0,0,1.4
116180.0,3.661936961497033e-08,321.75037902881456,359.5543106315378,0.003381518967506052,0,0,0,0,0,0,0,0,0.0,0,0,1.4
116200.0,3.652194614077442e-08,321.96474348680704,359.6740662502637,0.003374769578984931,0,0,0,0,0,0,0,0,0.0,0,0,1.4
116220.0,3.6424843059670086e-08,322.17913268374764,359.7937958223779,0.0033680380872149014,0,0,0,0,0,0,0,0,0.0,0,0,1.4
116240.00000000001,3.6328059174074365e-08,322.3935464087768,359.91349925631005,0.0033613244359615075,0,0,0,0,0,0,0,0,0.0,0,0,1.4
116260.0,3.623159329051848e-08,322.6079844512992,360.03317646073504,0.0033546285691569964,0,0,0,0,0,0,0,0,0.0,0,0,1.4
116280.0,3.61354442155335e-08,322.8224466007202,360.1528273443278,0.0033479504307335965,0,0,0,0,0,0,0,0,0.0,0,0,1.4
116300.0,3.603961075565053e-08,323.0369326464449,360.27245181576336,0.0033412899646235476,0,0,0,0,0,0,0,0,0.0,0,0,1.4
116320.00000000001,3.5944091721427087e-08,323.2514423781433,360.3920497839599,0.0033346471149225954,0,0,0,0,0,0,0,0,0.0,0,0,1.4
116340.0,3.584888593952681e-08,323.4659755865446,360.5116211588074,0.0033280218263805617,0,0,0,0,0,0,0,0,0.0,0,0,1.4
116360.0,3.575399224063958e-08,323.6805320626433,360.63116585043963,0.0033214140439107695,0,0,0,0,0,0,0,0,0.0,0,0,1.4
116380.0,3.565940945545538e-08,323.8951115974337,360.7506837689899,0.0033148237124265485,0,0,0,0,0,0,0,0,0.0,0,0,1.4
116400.0,3.556513641466409e-08,324.1097139819102,360.8701748245919,0.0033082507768412224,0,0,0,0,0,0,0,0,0.0,0,0,1.4
116420.0,3.547117195289667e-08,324.3243390073319,360.9896389276197,0.0033016951822285416,0,0,0,0,0,0,0,0,0.0,0,0,1.4
116440.0,3.537751492054726e-08,324.5389864660182,361.1090759894112,0.003295156874303906,0,0,0,0,0,0,0,0,0.0,0,0,1.4
116460.00000000001,3.5284164171950864e-08,324.7536561505535,361.2284859215453,0.003288635798943124,0,0,0,0,0,0,0,0,0.0,0,0,1.4
116480.0,3.519111856144268e-08,324.96834785352195,361.34786863560043,0.0032821319020220215,0,0,0,0,0,0,0,0,0.0,0,0,1.4
116500.0,3.5098376943357695e-08,325.183061367508,361.46722404315545,0.003275645129416411,0,0,0,0,0,0,0,0,0.0,0,0,1.4
116520.0,3.500593817588804e-08,325.39779648536074,361.58655205602753,0.0032691754271594797,0,0,0,0,0,0,0,0,0.0,0,0,1.4
116540.0,3.491380113265394e-08,325.612553000989,361.7058525869882,0.0032627227419138954,0,0,0,0,0,0,0,0,0.0,0,0,1.4
116560.0,3.48219646911329e-08,325.82733070856574,361.82512554904724,0.0032562870204997122,0,0,0,0,0,0,0,0,0.0,0,0,1.4
116580.0,3.473042772880222e-08,326.0421294022647,361.94437085521446,0.0032498682097369686,0,0,0,0,0,0,0,0,0.0,0,0,1.4
116600.00000000001,3.463918912313917e-08,326.25694887625934,362.06358841850005,0.0032434662564457075,0,0,0,0,0,0,0,0,0.0,0,0,1.4
116620.0,3.4548247755396326e-08,326.4717889249877,362.18277815215,0.0032370811076003745,0,0,0,0,0,0,0,0,0.0,0,0,1.4
116640.0,3.4457602521926405e-08,326.6866493439479,362.3019399703559,0.00323071271079298,0,0,0,0,0,0,0,0,0.0,0,0,1.4
116660.0,3.4367252322857275e-08,326.90152992890296,362.42107378754577,0.003224361013769932,0,0,0,0,0,0,0,0,0.0,0,0,1.4
116680.0,3.42771960583167e-08,327.1164304756157,362.54017951814745,0.0032180259642776354,0,0,0,0,0,0,0,0,0.0,0,0,1.4
116700.0,3.41874326284327e-08,327.3313507798488,362.65925707658874,0.0032117075100625064,0,0,0,0,0,0,0,0,0.0,0,0,1.4
116720.0,3.409796093702795e-08,327.54629063762997,362.77830637753164,0.003205405599022425,0,0,0,0,0,0,0,0,0.0,0,0,1.4
116740.00000000001,3.400877990270474e-08,327.7612498460458,362.8973273365742,0.003199120179661172,0,0,0,0,0,0,0,0,0.0,0,0,1.4
116760.0,3.3919888447760455e-08,327.9762282024475,363.0163198695483,0.0031928512006340146,0,0,0,0,0,0,0,0,0.0,0,0,1.4
116780.0,3.383128549449229e-08,328.19122550418615,363.13528389228605,0.0031865986105962104,0,0,0,0,0,0,0,0,0.0,0,0,1.4
116800.0,3.3742969965197504e-08,328.40624154861314,363.2542193206195,0.0031803623582030175,0,0,0,0,0,0,0,0,0.0,0,0,1.4
116820.00000000001,3.365494078578972e-08,328.6212761333444,363.37312607061256,0.003174142392258307,0,0,0,0,0,0,0,0,0.0,0,0,1.4
116840.0,3.3567196896648486e-08,328.8363290570542,363.4920040592559,0.003167938662160422,0,0,0,0,0,0,0,0,0.0,0,0,1.4
116860.0,3.347973724176961e-08,329.05140011868167,363.61085320377254,0.0031617511174563064,0,0,0,0,0,0,0,0,0.0,0,0,1.4
116880.0,3.339256076514895e-08,329.2664891171659,363.7296734213852,0.003155579707692908,0,0,0,0,0,0,0,0,0.0,0,0,1.4
116900.0,3.330566641078232e-08,329.4815958514461,363.8484646293166,0.003149424382417173,0,0,0,0,0,0,0,0,0.0,0,0,1.4
116920.0,3.3219053126205396e-08,329.69672012072556,363.967226745019,0.003143285091321872,0,0,0,0,0,0,0,0,0.0,0,0,1.4
116940.0,3.3132719873112525e-08,329.9118617252659,364.08595968686285,0.0031371617846830237,0,0,0,0,0,0,0,0,0.0,0,0,1.4
116960.00000000001,3.304666561673773e-08,330.1270204655931,364.2046633734483,0.0031310544129224604,0,0,0,0,0,0,0,0,0.0,0,0,1.4
116980.0,3.296088932231524e-08,330.3421961422329,364.3233377233751,0.003124962926462028,0,0,0,0,0,0,0,0,0.0,0,0,1.4
117000.0,3.287538995507909e-08,330.5573885557112,364.44198265524346,0.003118887275723561,0,0,0,0,0,0,0,0,0.0,0,0,1.4
117020.0,3.279016648372799e-08,330.7725975068184,364.5605980878805,0.0031128274112719612,0,0,0,0,0,0,0,0,0.0,0,0,1.4
117040.0,3.270521789081899e-08,330.98782279740175,364.6791839410229,0.003106783284244403,0,0,0,0,0,0,0,0,0.0,0,0,1.4
117060.0,3.262054316237396e-08,331.2030642295728,364.7977401346343,0.003100754845921137,0,0,0,0,0,0,0,0,0.0,0,0,1.4
117080.0,3.253614128441456e-08,331.4183216054433,364.9162665886784,0.0030947420475824034,0,0,0,0,0,0,0,0,0.0,0,0,1.4
117100.00000000001,3.245201124296246e-08,331.6335947271249,365.0347632231193,0.0030887448405084402,0,0,0,0,0,0,0,0,0.0,0,0,1.4
117120.0,3.2368152027430683e-08,331.848883396993,365.1532299581455,0.0030827631761198805,0,0,0,0,0,0,0,0,0.0,0,0,1.4
117140.0,3.228456264079676e-08,332.0641874184796,365.2716667148463,0.003076797006398856,0,0,0,0,0,0,0,0,0.0,0,0,1.4
117160.0,3.2201242089429404e-08,332.2795065952804,365.3900734145356,0.0030708462834678836,0,0,0,0,0,0,0,0,0.0,0,0,1.4
117180.0,3.211818937969732e-08,332.4948407310914,365.5084499785276,0.003064910959449477,0,0,0,0,0,0,0,0,0.0,0,0,1.4
117200.0,3.203540351796937e-08,332.710189629608,365.6267963281363,0.0030589909864661606,0,0,0,0,0,0,0,0,0.0,0,0,1.4
117220.0,3.1952883513933556e-08,332.92555309479,365.74511238489873,0.003053086316778191,0,0,0,0,0,0,0,0,0.0,0,0,1.4
117240.00000000001,3.187062839055515e-08,333.1409309316524,365.863398071243,0.003047196903196795,0,0,0,0,0,0,0,0,0.0,0,0,1.4
117260.0,3.178863717411887e-08,333.3563229454733,365.98165330982033,0.003041322698670961,0,0,0,0,0,0,0,0,0.0,0,0,1.4
117280.0,3.170690889090932e-08,333.57172894153155,366.0998780232817,0.00303546365614966,0,0,0,0,0,0,0,0,0.0,0,0,1.4
117300.0,3.162544256721114e-08,333.78714872510574,366.2180721342783,0.0030296197285818714,0,0,0,0,0,0,0,0,0.0,0,0,1.4
117320.00000000001,3.1544237232557906e-08,334.002582101738,366.33623556568205,0.003023790869051726,0,0,0,0,0,0,0,0,0.0,0,0,1.4
117340.0,3.1463291929479474e-08,334.21802887802403,366.45436824124664,0.00301797703118401,0,0,0,0,0,0,0,0,0.0,0,0,1.4
117360.0,3.138260570375451e-08,334.4334888608235,366.5724700849471,0.0030121781687386558,0,0,0,0,0,0,0,0,0.0,0,0,1.4
117380.0,3.130217760116175e-08,334.6489618569959,366.6905410207581,0.0030063942354755994,0,0,0,0,0,0,0,0,0.0,0,0,1.4
117400.0,3.122200666747987e-08,334.8644476734007,366.80858097265445,0.0030006251851547733,0,0,0,0,0,0,0,0,0.0,0,0,1.4
117420.0,3.1142091951667994e-08,335.07994611716043,366.9265898648292,0.0029948709716687513,0,0,0,0,0,0,0,0,0.0,0,0,1.4
117440.0,3.1062432515406065e-08,335.2954569964505,367.044567622349,0.0029891315494406136,0,0,0,0,0,0,0,0,0.0,0,0,1.4
117460.00000000001,3.098302742355428e-08,335.51098011970953,367.1625141704992,0.002983406873026067,0,0,0,0,0,0,0,0,0.0,0,0,1.4
117480.0,3.090387574097305e-08,335.72651529537563,367.2804294345647,0.0029776968969808322,0,0,0,0,0,0,0,0,0.0,0,0,1.4
117500.0,3.082497653252254e-08,335.94206233188754,367.39831333983074,0.002972001575860618,0,0,0,0,0,0,0,0,0.0,0,0,1.4
117520.0,3.074632886617604e-08,336.1576210379465,367.51616581179854,0.002966320864351286,0,0,0,0,0,0,0,0,0.0,0,0,1.4
117540.0,3.066793182235866e-08,336.37319122330535,367.63398677683443,0.002960654717659291,0,0,0,0,0,0,0,0,0.0,0,0,1.4
117560.0,3.058978448460875e-08,336.58877269797915,367.75177616152035,0.002955003091121252,0,0,0,0,0,0,0,0,0.0,0,0,1.4
117580.0,3.051188593646439e-08,336.80436527198356,367.86953389243905,0.0029493659400737712,0,0,0,0,0,0,0,0,0.0,0,0,1.4
117600.00000000001,3.0434235261463743e-08,337.0199687553341,367.9872598961726,0.002943743219853456,0,0,0,0,0,0,0,0,0.0,0,0,1.4
117620.0,3.0356831546192276e-08,337.2355829583083,368.1049540995173,0.002938134885924641,0,0,0,0,0,0,0,0,0.0,0,0,1.4
117640.0,3.0279673889424023e-08,337.4512076922339,368.2226164301254,0.0029325408942625225,0,0,0,0,0,0,0,0,0.0,0,0,1.4
117660.0,3.0202761392980224e-08,337.66684276870046,368.34024681586317,0.00292696120097002,0,0,0,0,0,0,0,0,0.0,0,0,1.4
117680.0,3.0126093158682095e-08,337.8824879992982,368.4578451845968,0.0029213957621500495,0,0,0,0,0,0,0,0,0.0,0,0,1.4
117700.0,3.0049668288350994e-08,338.09814319561644,368.57541146419237,0.002915844533905537,0,0,0,0,0,0,0,0,0.0,0,0,1.4
117720.0,2.997348588679092e-08,338.31380816950735,368.69294558272804,0.0029103074724647344,0,0,0,0,0,0,0,0,0.0,0,0,1.4
117740.00000000001,2.989754507073709e-08,338.5294827338712,368.8104474691292,0.002904784534557243,0,0,0,0,0,0,0,0,0.0,0,0,1.4
117760.0,2.982184495990768e-08,338.74516670186983,368.9279170525329,0.0028992756770380144,0,0,0,0,0,0,0,0,0.0,0,0,1.4
117780.0,2.9746384674020704e-08,338.96085988666573,369.0453542620765,0.0028937808567619846,0,0,0,0,0,0,0,0,0.0,0,0,1.4
117800.0,2.9671163332794243e-08,339.17656210142087,369.16275902689716,0.0028883000305840968,0,0,0,0,0,0,0,0,0.0,0,0,1.4
117820.00000000001,2.959618005886614e-08,339.39227315955924,369.28013127634176,0.002882833155482292,0,0,0,0,0,0,0,0,0.0,0,0,1.4
117840.0,2.9521433986553676e-08,339.6079928755503,369.39747094059544,0.00287738018892653,0,0,0,0,0,0,0,0,0.0,0,0,1.4
117860.0,2.944692425309385e-08,339.8237210641257,369.51477795005314,0.0028719410885097614,0,0,0,0,0,0,0,0,0.0,0,0,1.4
117880.0,2.9372649995723673e-08,340.03945754001677,369.6320522351098,0.002866515811824941,0,0,0,0,0,0,0,0,0.0,0,0,1.4
117900.0,2.9298610351680127e-08,340.25520211795504,369.7492937261603,0.00286110431646502,0,0,0,0,0,0,0,0,0.0,0,0,1.4
117920.0,2.9224804461058548e-08,340.47095461293264,369.8665023538069,0.0028557065601436753,0,0,0,0,0,0,0,0,0.0,0,0,1.4
117940.0,2.9151231475387003e-08,340.68671484098695,369.9836780494818,0.0028503225010574297,0,0,0,0,0,0,0,0,0.0,0,0,1.4
117960.00000000001,2.9077890549051725e-08,340.902482618416,370.100820744825,0.002844952097523521,0,0,0,0,0,0,0,0,0.0,0,0,1.4
117980.0,2.9004780836439162e-08,341.1182577615178,370.21793037147586,0.002839595307859199,0,0,0,0,0,0,0,0,0.0,0,0,1.4
118000.0,2.8931901491935565e-08,341.3340400865905,370.3350068610745,0.0028342520903817015,0,0,0,0,0,0,0,0,0.0,0,0,1.4
118020.0,2.8859251672725215e-08,341.54982941019296,370.45205014546576,0.002828922403526743,0,0,0,0,0,0,0,0,0.0,0,0,1.4
118040.0,2.8786830547184168e-08,341.7656255499264,370.5690601573161,0.0028236062062039265,0,0,0,0,0,0,0,0,0.0,0,0,1.4
118060.0,2.8714637286486596e-08,341.98142832365227,370.68603682949674,0.00281830345744134,0,0,0,0,0,0,0,0,0.0,0,0,1.4
118080.0,2.864267106180652e-08,342.1972375492325,370.80298009487956,0.0028130141162670584,0,0,0,0,0,0,0,0,0.0,0,0,1.4
118100.00000000001,2.8570931044317948e-08,342.41305304452874,370.919889886336,0.002807738141709159,0,0,0,0,0,0,0,0,0.0,0,0,1.4
118120.0,2.8499416407934035e-08,342.62887462766264,371.03676613694074,0.002802475492912002,0,0,0,0,0,0,0,0,0.0,0,0,1.4
118140.0,2.8428126337523692e-08,342.8447021177965,371.15360878058124,0.002797226129485029,0,0,0,0,0,0,0,0,0.0,0,0,1.4
118160.0,2.8357060020694848e-08,343.0605353343525,371.2704177513479,0.0027919900111539587,0,0,0,0,0,0,0,0,0.0,0,0,1.4
118180.0,2.8286216645055385e-08,343.276374096753,371.3871929833315,0.002786767097644505,0,0,0,0,0,0,0,0,0.0,0,0,1.4
118200.0,2.8215595398213336e-08,343.4922182244199,371.5039344106223,0.0027815573486823946,0,0,0,0,0,0,0,0,0.0,0,0,1.4
118220.0,2.8145195470457932e-08,343.70806753703516,371.620641967512,0.002776360724107465,0,0,0,0,0,0,0,0,0.0,0,0,1.4
118240.00000000001,2.807501606280375e-08,343.92392185531884,371.73731558909617,0.0027711771842160453,0,0,0,0,0,0,0,0,0.0,0,0,1.4
118260.0,2.8005056378946873e-08,344.13978100025014,371.8539552106716,0.0027660066894185983,0,0,0,0,0,0,0,0,0.0,0,0,1.4
118280.0,2.793531562258323e-08,344.3556447928085,371.9705607675348,0.0027608492001255755,0,0,0,0,0,0,0,0,0.0,0,0,1.4
118300.0,2.786579299740879e-08,344.5715130539735,372.08713219498276,0.0027557046767474323,0,0,0,0,0,0,0,0,0.0,0,0,1.4
118320.00000000001,2.7796487709744364e-08,344.7873856049836,372.2036694285109,0.002750573079806629,0,0,0,0,0,0,0,0,0.0,0,0,1.4
118340.0,2.7727398976410416e-08,345.0032622681126,372.3201724044103,0.0027454543702736638,0,0,0,0,0,0,0,0,0.0,0,0,1.4
118360.0,2.765852601685216e-08,345.2191428658938,372.43664105917094,0.002740348509231034,0,0,0,0,0,0,0,0,0.0,0,0,1.4
118380.0,2.758986805051484e-08,345.43502722086004,372.55307532928293,0.0027352554577612376,0,0,0,0,0,0,0,0,0.0,0,0,1.4
118400.0,2.752142429684366e-08,345.6509151555446,372.6694751512362,0.0027301751769467715,0,0,0,0,0,0,0,0,0.0,0,0,1.4
118420.0,2.7453193977853682e-08,345.86680649273865,372.7858404617175,0.002725107627980083,0,0,0,0,0,0,0,0,0.0,0,0,1.4
118440.0,2.738517632583867e-08,346.0827010562672,372.9021711982008,0.002720052772493372,0,0,0,0,0,0,0,0,0.0,0,0,1.4
118460.00000000001,2.7317370575662078e-08,346.2985986702136,373.018467298357,0.0027150105722287795,0,0,0,0,0,0,0,0,0.0,0,0,1.4
118480.0,2.7249775962187537e-08,346.5144991586611,373.1347286998567,0.0027099809889284568,0,0,0,0,0,0,0,0,0.0,0,0,1.4
118500.0,2.71823917202785e-08,346.730402345693,373.25095534037075,0.0027049639843345443,0,0,0,0,0,0,0,0,0.0,0,0,1.4
118520.0,2.7115217087314212e-08,346.9463080556503,373.3671471577646,0.002699959520297099,0,0,0,0,0,0,0,0,0.0,0,0,1.4
118540.0,2.7048251310736712e-08,347.1622161139051,373.48330409068234,0.00269496755909782,0,0,0,0,0,0,0,0,0.0,0,0,1.4
118560.0,2.698149364050391e-08,347.3781263460866,373.59942607796273,0.0026899880631263287,0,0,0,0,0,0,0,0,0.0,0,0,1.4
118580.0,2.6914943326573577e-08,347.5940385778243,373.71551305844434,0.0026850209947722374,0,0,0,0,0,0,0,0,0.0,0,0,1.4
118600.00000000001,2.6848599618903465e-08,347.80995263474796,373.8315649709662,0.002680066316425156,0,0,0,0,0,0,0,0,0.0,0,0,1.4
118620.0,2.678246176991436e-08,348.0258683427438,373.94758175455934,0.002675123990580629,0,0,0,0,0,0,0,0,0.0,0,0,1.4
118640.0,2.6716529041878393e-08,348.2417855287271,374.0635633490257,0.0026701939801578754,0,0,0,0,0,0,0,0,0.0,0,0,1.4
118660.0,2.6650800699530634e-08,348.45770401987,374.17950969435947,0.002665276248182039,0,0,0,0,0,0,0,0,0.0,0,0,1.4
118680.0,2.6585276007606083e-08,348.6736236433446,374.2954207305551,0.0026603707576782617,0,0,0,0,0,0,0,0,0.0,0,0,1.4
118700.0,2.6519954230839904e-08,348.88954422632287,374.4112963976068,0.0026554774716716946,0,0,0,0,0,0,0,0,0.0,0,0,1.4
118720.0,2.6454834636378336e-08,349.1054655962334,374.52713663569943,0.002650596353291454,0,0,0,0,0,0,0,0,0.0,0,0,1.4
118740.00000000001,2.6389916501012583e-08,349.3213875815303,374.64294138577975,0.0026457273660825584,0,0,0,0,0,0,0,0,0.0,0,0,1.4
118760.0,2.632519910394521e-08,349.5373100109238,374.75871058898497,0.0026408704736940124,0,0,0,0,0,0,0,0,0.0,0,0,1.4
118780.0,2.626068172437866e-08,349.75323271312436,374.8744441864523,0.0026360256397748084,0,0,0,0,0,0,0,0,0.0,0,0,1.4
118800.0,2.6196363641515406e-08,349.96915551684236,374.9901421193192,0.0026311928279739447,0,0,0,0,0,0,0,0,0.0,0,0,1.4
118820.00000000001,2.613224413691853e-08,350.18507825104405,375.1058043289114,0.0026263720020424765,0,0,0,0,0,0,0,0,0.0,0,0,1.4
118840.0,2.6068322501593862e-08,350.40100074571797,375.2214307573079,0.0026215631261397123,0,0,0,0,0,0,0,0,0.0,0,0,1.4
118860.0,2.6004598028907724e-08,350.6169228311091,375.33702134677696,0.002616766164527012,0,0,0,0,0,0,0,0,0.0,0,0,1.4
118880.0,2.5941070012226507e-08,350.83284433746195,375.45257603958623,0.0026119810814657406,0,0,0,0,0,0,0,0,0.0,0,0,1.4
118900.0,2.5877737744916535e-08,351.0487650950214,375.56809477800374,0.0026072078412172567,0,0,0,0,0,0,0,0,0.0,0,0,1.4
118920.0,2.5814600522655524e-08,351.26468493428666,375.6835775044835,0.0026024464081431235,0,0,0,0,0,0,0,0,0.0,0,0,1.4
118940.0,2.575165765036599e-08,351.4806036867776,375.7990241622254,0.002597696747005659,0,0,0,0,0,0,0,0,0.0,0,0,1.4
118960.00000000001,2.56889084352817e-08,351.69652118426893,375.9144346946155,0.002592958822667375,0,0,0,0,0,0,0,0,0.0,0,0,1.4
118980.0,2.5626352184636553e-08,351.912437258535,376.02980904504,0.0025882325999907925,0,0,0,0,0,0,0,0,0.0,0,0,1.4
119000.0,2.55639882056643e-08,352.1283517413505,376.14514715688495,0.0025835180438384215,0,0,0,0,0,0,0,0,0.0,0,0,1.4
119020.0,2.550181580786158e-08,352.34426446474436,376.2604489737208,0.0025788151191711286,0,0,0,0,0,0,0,0,0.0,0,0,1.4
119040.0,2.543983430977625e-08,352.5601752617624,376.3757144398554,0.0025741237913431783,0,0,0,0,0,0,0,0,0.0,0,0,1.4
119060.0,2.5378043032219123e-08,352.7760839657044,376.4909434997806,0.002569444025807198,0,0,0,0,0,0,0,0,0.0,0,0,1.4
119080.0,2.5316441296000883e-08,352.99199040987025,376.6061360979885,0.0025647757880158054,0,0,0,0,0,0,0,0,0.0,0,0,1.4
119100.00000000001,2.5255028421932217e-08,353.2078944275603,376.72129217897117,0.0025601190434216153,0,0,0,0,0,0,0,0,0.0,0,0,1.4
119120.0,2.519380373303948e-08,353.42379585232754,376.8364116874028,0.0025554737575738114,0,0,0,0,0,0,0,0,0.0,0,0,1.4
119140.0,2.5132766561211052e-08,353.6396945187396,376.95149456868705,0.0025508398964077875,0,0,0,0,0,0,0,0,0.0,0,0,1.4
119160.0,2.50719162405509e-08,353.85559026161735,377.0665407684095,0.0025462174259554965,0,0,0,0,0,0,0,0,0.0,0,0,1.4
119180.0,2.5011252105162958e-08,354.0714829157819,377.1815502321564,0.002541606312248888,0,0,0,0,0,0,0,0,0.0,0,0,1.4
119200.0,2.4950773489151277e-08,354.28737231605385,377.2965229055132,0.0025370065213199213,0,0,0,0,0,0,0,0,0.0,0,0,1.4
119220.0,2.4890479728788985e-08,354.50325829750693,377.4114587342461,0.0025324180192953325,0,0,0,0,0,0,0,0,0.0,0,0,1.4
119240.00000000001,2.4830370169025997e-08,354.7191406962256,377.52635766484235,0.0025278407726810003,0,0,0,0,0,0,0,0,0.0,0,0,1.4
119260.0,2.4770444156981584e-08,354.9350193485467,377.64121964396924,0.0025232747480776006,0,0,0,0,0,0,0,0,0.0,0,0,1.4
119280.0,2.471070103977486e-08,355.15089409080736,377.7560446182942,0.002518719912085798,0,0,0,0,0,0,0,0,0.0,0,0,1.4
119300.0,2.465114016452499e-08,355.3667647593446,377.87083253448475,0.002514176231306262,0,0,0,0,0,0,0,0,0.0,0,0,1.4
119320.00000000001,2.4591760880475058e-08,355.5826311907475,377.9855833393866,0.002509643672432716,0,0,0,0,0,0,0,0,0.0,0,0,1.4
119340.0,2.4532562545364037e-08,355.7984932226125,378.1002969805584,0.0025051222025311336,0,0,0,0,0,0,0,0,0.0,0,0,1.4
119360.0,2.447354451905473e-08,356.014350692788,378.2149734057373,0.0025006117887605367,0,0,0,0,0,0,0,0,0.0,0,0,1.4
119380.0,2.4414706161409976e-08,356.23020343912265,378.3296125626602,0.0024961123982799502,0,0,0,0,0,0,0,0,0.0,0,0,1.4
119400.0,2.4356046832292573e-08,356.44605129946495,378.44421439906444,0.0024916239982483972,0,0,0,0,0,0,0,0,0.0,0,0,1.4
119420.0,2.4297565893645065e-08,356.66189411191425,378.558778862863,0.0024871465559162687,0,0,0,0,0,0,0,0,0.0,0,0,1.4
119440.0,2.423926271572828e-08,356.8777317155743,378.67330590267426,0.0024826800388993834,0,0,0,0,0,0,0,0,0.0,0,0,1.4
119460.00000000001,2.418113667088267e-08,357.09356394980006,378.787795467293,0.0024782244149049227,0,0,0,0,0,0,0,0,0.0,0,0,1.4
119480.0,2.4123187131448794e-08,357.30939065394585,378.9022475055134,0.0024737796516400745,0,0,0,0,0,0,0,0,0.0,0,0,1.4
119500.0,2.4065413469767103e-08,357.52521166736653,379.0166619661303,0.002469345716812018,0,0,0,0,0,0,0,0,0.0,0,0,1.4
119520.0,2.4007815060214357e-08,357.7410268296671,379.1310387981124,0.0024649225782176344,0,0,0,0,0,0,0,0,0.0,0,0,1.4
119540.0,2.3950391285312376e-08,357.95683598145365,379.2453779511259,0.0024605102040125915,0,0,0,0,0,0,0,0,0.0,0,0,1.4
119560.0,2.3893141529619374e-08,358.1726389635819,379.3596793750108,0.002456108562442266,0,0,0,0,0,0,0,0,0.0,0,0,1.4
119580.0,2.383606517769345e-08,358.3884356169083,379.4739430196076,0.002451717621752025,0,0,0,0,0,0,0,0,0.0,0,0,1.4
119600.00000000001,2.3779161614092702e-08,358.6042257822891,379.5881688347567,0.002447337350187235,0,0,0,0,0,0,0,0,0.0,0,0,1.4
119620.0,2.3722430225369213e-08,358.8200093008296,379.70235677047054,0.0024429677160813395,0,0,0,0,0,0,0,0,0.0,0,0,1.4
119640.0,2.366587040605046e-08,359.035786014633,379.816506777451,0.0024386086881200424,0,0,0,0,0,0,0,0,0.0,0,0,1.4
119660.0,2.360948155265782e-08,359.2515557660516,379.93061880657245,0.0024342602350771194,0,0,0,0,0,0,0,0,0.0,0,0,1.4
119680.0,2.3553263061712637e-08,359.4673183974381,380.04469280870916,0.0024299223257263415,0,0,0,0,0,0,0,0,0.0,0,0,1.4
119700.0,2.3497214329736384e-08,359.6830737511445,380.15872873473506,0.002425594928841489,0,0,0,0,0,0,0,0,0.0,0,0,1.4
119720.0,2.3441334755202762e-08,359.8988216697719,380.2727265356949,0.0024212780132828,0,0,0,0,0,0,0,0,0.0,0,0,1.4
119740.00000000001,2.3385623744394948e-08,360.1145619969151,380.3866861633147,0.002416971548256375,0,0,0,0,0,0,0,0,0.0,0,0,1.4
119760.0,2.3330080705548614e-08,360.33029457641675,380.5006075694906,0.0024126755030547883,0,0,0,0,0,0,0,0,0.0,0,0,1.4
119780.0,2.3274705046899295e-08,360.54601925212023,380.6144907061187,0.0024083898469706064,0,0,0,0,0,0,0,0,0.0,0,0,1.4
119800.0,2.3219496176682573e-08,360.7617358678686,380.7283355250955,0.0024041145492963976,0,0,0,0,0,0,0,0,0.0,0,0,1.4
119820.00000000001,2.3164453505045804e-08,360.9774442677527,380.8421419784854,0.0023998495794096287,0,0,0,0,0,0,0,0,0.0,0,0,1.4
119840.0,2.310957644978368e-08,361.1931442968533,380.955910019027,0.0023955949070273786,0,0,0,0,0,0,0,0,0.0,0,0,1.4
119860.0,2.3054864430602582e-08,361.4088358004992,381.06963959962684,0.0023913505019516174,0,0,0,0,0,0,0,0,0.0,0,0,1.4
119880.0,2.3000316867208927e-08,361.62451862401923,381.18333067319185,0.0023871163339843184,0,0,0,0,0,0,0,0,0.0,0,0,1.4
119900.0,2.2945933179309097e-08,361.8401926127422,381.29698319262883,0.0023828923729274512,0,0,0,0,0,0,0,0,0.0,0,0,1.4
119920.0,2.289171278848167e-08,362.0558576122432,381.4105971110109,0.0023786785886663556,0,0,0,0,0,0,0,0,0.0,0,0,1.4
119940.0,2.2837655123793377e-08,362.27151346908437,381.5241723820773,0.0023744749514198024,0,0,0,0,0,0,0,0,0.0,0,0,1.4
119960.00000000001,2.278375961618304e-08,362.4871600300747,381.6377089597338,0.002370281431489924,0,0,0,0,0,0,0,0,0.0,0,0,1.4
119980.0,2.2730025696589583e-08,362.70279714202246,381.75120679788597,0.002366097999178859,0,0,0,0,0,0,0,0,0.0,0,0,1.4
120000.0,2.2676452795951827e-08,362.91842465173664,381.86466585043945,0.00236192462478874,0,0,0,0,0,0,0,0,0.0,0,0,1.4
120020.0,2.262304034704187e-08,363.13404240627165,381.9780860714646,0.0023577612787035553,0,0,0,0,0,0,0,0,0.0,0,0,1.4
120040.0,2.2569787789964785e-08,363.349650253665,382.09146741568975,0.0023536079316347114,0,0,0,0,0,0,0,0,0.0,0,0,1.4
120060.0,2.2516694566659027e-08,363.56524804219936,382.204809838008,0.002349464554375479,0,0,0,0,0,0,0,0,0.0,0,0,1.4
120080.0,2.24637601190629e-08,363.780835620158,382.3181132933122,0.002345331117719119,0,0,0,0,0,0,0,0,0.0,0,0,1.4
120100.00000000001,2.2410983889114734e-08,363.9964128358241,382.43137773649556,0.0023412075924588932,0,0,0,0,0,0,0,0,0.0,0,0,1.4
120120.0,2.23583653205482e-08,364.2119795377252,382.5446031226136,0.002337093949468446,0,0,0,0,0,0,0,0,0.0,0,0,1.4
120140.0,2.2305903864277714e-08,364.4275355753684,382.6577894073726,0.0023329901599429075,0,0,0,0,0,0,0,0,0.0,0,0,1.4
120160.0,2.225359897301298e-08,364.64308079850525,382.77093654664156,0.0023288961951577853,0,0,0,0,0,0,0,0,0.0,0,0,1.4
120180.0,2.2201450099463654e-08,364.8586150568877,382.88404449628945,0.0023248120263885848,0,0,0,0,0,0,0,0,0.0,0,0,1.4
120200.0,2.2149456696339485e-08,365.07413820026716,382.9971132121851,0.0023207376249108186,0,0,0,0,0,0,0,0,0.0,0,0,1.4
120220.0,2.2097618218108202e-08,365.28965007863934,383.1101426503583,0.0023166729620789184,0,0,0,0,0,0,0,0,0.0,0,0,1.4
120240.00000000001,2.204593412626976e-08,365.50515054297523,383.22313276748196,0.0023126180095630216,0,0,0,0,0,0,0,0,0.0,0,0,1.4
120260.0,2.1994403884082285e-08,365.7206394444894,383.3360835203896,0.0023085727391121986,0,0,0,0,0,0,0,0,0.0,0,0,1.4
120280.0,2.1943026954803793e-08,365.93611663439674,383.44899486591487,0.0023045371224755143,0,0,0,0,0,0,0,0,0.0,0,0,1.4
120300.0,2.189180280169234e-08,366.151581963912,383.5618667608915,0.002300511131402034,0,0,0,0,0,0,0,0,0.0,0,0,1.4
120320.00000000001,2.184073088972761e-08,366.36703528449306,383.67469916231204,0.002296494737718324,0,0,0,0,0,0,0,0,0.0,0,0,1.4
120340.0,2.178981069077607e-08,366.5824764485681,383.78749202780426,0.002292487913560967,0,0,0,0,0,0,0,0,0.0,0,0,1.4
120360.0,2.173904167842572e-08,366.7979053088091,383.9002453151552,0.0022884906311440426,0,0,0,0,0,0,0,0,0.0,0,0,1.4
120380.0,2.168842332626463e-08,367.0133217178877,384.01295898215176,0.0022845028626816304,0,0,0,0,0,0,0,0,0.0,0,0,1.4
120400.0,2.1637955107880807e-08,367.2287255284755,384.1256329865809,0.002280524580387808,0,0,0,0,0,0,0,0,0.0,0,0,1.4
120420.0,2.158763649854847e-08,367.44411659348566,384.2382672863864,0.0022765557565527714,0,0,0,0,0,0,0,0,0.0,0,0,1.4
120440.0,2.1537466980286075e-08,367.6594947667992,384.35086184014034,0.002272596363771147,0,0,0,0,0,0,0,0,0.0,0,0,1.4
120460.00000000001,2.1487446036798177e-08,367.87485990253913,384.463416606572,0.0022686463747136707,0,0,0,0,0,0,0,0,0.0,0,0,1.4
120480.0,2.1437573151789425e-08,368.0902118548278,384.57593154441037,0.002264705762051087,0,0,0,0,0,0,0,0,0.0,0,0,1.4
120500.0,2.1387847808964385e-08,368.30555047778824,384.6884066123846,0.0022607744984541305,0,0,0,0,0,0,0,0,0.0,0,0,1.4
120520.0,2.1338269493678885e-08,368.52087562578396,384.80084176937896,0.0022568525566682815,0,0,0,0,0,0,0,0,0.0,0,0,1.4
120540.0,2.1288837697893802e-08,368.7361871541418,384.91323697489867,0.002252939909737983,0,0,0,0,0,0,0,0,0.0,0,0,1.4
120560.0,2.1239551915221336e-08,368.95148491842934,385.02559218860347,0.002249036530782426,0,0,0,0,0,0,0,0,0.0,0,0,1.4
120580.0,2.1190411639273624e-08,369.16676877421423,385.13790737015375,0.002245142392920793,0,0,0,0,0,0,0,0,0.0,0,0,1.4
120600.00000000001,2.1141416363662774e-08,369.3820385770643,385.25018247920985,0.0022412574692722673,0,0,0,0,0,0,0,0,0.0,0,0,1.4
120620.0,2.10925655836182e-08,369.5972941827867,385.36241747558495,0.00223738173302944,0,0,0,0,0,0,0,0,0.0,0,0,1.4
120640.0,2.1043858800837978e-08,369.81253544814825,385.4746123197061,0.0022335151576784937,0,0,0,0,0,0,0,0,0.0,0,0,1.4
120660.0,2.099529551863739e-08,370.0277622301556,385.58676697215355,0.0022296577167790132,0,0,0,0,0,0,0,0,0.0,0,0,1.4
120680.0,2.09468752403317e-08,370.24297438581516,385.69888139350763,0.0022258093838905804,0,0,0,0,0,0,0,0,0.0,0,0,1.4
120700.0,2.0898597469236266e-08,370.4581717721333,385.8109555443484,0.002221970132572785,0,0,0,0,0,0,0,0,0.0,0,0,1.4
120720.0,2.0850461710250222e-08,370.6733542463555,385.9229893854078,0.0022181399364572954,0,0,0,0,0,0,0,0,0.0,0,0,1.4
120740.00000000001,2.0802467474608158e-08,370.8885216666821,386.0349828780237,0.0022143187694641207,0,0,0,0,0,0,0,0,0.0,0,0,1.4
120760.0,2.075461427512865e-08,371.103673891552,386.14693598368535,0.0022105066055853645,0,0,0,0,0,0,0,0,0.0,0,0,1.4
120780.0,2.0706901624630163e-08,371.3188107794045,386.25884866388225,0.002206703418813121,0,0,0,0,0,0,0,0,0.0,0,0,1.4
120800.0,2.0659329035931203e-08,371.5339321886786,386.3707208801038,0.0022029091831394882,0,0,0,0,0,0,0,0,0.0,0,0,1.4
120820.00000000001,2.0611896023401478e-08,371.7490379780514,386.48255259398917,0.002199123872627356,0,0,0,0,0,0,0,0,0.0,0,0,1.4
120840.0,2.0564602107615805e-08,371.96412800715007,386.5943437677761,0.002195347461622799,0,0,0,0,0,0,0,0,0.0,0,0,1.4
120860.0,2.0517446810700135e-08,372.17920213583994,386.7060943638524,0.0021915799245426793,0,0,0,0,0,0,0,0,0.0,0,0,1.4
120880.0,2.0470429654780455e-08,372.3942602239865,386.8178043446056,0.00218782123580386,0,0,0,0,0,0,0,0,0.0,0,0,1.4
120900.0,2.0423550161982723e-08,372.6093021314551,386.92947367242346,0.0021840713698232034,0,0,0,0,0,0,0,0,0.0,0,0,1.4
120920.0,2.0376807855952342e-08,372.82432771834726,387.04110230984134,0.0021803303010871087,0,0,0,0,0,0,0,0,0.0,0,0,1.4
120940.0,2.0330202266411978e-08,373.03933684571183,387.1526902199867,0.0021765980043600853,0,0,0,0,0,0,0,0,0.0,0,0,1.4
120960.00000000001,2.0283732924603677e-08,373.2543293748342,387.26423736613475,0.002172874454476175,0,0,0,0,0,0,0,0,0.0,0,0,1.4
120980.0,2.0237399361769538e-08,373.46930516699916,387.37574371156063,0.0021691596262694256,0,0,0,0,0,0,0,0,0.0,0,0,1.4
121000.0,2.0191201109151607e-08,373.6842640834923,387.4872092195395,0.002165453494573877,0,0,0,0,0,0,0,0,0.0,0,0,1.4
121020.0,2.0145137699480043e-08,373.89920598583427,387.59863385349286,0.00216175603429186,0,0,0,0,0,0,0,0,0.0,0,0,1.4
121040.0,2.0099208671437472e-08,374.11413073648845,387.71001757742664,0.0021580672205988548,0,0,0,0,0,0,0,0,0.0,0,0,1.4
121060.0,2.0053413565194725e-08,374.3290381981531,387.82136035549274,0.002154387028738637,0,0,0,0,0,0,0,0,0.0,0,0,1.4
121080.0,2.0007751920922533e-08,374.543928233527,387.9326621518434,0.0021507154339549758,0,0,0,0,0,0,0,0,0.0,0,0,1.4
121100.00000000001,1.996222327879164e-08,374.75880070530906,388.04392293063063,0.0021470524114916368,0,0,0,0,0,0,0,0,0.0,0,0,1.4
121120.0,1.9916827180430452e-08,374.97365547643193,388.15514265615076,0.0021433979366594687,0,0,0,0,0,0,0,0,0.0,0,0,1.4
121140.0,1.9871563173297628e-08,375.1884924107667,388.2663212932778,0.002139751985037598,0,0,0,0,0,0,0,0,0.0,0,0,1.4
121160.0,1.9826430806309443e-08,375.40331137241884,388.37745880703,0.002136114532272227,0,0,0,0,0,0,0,0,0.0,0,0,1.4
121180.0,1.978142962838213e-08,375.61811222549386,388.48855516242577,0.0021324855540095534,0,0,0,0,0,0,0,0,0.0,0,0,1.4
121200.0,1.9736559188432033e-08,375.8328948340969,388.59961032448314,0.002128865025895784,0,0,0,0,0,0,0,0,0.0,0,0,1.4
121220.0,1.9691819036803072e-08,376.0476590625669,388.71062425836317,0.002125252923642995,0,0,0,0,0,0,0,0,0.0,0,0,1.4
121240.00000000001,1.9647208729549908e-08,376.26240477617637,388.82159692979735,0.002121649223226769,0,0,0,0,0,0,0,0,0.0,0,0,1.4
121260.0,1.960272782415498e-08,376.47713184043096,388.93252830465974,0.0021180539006885723,0,0,0,0,0,0,0,0,0.0,0,0,1.4
121280.0,1.9558375878100643e-08,376.69184012083656,389.04341834882445,0.0021144669320698668,0,0,0,0,0,0,0,0,0.0,0,0,1.4
121300.0,1.9514152448869262e-08,376.90652948289903,389.15426702816563,0.002110888293412113,0,0,0,0,0,0,0,0,0.0,0,0,1.4
121320.00000000001,1.947005709534164e-08,377.12119979235666,389.26507430869844,0.0021073179608214784,0,0,0,0,0,0,0,0,0.0,0,0,1.4
121340.0,1.9426089381992424e-08,377.33585091587616,389.37584015700116,0.002103755910662956,0,0,0,0,0,0,0,0,0.0,0,0,1.4
121360.0,1.9382248874694606e-08,377.55048272035685,389.4865645397932,0.0021002021193662393,0,0,0,0,0,0,0,0,0.0,0,0,1.4
121380.0,1.9338535139321216e-08,377.76509507269793,389.597247423794,0.002096656563361023,0,0,0,0,0,0,0,0,0.0,0,0,1.4
121400.0,1.9294947741745264e-08,377.9796878397988,389.7078887757229,0.0020931192190770005,0,0,0,0,0,0,0,0,0.0,0,0,1.4
121420.0,1.925148624920967e-08,378.1942608887896,389.81848856243835,0.0020895900630074297,0,0,0,0,0,0,0,0,0.0,0,0,1.4
121440.0,1.9208150234436648e-08,378.4088140877254,389.9290467513556,0.0020860690718997946,0,0,0,0,0,0,0,0,0.0,0,0,1.4
121460.00000000001,1.9164939271518228e-08,378.62334730489255,390.0395633100292,0.0020825562225651375,0,0,0,0,0,0,0,0,0.0,0,0,1.4
121480.0,1.9121852934546548e-08,378.83786040857694,390.1500382060134,0.002079051491814509,0,0,0,0,0,0,0,0,0.0,0,0,1.4
121500.0,1.9078890797613657e-08,379.05235326706475,390.2604714068626,0.0020755548564589505,0,0,0,0,0,0,0,0,0.0,0,0,1.4
121520.0,1.903605243615344e-08,379.26682574887224,390.3708628802688,0.002072066293371937,0,0,0,0,0,0,0,0,0.0,0,0,1.4
121540.0,1.8993337430967037e-08,379.48127772343565,390.4812125944736,0.002068585779676654,0,0,0,0,0,0,0,0,0.0,0,0,1.4
121560.0,1.8950745364197506e-08,379.6957090604209,390.59152051785605,0.0020651132925587254,0,0,0,0,0,0,0,0,0.0,0,0,1.4
121580.0,1.8908275817987808e-08,379.91011962949415,390.7017866187955,0.002061648809203766,0,0,0,0,0,0,0,0,0.0,0,0,1.4
121600.00000000001,1.8865928374480908e-08,380.12450930032185,390.81201086567097,0.002058192306797392,0,0,0,0,0,0,0,0,0.0,0,0,1.4
121620.0,1.882370261713429e-08,380.33887794279866,390.9221932269973,0.0020547437625865524,0,0,0,0,0,0,0,0,0.0,0,0,1.4
121640.0,1.8781598134663154e-08,380.553225427735,391.0323336718324,0.0020513031540634894,0,0,0,0,0,0,0,0,0.0,0,0,1.4
121660.0,1.8739614517097134e-08,380.76755162617036,391.14243216937,0.002047870458781775,0,0,0,0,0,0,0,0,0.0,0,0,1.4
121680.0,1.8697751354465858e-08,380.981856409144,391.252488688804,0.0020444456542949778,0,0,0,0,0,0,0,0,0.0,0,0,1.4
121700.0,1.8656008236799043e-08,381.1961396476949,391.36250319932776,0.002041028718156674,0,0,0,0,0,0,0,0,0.0,0,0,1.4
121720.0,1.861438475541393e-08,381.4104012130902,391.47247567026926,0.0020376196279806727,0,0,0,0,0,0,0,0,0.0,0,0,1.4
121740.00000000001,1.8572880506778276e-08,381.6246409775079,391.5824060714925,0.002034218361621742,0,0,0,0,0,0,0,0,0.0,0,0,1.4
121760.0,1.853149508864753e-08,381.8388588133533,391.69229437299583,0.002030824896994899,0,0,0,0,0,0,0,0,0.0,0,0,1.4
121780.0,1.849022809877708e-08,382.0530545930319,391.80214054477733,0.0020274392120151518,0,0,0,0,0,0,0,0,0.0,0,0,1.4
121800.0,1.8449079134922314e-08,382.2672281889495,391.9119445568353,0.002024061284597512,0,0,0,0,0,0,0,0,0.0,0,0,1.4
121820.00000000001,1.8408047796100013e-08,382.48137947373806,392.0217063793003,0.0020206910927161644,0,0,0,0,0,0,0,0,0.0,0,0,1.4
121840.0,1.836713368637258e-08,382.69550832093574,392.1314259828327,0.002017328614582004,0,0,0,0,0,0,0,0,0.0,0,0,1.4
121860.0,1.8326336411063742e-08,382.90961460430725,392.24110333822506,0.0020139738284650943,0,0,0,0,0,0,0,0,0.0,0,0,1.4
121880.0,1.8285655575497248e-08,383.1236981976175,392.3507384162702,0.002010626712635502,0,0,0,0,0,0,0,0,0.0,0,0,1.4
121900.0,1.824509078499681e-08,383.3377589746313,392.46033118776074,0.0020072872453632904,0,0,0,0,0,0,0,0,0.0,0,0,1.4
121920.0,1.820464164612198e-08,383.5517968093385,392.5698816236201,0.002003955404976664,0,0,0,0,0,0,0,0,0.0,0,0,1.4
121940.0,1.816430777037515e-08,383.76581157663077,392.6793896952949,0.002000631170036356,0,0,0,0,0,0,0,0,0.0,0,0,1.4
121960.00000000001,1.812408877049446e-08,383.9798031516253,392.7888553743624,0.0019973145191612305,0,0,0,0,0,0,0,0,0.0,0,0,1.4
121980.0,1.808398425921812e-08,384.1937714094388,392.8982786323997,0.001994005430970161,0,0,0,0,0,0,0,0,0.0,0,0,1.4
122000.0,1.804399384928428e-08,384.4077162251883,393.0076594409843,0.0019907038840820132,0,0,0,0,0,0,0,0,0.0,0,0,1.4
122020.0,1.8004117154641688e-08,384.62163747421505,393.11699777182247,0.001987409857172762,0,0,0,0,0,0,0,0,0.0,0,0,1.4
122040.0,1.7964353794081468e-08,384.8355350327568,393.22629359713716,0.001984123329146811,0,0,0,0,0,0,0,0,0.0,0,0,1.4
122060.0,1.7924703387605434e-08,385.04940877727535,393.33554688928024,0.0019808442789656763,0,0,0,0,0,0,0,0,0.0,0,0,1.4
122080.0,1.7885165555215298e-08,385.2632585842328,393.4447576206037,0.001977572685590869,0,0,0,0,0,0,0,0,0.0,0,0,1.4
122100.00000000001,1.784573991691279e-08,385.47708433009115,393.5539257634596,0.001974308527983899,0,0,0,0,0,0,0,0,0.0,0,0,1.4
122120.0,1.7806426093885745e-08,385.6908858915351,393.6630512903272,0.001971051785162389,0,0,0,0,0,0,0,0,0.0,0,0,1.4
122140.0,1.7767223712066063e-08,385.90466314614207,393.7721341741963,0.001967802436368374,0,0,0,0,0,0,0,0,0.0,0,0,1.4
122160.0,1.77281323985717e-08,386.118415971712,393.8811743881839,0.001964560460899997,0,0,0,0,0,0,0,0,0.0,0,0,1.4
122180.0,1.7689151780520597e-08,386.33214424604535,393.99017190540724,0.0019613258380554006,0,0,0,0,0,0,0,0,0.0,0,0,1.4
122200.0,1.765028148503077e-08,386.54584784694174,394.0991266989832,0.0019580985471327294,0,0,0,0,0,0,0,0,0.0,0,0,1.4
122220.0,1.761152114038211e-08,386.7595266524234,394.2080387421548,0.0019548785674852443,0,0,0,0,0,0,0,0,0.0,0,0,1.4
122240.00000000001,1.7572870379502438e-08,386.9731805413993,394.3169080086686,0.001951665878686675,0,0,0,0,0,0,0,0,0.0,0,0,1.4
122260.0,1.7534328836481582e-08,387.1868093929999,394.4257344723967,0.001948460460365879,0,0,0,0,0,0,0,0,0.0,0,0,1.4
122280.0,1.7495896145409332e-08,387.40041308635585,394.53451810721157,0.0019452622921517038,0,0,0,0,0,0,0,0,0.0,0,0,1.4
122300.0,1.745757194037546e-08,387.61399150059793,394.64325888698545,0.0019420713536730007,0,0,0,0,0,0,0,0,0.0,0,0,1.4
122320.00000000001,1.74193558566082e-08,387.8275445150774,394.75195678571515,0.001938887624612771,0,0,0,0,0,0,0,0,0.0,0,0,1.4
122340.0,1.738124753388957e-08,388.04107201002796,394.86061177789423,0.0019357110848706293,0,0,0,0,0,0,0,0,0.0,0,0,1.4
122360.0,1.7343246613139954e-08,388.254573865904,394.96922383814115,0.001932541714400335,0,0,0,0,0,0,0,0,0.0,0,0,1.4
122380.0,1.730535273527977e-08,388.4680499631602,395.077792941074,0.0019293794931556482,0,0,0,0,0,0,0,0,0.0,0,0,1.4
122400.0,1.72675655412294e-08,388.681500182251,395.18631906131117,0.0019262244010903303,0,0,0,0,0,0,0,0,0.0,0,0,1.4
122420.0,1.7229884673024718e-08,388.8949244038499,395.2948021735934,0.0019230764182113487,0,0,0,0,0,0,0,0,0.0,0,0,1.4
122440.0,1.7192309777163127e-08,389.10832250950835,395.4032422531525,0.001919935524738478,0,0,0,0,0,0,0,0,0.0,0,0,1.4
122460.00000000001,1.7154840501257435e-08,389.3216943809967,395.5116392753429,0.0019168017009446921,0,0,0,0,0,0,0,0,0.0,0,0,1.4
122480.0,1.7117476492920523e-08,389.5350399000853,395.6199932155188,0.0019136749271029753,0,0,0,0,0,0,0,0,0.0,0,0,1.4
122500.0,1.708021739976521e-08,389.7483589485446,395.72830404903465,0.001910555183486303,0,0,0,0,0,0,0,0,0.0,0,0,1.4
122520.0,1.704306287049718e-08,389.9616514083634,395.836571751366,0.0019074424504199256,0,0,0,0,0,0,0,0,0.0,0,0,1.4
122540.0,1.700601255819354e-08,390.1749171624031,395.94479629847325,0.0019043367084381785,0,0,0,0,0,0,0,0,0.0,0,0,1.4
122560.0,1.6969066117024324e-08,390.3881560937431,396.0529776664374,0.001901237938127677,0,0,0,0,0,0,0,0,0.0,0,0,1.4
122580.0,1.6932223201159496e-08,390.601368085463,396.16111583134006,0.0018981461200750283,0,0,0,0,0,0,0,0,0.0,0,0,1.4
122600.00000000001,1.6895483464769028e-08,390.81455302064245,396.2692107692625,0.0018950612348668414,0,0,0,0,0,0,0,0,0.0,0,0,1.4
122620.0,1.6858846563093745e-08,391.02771078257774,396.37726245640556,0.0018919832631410884,0,0,0,0,0,0,0,0,0.0,0,0,1.4
122640.0,1.6822312155657597e-08,391.2408412554331,396.4852708694486,0.001888912185741168,0,0,0,0,0,0,0,0,0.0,0,0,1.4
122660.0,1.678587990305535e-08,391.4539443235896,396.5932359851905,0.0018858479835618415,0,0,0,0,0,0,0,0,0.0,0,0,1.4
122680.0,1.674954946588175e-08,391.6670198714286,396.7011577804304,0.0018827906374978642,0,0,0,0,0,0,0,0,0.0,0,0,1.4
122700.0,1.6713320504731606e-08,391.8800677833307,396.80903623196673,0.001879740128444002,0,0,0,0,0,0,0,0,0.0,0,0,1.4
122720.0,1.6677192681248885e-08,392.09308794389284,396.91687131671665,0.0018766964373454747,0,0,0,0,0,0,0,0,0.0,0,0,1.4
122740.00000000001,1.6641165661274413e-08,392.30608023857485,397.0246630120696,0.001873659545349356,0,0,0,0,0,0,0,0,0.0,0,0,1.4
122760.0,1.6605239111698297e-08,392.5190445530516,397.1324112955324,0.001870629433653188,0,0,0,0,0,0,0,0,0.0,0,0,1.4
122780.0,1.656941269941058e-08,392.73198077299844,397.2401161446124,0.0018676060834545082,0,0,0,0,0,0,0,0,0.0,0,0,1.4
122800.0,1.6533686091301328e-08,392.94488878409084,397.3477775368168,0.0018645894759508536,0,0,0,0,0,0,0,0,0.0,0,0,1.4
122820.00000000001,1.6498058955288647e-08,393.15776847221844,397.4553954497696,0.0018615795923893437,0,0,0,0,0,0,0,0,0.0,0,0,1.4
122840.0,1.6462530963403014e-08,393.3706197241285,397.56296986156036,0.0018585764142154306,0,0,0,0,0,0,0,0,0.0,0,0,1.4
122860.0,1.642710178870289e-08,393.5834424267834,397.67050075039555,0.0018555799229241431,0,0,0,0,0,0,0,0,0.0,0,0,1.4
122880.0,1.639177110424678e-08,393.7962364671448,397.77798809448166,0.0018525901000105108,0,0,0,0,0,0,0,0,0.0,0,0,1.4
122900.0,1.6356538583093144e-08,394.0090017321751,397.88543187202515,0.0018496069269695623,0,0,0,0,0,0,0,0,0.0,0,0,1.4
122920.0,1.6321403899307933e-08,394.22173810904906,397.99283206134726,0.0018466303853450533,0,0,0,0,0,0,0,0,0.0,0,0,1.4
122940.0,1.628636673098667e-08,394.4344454857948,398.10018864122947,0.0018436604568756163,0,0,0,0,0,0,0,0,0.0,0,0,1.4
122960.00000000001,1.6251426757232276e-08,394.6471237506538,398.2075015905685,0.0018406971233486068,0,0,0,0,0,0,0,0,0.0,0,0,1.4
122980.0,1.6216583657147763e-08,394.85977279186716,398.3147708882606,0.0018377403665513848,0,0,0,0,0,0,0,0,0.0,0,0,1.4
123000.0,1.6181837109836046e-08,395.07239249767605,398.42199651320243,0.0018347901682713042,0,0,0,0,0,0,0,0,0.0,0,0,1.4
123020.0,1.6147186795387246e-08,395.2849827565338,398.52917844440395,0.0018318465103435942,0,0,0,0,0,0,0,0,0.0,0,0,1.4
123040.0,1.611263239784006e-08,395.4975434577415,398.63631666132943,0.0018289093747949718,0,0,0,0,0,0,0,0,0.0,0,0,1.4
123060.0,1.6078173602220433e-08,395.7100744908118,398.74341114355616,0.0018259787437000326,0,0,0,0,0,0,0,0,0.0,0,0,1.4
123080.0,1.6043810093554233e-08,395.922575745258,398.850461870662,0.0018230545991333646,0,0,0,0,0,0,0,0,0.0,0,0,1.4
123100.00000000001,1.6009541556867317e-08,396.1350471105932,398.95746882222466,0.0018201369231695584,0,0,0,0,0,0,0,0,0.0,0,0,1.4
123120.0,1.5975367678152988e-08,396.34748847654066,399.06443197793357,0.0018172256979302518,0,0,0,0,0,0,0,0,0.0,0,0,1.4
123140.0,1.5941288147273922e-08,396.55989973366724,399.1713513179267,0.0018143209057252495,0,0,0,0,0,0,0,0,0.0,0,0,1.4
123160.0,1.5907302655060168e-08,396.7722807727502,399.27822682245386,0.0018114225289114017,0,0,0,0,0,0,0,0,0.0,0,0,1.4
123180.0,1.5873410892341763e-08,396.98463148456716,399.38505847176515,0.001808530549845556,0,0,0,0,0,0,0,0,0.0,0,0,1.4
123200.0,1.5839612549948814e-08,397.1969517598949,399.49184624611024,0.0018056449508845663,0,0,0,0,0,0,0,0,0.0,0,0,1.4
123220.0,1.5805907319659312e-08,397.4092414897204,399.5985901258497,0.0018027657144315068,0,0,0,0,0,0,0,0,0.0,0,0,1.4
123240.00000000001,1.577229489704312e-08,397.62150056586825,399.70529009178625,0.0017998928230743574,0,0,0,0,0,0,0,0,0.0,0,0,1.4
123260.0,1.5738774978618123e-08,397.8337288803721,399.81194612483296,0.0017970262594473284,0,0,0,0,0,0,0,0,0.0,0,0,1.4
123280.0,1.5705347260902138e-08,398.0459263252659,399.91855820590325,0.0017941660061846268,0,0,0,0,0,0,0,0,0.0,0,0,1.4
123300.0,1.5672011440413017e-08,398.2580927925835,400.0251263159104,0.0017913120459204595,0,0,0,0,0,0,0,0,0.0,0,0,1.4
123320.00000000001,1.5638767214597564e-08,398.47022817456724,400.1316504358768,0.0017884643613344606,0,0,0,0,0,0,0,0,0.0,0,0,1.4
123340.0,1.5605614284618684e-08,398.68233236429165,400.2381305472611,0.001785622935287977,0,0,0,0,0,0,0,0,0.0,0,0,1.4
123360.0,1.5572552352568186e-08,398.8944052550397,400.3445666316314,0.0017827877506877794,0,0,0,0,0,0,0,0,0.0,0,0,1.4
123380.00000000001,1.5539581120537885e-08,399.1064467400947,400.45095867055574,0.001779958790440637,0,0,0,0,0,0,0,0,0.0,0,0,1.4
123400.0,1.5506700290619676e-08,399.31845671273936,400.55730664560184,0.0017771360374533268,0,0,0,0,0,0,0,0,0.0,0,0,1.4
123420.0,1.5473909565815796e-08,399.5304350664637,400.6636105384455,0.0017743194746772586,0,0,0,0,0,0,0,0,0.0,0,0,1.4
123440.0,1.5441208652770195e-08,399.74238169558527,400.7698703311929,0.0017715090852424107,0,0,0,0,0,0,0,0,0.0,0,0,1.4
123460.00000000001,1.5408597259037214e-08,399.95429649462875,400.8760860060582,0.0017687048523234003,0,0,0,0,0,0,0,0,0.0,0,0,1.4
123480.0,1.5376075092171272e-08,400.1661793581184,400.98225754525527,0.0017659067590948506,0,0,0,0,0,0,0,0,0.0,0,0,1.4
123500.0,1.5343641859726715e-08,400.3780301805787,401.08838493099813,0.0017631147887313785,0,0,0,0,0,0,0,0,0.0,0,0,1.4
123520.0,1.5311297270150163e-08,400.58984885673993,401.194468145607,0.001760328924451474,0,0,0,0,0,0,0,0,0.0,0,0,1.4
123540.0,1.5279041035457174e-08,400.80163528215456,401.30050717182706,0.0017575491496491073,0,0,0,0,0,0,0,0,0.0,0,0,1.4
123560.0,1.524687286855565e-08,401.01338935258076,401.4065019925096,0.0017547754477621237,0,0,0,0,0,0,0,0,0.0,0,0,1.4
123580.0,1.52147924823534e-08,401.22511096377673,401.5124525905061,0.0017520078022283652,0,0,0,0,0,0,0,0,0.0,0,0,1.4
123600.00000000001,1.518279958975824e-08,401.43680001150085,401.6183589486679,0.0017492461964856727,0,0,0,0,0,0,0,0,0.0,0,0,1.4
123620.0,1.5150893904552516e-08,401.6484563917154,401.72422104995115,0.0017464906140150067,0,0,0,0,0,0,0,0,0.0,0,0,1.4
123640.0,1.5119075144016332e-08,401.86008000120063,401.8300388777315,0.0017437410384697832,0,0,0,0,0,0,0,0,0.0,0,0,1.4
123660.0,1.5087343026304272e-08,402.0716707369412,401.93581241548947,0.0017409974535465343,0,0,0,0,0,0,0,0,0.0,0,0,1.4
123680.0,1.5055697269570898e-08,402.28322849592183,402.04154164670547,0.001738259842941791,0,0,0,0,0,0,0,0,0.0,0,0,1.4
123700.0,1.5024137591970836e-08,402.4947531751266,402.1472265548599,0.0017355281903520898,0,0,0,0,0,0,0,0,0.0,0,0,1.4
123720.0,1.4992663712515694e-08,402.7062446717435,402.25286712353665,0.0017328024795163323,0,0,0,0,0,0,0,0,0.0,0,0,1.4
123740.00000000001,1.496127535364519e-08,402.9177028837723,402.35846333673334,0.0017300826943429071,0,0,0,0,0,0,0,0,0.0,0,0,1.4
123760.0,1.4929972238656185e-08,403.12912770941557,402.46401517855065,0.0017273688187825799,0,0,0,0,0,0,0,0,0.0,0,0,1.4
123780.0,1.4898754090845436e-08,403.34051904687635,402.5695226330896,0.0017246608367861103,0,0,0,0,0,0,0,0,0.0,0,0,1.4
123800.0,1.4867620633509751e-08,403.55187679435755,402.6749856844511,0.0017219587323042606,0,0,0,0,0,0,0,0,0.0,0,0,1.4
123820.00000000001,1.4836571590785886e-08,403.7632008502638,402.78040431683814,0.0017192624893294338,0,0,0,0,0,0,0,0,0.0,0,0,1.4
123840.0,1.4805606690170657e-08,403.97449111380695,402.88577851486184,0.0017165720920206157,0,0,0,0,0,0,0,0,0.0,0,0,1.4
123860.0,1.4774725660000795e-08,404.1857474844008,402.99110826323533,0.0017138875245784287,0,0,0,0,0,0,0,0,0.0,0,0,1.4
123880.00000000001,1.4743928228613033e-08,404.3969698614593,403.096393546672,0.0017112087712034963,0,0,0,0,0,0,0,0,0.0,0,0,1.4
123900.0,1.4713214124344178e-08,404.60815814439604,403.201634349885,0.0017085358160964482,0,0,0,0,0,0,0,0,0.0,0,0,1.4
123920.0,1.4682583076354272e-08,404.8193122328253,403.3068306576882,0.0017058686434988357,0,0,0,0,0,0,0,0,0.0,0,0,1.4
123940.0,1.4652034817096623e-08,405.03043202716356,403.4119824552982,0.0017032072378159277,0,0,0,0,0,0,0,0,0.0,0,0,1.4
123960.00000000001,1.4621569079847807e-08,405.24151742802735,403.51708972803203,0.00170055158349392,0,0,0,0,0,0,0,0,0.0,0,0,1.4
123980.0,1.4591185597884483e-08,405.45256833603344,403.6221524612069,0.0016979016649790147,0,0,0,0,0,0,0,0,0.0,0,0,1.4
124000.0,1.4560884104483244e-08,405.66358465179854,403.72717064013995,0.0016952574667174068,0,0,0,0,0,0,0,0,0.0,0,0,1.4
124020.0,1.4530664333727656e-08,405.87456627613864,403.8321442502477,0.001692618973195521,0,0,0,0,0,0,0,0,0.0,0,0,1.4
124040.0,1.4500526022929145e-08,406.08551311066685,403.9370732773438,0.0016899861690606826,0,0,0,0,0,0,0,0,0.0,0,0,1.4
124060.0,1.4470468910206154e-08,406.296425057195,404.0419577073414,0.0016873590390004496,0,0,0,0,0,0,0,0,0.0,0,0,1.4
124080.0,1.4440492733677066e-08,406.50730201753527,404.1467975261533,0.0016847375677023738,0,0,0,0,0,0,0,0,0.0,0,0,1.4
124100.00000000001,1.441059723146027e-08,406.7181438935,404.2515927196927,0.0016821217398540068,0,0,0,0,0,0,0,0,0.0,0,0,1.4
124120.0,1.4380782142465196e-08,406.92895058709894,404.35634327397054,0.0016795115401824453,0,0,0,0,0,0,0,0,0.0,0,0,1.4
124140.0,1.4351047208765175e-08,407.1397220011341,404.46104917538946,0.0016769069535729332,0,0,0,0,0,0,0,0,0.0,0,0,1.4
124160.0,1.4321392173224541e-08,407.350458038605,404.5657104104504,0.0016743079649502546,0,0,0,0,0,0,0,0,0.0,0,0,1.4
124180.0,1.4291816778707611e-08,407.5611586025115,404.6703269656541,0.0016717145592391922,0,0,0,0,0,0,0,0,0.0,0,0,1.4
124200.0,1.4262320768078756e-08,407.771823595853,404.77489882750115,0.0016691267213645342,0,0,0,0,0,0,0,0,0.0,0,0,1.4
124220.0,1.4232903884977629e-08,407.98245292182594,404.879425982589,0.0016665444362899246,0,0,0,0,0,0,0,0,0.0,0,0,1.4
124240.00000000001,1.4203565876145191e-08,408.19304648441334,404.98390841790155,0.001663967689134454,0,0,0,0,0,0,0,0,0.0,0,0,1.4
124260.0,1.4174306489097803e-08,408.4036041877945,405.08834612051925,0.0016613964650560801,0,0,0,0,0,0,0,0,0.0,0,0,1.4
124280.0,1.4145125471351756e-08,408.614125936149,405.1927390775227,0.0016588307492127544,0,0,0,0,0,0,0,0,0.0,0,0,1.4
124300.0,1.4116022570423372e-08,408.8246116336565,405.2970872759922,0.0016562705267624313,0,0,0,0,0,0,0,0,0.0,0,0,1.4
124320.00000000001,1.408699753458895e-08,409.0350611846919,405.40139070310386,0.00165371578290126,0,0,0,0,0,0,0,0,0.0,0,0,1.4
124340.0,1.4058050115164881e-08,409.2454744944114,405.5056493464145,0.0016511665029781868,0,0,0,0,0,0,0,0,0.0,0,0,1.4
124360.0,1.4029180064227508e-08,409.45585146816654,405.6098631935766,0.001648622672380351,0,0,0,0,0,0,0,0,0.0,0,0,1.4
124380.00000000001,1.4000387133853161e-08,409.66619201130925,405.71403223224246,0.0016460842764948907,0,0,0,0,0,0,0,0,0.0,0,0,1.4
124400.0,1.3971671076118247e-08,409.8764960291908,405.81815645006435,0.0016435513007089498,0,0,0,0,0,0,0,0,0.0,0,0,1.4
124420.0,1.3943031643844112e-08,410.08676342735697,405.9222358347887,0.0016410237304472135,0,0,0,0,0,0,0,0,0.0,0,0,1.4
124440.0,1.3914468592832176e-08,410.29699411212937,406.0262703745376,0.001638501551284556,0,0,0,0,0,0,0,0,0.0,0,0,1.4
124460.00000000001,1.3885981679628856e-08,410.50718799002397,406.1302600575276,0.001635984748833396,0,0,0,0,0,0,0,0,0.0,0,0,1.4
124480.0,1.3857570660780619e-08,410.7173449675562,406.2342048719745,0.0016334733087061577,0,0,0,0,0,0,0,0,0.0,0,0,1.4
124500.0,1.3829235292833883e-08,410.92746495124175,406.33810480609486,0.0016309672165152607,0,0,0,0,0,0,0,0,0.0,0,0,1.4
124520.0,1.3800975333065403e-08,411.1375478477892,406.4419598481975,0.0016284664579100324,0,0,0,0,0,0,0,0,0.0,0,0,1.4
124540.0,1.377279054167321e-08,411.34759356467845,406.54576998696234,0.0016259710186874265,0,0,0,0,0,0,0,0,0.0,0,0,1.4
124560.0,1.3744680679585728e-08,411.55760200958156,406.64953521116195,0.0016234808846813103,0,0,0,0,0,0,0,0,0.0,0,0,1.4
124580.0,1.3716645507731304e-08,411.7675730901713,406.75325550956876,0.0016209960417255442,0,0,0,0,0,0,0,0,0.0,0,0,1.4
124600.00000000001,1.3688684787038303e-08,411.9775067141203,406.85693087095564,0.0016185164756539906,0,0,0,0,0,0,0,0,0.0,0,0,1.4
124620.0,1.366079827915109e-08,412.1874027892921,406.9605612841864,0.0016160421723367942,0,0,0,0,0,0,0,0,0.0,0,0,1.4
124640.0,1.3632985748577775e-08,412.3972612243163,407.0641467384906,0.001613573117789212,0,0,0,0,0,0,0,0,0.0,0,0,1.4
124660.0,1.3605246960542439e-08,412.60708192801394,407.1676872231892,0.0016111092980627835,0,0,0,0,0,0,0,0,0.0,0,0,1.4
124680.0,1.3577581680269145e-08,412.8168648092059,407.2711827276034,0.0016086506992090428,0,0,0,0,0,0,0,0,0.0,0,0,1.4
124700.0,1.354998967298201e-08,413.0266097767128,407.3746332410539,0.0016061973072795325,0,0,0,0,0,0,0,0,0.0,0,0,1.4
124720.0,1.3522470704606974e-08,413.2363167395459,407.47803875295193,0.0016037491083614524,0,0,0,0,0,0,0,0,0.0,0,0,1.4
124740.00000000001,1.3495024543877487e-08,413.44598560747704,407.5813992530695,0.001601306088684655,0,0,0,0,0,0,0,0,0.0,0,0,1.4
124760.0,1.3467650960228936e-08,413.6556162904678,407.6847147312681,0.0015988682345146612,0,0,0,0,0,0,0,0,0.0,0,0,1.4
124780.0,1.3440349723096647e-08,413.8652086984804,407.7879851774102,0.001596435532116989,0,0,0,0,0,0,0,0,0.0,0,0,1.4
124800.0,1.3413120601915968e-08,414.0747627414767,407.8912105813575,0.0015940079677571543,0,0,0,0,0,0,0,0,0.0,0,0,1.4
124820.00000000001,1.3385963366810317e-08,414.28427832960756,407.9943909330609,0.001591585527735733,0,0,0,0,0,0,0,0,0.0,0,0,1.4
124840.0,1.3358877790655562e-08,414.49375537377887,408.09752622282684,0.0015891681984935343,0,0,0,0,0,0,0,0,0.0,0,0,1.4
124860.0,1.3331863647015589e-08,414.70319378508566,408.2006164410506,0.00158675596650642,0,0,0,0,0,0,0,0,0.0,0,0,1.4
124880.00000000001,1.33049207094543e-08,414.9125934746231,408.30366157812773,0.0015843488182502542,0,0,0,0,0,0,0,0,0.0,0,0,1.4
124900.0,1.3278048751535644e-08,415.1219543534858,408.40666162445325,0.0015819467402009037,0,0,0,0,0,0,0,0,0.0,0,0,1.4
124920.0,1.325124754749813e-08,415.33127633295646,408.5096165705103,0.001579549718868696,0,0,0,0,0,0,0,0,0.0,0,0,1.4
124940.0,1.3224516874278727e-08,415.54055932506776,408.6125264071324,0.0015771577409018193,0,0,0,0,0,0,0,0,0.0,0,0,1.4
124960.00000000001,1.3197856509489003e-08,415.74980324204,408.71539112524096,0.001574770792982924,0,0,0,0,0,0,0,0,0.0,0,0,1.4
124980.0,1.3171266230740574e-08,415.95900799609313,408.8182107157572,0.0015723888617946663,0,0,0,0,0,0,0,0,0.0,0,0,1.4
125000.0,1.3144745815645008e-08,416.16817349944756,408.9209851696022,0.0015700119340196972,0,0,0,0,0,0,0,0,0.0,0,0,1.4
125020.0,1.3118295042475283e-08,416.37729966450974,409.02371447778387,0.0015676399963745497,0,0,0,0,0,0,0,0,0.0,0,0,1.4
125040.0,1.309191369214996e-08,416.5863864044311,409.12639863165555,0.0015652730357112806,0,0,0,0,0,0,0,0,0.0,0,0,1.4
125060.0,1.3065601546249047e-08,416.79543363254913,409.2290376226569,0.0015629110389158312,0,0,0,0,0,0,0,0,0.0,0,0,1.4
125080.0,1.3039358386352511e-08,417.0044412622014,409.3316314422277,0.001560553992874139,0,0,0,0,0,0,0,0,0.0,0,0,1.4
125100.00000000001,1.3013183994040297e-08,417.2134092067257,409.434180081808,0.001558201884472141,0,0,0,0,0,0,0,0,0.0,0,0,1.4
125120.0,1.2987078151540892e-08,417.4223373796444,409.5366835329225,0.0015558547006290881,0,0,0,0,0,0,0,0,0.0,0,0,1.4
125140.0,1.2961040643676593e-08,417.63122569521994,409.6391417874371,0.0015535124283974622,0,0,0,0,0,0,0,0,0.0,0,0,1.4
125160.0,1.2935071255918185e-08,417.8400740678999,409.74155483730306,0.0015511750548630552,0,0,0,0,0,0,0,0,0.0,0,0,1.4
125180.0,1.2909169773736433e-08,418.0488824121315,409.8439226744714,0.0015488425671116568,0,0,0,0,0,0,0,0,0.0,0,0,1.4
125200.0,1.2883335982602161e-08,418.257650642362,409.9462452908931,0.0015465149522290642,0,0,0,0,0,0,0,0,0.0,0,0,1.4
125220.0,1.2857569668621948e-08,418.4663786732225,410.0485226786034,0.001544192197333814,0,0,0,0,0,0,0,0,0.0,0,0,1.4
125240.00000000001,1.2831870620445604e-08,418.6750664200787,410.1507548299733,0.0015418742896754316,0,0,0,0,0,0,0,0,0.0,0,0,1.4
125260.0,1.2806238627358812e-08,418.883713798479,410.25294173745783,0.0015395612165361968,0,0,0,0,0,0,0,0,0.0,0,0,1.4
125280.0,1.2780673478647195e-08,419.09232072397293,410.355083393512,0.0015372529651983813,0,0,0,0,0,0,0,0,0.0,0,0,1.4
125300.0,1.2755174963596394e-08,419.3008871121095,410.457179790591,0.001534949522944261,0,0,0,0,0,0,0,0,0.0,0,0,1.4
125320.00000000001,1.2729742872115443e-08,419.5094128786201,410.55923092123277,0.0015326508770883037,0,0,0,0,0,0,0,0,0.0,0,0,1.4
125340.0,1.2704376996607069e-08,419.7178979399654,410.66123677830615,0.001530357015073763,0,0,0,0,0,0,0,0,0.0,0,0,1.4
125360.0,1.2679077130097349e-08,419.9263422127886,410.76319735476335,0.0015280679243760836,0,0,0,0,0,0,0,0,0.0,0,0,1.4
125380.00000000001,1.2653843065612363e-08,420.13474561373323,410.8651126435563,0.001525783592470709,0,0,0,0,0,0,0,0,0.0,0,0,1.4
125400.0,1.2628674596178243e-08,420.34310805944205,410.96698263763705,0.0015235040068330892,0,0,0,0,0,0,0,0,0.0,0,0,1.4
125420.0,1.2603571515432342e-08,420.55142946673936,411.06880733003914,0.0015212291549703213,0,0,0,0,0,0,0,0,0.0,0,0,1.4
125440.0,1.2578533619457128e-08,420.7597097531735,411.1705867141225,0.0015189590245161197,0,0,0,0,0,0,0,0,0.0,0,0,1.4
125460.00000000001,1.2553560704946315e-08,420.96794883647374,411.2723207833292,0.0015166936031358509,0,0,0,0,0,0,0,0,0.0,0,0,1.4
125480.0,1.2528652568593679e-08,421.17614663436893,411.37400953110046,0.0015144328784948851,0,0,0,0,0,0,0,0,0.0,0,0,1.4
125500.0,1.250380900709294e-08,421.3843030645885,411.4756529508783,0.0015121768382585891,0,0,0,0,0,0,0,0,0.0,0,0,1.4
125520.0,1.2479029817737224e-08,421.5924180450413,411.57725103618486,0.0015099254701234526,0,0,0,0,0,0,0,0,0.0,0,0,1.4
125540.0,1.2454314800217181e-08,421.8004914943557,411.6788037808643,0.0015076787619104513,0,0,0,0,0,0,0,0,0.0,0,0,1.4
125560.0,1.2429663754822905e-08,422.0085233313393,411.78031117884103,0.001505436701471689,0,0,0,0,0,0,0,0,0.0,0,0,1.4
125580.0,1.240507648184444e-08,422.2165134748,411.8817732240399,0.0015031992766592634,0,0,0,0,0,0,0,0,0.0,0,0,1.4
125600.00000000001,1.2380552781571819e-08,422.4244618435459,411.9831899103855,0.001500966475325273,0,0,0,0,0,0,0,0,0.0,0,0,1.4
125620.0,1.2356092454882887e-08,422.63236835656295,412.0845612318816,0.0014987382853524198,0,0,0,0,0,0,0,0,0.0,0,0,1.4
125640.0,1.2331695305006414e-08,422.840232933551,412.1858871828494,0.0014965146947457987,0,0,0,0,0,0,0,0,0.0,0,0,1.4
125660.0,1.2307361135758937e-08,423.04805549438834,412.28716775768913,0.0014942956915411044,0,0,0,0,0,0,0,0,0.0,0,0,1.4
125680.0,1.2283089750956971e-08,423.2558359589531,412.3884029508012,0.001492081263774031,0,0,0,0,0,0,0,0,0.0,0,0,1.4
125700.0,1.2258880954417087e-08,423.46357424712323,412.489592756586,0.0014898713994802768,0,0,0,0,0,0,0,0,0.0,0,0,1.4
125720.0,1.2234734550532157e-08,423.6712702789541,412.59073716952184,0.0014876660867256227,0,0,0,0,0,0,0,0,0.0,0,0,1.4
125740.00000000001,1.2210650346000472e-08,423.87892397521,412.6918361844002,0.0014854653136961997,0,0,0,0,0,0,0,0,0.0,0,0,1.4
125760.0,1.2186628148096725e-08,424.0865352568316,412.79288979609044,0.0014832690686082308,0,0,0,0,0,0,0,0,0.0,0,0,1.4
125780.0,1.2162667764095558e-08,424.2941040447604,412.89389799946196,0.001481077339677934,0,0,0,0,0,0,0,0,0.0,0,0,1.4
125800.0,1.2138769001271636e-08,424.5016302599375,412.9948607893843,0.0014788901151215291,0,0,0,0,0,0,0,0,0.0,0,0,1.4
125820.00000000001,1.2114931667464792e-08,424.70911382348,413.095778160804,0.001476707383184818,0,0,0,0,0,0,0,0,0.0,0,0,1.4
125840.0,1.2091155572775678e-08,424.916554657208,413.1966501089756,0.0014745291322319405,0,0,0,0,0,0,0,0,0.0,0,0,1.4
125860.0,1.2067440527870083e-08,425.1239526831176,413.29747662923074,0.0014723553506566164,0,0,0,0,0,0,0,0,0.0,0,0,1.4
125880.00000000001,1.204378634341381e-08,425.33130782320524,413.3982577169012,0.0014701860268525647,0,0,0,0,0,0,0,0,0.0,0,0,1.4
125900.0,1.2020192830072695e-08,425.5386199994667,413.4989933673185,0.0014680211492135095,0,0,0,0,0,0,0,0,0.0,0,0,1.4
125920.0,1.1996659799066797e-08,425.74588913407274,413.5996835758903,0.001465860706162259,0,0,0,0,0,0,0,0,0.0,0,0,1.4
125940.0,1.1973187063833231e-08,425.9531151498922,413.7003283383279,0.0014637046862379785,0,0,0,0,0,0,0,0,0.0,0,0,1.4
125960.00000000001,1.1949774438363358e-08,426.16029796996844,413.8009276504184,0.0014615530780089216,0,0,0,0,0,0,0,0,0.0,0,0,1.4
125980.0,1.192642173664859e-08,426.3674375173446,413.90148150794886,0.0014594058700433457,0,0,0,0,0,0,0,0,0.0,0,0,1.4
126000.0,1.1903128772680293e-08,426.57453371506415,414.0019899067066,0.001457263050909504,0,0,0,0,0,0,0,0,0.0,0,0,1.4
126020.0,1.1879895360993402e-08,426.78158648634354,414.10245284255353,0.0014551246092042553,0,0,0,0,0,0,0,0,0.0,0,0,1.4
126040.0,1.1856721318297098e-08,426.9885957550926,414.20287031165105,0.0014529905336388735,0,0,0,0,0,0,0,0,0.0,0,0,1.4
126060.0,1.1833606461844174e-08,427.1955614453939,414.30324231023496,0.0014508608129532407,0,0,0,0,0,0,0,0,0.0,0,0,1.4
126080.0,1.1810550608887362e-08,427.4024834813303,414.4035688345416,0.0014487354358872348,0,0,0,0,0,0,0,0,0.0,0,0,1.4
126100.00000000001,1.1787553576679414e-08,427.609361786985,414.503849880807,0.0014466143911807338,0,0,0,0,0,0,0,0,0.0,0,0,1.4
126120.0,1.1764615183006193e-08,427.81619628661235,414.6040854453409,0.0014444976676017476,0,0,0,0,0,0,0,0,0.0,0,0,1.4
126140.0,1.1741735247785855e-08,428.02298690515494,414.7042755247479,0.00144238525403079,0,0,0,0,0,0,0,0,0.0,0,0,1.4
126160.0,1.1718913591469647e-08,428.22973356772724,414.8044201157063,0.0014402771393765045,0,0,0,0,0,0,0,0,0.0,0,0,1.4
126180.0,1.1696150034508806e-08,428.4364361994436,414.90451921489466,0.0014381733125475324,0,0,0,0,0,0,0,0,0.0,0,0,1.4
126200.0,1.1673444397354614e-08,428.64309472541834,415.00457281899094,0.0014360737624525203,0,0,0,0,0,0,0,0,0.0,0,0,1.4
126220.0,1.1650796500981121e-08,428.8497090709365,415.1045809247463,0.0014339784780277687,0,0,0,0,0,0,0,0,0.0,0,0,1.4
126240.00000000001,1.1628206168453644e-08,429.0562791619663,415.2045435292024,0.0014318874483202158,0,0,0,0,0,0,0,0,0.0,0,0,1.4
126260.0,1.160567322336036e-08,429.262804924646,415.30446062947345,0.001429800662404464,0,0,0,0,0,0,0,0,0.0,0,0,1.4
126280.0,1.158319748928941e-08,429.4692862851145,415.4043322226739,0.00142771810935511,0,0,0,0,0,0,0,0,0.0,0,0,1.4
126300.0,1.1560778789828935e-08,429.6757231695103,415.5041583059179,0.0014256397782467529,0,0,0,0,0,0,0,0,0.0,0,0,1.4
126320.00000000001,1.1538416949079838e-08,429.8821155041417,415.6039388763914,0.0014235656581811896,0,0,0,0,0,0,0,0,0.0,0,0,1.4
126340.0,1.1516111793194123e-08,430.0884632159935,415.7036739315663,0.0014214957383690194,0,0,0,0,0,0,0,0,0.0,0,0,1.4
126360.0,1.149386314883652e-08,430.2947662322204,415.80336346898616,0.0014194300080480355,0,0,0,0,0,0,0,0,0.0,0,0,1.4
126380.00000000001,1.1471670842671747e-08,430.50102447997705,415.90300748619467,0.001417368456456032,0,0,0,0,0,0,0,0,0.0,0,0,1.4
126400.0,1.1449534701364582e-08,430.7072378864179,416.0026059807351,0.0014153110728308067,0,0,0,0,0,0,0,0,0.0,0,0,1.4
126420.0,1.142745455208267e-08,430.9134063788655,416.1021589502217,0.0014132578464369026,0,0,0,0,0,0,0,0,0.0,0,0,1.4
126440.0,1.1405430224005364e-08,431.1195298853151,416.2016663925506,0.0014112087666458568,0,0,0,0,0,0,0,0,0.0,0,0,1.4
126460.00000000001,1.1383461546814924e-08,431.32560833393,416.3011283056884,0.0014091638228559546,0,0,0,0,0,0,0,0,0.0,0,0,1.4
126480.0,1.1361548350193651e-08,431.5316416528731,416.40054468760184,0.001407123004465485,0,0,0,0,0,0,0,0,0.0,0,0,1.4
126500.0,1.133969046382381e-08,431.7376297703078,416.49991553625756,0.001405086300872733,0,0,0,0,0,0,0,0,0.0,0,0,1.4
126520.0,1.1317887717880955e-08,431.9435726145642,416.5992408496917,0.00140305370150229,0,0,0,0,0,0,0,0,0.0,0,0,1.4
126540.0,1.129613994451375e-08,432.1494701146394,416.6985206262184,0.0014010251958839668,0,0,0,0,0,0,0,0,0.0,0,0,1.4
126560.0,1.1274446976364185e-08,432.35532219969747,416.7977548642208,0.0013990007735738834,0,0,0,0,0,0,0,0,0.0,0,0,1.4
126580.0,1.1252808646074202e-08,432.5611287989023,416.8969435620825,0.0013969804241281555,0,0,0,0,0,0,0,0,0.0,0,0,1.4
126600.00000000001,1.1231224786285748e-08,432.76688984141805,416.99608671818703,0.0013949641371028992,0,0,0,0,0,0,0,0,0.0,0,0,1.4
126620.0,1.1209695230124645e-08,432.972605256574,417.09518433098606,0.0013929519020801035,0,0,0,0,0,0,0,0,0.0,0,0,1.4
126640.0,1.1188219812652017e-08,433.1782749743618,417.1942363992052,0.001390943708745232,0,0,0,0,0,0,0,0,0.0,0,0,1.4
126660.0,1.1166798369412828e-08,433.3838989249384,417.29324292163835,0.001388939546809618,0,0,0,0,0,0,0,0,0.0,0,0,1.4
126680.0,1.1145430735952035e-08,433.589477038461,417.3922038970795,0.0013869394059845953,0,0,0,0,0,0,0,0,0.0,0,0,1.4
126700.0,1.1124116747814641e-08,433.7950092450863,417.49111932432254,0.0013849432759814998,0,0,0,0,0,0,0,0,0.0,0,0,1.4
126720.0,1.1102856241020187e-08,434.0004954751357,417.5899892022288,0.001382951146537107,0,0,0,0,0,0,0,0,0.0,0,0,1.4
126740.00000000001,1.1081649053486574e-08,434.20593565958757,417.6888135299294,0.0013809630074899614,0,0,0,0,0,0,0,0,0.0,0,0,1.4
126760.0,1.1060495023606329e-08,434.41132972958417,417.7875923066225,0.0013789788487040546,0,0,0,0,0,0,0,0,0.0,0,0,1.4
126780.0,1.1039393989771953e-08,434.6166776162682,417.8863255315066,0.0013769986600433736,0,0,0,0,0,0,0,0,0.0,0,0,1.4
126800.0,1.1018345790375941e-08,434.8219792507822,417.9850132037802,0.0013750224313719072,0,0,0,0,0,0,0,0,0.0,0,0,1.4
126820.00000000001,1.099735026427632e-08,435.02723456443164,418.083655322708,0.0013730501525786648,0,0,0,0,0,0,0,0,0.0,0,0,1.4
126840.0,1.0976407252193286e-08,435.2324434891737,418.1822518878202,0.0013710818136527525,0,0,0,0,0,0,0,0,0.0,0,0,1.4
126860.0,1.0955516595312522e-08,435.4376059571284,418.2808028987135,0.001369117404608294,0,0,0,0,0,0,0,0,0.0,0,0,1.4
126880.00000000001,1.0934678134819721e-08,435.64272190041635,418.3793083549847,0.0013671569154594127,0,0,0,0,0,0,0,0,0.0,0,0,1.4
126900.0,1.0913891711900609e-08,435.8477912511573,418.47776825623015,0.0013652003362202374,0,0,0,0,0,0,0,0,0.0,0,0,1.4
126920.0,1.0893157168197523e-08,436.0528139416332,418.57618260211217,0.0013632476569295012,0,0,0,0,0,0,0,0,0.0,0,0,1.4
126940.0,1.0872474347179423e-08,436.25778990477284,418.6745513925542,0.0013612988677243764,0,0,0,0,0,0,0,0,0.0,0,0,1.4
126960.00000000001,1.0851843092771895e-08,436.46271907366656,418.77287462754543,0.0013593539587666433,0,0,0,0,0,0,0,0,0.0,0,0,1.4
126980.0,1.0831263248900574e-08,436.66760138140455,418.87115230707474,0.0013574129202180872,0,0,0,0,0,0,0,0,0.0,0,0,1.4
127000.0,1.0810734659491058e-08,436.8724367610774,418.9693844311311,0.0013554757422404875,0,0,0,0,0,0,0,0,0.0,0,0,1.4
127020.0,1.0790257168916917e-08,437.0772251459357,419.06757099976807,0.0013535424150198324,0,0,0,0,0,0,0,0,0.0,0,0,1.4
127040.0,1.076983062334361e-08,437.2819664698721,419.1657120132965,0.0013516129288389323,0,0,0,0,0,0,0,0,0.0,0,0,1.4
127060.0,1.0749454869384598e-08,437.4866606669391,419.2638074720917,0.0013496872740048065,0,0,0,0,0,0,0,0,0.0,0,0,1.4
127080.0,1.0729129753653313e-08,437.6913076711896,419.36185737652914,0.001347765440824471,0,0,0,0,0,0,0,0,0.0,0,0,1.4
127100.00000000001,1.070885512276317e-08,437.89590741667666,419.4598617269842,0.001345847419604942,0,0,0,0,0,0,0,0,0.0,0,0,1.4
127120.0,1.0688630823767088e-08,438.1004598376119,419.55782052389543,0.0013439332006770458,0,0,0,0,0,0,0,0,0.0,0,0,1.4
127140.0,1.0668456705475729e-08,438.3049648688439,419.65573376795544,0.001342022774466832,0,0,0,0,0,0,0,0,0.0,0,0,1.4
127160.0,1.0648332617139214e-08,438.5094224453805,419.75360145992005,0.0013401161314241582,0,0,0,0,0,0,0,0,0.0,0,0,1.4
127180.0,1.0628258408007653e-08,438.71383250222954,419.8514236005451,0.0013382132619988803,0,0,0,0,0,0,0,0,0.0,0,0,1.4
127200.0,1.0608233927331197e-08,438.9181949743982,419.9492001905864,0.001336314156640859,0,0,0,0,0,0,0,0,0.0,0,0,1.4
127220.0,1.0588259024791071e-08,439.12250979705243,420.04693123086224,0.0013344188058233672,0,0,0,0,0,0,0,0,0.0,0,0,1.4
127240.00000000001,1.0568333551792957e-08,439.32677690598933,420.1446167224407,0.001332527200113346,0,0,0,0,0,0,0,0,0.0,0,0,1.4
127260.0,1.0548457360173707e-08,439.5309962371637,420.2422566664522,0.0013306393301011571,0,0,0,0,0,0,0,0,0.0,0,0,1.4
127280.0,1.0528630301770121e-08,439.73516772653056,420.3398510640274,0.0013287551863771585,0,0,0,0,0,0,0,0,0.0,0,0,1.4
127300.0,1.0508852228419015e-08,439.93929131004484,420.4373999162967,0.0013268747595317097,0,0,0,0,0,0,0,0,0.0,0,0,1.4
127320.00000000001,1.048912299238014e-08,440.1433669238184,420.53490322445225,0.0013249980401782015,0,0,0,0,0,0,0,0,0.0,0,0,1.4
127340.0,1.0469442447605068e-08,440.3473945045889,420.63236098993184,0.0013231250190221613,0,0,0,0,0,0,0,0,0.0,0,0,1.4
127360.0,1.0449810448468284e-08,440.55137398925126,420.72977321423485,0.0013212556867921456,0,0,0,0,0,0,0,0,0.0,0,0,1.4
127380.00000000001,1.0430226849344266e-08,440.75530531470014,420.82713989886093,0.0013193900342167112,0,0,0,0,0,0,0,0,0.0,0,0,1.4
127400.0,1.0410691504607529e-08,440.95918841783,420.9244610453093,0.0013175280520244183,0,0,0,0,0,0,0,0,0.0,0,0,1.4
127420.0,1.0391204269047501e-08,441.16302323569096,421.0217366551399,0.0013156697309664792,0,0,0,0,0,0,0,0,0.0,0,0,1.4
127440.0,1.0371764999113373e-08,441.36680970595444,421.118966730155,0.0013138150618847307,0,0,0,0,0,0,0,0,0.0,0,0,1.4
127460.00000000001,1.0352373551669267e-08,441.5705477664477,421.21615127221736,0.001311964035643664,0,0,0,0,0,0,0,0,0.0,0,0,1.4
127480.0,1.0333029783579348e-08,441.7742373549972,421.3132902831894,0.0013101166431077735,0,0,0,0,0,0,0,0,0.0,0,0,1.4
127500.0,1.0313733551707733e-08,441.97787840943005,421.41038376493407,0.0013082728751415507,0,0,0,0,0,0,0,0,0.0,0,0,1.4
127520.0,1.0294484713325668e-08,442.1814708677271,421.5074317193735,0.001306432722631774,0,0,0,0,0,0,0,0,0.0,0,0,1.4
127540.0,1.0275283127332809e-08,442.3850146684861,421.6044341486686,0.0013045961765543658,0,0,0,0,0,0,0,0,0.0,0,0,1.4
127560.0,1.025612865303596e-08,442.58850975045806,421.7013910550394,0.0013027632279075374,0,0,0,0,0,0,0,0,0.0,0,0,1.4
127580.0,1.023702114974188e-08,442.79195605239454,421.79830244070615,0.0013009338676894973,0,0,0,0,0,0,0,0,0.0,0,0,1.4
127600.00000000001,1.0217960476757336e-08,442.99535351304735,421.8951683078895,0.0012991080868984535,0,0,0,0,0,0,0,0,0.0,0,0,1.4
127620.0,1.0198946493788552e-08,443.19870207132044,421.9919886588681,0.0012972858765545397,0,0,0,0,0,0,0,0,0.0,0,0,1.4
127640.0,1.0179979062139398e-08,443.4020016667297,422.0887634961557,0.0012954672277655731,0,0,0,0,0,0,0,0,0.0,0,0,1.4
127660.0,1.0161058043513184e-08,443.6052522389439,422.18549282232476,0.0012936521316612942,0,0,0,0,0,0,0,0,0.0,0,0,1.4
127680.0,1.0142183299613197e-08,443.80845372763184,422.2821766399477,0.0012918405793714415,0,0,0,0,0,0,0,0,0.0,0,0,1.4
127700.0,1.0123354692142773e-08,444.01160607246186,422.3788149515967,0.0012900325620257582,0,0,0,0,0,0,0,0,0.0,0,0,1.4
127720.0,1.0104572083197106e-08,444.2147092132545,422.47540775990205,0.0012882280707755482,0,0,0,0,0,0,0,0,0.0,0,0,1.4
127740.00000000001,1.0085835336439007e-08,444.4177630904365,422.57195506772507,0.0012864270968583763,0,0,0,0,0,0,0,0,0.0,0,0,1.4
127760.0,1.0067144315923222e-08,444.62076764458595,422.6684568779844,0.001284629631533376,0,0,0,0,0,0,0,0,0.0,0,0,1.4
127780.0,1.004849888570446e-08,444.82372281628136,422.76491319359934,0.001282835666059677,0,0,0,0,0,0,0,0,0.0,0,0,1.4
127800.0,1.0029898909837448e-08,445.0266285461011,422.8613240174885,0.0012810451916964109,0,0,0,0,0,0,0,0,0.0,0,0,1.4
127820.00000000001,1.0011344252761424e-08,445.2294847747739,422.95768935262805,0.001279258199723921,0,0,0,0,0,0,0,0,0.0,0,0,1.4
127840.0,9.992834780453792e-09,445.43229144362965,423.05400920222087,0.0012774746815074102,0,0,0,0,0,0,0,0,0.0,0,0,1.4
127860.0,9.974370359276445e-09,445.63504849414875,423.15028356952723,0.0012756946284332928,0,0,0,0,0,0,0,0,0.0,0,0,1.4
127880.00000000001,9.955950855591276e-09,445.83775586781206,423.24651245780717,0.0012739180318879816,0,0,0,0,0,0,0,0,0.0,0,0,1.4
127900.0,9.93757613576022e-09,446.0404135060995,423.34269587032065,0.0012721448832578937,0,0,0,0,0,0,0,0,0.0,0,0,1.4
127920.0,9.919246066522479e-09,446.24302135064096,423.4388338103837,0.0012703751739503123,0,0,0,0,0,0,0,0,0.0,0,0,1.4
127940.0,9.900960516126508e-09,446.44557934366264,423.53492628153634,0.0012686088954559996,0,0,0,0,0,0,0,0,0.0,0,0,1.4
127960.00000000001,9.88271935319807e-09,446.64808742753996,423.6309732873746,0.0012668460392865847,0,0,0,0,0,0,0,0,0.0,0,0,1.4
127980.0,9.864522446362951e-09,446.85054554464807,423.72697483149415,0.0012650865969537023,0,0,0,0,0,0,0,0,0.0,0,0,1.4
128000.0,9.846369664246911e-09,447.05295363736263,423.82293091749096,0.0012633305599689826,0,0,0,0,0,0,0,0,0.0,0,0,1.4
128020.00000000001,9.82826087584594e-09,447.25531164820694,423.9188415490162,0.0012615779198645854,0,0,0,0,0,0,0,0,0.0,0,0,1.4
128039.99999999999,9.810195951637e-09,447.4576195202953,424.01470672994094,0.0012598286682547976,0,0,0,0,0,0,0,0,0.0,0,0,1.4
128060.0,9.792174762467213e-09,447.6598771968909,424.1105264641917,0.0012580827967744266,0,0,0,0,0,0,0,0,0.0,0,0,1.4
128080.00000000001,9.774197179183757e-09,447.86208462125603,424.20630075569466,0.001256340297058288,0,0,0,0,0,0,0,0,0.0,0,0,1.4
128100.0,9.756263072633829e-09,448.0642417366532,424.3020296083761,0.001254601160741197,0,0,0,0,0,0,0,0,0.0,0,0,1.4
128120.0,9.738372314027844e-09,448.2663484864921,424.39771302621676,0.0012528653794781602,0,0,0,0,0,0,0,0,0.0,0,0,1.4
128140.00000000001,9.720524776029527e-09,448.4684048147685,424.493351013414,0.0012511329450049854,0,0,0,0,0,0,0,0,0.0,0,0,1.4
128160.0,9.702720331665914e-09,448.67041066562484,424.5889435742191,0.001249403849077679,0,0,0,0,0,0,0,0,0.0,0,0,1.4
128180.0,9.684958853963967e-09,448.8723659832043,424.68449071288416,0.0012476780834522407,0,0,0,0,0,0,0,0,0.0,0,0,1.4
128199.99999999999,9.667240215950734e-09,449.07427071164904,424.77999243366037,0.0012459556398846786,0,0,0,0,0,0,0,0,0.0,0,0,1.4
128220.0,9.64956429100969e-09,449.27612479524765,424.875448740853,0.0012442365101508633,0,0,0,0,0,0,0,0,0.0,0,0,1.4
128240.00000000001,9.631930953950413e-09,449.47792817886994,424.9708596389802,0.0012425206861061552,0,0,0,0,0,0,0,0,0.0,0,0,1.4
128259.99999999999,9.614340079938993e-09,449.67968080753076,425.0662251326134,0.0012408081596257856,0,0,0,0,0,0,0,0,0.0,0,0,1.4
128280.0,9.596791544141447e-09,449.8813826262461,425.1615452263247,0.0012390989225849788,0,0,0,0,0,0,0,0,0.0,0,0,1.4
128300.00000000001,9.579285221723861e-09,450.08303358003093,425.25681992468554,0.0012373929668589665,0,0,0,0,0,0,0,0,0.0,0,0,1.4
128320.0,9.561820988202188e-09,450.2846336140446,425.35204923232,0.0012356902843425296,0,0,0,0,0,0,0,0,0.0,0,0,1.4
128340.0,9.544398720491723e-09,450.486182674024,425.44723315406225,0.0012339908670086427,0,0,0,0,0,0,0,0,0.0,0,0,1.4
128360.00000000001,9.527018295857702e-09,450.68768070584946,425.54237169479893,0.001232294706849837,0,0,0,0,0,0,0,0,0.0,0,0,1.4
128380.0,9.509679591565361e-09,450.88912765540124,425.63746485941635,0.0012306017958586437,0,0,0,0,0,0,0,0,0.0,0,0,1.4
128400.0,9.492382484879854e-09,451.0905234685605,425.73251265280135,0.0012289121260275874,0,0,0,0,0,0,0,0,0.0,0,0,1.4
128420.00000000001,9.475126853409758e-09,451.2918680913505,425.827515079892,0.001227225689368434,0,0,0,0,0,0,0,0,0.0,0,0,1.4
128440.0,9.457912576137002e-09,451.49316147036666,425.92247214583296,0.0012255424779698894,0,0,0,0,0,0,0,0,0.0,0,0,1.4
128460.00000000001,9.440739532386782e-09,451.69440355234815,426.017383855821,0.0012238624839398873,0,0,0,0,0,0,0,0,0.0,0,0,1.4
128479.99999999999,9.423607601484395e-09,451.895594284033,426.1122502150522,0.0012221856993863715,0,0,0,0,0,0,0,0,0.0,0,0,1.4
128500.0,9.406516662755037e-09,452.0967336121605,426.2070712287234,0.0012205121164172753,0,0,0,0,0,0,0,0,0.0,0,0,1.4
128520.00000000001,9.389466595860928e-09,452.2978214836108,426.3018469020817,0.0012188417271594642,0,0,0,0,0,0,0,0,0.0,0,0,1.4
128539.99999999999,9.37245728181207e-09,452.498857845831,426.39657724057747,0.0012171745238155022,0,0,0,0,0,0,0,0,0.0,0,0,1.4
128560.0,9.355488601955351e-09,452.69984264641147,426.49126224971224,0.00121551049860687,0,0,0,0,0,0,0,0,0.0,0,0,1.4
128580.00000000001,9.33856043763772e-09,452.900775832941,426.5859019349873,0.0012138496437550563,0,0,0,0,0,0,0,0,0.0,0,0,1.4
128600.0,9.321672670206133e-09,453.1016573530088,426.6804963019038,0.0012121919514815494,0,0,0,0,0,0,0,0,0.0,0,0,1.4
128620.0,9.30482518133816e-09,453.3024871543455,426.7750453560133,0.0012105374140264503,0,0,0,0,0,0,0,0,0.0,0,0,1.4
128640.00000000001,9.288017854034196e-09,453.5032651852429,426.869549103067,0.0012088860237043483,0,0,0,0,0,0,0,0,0.0,0,0,1.4
128660.0,9.271250571625312e-09,453.7039913941336,426.9640075488658,0.0012072377728484511,0,0,0,0,0,0,0,0,0.0,0,0,1.4
128680.0,9.25452321744252e-09,453.90466572945087,427.0584206992112,0.0012055926537919612,0,0,0,0,0,0,0,0,0.0,0,0,1.4
128699.99999999999,9.237835674816927e-09,454.105288139627,427.1527885599042,0.0012039506588680893,0,0,0,0,0,0,0,0,0.0,0,0,1.4
128720.0,9.221187827404084e-09,454.3058585732348,427.24711113679535,0.0012023117804283586,0,0,0,0,0,0,0,0,0.0,0,0,1.4
128740.00000000001,9.204579560157852e-09,454.5063769794037,427.34138843593166,0.0012006760108975842,0,0,0,0,0,0,0,0,0.0,0,0,1.4
128759.99999999999,9.188010758356642e-09,454.7068433074026,427.4356204634093,0.0011990433427189033,0,0,0,0,0,0,0,0,0.0,0,0,1.4
128780.0,9.17148130727879e-09,454.9072575065015,427.52980722532493,0.0011974137683354459,0,0,0,0,0,0,0,0,0.0,0,0,1.4
128800.00000000001,9.154991092202708e-09,455.1076195259692,427.62394872777463,0.0011957872801903482,0,0,0,0,0,0,0,0,0.0,0,0,1.4
128820.0,9.138539998725345e-09,455.30792931521285,427.718044976903,0.0011941638707447743,0,0,0,0,0,0,0,0,0.0,0,0,1.4
128840.0,9.122127913717742e-09,455.50818682419305,427.8120959790483,0.0011925435325319887,0,0,0,0,0,0,0,0,0.0,0,0,1.4
128860.00000000001,9.105754724369555e-09,455.7083920030076,427.9061017405969,0.0011909262581032884,0,0,0,0,0,0,0,0,0.0,0,0,1.4
128880.0,9.089420317870436e-09,455.9085448017544,428.00006226793494,0.0011893120400099726,0,0,0,0,0,0,0,0,0.0,0,0,1.4
128900.0,9.073124581409972e-09,456.1086451705322,428.0939775674494,0.0011877008708033319,0,0,0,0,0,0,0,0,0.0,0,0,1.4
128920.00000000001,9.056867402490463e-09,456.30869305957594,428.1878476455739,0.0011860927430524023,0,0,0,0,0,0,0,0,0.0,0,0,1.4
128940.0,9.040648669864826e-09,456.5086884196684,428.2816725089328,0.0011844876493971753,0,0,0,0,0,0,0,0,0.0,0,0,1.4
128960.00000000001,9.024468272598558e-09,456.7086312017305,428.3754521641982,0.0011828855824953723,0,0,0,0,0,0,0,0,0.0,0,0,1.4
128979.99999999999,9.008326099757246e-09,456.9085213566818,428.46918661804165,0.0011812865350047253,0,0,0,0,0,0,0,0,0.0,0,0,1.4
129000.0,8.99222204040639e-09,457.108358835443,428.5628758771355,0.0011796904995829563,0,0,0,0,0,0,0,0,0.0,0,0,1.4
129020.00000000001,8.976155983918428e-09,457.30814358907,428.65651994819825,0.0011780974689052487,0,0,0,0,0,0,0,0,0.0,0,0,1.4
129039.99999999999,8.960127820893308e-09,457.5078755691616,428.7501188381356,0.0011765074357166028,0,0,0,0,0,0,0,0,0.0,0,0,1.4
129060.0,8.944137442237779e-09,457.7075547274534,428.84367255390043,0.0011749203927794662,0,0,0,0,0,0,0,0,0.0,0,0,1.4
129080.00000000001,8.928184738858659e-09,457.90718101567995,428.9371811024451,0.001173336332856293,0,0,0,0,0,0,0,0,0.0,0,0,1.4
129100.0,8.91226960166277e-09,458.1067543855761,429.03064449072224,0.0011717552487095382,0,0,0,0,0,0,0,0,0.0,0,0,1.4
129120.0,8.896391921858084e-09,458.30627478901187,429.12406272573065,0.0011701771331188249,0,0,0,0,0,0,0,0,0.0,0,0,1.4
129140.00000000001,8.88055159185753e-09,458.50574217839517,429.21743581465284,0.0011686019789324878,0,0,0,0,0,0,0,0,0.0,0,0,1.4
129160.0,8.864748504375264e-09,458.7051565062684,429.3107637647175,0.0011670297790160374,0,0,0,0,0,0,0,0,0.0,0,0,1.4
129180.0,8.848982552125365e-09,458.9045177251749,429.40404658315333,0.0011654605262349778,0,0,0,0,0,0,0,0,0.0,0,0,1.4
129199.99999999999,8.833253627822018e-09,459.1038257876569,429.497284277189,0.001163894213454821,0,0,0,0,0,0,0,0,0.0,0,0,1.4
129220.0,8.817561624474975e-09,459.30308064639104,429.5904768540986,0.0011623308335579727,0,0,0,0,0,0,0,0,0.0,0,0,1.4
129240.00000000001,8.801906436276749e-09,459.50228225458704,429.6836243213369,0.0011607703794944493,0,0,0,0,0,0,0,0,0.0,0,0,1.4
129259.99999999999,8.786287957715522e-09,459.70143056558794,429.7767266864038,0.0011592128442311695,0,0,0,0,0,0,0,0,0.0,0,0,1.4
129280.0,8.770706083279421e-09,459.9005255327377,429.8697839567999,0.0011576582207350444,0,0,0,0,0,0,0,0,0.0,0,0,1.4
129300.00000000001,8.755160707456624e-09,460.0995671093794,429.9627961400249,0.0011561065019729923,0,0,0,0,0,0,0,0,0.0,0,0,1.4
129320.0,8.739651725025566e-09,460.29855524898835,430.0557632436235,0.0011545576809285643,0,0,0,0,0,0,0,0,0.0,0,0,1.4
129340.0,8.724179031925578e-09,460.49748990556986,430.1486852753184,0.0011530117506518358,0,0,0,0,0,0,0,0,0.0,0,0,1.4
129360.00000000001,8.708742524386318e-09,460.6963710332606,430.2415622428765,0.0011514687042095228,0,0,0,0,0,0,0,0,0.0,0,0,1.4
129380.0,8.693342098637429e-09,460.89519858619724,430.33439415406474,0.00114992853466834,0,0,0,0,0,0,0,0,0.0,0,0,1.4
129400.0,8.677977650908496e-09,461.09397251851726,430.4271810166503,0.0011483912350949965,0,0,0,0,0,0,0,0,0.0,0,0,1.4
129420.00000000001,8.66264907771408e-09,461.2926927844885,430.51992283844385,0.0011468567985725754,0,0,0,0,0,0,0,0,0.0,0,0,1.4
129440.0,8.647356276708393e-09,461.49135933890307,430.61261962743083,0.0011453252182496286,0,0,0,0,0,0,0,0,0.0,0,0,1.4
129460.00000000001,8.63209914583049e-09,461.6899721366852,430.70527139164113,0.001143796487291071,0,0,0,0,0,0,0,0,0.0,0,0,1.4
129479.99999999999,8.616877583019515e-09,461.8885311327577,430.7978781391037,0.001142270598861825,0,0,0,0,0,0,0,0,0.0,0,0,1.4
129500.0,8.601691486214525e-09,462.08703628204495,430.89043987784834,0.0011407475461268047,0,0,0,0,0,0,0,0,0.0,0,0,1.4
129520.00000000001,8.586540753634337e-09,462.2854875396,430.9829566159473,0.0011392273222670382,0,0,0,0,0,0,0,0,0.0,0,0,1.4
129539.99999999999,8.571425284616543e-09,462.48388486099594,431.07542836164487,0.0011377099205279854,0,0,0,0,0,0,0,0,0.0,0,0,1.4
129560.0,8.556344978778368e-09,462.68222820193665,431.1678551232287,0.001136195334171208,0,0,0,0,0,0,0,0,0.0,0,0,1.4
129580.00000000001,8.5412997357371e-09,462.88051751812515,431.2602369089861,0.001134683556458273,0,0,0,0,0,0,0,0,0.0,0,0,1.4
129600.0,8.526289455110026e-09,463.0787527652643,431.3525737272043,0.0011331745806507489,0,0,0,0,0,0,0,0,0.0,0,0,1.4
129620.0,8.511314036788947e-09,463.2769338991869,431.4448655862133,0.001131668400026049,0,0,0,0,0,0,0,0,0.0,0,0,1.4
129640.00000000001,8.496373381764048e-09,463.4750608762398,431.53711249451175,0.0011301650079250038,0,0,0,0,0,0,0,0,0.0,0,0,1.4
129660.0,8.48146739130009e-09,463.67313365289897,431.62931446064044,0.0011286643977042965,0,0,0,0,0,0,0,0,0.0,0,0,1.4
129680.0,8.466595966661775e-09,463.8711521856408,431.7214714931407,0.0011271665627206034,0,0,0,0,0,0,0,0,0.0,0,0,1.4
129699.99999999999,8.45175900911388e-09,464.06911643094105,431.81358360055344,0.0011256714963306103,0,0,0,0,0,0,0,0,0.0,0,0,1.4
129720.0,8.436956420190669e-09,464.2670263454038,431.9056507914613,0.0011241791919065936,0,0,0,0,0,0,0,0,0.0,0,0,1.4
129740.00000000001,8.42218810250471e-09,464.4648818861428,431.99767307461286,0.001122689642883242,0,0,0,0,0,0,0,0,0.0,0,0,1.4
129759.99999999999,8.407453958938132e-09,464.66268301039946,432.0896504587981,0.0011212028427108438,0,0,0,0,0,0,0,0,0.0,0,0,1.4
129780.0,8.392753892373003e-09,464.86042967541596,432.1815829528076,0.001119718784839682,0,0,0,0,0,0,0,0,0.0,0,0,1.4
129800.00000000001,8.378087805691451e-09,465.0581218384336,432.2734705654311,0.0011182374627200444,0,0,0,0,0,0,0,0,0.0,0,0,1.4
129820.0,8.363455602040256e-09,465.2557594568203,432.36531330549974,0.0011167588698175752,0,0,0,0,0,0,0,0,0.0,0,0,1.4
129840.0,8.348857185624731e-09,465.45334248845074,432.45711118200796,0.0011152829996593314,0,0,0,0,0,0,0,0,0.0,0,0,1.4
129860.00000000001,8.3342924609149e-09,465.6508708913255,432.548864203991,0.0011138098457877303,0,0,0,0,0,0,0,0,0.0,0,0,1.4
129880.0,8.319761332380789e-09,465.84834462344503,432.64057238048383,0.0011123394017451902,0,0,0,0,0,0,0,0,0.0,0,0,1.4
129900.0,8.305263704492359e-09,466.0457636428107,432.73223572052194,0.0011108716610741223,0,0,0,0,0,0,0,0,0.0,0,0,1.4
129920.00000000001,8.290799481979462e-09,466.2431279075482,432.82385423318055,0.0011094066173320566,0,0,0,0,0,0,0,0,0.0,0,0,1.4
129940.0,8.276368570611256e-09,466.440437376285,432.91542792769536,0.0011079442641369693,0,0,0,0,0,0,0,0,0.0,0,0,1.4
129960.00000000001,8.261970876416663e-09,466.63769200777443,433.0069568133427,0.0011064845951219426,0,0,0,0,0,0,0,0,0.0,0,0,1.4
129979.99999999999,8.247606305424688e-09,466.83489176076887,433.09844089939816,0.001105027603920067,0,0,0,0,0,0,0,0,0.0,0,0,1.4
130000.0,8.233274763664254e-09,467.03203659402175,433.18988019513796,0.0011035732841644243,0,0,0,0,0,0,0,0,0.0,0,0,1.4
130020.00000000001,8.21897615741945e-09,467.22912646641,433.2812747098775,0.0011021216295029768,0,0,0,0,0,0,0,0,0.0,0,0,1.4
130039.99999999999,8.204710393994794e-09,467.42616133730706,433.37262445308943,0.0011006726336431811,0,0,0,0,0,0,0,0,0.0,0,0,1.4
130060.0,8.190477380949846e-09,467.62314116621167,433.4639294342867,0.0010992262903073617,0,0,0,0,0,0,0,0,0.0,0,0,1.4
130080.00000000001,8.176277025844225e-09,467.8200659126214,433.55518966298155,0.0010977825932178486,0,0,0,0,0,0,0,0,0.0,0,0,1.4
130100.0,8.162109236237554e-09,468.01693553603417,433.64640514868626,0.0010963415360969726,0,0,0,0,0,0,0,0,0.0,0,0,1.4
130120.0,8.14797391993987e-09,468.21374999607167,433.73757590095227,0.0010949031126816977,0,0,0,0,0,0,0,0,0.0,0,0,1.4
130140.00000000001,8.13387098576318e-09,468.4105092528471,433.8287019294858,0.0010934673167675526,0,0,0,0,0,0,0,0,0.0,0,0,1.4
130160.0,8.119800342769968e-09,468.60721326659706,433.9197832440315,0.001092034142164706,0,0,0,0,0,0,0,0,0.0,0,0,1.4
130180.0,8.105761900022657e-09,468.8038619975586,434.01081985433467,0.0010906035826833205,0,0,0,0,0,0,0,0,0.0,0,0,1.4
130199.99999999999,8.09175556658375e-09,469.0004554059681,434.1018117701399,0.0010891756321335666,0,0,0,0,0,0,0,0,0.0,0,0,1.4
130220.0,8.077781251761607e-09,469.1969934521847,434.19275900123057,0.0010877502843400157,0,0,0,0,0,0,0,0,0.0,0,0,1.4
130240.00000000001,8.063838865848378e-09,469.39347609705453,434.2836615575417,0.0010863275331848806,0,0,0,0,0,0,0,0,0.0,0,0,1.4
130259.99999999999,8.04992831938215e-09,469.58990330154586,434.3745194490464,0.0010849073725647824,0,0,0,0,0,0,0,0,0.0,0,0,1.4
130280.0,8.036049522900954e-09,469.78627502662766,434.4653326857182,0.0010834897963763368,0,0,0,0,0,0,0,0,0.0,0,0,1.4
130300.00000000001,8.02220238694287e-09,469.9825912332681,434.5561012775303,0.001082074798516165,0,0,0,0,0,0,0,0,0.0,0,0,1.4
130320.0,8.00838682228748e-09,470.1788518825562,434.6468252344932,0.0010806623728950718,0,0,0,0,0,0,0,0,0.0,0,0,1.4
130340.0,7.994602740680263e-09,470.3750569360653,434.73750456676737,0.0010792525134805898,0,0,0,0,0,0,0,0,0.0,0,0,1.4
130360.00000000001,7.980850054108247e-09,470.57120635548875,434.82813928455045,0.0010778452142544402,0,0,0,0,0,0,0,0,0.0,0,0,1.4
130380.0,7.967128674558458e-09,470.76730010251987,434.9187293980398,0.0010764404691983452,0,0,0,0,0,0,0,0,0.0,0,0,1.4
130400.0,7.953438514017868e-09,470.963338138853,435.0092749174334,0.0010750382722940204,0,0,0,0,0,0,0,0,0.0,0,0,1.4
130420.00000000001,7.939779484710626e-09,471.15932042630106,435.09977585296554,0.0010736386175371475,0,0,0,0,0,0,0,0,0.0,0,0,1.4
130440.0,7.926151499809384e-09,471.35524692715586,435.19023221501703,0.0010722414989792497,0,0,0,0,0,0,0,0,0.0,0,0,1.4
130460.00000000001,7.91255447272385e-09,471.55111760383,435.28064401400627,0.0010708469106858038,0,0,0,0,0,0,0,0,0.0,0,0,1.4
130479.99999999999,7.898988316863812e-09,471.74693241873445,435.3710112603507,0.0010694548467222948,0,0,0,0,0,0,0,0,0.0,0,0,1.4
130500.0,7.885452945638987e-09,471.94269133428185,435.4613339644686,0.0010680653011542,0,0,0,0,0,0,0,0,0.0,0,0,1.4
130520.00000000001,7.871948272691988e-09,472.1383943130023,435.5516121368138,0.0010666782680607445,0,0,0,0,0,0,0,0,0.0,0,0,1.4
130539.99999999999,7.85847421259684e-09,472.33404131790087,435.6418457879844,0.0010652937415761225,0,0,0,0,0,0,0,0,0.0,0,0,1.4
130560.0,7.845030680160346e-09,472.5296323121022,435.73203492861524,0.0010639117158482638,0,0,0,0,0,0,0,0,0.0,0,0,1.4
130580.00000000001,7.831617590189374e-09,472.72516725873004,435.8221795693408,0.0010625321850251045,0,0,0,0,0,0,0,0,0.0,0,0,1.4
130600.0,7.81823485749079e-09,472.92064612090815,435.9122797207953,0.0010611551432545808,0,0,0,0,0,0,0,0,0.0,0,0,1.4
130620.0,7.80488239710006e-09,473.1160688618786,436.002335393649,0.00105978058469815,0,0,0,0,0,0,0,0,0.0,0,0,1.4
130640.00000000001,7.791560124967337e-09,473.31143544535263,436.09234659871316,0.001058408503571383,0,0,0,0,0,0,0,0,0.0,0,0,1.4
130660.0,7.778267957271428e-09,473.50674583515854,436.1823133468346,0.0010570388941033779,0,0,0,0,0,0,0,0,0.0,0,0,1.4
130680.0,7.765005810191084e-09,473.7019999951259,436.27223564886026,0.0010556717505232271,0,0,0,0,0,0,0,0,0.0,0,0,1.4
130699.99999999999,7.751773599905133e-09,473.8971978890828,436.36211351563685,0.0010543070670600307,0,0,0,0,0,0,0,0,0.0,0,0,1.4
130720.0,7.738571242816875e-09,474.0923394809752,436.45194695804616,0.0010529448379561965,0,0,0,0,0,0,0,0,0.0,0,0,1.4
130740.00000000001,7.725398656227846e-09,474.28742473521424,436.54173598710906,0.0010515850575074028,0,0,0,0,0,0,0,0,0.0,0,0,1.4
130759.99999999999,7.712255757664129e-09,474.4824536163273,436.6314806138811,0.0010502277200226443,0,0,0,0,0,0,0,0,0.0,0,0,1.4
130780.0,7.699142464651752e-09,474.67742608884276,436.7211808494182,0.0010488728198109086,0,0,0,0,0,0,0,0,0.0,0,0,1.4
130800.00000000001,7.686058694716801e-09,474.8723421172882,436.81083670477597,0.00104752035118119,0,0,0,0,0,0,0,0,0.0,0,0,1.4
130820.0,7.673004365605873e-09,475.06720166630635,436.9004481910441,0.001046170308455591,0,0,0,0,0,0,0,0,0.0,0,0,1.4
130840.0,7.659979395947583e-09,475.2620047010024,436.99001531944936,0.0010448226860086418,0,0,0,0,0,0,0,0,0.0,0,0,1.4
130860.00000000001,7.646983704591109e-09,475.45675118659574,437.0795381012521,0.0010434774782279864,0,0,0,0,0,0,0,0,0.0,0,0,1.4
130880.0,7.634017210385634e-09,475.6514410883059,437.1690165477129,0.0010421346795012687,0,0,0,0,0,0,0,0,0.0,0,0,1.4
130900.0,7.62107983218029e-09,475.8460743713532,437.2584506700925,0.0010407942842161268,0,0,0,0,0,0,0,0,0.0,0,0,1.4
130920.00000000001,7.608171489040819e-09,476.0406510010716,437.34784047968486,0.0010394562867731094,0,0,0,0,0,0,0,0,0.0,0,0,1.4
130940.0,7.595292100899233e-09,476.2351709432516,437.43718598791816,0.001038120681624382,0,0,0,0,0,0,0,0,0.0,0,0,1.4
130960.00000000001,7.582441587904045e-09,476.42963416379956,437.5264872062543,0.0010367874632350085,0,0,0,0,0,0,0,0,0.0,0,0,1.4
130979.99999999999,7.569619870203848e-09,476.62404062862,437.6157441461547,0.0010354566260700596,0,0,0,0,0,0,0,0,0.0,0,0,1.4
131000.0,7.556826867947155e-09,476.81839030361897,437.70495681908164,0.0010341281645946004,0,0,0,0,0,0,0,0,0.0,0,0,1.4
131020.00000000001,7.544062501495231e-09,477.0126831548148,437.7941252365295,0.001032802073286403,0,0,0,0,0,0,0,0,0.0,0,0,1.4
131039.99999999999,7.531326692060083e-09,477.2069191486788,437.8832494101244,0.0010314783466740544,0,0,0,0,0,0,0,0,0.0,0,0,1.4
131060.0,7.518619361066358e-09,477.4010982517962,437.9723293515263,0.0010301569792988388,0,0,0,0,0,0,0,0,0.0,0,0,1.4
131080.0,7.505940429938754e-09,477.5952204307516,438.0613650723941,0.001028837965702046,0,0,0,0,0,0,0,0,0.0,0,0,1.4
131100.0,7.493289820101967e-09,477.7892856521294,438.15035658438717,0.0010275213004249661,0,0,0,0,0,0,0,0,0.0,0,0,1.4
131120.0,7.480667453189544e-09,477.9832938826271,438.23930389919735,0.0010262069780213902,0,0,0,0,0,0,0,0,0.0,0,0,1.4
131140.00000000003,7.468073251670672e-09,478.17724508938954,438.3282070286454,0.001024894993095145,0,0,0,0,0,0,0,0,0.0,0,0,1.4
131160.0,7.455507138223436e-09,478.37113923967394,438.41706598458416,0.0010235853402625636,0,0,0,0,0,0,0,0,0.0,0,0,1.4
131180.0,7.44296903552587e-09,478.5649763007382,438.5058807788671,0.001022278014139974,0,0,0,0,0,0,0,0,0.0,0,0,1.4
131200.0,7.430458866256072e-09,478.7587562398391,438.5946514233471,0.001020973009343712,0,0,0,0,0,0,0,0,0.0,0,0,1.4
131220.0,7.417976553297239e-09,478.9524790243456,438.6833779299093,0.0010196703205024168,0,0,0,0,0,0,0,0,0.0,0,0,1.4
131240.0,7.405522020353247e-09,479.1461446220703,438.77206031056517,0.00101836994229398,0,0,0,0,0,0,0,0,0.0,0,0,1.4
131260.0,7.393095191333139e-09,479.3397530009369,438.8606985773581,0.0010170718694086042,0,0,0,0,0,0,0,0,0.0,0,0,1.4
131280.0,7.38069599014589e-09,479.53330412886976,438.94929274233186,0.0010157760965364875,0,0,0,0,0,0,0,0,0.0,0,0,1.4
131300.0,7.368324340700546e-09,479.72679797379266,439.0378428175297,0.0010144826183678328,0,0,0,0,0,0,0,0,0.0,0,0,1.4
131320.0,7.355980167107663e-09,479.9202345037391,439.12634881502606,0.0010131914296049663,0,0,0,0,0,0,0,0,0.0,0,0,1.4
131340.0,7.3436633942838334e-09,480.11361368718354,439.2148107470203,0.001011902524998701,0,0,0,0,0,0,0,0,0.0,0,0,1.4
131360.0,7.331373947347224e-09,480.3069354927096,439.30322862574224,0.001010615899311978,0,0,0,0,0,0,0,0,0.0,0,0,1.4
131380.0,7.319111751416002e-09,480.5001998889009,439.39160246342203,0.0010093315473077393,0,0,0,0,0,0,0,0,0.0,0,0,1.4
131400.0,7.306876731608281e-09,480.69340684434184,439.47993227229,0.0010080494637489206,0,0,0,0,0,0,0,0,0.0,0,0,1.4
131420.00000000003,7.294668813240155e-09,480.886556327725,439.56821806460664,0.0010067696434103975,0,0,0,0,0,0,0,0,0.0,0,0,1.4
131440.0,7.282487922419418e-09,481.07964830817883,439.65645985275467,0.001005492081114781,0,0,0,0,0,0,0,0,0.0,0,0,1.4
131460.0,7.270333985451748e-09,481.2726827549416,439.7446576491477,0.0010042167716966107,0,0,0,0,0,0,0,0,0.0,0,0,1.4
131480.0,7.258206928642882e-09,481.46565963725055,439.83281146619885,0.001002943709990434,0,0,0,0,0,0,0,0,0.0,0,0,1.4
131500.0,7.246106678298493e-09,481.65857892434383,439.92092131632177,0.00100167289083079,0,0,0,0,0,0,0,0,0.0,0,0,1.4
131520.0,7.234033160918731e-09,481.8514405855668,440.0089872119596,0.0010004043090639755,0,0,0,0,0,0,0,0,0.0,0,0,1.4
131540.0,7.221986303781437e-09,482.0442445906966,440.09700916567544,0.0009991379595832909,0,0,0,0,0,0,0,0,0.0,0,0,1.4
131560.0,7.209966034358833e-09,482.2369909096188,440.1849871900625,0.0009978738372937834,0,0,0,0,0,0,0,0,0.0,0,0,1.4
131580.0,7.197972280123186e-09,482.4296795122184,440.2729212977139,0.0009966119371005047,0,0,0,0,0,0,0,0,0.0,0,0,1.4
131600.0,7.186004968546764e-09,482.6223103683803,440.3608115012225,0.0009953522539085068,0,0,0,0,0,0,0,0,0.0,0,0,1.4
131620.0,7.1740640272927614e-09,482.8148834480971,440.448657813211,0.0009940947826344057,0,0,0,0,0,0,0,0,0.0,0,0,1.4
131640.00000000003,7.162149384788308e-09,483.007398721788,440.5364602464196,0.0009928395182410988,0,0,0,0,0,0,0,0,0.0,0,0,1.4
131660.0,7.150260969651509e-09,483.1998561599794,440.6242188136173,0.0009915864557030539,0,0,0,0,0,0,0,0,0.0,0,0,1.4
131680.0,7.138398710500423e-09,483.3922557331983,440.7119335275739,0.000990335589994732,0,0,0,0,0,0,0,0,0.0,0,0,1.4
131700.0,7.1265625359531715e-09,483.5845974119705,440.7996044010586,0.000989086916090602,0,0,0,0,0,0,0,0,0.0,0,0,1.4
131720.0,7.114752374815406e-09,483.77688116692906,440.88723144686986,0.0009878404289765169,0,0,0,0,0,0,0,0,0.0,0,0,1.4
131740.0,7.102968156643228e-09,483.9691069691292,440.97481467792124,0.000986596123683902,0,0,0,0,0,0,0,0,0.0,0,0,1.4
131760.0,7.091209811180332e-09,484.16127478973215,441.06235410715476,0.0009853539952555735,0,0,0,0,0,0,0,0,0.0,0,0,1.4
131780.0,7.079477268170366e-09,484.35338459989987,441.14984974751314,0.000984114038734343,0,0,0,0,0,0,0,0,0.0,0,0,1.4
131800.0,7.0677704573570275e-09,484.54543637079365,441.2373016119386,0.0009828762491630267,0,0,0,0,0,0,0,0,0.0,0,0,1.4
131820.0,7.056089308668296e-09,484.73743007367943,441.3247097134016,0.000981640621595658,0,0,0,0,0,0,0,0,0.0,0,0,1.4
131840.0,7.044433752769241e-09,484.9293656802436,441.4120740649862,0.00098040715113113,0,0,0,0,0,0,0,0,0.0,0,0,1.4
131860.0,7.032803720509266e-09,485.1212431622764,441.49939467980437,0.0009791758328795584,0,0,0,0,0,0,0,0,0.0,0,0,1.4
131880.0,7.0211991427377706e-09,485.3130624915683,441.5866715709679,0.0009779466619510586,0,0,0,0,0,0,0,0,0.0,0,0,1.4
131900.0,7.009619950304111e-09,485.5048236399103,441.6739047515893,0.0009767196334557408,0,0,0,0,0,0,0,0,0.0,0,0,1.4
131920.00000000003,6.998066074238725e-09,485.6965265791965,441.7610942348081,0.0009754947425147647,0,0,0,0,0,0,0,0,0.0,0,0,1.4
131940.0,6.986537446296187e-09,485.88817128173616,441.84824003387484,0.0009742719842934663,0,0,0,0,0,0,0,0,0.0,0,0,1.4
131960.0,6.975033998412062e-09,486.0797577199428,441.93534216206797,0.0009730513539682209,0,0,0,0,0,0,0,0,0.0,0,0,1.4
131980.0,6.963555662521978e-09,486.2712858662291,442.0224006326655,0.0009718328467154108,0,0,0,0,0,0,0,0,0.0,0,0,1.4
132000.0,6.952102370561497e-09,486.4627556930088,442.10941545894605,0.0009706164577114113,0,0,0,0,0,0,0,0,0.0,0,0,1.4
132020.0,6.940674054644083e-09,486.65416717279743,442.19638665421485,0.0009694021821434783,0,0,0,0,0,0,0,0,0.0,0,0,1.4
132040.0,6.9292706475946065e-09,486.8455202785221,442.28331423188615,0.0009681900152423697,0,0,0,0,0,0,0,0,0.0,0,0,1.4
132060.0,6.917892082415737e-09,487.0368149832133,442.37019820540155,0.0009669799522497145,0,0,0,0,0,0,0,0,0.0,0,0,1.4
132080.0,6.906538292110197e-09,487.22805125990084,442.45703858820235,0.0009657719884071458,0,0,0,0,0,0,0,0,0.0,0,0,1.4
132100.0,6.895209209680703e-09,487.4192290816145,442.5438353937299,0.0009645661189562979,0,0,0,0,0,0,0,0,0.0,0,0,1.4
132120.0,6.88390476830465e-09,487.61034842148666,442.6305886354526,0.0009633623391495072,0,0,0,0,0,0,0,0,0.0,0,0,1.4
132140.00000000003,6.8726249018583614e-09,487.801409253056,442.7172983269449,0.0009621606442819496,0,0,0,0,0,0,0,0,0.0,0,0,1.4
132160.0,6.861369544392883e-09,487.99241154996304,442.8039644818081,0.0009609610296595091,0,0,0,0,0,0,0,0,0.0,0,0,1.4
132180.0,6.85013862995921e-09,488.1833552858492,442.8905871136438,0.0009597634905880643,0,0,0,0,0,0,0,0,0.0,0,0,1.4
132200.0,6.838932092608403e-09,488.3742404343546,442.977166236053,0.0009585680223735011,0,0,0,0,0,0,0,0,0.0,0,0,1.4
132220.0,6.827749866563119e-09,488.56506696922133,443.06370186266344,0.000957374620332244,0,0,0,0,0,0,0,0,0.0,0,0,1.4
132240.0,6.8165918867327084e-09,488.75583486459374,443.1501940072069,0.0009561832798229044,0,0,0,0,0,0,0,0,0.0,0,0,1.4
132260.0,6.805458088198184e-09,488.94654409471684,443.2366426834411,0.0009549939962146397,0,0,0,0,0,0,0,0,0.0,0,0,1.4
132280.0,6.794348406040505e-09,489.1371946338365,443.3230479051246,0.000953806764876602,0,0,0,0,0,0,0,0,0.0,0,0,1.4
132300.0,6.783262775340686e-09,489.3277864561978,443.409409686015,0.0009526215811779485,0,0,0,0,0,0,0,0,0.0,0,0,1.4
132320.0,6.7722011313483856e-09,489.51831953614567,443.4957280398958,0.0009514384404982208,0,0,0,0,0,0,0,0,0.0,0,0,1.4
132340.0,6.7611634099878255e-09,489.7087938484249,443.5820029806535,0.0009502573382584925,0,0,0,0,0,0,0,0,0.0,0,0,1.4
132360.0,6.750149547351921e-09,489.8992093678794,443.6682345221994,0.000949078269890227,0,0,0,0,0,0,0,0,0.0,0,0,1.4
132380.0,6.739159479533591e-09,490.08956606935305,443.75442267844494,0.0009479012308248871,0,0,0,0,0,0,0,0,0.0,0,0,1.4
132400.0,6.728193142625707e-09,490.27986392769054,443.84056746330214,0.0009467262164939308,0,0,0,0,0,0,0,0,0.0,0,0,1.4
132420.00000000003,6.717250472886887e-09,490.47010291783454,443.9266688907075,0.0009455532223390478,0,0,0,0,0,0,0,0,0.0,0,0,1.4
132440.0,6.706331407238567e-09,490.6602830151228,444.01272697469807,0.0009443822438428322,0,0,0,0,0,0,0,0,0.0,0,0,1.4
132460.0,6.695435882767837e-09,490.8504041949928,444.098741729336,0.0009432132764981,0,0,0,0,0,0,0,0,0.0,0,0,1.4
132480.0,6.6845638365618495e-09,491.0404664328807,444.18471316868323,0.0009420463157976729,0,0,0,0,0,0,0,0,0.0,0,0,1.4
132500.0,6.673715205707694e-09,491.230469704224,444.2706413068021,0.0009408813572343675,0,0,0,0,0,0,0,0,0.0,0,0,1.4
132520.0,6.6628899274553185e-09,491.420413984557,444.3565261577791,0.0009397183963110746,0,0,0,0,0,0,0,0,0.0,0,0,1.4
132540.0,6.652087939705902e-09,491.6102992498056,444.4423677357992,0.0009385574285709676,0,0,0,0,0,0,0,0,0.0,0,0,1.4
132560.0,6.64130918052339e-09,491.8001254759942,444.5281660550723,0.0009373984495672866,0,0,0,0,0,0,0,0,0.0,0,0,1.4
132580.0,6.630553587971773e-09,491.98989263914643,444.613921129808,0.0009362414548532751,0,0,0,0,0,0,0,0,0.0,0,0,1.4
132600.0,6.619821100115041e-09,492.17960071528597,444.6996329742155,0.0009350864399821778,0,0,0,0,0,0,0,0,0.0,0,0,1.4
132620.0,6.609111655177113e-09,492.36924968053404,444.78530160252905,0.0009339334005171521,0,0,0,0,0,0,0,0,0.0,0,0,1.4
132640.00000000003,6.5984251920218526e-09,492.5588395113985,444.8709270290783,0.0009327823320610323,0,0,0,0,0,0,0,0,0.0,0,0,1.4
132660.0,6.5877616496730975e-09,492.7483701844838,444.95650926821725,0.0009316332302265716,0,0,0,0,0,0,0,0,0.0,0,0,1.4
132680.0,6.577120967154642e-09,492.9378416763955,445.0420483343004,0.0009304860906265173,0,0,0,0,0,0,0,0,0.0,0,0,1.4
132700.0,6.5665030834903375e-09,493.12725396373776,445.1275442416812,0.000929340908873624,0,0,0,0,0,0,0,0,0.0,0,0,1.4
132720.0,6.555907937861164e-09,493.316607023212,445.2129970047378,0.0009281976805904065,0,0,0,0,0,0,0,0,0.0,0,0,1.4
132740.0,6.545335470076896e-09,493.505900831902,445.29840663794187,0.0009270564014384528,0,0,0,0,0,0,0,0,0.0,0,0,1.4
132760.0,6.534785620104493e-09,493.69513536698764,445.3837731557889,0.0009259170670891186,0,0,0,0,0,0,0,0,0.0,0,0,1.4
132780.0,6.524258327910869e-09,493.8843106056494,445.4690965727745,0.000924779673213754,0,0,0,0,0,0,0,0,0.0,0,0,1.4
132800.0,6.513753533462984e-09,494.073426525067,445.5543769033943,0.0009236442154837141,0,0,0,0,0,0,0,0,0.0,0,0,1.4
132820.0,6.503271176882259e-09,494.2624831025153,445.63961416216665,0.0009225106895799745,0,0,0,0,0,0,0,0,0.0,0,0,1.4
132840.0,6.492811198907907e-09,494.4514803156496,445.72480836370283,0.0009213790912219843,0,0,0,0,0,0,0,0,0.0,0,0,1.4
132860.0,6.482373540433652e-09,494.64041814221923,445.8099595226371,0.0009202494161388178,0,0,0,0,0,0,0,0,0.0,0,0,1.4
132880.0,6.471958142353209e-09,494.82929655997384,445.8950676536034,0.0009191216600595494,0,0,0,0,0,0,0,0,0.0,0,0,1.4
132900.0,6.461564945560256e-09,495.0181155466635,445.98013277123613,0.000917995818713248,0,0,0,0,0,0,0,0,0.0,0,0,1.4
132920.00000000003,6.451193891100292e-09,495.20687508013185,446.06515489019205,0.0009168718878384625,0,0,0,0,0,0,0,0,0.0,0,0,1.4
132940.0,6.440844920625937e-09,495.3955751385977,446.1501340252183,0.0009157498632116368,0,0,0,0,0,0,0,0,0.0,0,0,1.4
132960.0,6.430517975941547e-09,495.584215700375,446.2350701910848,0.0009146297406186851,0,0,0,0,0,0,0,0,0.0,0,0,1.4
132980.0,6.420212998851534e-09,495.7727967437765,446.3199634025611,0.0009135115158455273,0,0,0,0,0,0,0,0,0.0,0,0,1.4
133000.0,6.409929931160256e-09,495.96131824711586,446.40481367441726,0.0009123951846780771,0,0,0,0,0,0,0,0,0.0,0,0,1.4
133020.0,6.3996687148212614e-09,496.1497801887991,446.48962102144503,0.000911280742911584,0,0,0,0,0,0,0,0,0.0,0,0,1.4
133040.0,6.389429292384699e-09,496.3381825476045,446.574385458525,0.0009101681863786205,0,0,0,0,0,0,0,0,0.0,0,0,1.4
133060.0,6.379211606549825e-09,496.5265253024038,446.6591070005598,0.000909057510921086,0,0,0,0,0,0,0,0,0.0,0,0,1.4
133080.0,6.369015600015943e-09,496.71480843206814,446.74378566245224,0.000907948712380884,0,0,0,0,0,0,0,0,0.0,0,0,1.4
133100.0,6.358841215482348e-09,496.9030319154686,446.8284214591047,0.0009068417865999178,0,0,0,0,0,0,0,0,0.0,0,0,1.4
133120.0,6.3486883957948746e-09,497.09119573156926,446.9130144054418,0.0009057367294292774,0,0,0,0,0,0,0,0,0.0,0,0,1.4
133140.00000000003,6.338557084385708e-09,497.27929985970144,446.99756451647454,0.0009046335367568204,0,0,0,0,0,0,0,0,0.0,0,0,1.4
133160.0,6.328447224833604e-09,497.46734427928857,447.08207180723525,0.000903532204479595,0,0,0,0,0,0,0,0,0.0,0,0,1.4
133180.0,6.318358760717281e-09,497.65532896975486,447.1665362927571,0.0009024327284946456,0,0,0,0,0,0,0,0,0.0,0,0,1.4
133200.0,6.308291635615513e-09,497.84325391052346,447.25095798807223,0.0009013351046990217,0,0,0,0,0,0,0,0,0.0,0,0,1.4
133220.0,6.2982457932510575e-09,498.03111908110975,447.335336908235,0.000900239328998819,0,0,0,0,0,0,0,0,0.0,0,0,1.4
133240.0,6.2882211779228845e-09,498.2189244613929,447.4196730683838,0.0008991453973363454,0,0,0,0,0,0,0,0,0.0,0,0,1.4
133260.0,6.278217734074008e-09,498.4066700313432,447.5039664836788,0.0008980533056629596,0,0,0,0,0,0,0,0,0.0,0,0,1.4
133280.0,6.2682354061473954e-09,498.5943557709317,447.58821716928,0.0008969630499300168,0,0,0,0,0,0,0,0,0.0,0,0,1.4
133300.0,6.25827413858606e-09,498.78198166012896,447.6724251403473,0.0008958746260888759,0,0,0,0,0,0,0,0,0.0,0,0,1.4
133320.0,6.24833387597458e-09,498.9695476789952,447.7565904120613,0.0008947880300998128,0,0,0,0,0,0,0,0,0.0,0,0,1.4
133340.0,6.238414563463747e-09,499.1570538079526,447.8407129996861,0.0008937032579587634,0,0,0,0,0,0,0,0,0.0,0,0,1.4
133360.0,6.228516146345964e-09,499.34450002751237,447.9247929185058,0.0008926203056705852,0,0,0,0,0,0,0,0,0.0,0,0,1.4
133380.0,6.2186385699136295e-09,499.53188631818585,448.0088301838048,0.0008915391692401346,0,0,0,0,0,0,0,0,0.0,0,0,1.4
133400.0,6.2087817794591056e-09,499.7192126604854,448.0928248108678,0.0008904598446722646,0,0,0,0,0,0,0,0,0.0,0,0,1.4
133420.00000000003,6.198945720413917e-09,499.9064790350115,448.1767768149994,0.000889382327980614,0,0,0,0,0,0,0,0,0.0,0,0,1.4
133440.0,6.1891303387661025e-09,500.09368542272193,448.2606862115855,0.0008883066152139509,0,0,0,0,0,0,0,0,0.0,0,0,1.4
133460.0,6.179335580642784e-09,500.2808318046646,448.34455301603253,0.0008872327024298199,0,0,0,0,0,0,0,0,0.0,0,0,1.4
133480.0,6.1695613921711375e-09,500.4679181618863,448.42837724374675,0.0008861605856857729,0,0,0,0,0,0,0,0,0.0,0,0,1.4
133500.0,6.159807719478284e-09,500.6549444754348,448.5121589101344,0.0008850902610393546,0,0,0,0,0,0,0,0,0.0,0,0,1.4
133520.0,6.1500745088281275e-09,500.8419107264455,448.59589803062175,0.0008840217245567655,0,0,0,0,0,0,0,0,0.0,0,0,1.4
133540.0,6.14036170703153e-09,501.02881689640736,448.67959462071406,0.0008829549723388093,0,0,0,0,0,0,0,0,0.0,0,0,1.4
133560.0,6.130669261036052e-09,501.21566296689815,448.7632486959371,0.000881890000494935,0,0,0,0,0,0,0,0,0.0,0,0,1.4
133580.0,6.1209971177892914e-09,501.40244891949504,448.8468602718161,0.0008808268051345967,0,0,0,0,0,0,0,0,0.0,0,0,1.4
133600.0,6.111345224238854e-09,501.5891747357752,448.9304293638765,0.0008797653823672483,0,0,0,0,0,0,0,0,0.0,0,0,1.4
133620.0,6.101713527466692e-09,501.775840397404,449.0139559876632,0.0008787057283108606,0,0,0,0,0,0,0,0,0.0,0,0,1.4
133640.00000000003,6.092101975092388e-09,501.96244588639587,449.09744015879863,0.0008776478391174941,0,0,0,0,0,0,0,0,0.0,0,0,1.4
133660.0,6.082510514869917e-09,502.1489911848525,449.1808818929248,0.0008765917109477303,0,0,0,0,0,0,0,0,0.0,0,0,1.4
133680.0,6.072939094553215e-09,502.33547627487656,449.26428120568363,0.0008755373399621468,0,0,0,0,0,0,0,0,0.0,0,0,1.4
133700.0,6.063387661896271e-09,502.5219011385696,449.34763811271705,0.0008744847223213268,0,0,0,0,0,0,0,0,0.0,0,0,1.4
133720.0,6.053856164785115e-09,502.70826575812083,449.43095262968615,0.0008734338541942416,0,0,0,0,0,0,0,0,0.0,0,0,1.4
133740.0,6.044344551634203e-09,502.8945701160646,449.51422477232757,0.0008723847317834417,0,0,0,0,0,0,0,0,0.0,0,0,1.4
133760.0,6.03485277099008e-09,503.0808141950219,449.59745455639717,0.0008713373512998734,0,0,0,0,0,0,0,0,0.0,0,0,1.4
133780.0,6.025380771399255e-09,503.26699797761444,449.6806419976511,0.0008702917089544764,0,0,0,0,0,0,0,0,0.0,0,0,1.4
133800.0,6.015928501408277e-09,503.45312144646334,449.7637871118449,0.0008692478009581968,0,0,0,0,0,0,0,0,0.0,0,0,1.4
133820.0,6.0064959096935305e-09,503.6391845842752,449.84688991475304,0.0008682056235302473,0,0,0,0,0,0,0,0,0.0,0,0,1.4
133840.0,5.9970829454507124e-09,503.82518737410004,449.9299504222243,0.0008671651729229126,0,0,0,0,0,0,0,0,0.0,0,0,1.4
133860.0,5.9876895580054e-09,504.01112979907276,450.012968650126,0.0008661264453967488,0,0,0,0,0,0,0,0,0.0,0,0,1.4
133880.0,5.978315696683166e-09,504.1970118423283,450.0959446143252,0.0008650894372123133,0,0,0,0,0,0,0,0,0.0,0,0,1.4
133900.0,5.968961310809547e-09,504.3828334870025,450.1788783306894,0.0008640541446301582,0,0,0,0,0,0,0,0,0.0,0,0,1.4
133920.00000000003,5.959626349837743e-09,504.56859471631475,450.2617698151038,0.0008630205639189862,0,0,0,0,0,0,0,0,0.0,0,0,1.4
133940.0,5.950310763731457e-09,504.754295513824,450.34461908352637,0.0008619886913800829,0,0,0,0,0,0,0,0,0.0,0,0,1.4
133960.0,5.941014502581976e-09,504.93993586317396,450.4274261519332,0.0008609585233228747,0,0,0,0,0,0,0,0,0.0,0,0,1.4
133980.0,5.931737516480645e-09,505.12551574800796,450.5101910363003,0.0008599300560567944,0,0,0,0,0,0,0,0,0.0,0,0,1.4
134000.0,5.9224797555187504e-09,505.31103515197,450.5929137526039,0.0008589032858912688,0,0,0,0,0,0,0,0,0.0,0,0,1.4
134020.0,5.913241169913069e-09,505.4964940587872,450.6755943168377,0.0008578782091437533,0,0,0,0,0,0,0,0,0.0,0,0,1.4
134040.0,5.90402171038218e-09,505.6818924525223,450.7582327450663,0.0008568548221637999,0,0,0,0,0,0,0,0,0.0,0,0,1.4
134060.0,5.894821327770068e-09,505.8672303173225,450.84082905337226,0.0008558331213089805,0,0,0,0,0,0,0,0,0.0,0,0,1.4
134080.0,5.88563997292076e-09,506.0525076373343,450.923383257838,0.0008548131029368718,0,0,0,0,0,0,0,0,0.0,0,0,1.4
134100.0,5.8764775966782784e-09,506.2377243967042,451.0058953745458,0.0008537947634050492,0,0,0,0,0,0,0,0,0.0,0,0,1.4
134120.0,5.867334150009933e-09,506.42288057966243,451.08836541959556,0.0008527780990789907,0,0,0,0,0,0,0,0,0.0,0,0,1.4
134140.00000000003,5.858209584376351e-09,506.6079761707704,451.1707934091562,0.0008517631063557999,0,0,0,0,0,0,0,0,0.0,0,0,1.4
134160.0,5.849103851361481e-09,506.79301115467234,451.2531793594138,0.0008507497816404862,0,0,0,0,0,0,0,0,0.0,0,0,1.4
134180.0,5.840016902549232e-09,506.97798551601346,451.33552328655503,0.0008497381213380541,0,0,0,0,0,0,0,0,0.0,0,0,1.4
134200.0,5.830948689523566e-09,507.1628992394378,451.4178252067659,0.0008487281218535147,0,0,0,0,0,0,0,0,0.0,0,0,1.4
134220.0,5.821899163989615e-09,507.34775230967256,451.50008513624965,0.0008477197795996597,0,0,0,0,0,0,0,0,0.0,0,0,1.4
134240.0,5.812868278137439e-09,507.5325447117728,451.5823030912773,0.0008467130910204369,0,0,0,0,0,0,0,0,0.0,0,0,1.4
134260.0,5.803855984278321e-09,507.71727643087553,451.66447908813655,0.0008457080525675804,0,0,0,0,0,0,0,0,0.0,0,0,1.4
134280.0,5.794862234723507e-09,507.9019474521187,451.7466131431154,0.0008447046606928205,0,0,0,0,0,0,0,0,0.0,0,0,1.4
134300.0,5.785886981784277e-09,508.0865577606395,451.82870527250145,0.0008437029118478915,0,0,0,0,0,0,0,0,0.0,0,0,1.4
134320.0,5.776930177891091e-09,508.2711073416562,451.9107554925991,0.0008427028024922012,0,0,0,0,0,0,0,0,0.0,0,0,1.4
134340.0,5.767991775951076e-09,508.4555961807127,451.9927638197787,0.0008417043291158465,0,0,0,0,0,0,0,0,0.0,0,0,1.4
134360.0,5.759071728990571e-09,508.6400242634333,452.0747302704271,0.0008407074882166013,0,0,0,0,0,0,0,0,0.0,0,0,1.4
134380.0,5.750169990035921e-09,508.8243915754424,452.1566548609308,0.0008397122762922396,0,0,0,0,0,0,0,0,0.0,0,0,1.4
134400.0,5.741286512113427e-09,509.0086981023652,452.2385376076771,0.0008387186898405314,0,0,0,0,0,0,0,0,0.0,0,0,1.4
134420.00000000003,5.732421248366581e-09,509.19294382990637,452.3203785270685,0.0008377267253668096,0,0,0,0,0,0,0,0,0.0,0,0,1.4
134440.0,5.723574152407482e-09,509.37712874409226,452.40217763557257,0.0008367363794066406,0,0,0,0,0,0,0,0,0.0,0,0,1.4
134460.0,5.7147451779653445e-09,509.5612528310306,452.4839349496731,0.0008357476485031464,0,0,0,0,0,0,0,0,0.0,0,0,1.4
134480.0,5.705934278769429e-09,509.7453160768278,452.5656504858534,0.0008347605291994543,0,0,0,0,0,0,0,0,0.0,0,0,1.4
134500.0,5.69714140854895e-09,509.92931846759166,452.6473242605973,0.0008337750180386852,0,0,0,0,0,0,0,0,0.0,0,0,1.4
134520.0,5.6883665211483385e-09,510.1132599895083,452.7289562904041,0.0008327911115714132,0,0,0,0,0,0,0,0,0.0,0,0,1.4
134540.0,5.679609570872752e-09,510.29714062908215,452.8105465918358,0.000831808806378004,0,0,0,0,0,0,0,0,0.0,0,0,1.4
134560.0,5.670870512142489e-09,510.4809603728977,452.8920951814706,0.0008308280990462676,0,0,0,0,0,0,0,0,0.0,0,0,1.4
134580.0,5.662149299377888e-09,510.6647192075389,452.9736020758862,0.0008298489861640179,0,0,0,0,0,0,0,0,0.0,0,0,1.4
134600.0,5.653445886999288e-09,510.8484171195894,453.0550672916605,0.0008288714643190688,0,0,0,0,0,0,0,0,0.0,0,0,1.4
134620.0,5.6447602295402235e-09,511.03205409571257,453.136490845387,0.0008278955301065681,0,0,0,0,0,0,0,0,0.0,0,0,1.4
134640.00000000003,5.636092281987213e-09,511.2156301228857,453.21787275372026,0.0008269211801510186,0,0,0,0,0,0,0,0,0.0,0,0,1.4
134660.0,5.627441999440011e-09,511.39914518816477,453.2992130333302,0.0008259484110842613,0,0,0,0,0,0,0,0,0.0,0,0,1.4
134680.0,5.618809336998334e-09,511.58259927860666,453.38051170088715,0.000824977219538133,0,0,0,0,0,0,0,0,0.0,0,0,1.4
134700.0,5.610194249761948e-09,511.7659923812668,453.4617687730609,0.0008240076021444756,0,0,0,0,0,0,0,0,0.0,0,0,1.4
134720.0,5.601596692941902e-09,511.9493244832801,453.54298426653685,0.0008230395555423561,0,0,0,0,0,0,0,0,0.0,0,0,1.4
134740.0,5.593016622194594e-09,512.1325955720916,453.6241581980597,0.0008220730763997624,0,0,0,0,0,0,0,0,0.0,0,0,1.4
134760.0,5.584453993287754e-09,512.3158056352241,453.70529058438905,0.0008211081613919138,0,0,0,0,0,0,0,0,0.0,0,0,1.4
134780.0,5.575908761989077e-09,512.4989546602018,453.78638144228523,0.0008201448071940242,0,0,0,0,0,0,0,0,0.0,0,0,1.4
134800.0,5.567380884066294e-09,512.6820426345471,453.86743078850793,0.0008191830104813121,0,0,0,0,0,0,0,0,0.0,0,0,1.4
134820.0,5.558870315396596e-09,512.8650695458603,453.94843863983147,0.0008182227679361199,0,0,0,0,0,0,0,0,0.0,0,0,1.4
134840.0,5.55037701229499e-09,513.04803538205,454.0294050130889,0.0008172640762692814,0,0,0,0,0,0,0,0,0.0,0,0,1.4
134860.0,5.541900931185981e-09,513.2309401311007,454.1103299251274,0.0008163069321987576,0,0,0,0,0,0,0,0,0.0,0,0,1.4
134880.0,5.533442028494075e-09,513.4137837809976,454.19121339279445,0.0008153513324425101,0,0,0,0,0,0,0,0,0.0,0,0,1.4
134900.0,5.525000260643741e-09,513.5965663197263,454.2720554329377,0.0008143972737184967,0,0,0,0,0,0,0,0,0.0,0,0,1.4
134920.00000000003,5.5165755841671065e-09,513.7792877353477,454.3528560624186,0.0008134447527516973,0,0,0,0,0,0,0,0,0.0,0,0,1.4
134940.0,5.508167956026794e-09,513.9619480162278,454.43361529815564,0.0008124937662951681,0,0,0,0,0,0,0,0,0.0,0,0,1.4
134960.0,5.499777333293013e-09,514.1445471508093,454.5143331570821,0.0008115443111089804,0,0,0,0,0,0,0,0,0.0,0,0,1.4
134980.0,5.491403673036019e-09,514.3270851275344,454.5950096561306,0.0008105963839532102,0,0,0,0,0,0,0,0,0.0,0,0,1.4
135000.0,5.483046932326022e-09,514.5095619348458,454.67564481223434,0.0008096499815879281,0,0,0,0,0,0,0,0,0.0,0,0,1.4
135020.0,5.474707068339091e-09,514.6919775612611,454.7562386423399,0.0008087051007801256,0,0,0,0,0,0,0,0,0.0,0,0,1.4
135040.0,5.466384038674588e-09,514.8743319955985,454.83679116344945,0.0008077617383244592,0,0,0,0,0,0,0,0,0.0,0,0,1.4
135060.0,5.45807780103767e-09,515.0566252267532,454.91730239257913,0.0008068198910224977,0,0,0,0,0,0,0,0,0.0,0,0,1.4
135080.0,5.449788313133524e-09,515.2388572436189,454.99777234674485,0.0008058795556758138,0,0,0,0,0,0,0,0,0.0,0,0,1.4
135100.0,5.441515532667338e-09,515.4210280350894,455.07820104296246,0.0008049407290859799,0,0,0,0,0,0,0,0,0.0,0,0,1.4
135120.0,5.433259417448316e-09,515.6031375901342,455.15858849826185,0.00080400340806138,0,0,0,0,0,0,0,0,0.0,0,0,1.4
135140.00000000003,5.425019925701908e-09,515.7851858980199,455.2389347297264,0.0008030675894376607,0,0,0,0,0,0,0,0,0.0,0,0,1.4
135160.0,5.416797015757611e-09,515.967172948088,455.3192397544534,0.0008021332700572825,0,0,0,0,0,0,0,0,0.0,0,0,1.4
135180.0,5.408590645944889e-09,516.1490987296803,455.39950358954013,0.0008012004467627039,0,0,0,0,0,0,0,0,0.0,0,0,1.4
135200.0,5.400400774593256e-09,516.3309632321381,455.47972625208365,0.000800269116396387,0,0,0,0,0,0,0,0,0.0,0,0,1.4
135220.0,5.392227360134494e-09,516.5127664448773,455.55990775919446,0.0007993392758075052,0,0,0,0,0,0,0,0,0.0,0,0,1.4
135240.0,5.384070361409708e-09,516.6945083576076,455.6400481280354,0.000798410921872099,0,0,0,0,0,0,0,0,0.0,0,0,1.4
135260.0,5.375929737362323e-09,516.8761889601121,455.72014737578235,0.0007974840514729253,0,0,0,0,0,0,0,0,0.0,0,0,1.4
135280.0,5.3678054469357265e-09,517.0578082421755,455.8002055196116,0.0007965586614927368,0,0,0,0,0,0,0,0,0.0,0,0,1.4
135300.0,5.359697449073346e-09,517.2393661935807,455.88022257669917,0.0007956347488142901,0,0,0,0,0,0,0,0,0.0,0,0,1.4
135320.0,5.3516057028192124e-09,517.4208628041845,455.96019856423374,0.0007947123103269589,0,0,0,0,0,0,0,0,0.0,0,0,1.4
135340.0,5.343530167619768e-09,517.6022980641358,456.04013349945575,0.0007937913429465807,0,0,0,0,0,0,0,0,0.0,0,0,1.4
135360.0,5.33547080302209e-09,517.7836719636554,456.1200273996182,0.0007928718435956149,0,0,0,0,0,0,0,0,0.0,0,0,1.4
135380.0,5.327427568573263e-09,517.9649844929647,456.19988028197395,0.0007919538091965201,0,0,0,0,0,0,0,0,0.0,0,0,1.4
135400.0,5.319400423820334e-09,518.1462356422859,456.2796921637763,0.0007910372366717515,0,0,0,0,0,0,0,0,0.0,0,0,1.4
135420.00000000003,5.311389328409328e-09,518.3274254019119,456.35946306229073,0.0007901221229502894,0,0,0,0,0,0,0,0,0.0,0,0,1.4
135440.0,5.3033942423820375e-09,518.5085537624243,456.43919299483224,0.0007892084649871994,0,0,0,0,0,0,0,0,0.0,0,0,1.4
135460.0,5.295415125879166e-09,518.6896207144778,456.5188819787291,0.000788296259744066,0,0,0,0,0,0,0,0,0.0,0,0,1.4
135480.0,5.28745193904146e-09,518.8706262487254,456.59853003130877,0.0007873855041824772,0,0,0,0,0,0,0,0,0.0,0,0,1.4
135500.0,5.279504642009625e-09,519.0515703558222,456.6781371698993,0.0007864761952640171,0,0,0,0,0,0,0,0,0.0,0,0,1.4
135520.0,5.271573195021688e-09,519.2324530264926,456.75770341184045,0.0007855683299566994,0,0,0,0,0,0,0,0,0.0,0,0,1.4
135540.0,5.2636575587048675e-09,519.4132742517475,456.83722877452067,0.0007846619052542419,0,0,0,0,0,0,0,0,0.0,0,0,1.4
135560.0,5.255757693783634e-09,519.5940340226689,456.91671327534084,0.0007837569181567837,0,0,0,0,0,0,0,0,0.0,0,0,1.4
135580.0,5.2478735609825e-09,519.7747323303387,456.9961569317014,0.0007828533656644694,0,0,0,0,0,0,0,0,0.0,0,0,1.4
135600.0,5.240005121025971e-09,519.9553691658388,457.07555976100286,0.0007819512447774422,0,0,0,0,0,0,0,0,0.0,0,0,1.4
135620.0,5.232152334734209e-09,520.1359445203219,457.15492178065796,0.0007810505525021749,0,0,0,0,0,0,0,0,0.0,0,0,1.4
135640.00000000003,5.224315163310152e-09,520.3164583852226,457.23424300812616,0.0007801512858704771,0,0,0,0,0,0,0,0,0.0,0,0,1.4
135660.0,5.2164935680524215e-09,520.4969107520458,457.3135234608786,0.000779253441920491,0,0,0,0,0,0,0,0,0.0,0,0,1.4
135680.0,5.208687510259609e-09,520.6773016122967,457.39276315638716,0.0007783570176903549,0,0,0,0,0,0,0,0,0.0,0,0,1.4
135700.0,5.2008969512303476e-09,520.8576309574802,457.47196211212287,0.0007774620102182124,0,0,0,0,0,0,0,0,0.0,0,0,1.4
135720.0,5.193121852357327e-09,521.0378987791719,457.5511203455689,0.0007765684165484435,0,0,0,0,0,0,0,0,0.0,0,0,1.4
135740.0,5.185362175409675e-09,521.2181050692252,457.6302378742539,0.0007756762337503953,0,0,0,0,0,0,0,0,0.0,0,0,1.4
135760.0,5.177617882250617e-09,521.3982498195638,457.7093147157181,0.0007747854588996569,0,0,0,0,0,0,0,0,0.0,0,0,1.4
135780.0,5.1698889347433496e-09,521.5783330221122,457.7883508875021,0.000773896089071813,0,0,0,0,0,0,0,0,0.0,0,0,1.4
135800.0,5.1621752947510954e-09,521.758354668794,457.867346407146,0.0007730081213424525,0,0,0,0,0,0,0,0,0.0,0,0,1.4
135820.0,5.154476924229633e-09,521.9383147516016,457.9463012922012,0.000772121552793315,0,0,0,0,0,0,0,0,0.0,0,0,1.4
135840.0,5.146793785504895e-09,522.1182132628041,458.02521556026386,0.0007712363805307394,0,0,0,0,0,0,0,0,0.0,0,0,1.4
135860.0,5.139125840995395e-09,522.298050194739,458.1040892289411,0.0007703526016672199,0,0,0,0,0,0,0,0,0.0,0,0,1.4
135880.0,5.131473053119648e-09,522.4778255397434,458.18292231583985,0.0007694702133152503,0,0,0,0,0,0,0,0,0.0,0,0,1.4
135900.0,5.1238353842961354e-09,522.6575392901553,458.2617148385674,0.0007685892125873211,0,0,0,0,0,0,0,0,0.0,0,0,1.4
135920.00000000003,5.116212797034391e-09,522.8371914383805,458.34046681474166,0.0007677095966019873,0,0,0,0,0,0,0,0,0.0,0,0,1.4
135940.0,5.1086052542080294e-09,523.0167819770974,458.4191782620239,0.0007668313625020517,0,0,0,0,0,0,0,0,0.0,0,0,1.4
135960.0,5.101012718781648e-09,523.1963108990535,458.4978491980864,0.0007659545074363745,0,0,0,0,0,0,0,0,0.0,0,0,1.4
135980.0,5.093435153719893e-09,523.375778196995,458.57647964060106,0.0007650790285538212,0,0,0,0,0,0,0,0,0.0,0,0,1.4
136000.0,5.085872521987365e-09,523.5551838636696,458.65506960724036,0.0007642049230032524,0,0,0,0,0,0,0,0,0.0,0,0,1.4
136020.0,5.078324786638218e-09,523.7345278918915,458.7336191156868,0.0007633321879395063,0,0,0,0,0,0,0,0,0.0,0,0,1.4
136040.0,5.070791911084702e-09,523.9138102747448,458.81212818366504,0.0007624608205413204,0,0,0,0,0,0,0,0,0.0,0,0,1.4
136060.0,5.063273858828559e-09,524.0930310053816,458.89059682891053,0.0007615908179934013,0,0,0,0,0,0,0,0,0.0,0,0,1.4
136080.0,5.055770593371561e-09,524.2721900769532,458.9690250691584,0.0007607221774804604,0,0,0,0,0,0,0,0,0.0,0,0,1.4
136100.0,5.048282078215479e-09,524.4512874826114,459.04741292214385,0.0007598548961872088,0,0,0,0,0,0,0,0,0.0,0,0,1.4
136120.0,5.040808276950106e-09,524.630323215575,459.1257604056126,0.0007589889713042419,0,0,0,0,0,0,0,0,0.0,0,0,1.4
136140.00000000003,5.033349153517473e-09,524.8092972693288,459.2040675373506,0.0007581244000457124,0,0,0,0,0,0,0,0,0.0,0,0,1.4
136160.0,5.025904671947657e-09,524.9882096374245,459.28233433515436,0.0007572611796316602,0,0,0,0,0,0,0,0,0.0,0,0,1.4
136180.0,5.018474796270709e-09,525.1670603134141,459.3605608168204,0.0007563993072821224,0,0,0,0,0,0,0,0,0.0,0,0,1.4
136200.0,5.011059490516719e-09,525.3458492908493,459.438747000145,0.0007555387802171406,0,0,0,0,0,0,0,0,0.0,0,0,1.4
136220.0,5.00365871880234e-09,525.5245765633481,459.5168929029347,0.0007546795956625549,0,0,0,0,0,0,0,0,0.0,0,0,1.4
136240.0,4.996272445590686e-09,525.703242124792,459.59499854303544,0.0007538217508674235,0,0,0,0,0,0,0,0,0.0,0,0,1.4
136260.0,4.988900635431473e-09,525.8818459691284,459.6730639383029,0.0007529652430866075,0,0,0,0,0,0,0,0,0.0,0,0,1.4
136280.0,4.981543252874389e-09,526.0603880903058,459.7510891065934,0.0007521100695749649,0,0,0,0,0,0,0,0,0.0,0,0,1.4
136300.0,4.974200262469151e-09,526.2388684822713,459.8290740657626,0.0007512562275873572,0,0,0,0,0,0,0,0,0.0,0,0,1.4
136320.0,4.966871628850665e-09,526.4172871390375,459.907018833676,0.0007504037143843658,0,0,0,0,0,0,0,0,0.0,0,0,1.4
136340.0,4.959557316994561e-09,526.5956440548788,459.9849234282375,0.0007495525272494493,0,0,0,0,0,0,0,0,0.0,0,0,1.4
136360.0,4.952257291961691e-09,526.7739392241333,460.06278786736056,0.0007487026634717902,0,0,0,0,0,0,0,0,0.0,0,0,1.4
136380.0,4.944971518812902e-09,526.9521726411398,460.14061216895846,0.0007478541203405708,0,0,0,0,0,0,0,0,0.0,0,0,1.4
136400.0,4.937699962609015e-09,527.1303443002372,460.2183963509448,0.0007470068951449697,0,0,0,0,0,0,0,0,0.0,0,0,1.4
136420.00000000003,4.930442588494675e-09,527.3084541958286,460.29614043124224,0.0007461609851798076,0,0,0,0,0,0,0,0,0.0,0,0,1.4
136440.0,4.923199361949709e-09,527.4865023225753,460.37384442781064,0.0007453163877624576,0,0,0,0,0,0,0,0,0.0,0,0,1.4
136460.0,4.91597024853771e-09,527.6644886752032,460.45150835861955,0.0007444731002159273,0,0,0,0,0,0,0,0,0.0,0,0,1.4
136480.0,4.908755213822314e-09,527.8424132484378,460.5291322416381,0.0007436311198632291,0,0,0,0,0,0,0,0,0.0,0,0,1.4
136500.0,4.901554223367109e-09,528.0202760370051,460.60671609483586,0.0007427904440273702,0,0,0,0,0,0,0,0,0.0,0,0,1.4
136520.0,4.894367242818147e-09,528.1980770356946,460.684259936191,0.0007419510700369195,0,0,0,0,0,0,0,0,0.0,0,0,1.4
136540.0,4.887194238151189e-09,528.3758162395503,460.7617637837177,0.0007411129952426738,0,0,0,0,0,0,0,0,0.0,0,0,1.4
136560.0,4.8800351754243856e-09,528.5534936436804,460.83922765543946,0.0007402762170009838,0,0,0,0,0,0,0,0,0.0,0,0,1.4
136580.0,4.872890020695927e-09,528.7311092431931,460.91665156937955,0.0007394407326682038,0,0,0,0,0,0,0,0,0.0,0,0,1.4
136600.0,4.865758740023999e-09,528.9086630331958,460.9940355435611,0.0007386065396006877,0,0,0,0,0,0,0,0,0.0,0,0,1.4
136620.0,4.858641299547839e-09,529.0861550088601,461.0713795960163,0.0007377736351602645,0,0,0,0,0,0,0,0,0.0,0,0,1.4
136640.00000000003,4.851537665731066e-09,529.263585165609,461.1486837448121,0.0007369420167306787,0,0,0,0,0,0,0,0,0.0,0,0,1.4
136660.0,4.8444478051183784e-09,529.4409534989285,461.22594800802403,0.0007361116817011527,0,0,0,0,0,0,0,0,0.0,0,0,1.4
136680.0,4.837371684254449e-09,529.618260004305,461.30317240372796,0.0007352826274609054,0,0,0,0,0,0,0,0,0.0,0,0,1.4
136700.00000000003,4.83030926968398e-09,529.7955046772249,461.3803569499995,0.0007344548513991596,0,0,0,0,0,0,0,0,0.0,0,0,1.4
136720.0,4.823260528031433e-09,529.9726875132362,461.4575016649227,0.0007336283509105369,0,0,0,0,0,0,0,0,0.0,0,0,1.4
136740.0,4.8162254262403005e-09,530.1498085081372,461.5346065666155,0.0007328031234112531,0,0,0,0,0,0,0,0,0.0,0,0,1.4
136760.0,4.80920393133388e-09,530.326867657787,461.61167167320394,0.0007319791663229279,0,0,0,0,0,0,0,0,0.0,0,0,1.4
136780.0,4.802196010335424e-09,530.5038649580462,461.68869700281465,0.0007311564770671761,0,0,0,0,0,0,0,0,0.0,0,0,1.4
136800.0,4.795201630268222e-09,530.6808004047741,461.76568257357354,0.0007303350530656162,0,0,0,0,0,0,0,0,0.0,0,0,1.4
136820.0,4.788220758234027e-09,530.8576739938921,461.84262840361504,0.0007295148917451895,0,0,0,0,0,0,0,0,0.0,0,0,1.4
136840.0,4.7812533616484554e-09,531.0344857215687,461.91953451110646,0.000728695990554125,0,0,0,0,0,0,0,0,0.0,0,0,1.4
136860.0,4.774299408005619e-09,531.2112355840326,461.9964009142228,0.0007278783469459781,0,0,0,0,0,0,0,0,0.0,0,0,1.4
136880.0,4.767358864799637e-09,531.3879235775134,462.0732276311393,0.0007270619583743042,0,0,0,0,0,0,0,0,0.0,0,0,1.4
136900.0,4.7604316995245916e-09,531.5645496982409,462.15001468003135,0.000726246822292655,0,0,0,0,0,0,0,0,0.0,0,0,1.4
136920.00000000003,4.753517879751797e-09,531.7411139425051,462.22676207908194,0.0007254329361598327,0,0,0,0,0,0,0,0,0.0,0,0,1.4
136940.0,4.746617373361352e-09,531.9176163068394,462.30346984650566,0.0007246202974556255,0,0,0,0,0,0,0,0,0.0,0,0,1.4
136960.0,4.739730148310526e-09,532.0940567878389,462.380138000525,0.0007238089036650647,0,0,0,0,0,0,0,0,0.0,0,0,1.4
136980.0,4.732856172556621e-09,532.2704353820977,462.45676655936245,0.0007229987522731866,0,0,0,0,0,0,0,0,0.0,0,0,1.4
137000.0,4.725995414056908e-09,532.4467520862111,462.53335554124055,0.0007221898407650225,0,0,0,0,0,0,0,0,0.0,0,0,1.4
137020.0,4.719147840844632e-09,532.6230068968333,462.60990496438933,0.0007213821666307799,0,0,0,0,0,0,0,0,0.0,0,0,1.4
137040.0,4.712313421256848e-09,532.7991998108595,462.68641484706916,0.0007205757273813564,0,0,0,0,0,0,0,0,0.0,0,0,1.4
137060.0,4.7054921237065285e-09,532.975330825246,462.7628852075485,0.0007197705205328191,0,0,0,0,0,0,0,0,0.0,0,0,1.4
137080.0,4.698683916606677e-09,533.1513999369481,462.8393160640952,0.0007189665436012382,0,0,0,0,0,0,0,0,0.0,0,0,1.4
137100.0,4.691888768370297e-09,533.327407142921,462.9157074349775,0.0007181637941026841,0,0,0,0,0,0,0,0,0.0,0,0,1.4
137120.0,4.6851066474850834e-09,533.5033524401804,462.99205933847094,0.0007173622695583217,0,0,0,0,0,0,0,0,0.0,0,0,1.4
137140.00000000003,4.67833752273763e-09,533.6792358259792,463.0683717928803,0.0007165619675097133,0,0,0,0,0,0,0,0,0.0,0,0,1.4
137160.0,4.6715813629892545e-09,533.8550572976294,463.14464481651765,0.000715762885503519,0,0,0,0,0,0,0,0,0.0,0,0,1.4
137180.0,4.6648381371012446e-09,534.0308168524441,463.2208784276954,0.0007149650210863958,0,0,0,0,0,0,0,0,0.0,0,0,1.4
137200.00000000003,4.658107813934915e-09,534.2065144877356,463.29707264472563,0.0007141683718050036,0,0,0,0,0,0,0,0,0.0,0,0,1.4
137220.0,4.6513903624251024e-09,534.3821502008748,463.37322748592743,0.0007133729352110299,0,0,0,0,0,0,0,0,0.0,0,0,1.4
137240.0,4.6446857518006914e-09,534.5577239894684,463.4493429696487,0.0007125787088762666,0,0,0,0,0,0,0,0,0.0,0,0,1.4
137260.0,4.637993951364126e-09,534.733235851181,463.5254191142436,0.0007117856903775365,0,0,0,0,0,0,0,0,0.0,0,0,1.4
137280.0,4.631314930417815e-09,534.9086857836785,463.6014559380671,0.0007109938772916587,0,0,0,0,0,0,0,0,0.0,0,0,1.4
137300.0,4.624648658264188e-09,535.0840737846254,463.6774534594737,0.0007102032671954552,0,0,0,0,0,0,0,0,0.0,0,0,1.4
137320.0,4.617995104278016e-09,535.2593998517447,463.75341169682474,0.0007094138576707032,0,0,0,0,0,0,0,0,0.0,0,0,1.4
137340.0,4.611354238123357e-09,535.4346639829928,463.829330668509,0.0007086256463189974,0,0,0,0,0,0,0,0,0.0,0,0,1.4
137360.0,4.604726029536635e-09,535.609866176383,463.9052103929221,0.0007078386307468905,0,0,0,0,0,0,0,0,0.0,0,0,1.4
137380.0,4.598110448254274e-09,535.7850064299286,463.98105088845915,0.0007070528085609357,0,0,0,0,0,0,0,0,0.0,0,0,1.4
137400.0,4.591507464012666e-09,535.9600847416441,464.0568521735162,0.0007062681773676825,0,0,0,0,0,0,0,0,0.0,0,0,1.4
137420.00000000003,4.5849170466194065e-09,536.1351011096003,464.13261426649507,0.0007054847347785695,0,0,0,0,0,0,0,0,0.0,0,0,1.4
137440.0,4.578339166166771e-09,536.3100555320982,464.20833718582395,0.0007047024784245768,0,0,0,0,0,0,0,0,0.0,0,0,1.4
137460.0,4.571773792818181e-09,536.4849480074956,464.28402094993794,0.0007039214059415667,0,0,0,0,0,0,0,0,0.0,0,0,1.4
137480.0,4.565220896737093e-09,536.6597785341511,464.35966557727164,0.000703141514965406,0,0,0,0,0,0,0,0,0.0,0,0,1.4
137500.0,4.558680448086928e-09,536.8345471104227,464.4352710862601,0.0007023628031319569,0,0,0,0,0,0,0,0,0.0,0,0,1.4
137520.0,4.55215241710116e-09,537.0092537347253,464.5108374953444,0.0007015852680819015,0,0,0,0,0,0,0,0,0.0,0,0,1.4
137540.0,4.5456367742933845e-09,537.1838984057009,464.58636482299084,0.0007008089074751876,0,0,0,0,0,0,0,0,0.0,0,0,1.4
137560.0,4.53913349024719e-09,537.3584811220481,464.6618530876722,0.0007000337189765765,0,0,0,0,0,0,0,0,0.0,0,0,1.4
137580.0,4.532642535546197e-09,537.5330018824658,464.7373023078611,0.0006992597002508324,0,0,0,0,0,0,0,0,0.0,0,0,1.4
137600.0,4.526163880774024e-09,537.7074606856522,464.8127125020303,0.0006984868489627198,0,0,0,0,0,0,0,0,0.0,0,0,1.4
137620.0,4.519697496583171e-09,537.8818575303626,464.8880836886586,0.0006977151627817484,0,0,0,0,0,0,0,0,0.0,0,0,1.4
137640.00000000003,4.513243353901794e-09,538.0561924155758,464.96341588624875,0.0006969446393964259,0,0,0,0,0,0,0,0,0.0,0,0,1.4
137660.0,4.506801423726952e-09,538.2304653403265,465.03870911330984,0.0006961752765000086,0,0,0,0,0,0,0,0,0.0,0,0,1.4
137680.0,4.500371677055684e-09,538.4046763036507,465.113963388351,0.0006954070717857494,0,0,0,0,0,0,0,0,0.0,0,0,1.4
137700.00000000003,4.4939540848850484e-09,538.578825304583,465.1891787298813,0.0006946400229469049,0,0,0,0,0,0,0,0,0.0,0,0,1.4
137720.0,4.487548618279914e-09,538.7529123422138,465.26435515641526,0.0006938741276814127,0,0,0,0,0,0,0,0,0.0,0,0,1.4
137740.0,4.481155248576334e-09,538.9269374158556,465.33949268649127,0.0006931093837059343,0,0,0,0,0,0,0,0,0.0,0,0,1.4
137760.0,4.474773947178204e-09,539.1009005248758,465.414591338653,0.000692345788741817,0,0,0,0,0,0,0,0,0.0,0,0,1.4
137780.0,4.46840468548938e-09,539.2748016686421,465.4896511314445,0.0006915833405104035,0,0,0,0,0,0,0,0,0.0,0,0,1.4
137800.0,4.462047434913748e-09,539.4486408465224,465.56467208340956,0.0006908220367330398,0,0,0,0,0,0,0,0,0.0,0,0,1.4
137820.0,4.455702166921919e-09,539.6224180579385,465.6396542130975,0.0006900618751356886,0,0,0,0,0,0,0,0,0.0,0,0,1.4
137840.0,4.4493688532513715e-09,539.796133302532,465.7145975390804,0.0006893028534627742,0,0,0,0,0,0,0,0,0.0,0,0,1.4
137860.0,4.443047465706334e-09,539.9697865799993,465.78950207993523,0.0006885449694633409,0,0,0,0,0,0,0,0,0.0,0,0,1.4
137880.0,4.436737976091038e-09,540.1433778900364,465.86436785423933,0.0006877882208864323,0,0,0,0,0,0,0,0,0.0,0,0,1.4
137900.0,4.430440356209688e-09,540.3169072323394,465.93919488057026,0.0006870326054810896,0,0,0,0,0,0,0,0,0.0,0,0,1.4
137920.00000000003,4.424154577932172e-09,540.4903746066587,466.01398317751045,0.0006862781210009077,0,0,0,0,0,0,0,0,0.0,0,0,1.4
137940.0,4.417880613391009e-09,540.663780012961,466.0887327636637,0.0006855247652176863,0,0,0,0,0,0,0,0,0.0,0,0,1.4
137960.0,4.411618434784353e-09,540.837123451267,466.1634436576395,0.0006847725359077729,0,0,0,0,0,0,0,0,0.0,0,0,1.4
137980.0,4.4053680143103895e-09,541.010404921597,466.238115878047,0.0006840214308475194,0,0,0,0,0,0,0,0,0.0,0,0,1.4
138000.0,4.399129324167271e-09,541.1836244239726,466.31274944349553,0.0006832714478132734,0,0,0,0,0,0,0,0,0.0,0,0,1.4
138020.0,4.392902336617793e-09,541.3567819584675,466.3873443725994,0.0006825225845858732,0,0,0,0,0,0,0,0,0.0,0,0,1.4
138040.0,4.386687024183209e-09,541.5298775253696,466.4619006839933,0.0006817748389641082,0,0,0,0,0,0,0,0,0.0,0,0,1.4
138060.0,4.380483359449361e-09,541.7029111250209,466.5364183963172,0.0006810282087512518,0,0,0,0,0,0,0,0,0.0,0,0,1.4
138080.0,4.374291315002123e-09,541.875882757763,466.61089752821096,0.0006802826917505813,0,0,0,0,0,0,0,0,0.0,0,0,1.4
138100.0,4.368110863427362e-09,542.0487924239369,466.6853380983143,0.0006795382857653738,0,0,0,0,0,0,0,0,0.0,0,0,1.4
138120.0,4.361941977374512e-09,542.2216401239377,466.75974012527206,0.0006787949886033275,0,0,0,0,0,0,0,0,0.0,0,0,1.4
138140.00000000003,4.355784629747385e-09,542.3944258583707,466.8341036277484,0.0006780527980898438,0,0,0,0,0,0,0,0,0.0,0,0,1.4
138160.0,4.349638793513386e-09,542.5671496278942,466.9084286244123,0.0006773117120547494,0,0,0,0,0,0,0,0,0.0,0,0,1.4
138180.0,4.34350444163989e-09,542.7398114331671,466.98271513393286,0.0006765717283278669,0,0,0,0,0,0,0,0,0.0,0,0,1.4
138200.00000000003,4.337381547094302e-09,542.9124112748475,467.05696317497905,0.0006758328447390228,0,0,0,0,0,0,0,0,0.0,0,0,1.4
138220.0,4.331270082906603e-09,543.0849491536458,467.13117276622444,0.0006750950591224065,0,0,0,0,0,0,0,0,0.0,0,0,1.4
138240.0,4.325170022357071e-09,543.2574250704822,467.2053439263614,0.0006743583693296562,0,0,0,0,0,0,0,0,0.0,0,0,1.4
138260.0,4.3190813387885974e-09,543.4298390263274,467.27947667408665,0.0006736227732167777,0,0,0,0,0,0,0,0,0.0,0,0,1.4
138280.0,4.31300400554404e-09,543.6021910221538,467.35357102809724,0.0006728882686397724,0,0,0,0,0,0,0,0,0.0,0,0,1.4
138300.0,4.306937995966283e-09,543.7744810589325,467.4276270070898,0.0006721548534546448,0,0,0,0,0,0,0,0,0.0,0,0,1.4
138320.0,4.300883283459798e-09,543.9467091376865,467.5016446297657,0.0006714225255217019,0,0,0,0,0,0,0,0,0.0,0,0,1.4
138340.0,4.294839841675397e-09,544.1188752596457,467.57562391484385,0.0006706912827184568,0,0,0,0,0,0,0,0,0.0,0,0,1.4
138360.0,4.288807644325505e-09,544.2909794260908,467.6495648810477,0.0006699611229267284,0,0,0,0,0,0,0,0,0.0,0,0,1.4
138380.0,4.2827866651225466e-09,544.4630216383025,467.7234675471002,0.0006692320440283352,0,0,0,0,0,0,0,0,0.0,0,0,1.4
138400.0,4.276776877778922e-09,544.6350018975625,467.7973319317251,0.0006685040439050929,0,0,0,0,0,0,0,0,0.0,0,0,1.4
138420.00000000003,4.270778256067674e-09,544.8069202052019,467.8711580536498,0.0006677771204430625,0,0,0,0,0,0,0,0,0.0,0,0,1.4
138440.0,4.264790774004312e-09,544.9787765627566,467.9449459316185,0.0006670512715452748,0,0,0,0,0,0,0,0,0.0,0,0,1.4
138460.0,4.258814405664937e-09,545.1505709718131,468.0186955843797,0.0006663264951189997,0,0,0,0,0,0,0,0,0.0,0,0,1.4
138480.0,4.252849125125684e-09,545.3223034339578,468.0924070306817,0.0006656027890715111,0,0,0,0,0,0,0,0,0.0,0,0,1.4
138500.0,4.2468949064626524e-09,545.4939739507774,468.1660802892734,0.000664880151310079,0,0,0,0,0,0,0,0,0.0,0,0,1.4
138520.0,4.240951723811631e-09,545.6655825239088,468.2397153789069,0.0006641585797461602,0,0,0,0,0,0,0,0,0.0,0,0,1.4
138540.0,4.235019551547051e-09,545.8371291551896,468.3133123183504,0.0006634380723079455,0,0,0,0,0,0,0,0,0.0,0,0,1.4
138560.0,4.229098364102985e-09,546.008613846509,468.38687112637666,0.0006627186269278062,0,0,0,0,0,0,0,0,0.0,0,0,1.4
138580.0,4.223188135913525e-09,546.180036599755,468.46039182175775,0.0006620002415381171,0,0,0,0,0,0,0,0,0.0,0,0,1.4
138600.0,4.2172888414127685e-09,546.351397416816,468.5338744232659,0.0006612829140712525,0,0,0,0,0,0,0,0,0.0,0,0,1.4
138620.0,4.211400455093502e-09,546.5226962996306,468.6073189496774,0.0006605666424637092,0,0,0,0,0,0,0,0,0.0,0,0,1.4
138640.00000000003,4.205522951683428e-09,546.6939332503354,468.68072541978336,0.0006598514246684883,0,0,0,0,0,0,0,0,0.0,0,0,1.4
138660.0,4.199656305968967e-09,546.8651082711168,468.75409385237833,0.0006591372586427167,0,0,0,0,0,0,0,0,0.0,0,0,1.4
138680.0,4.193800492736513e-09,547.0362213641617,468.8274242662575,0.0006584241423435177,0,0,0,0,0,0,0,0,0.0,0,0,1.4
138700.00000000003,4.187955486772487e-09,547.2072725316568,468.9007166802155,0.0006577120737280179,0,0,0,0,0,0,0,0,0.0,0,0,1.4
138720.0,4.182121262921107e-09,547.3782617758375,468.97397111305077,0.0006570010507574123,0,0,0,0,0,0,0,0,0.0,0,0,1.4
138740.0,4.176297796257764e-09,547.5491890991361,469.0471875835761,0.0006562910714091658,0,0,0,0,0,0,0,0,0.0,0,0,1.4
138760.0,4.170485061915672e-09,547.7200545040338,469.1203661106074,0.0006555821336648159,0,0,0,0,0,0,0,0,0.0,0,0,1.4
138780.0,4.164683035028021e-09,547.8908579930123,469.19350671296115,0.0006548742355058961,0,0,0,0,0,0,0,0,0.0,0,0,1.4
138800.0,4.1588916907280205e-09,548.0615995685528,469.26660940945345,0.0006541673749139427,0,0,0,0,0,0,0,0,0.0,0,0,1.4
138820.0,4.153111004205774e-09,548.2322792331845,469.33967421890367,0.0006534615498745044,0,0,0,0,0,0,0,0,0.0,0,0,1.4
138840.0,4.147340950878933e-09,548.402896989632,469.41270116014493,0.0006527567583891755,0,0,0,0,0,0,0,0,0.0,0,0,1.4
138860.0,4.141581506222063e-09,548.5734528406667,469.4856902520132,0.0006520529984635657,0,0,0,0,0,0,0,0,0.0,0,0,1.4
138880.0,4.1358326457097345e-09,548.743946789061,469.55864151334475,0.000651350268103285,0,0,0,0,0,0,0,0,0.0,0,0,1.4
138900.0,4.130094344816488e-09,548.9143788375872,469.63155496297577,0.0006506485653139397,0,0,0,0,0,0,0,0,0.0,0,0,1.4
138920.00000000003,4.124366579072892e-09,549.084748989065,469.70443061974555,0.000649947888105096,0,0,0,0,0,0,0,0,0.0,0,0,1.4
138940.0,4.11864932423351e-09,549.2550572465062,469.7772685025059,0.0006492482345021458,0,0,0,0,0,0,0,0,0.0,0,0,1.4
138960.0,4.112942556108881e-09,549.4253036129709,469.850068630112,0.0006485496025344343,0,0,0,0,0,0,0,0,0.0,0,0,1.4
138980.0,4.107246250509576e-09,549.5954880915177,469.9228310214188,0.0006478519902313111,0,0,0,0,0,0,0,0,0.0,0,0,1.4
139000.0,4.101560383246137e-09,549.7656106852072,469.9955556952813,0.0006471553956221212,0,0,0,0,0,0,0,0,0.0,0,0,1.4
139020.0,4.0958849301842495e-09,549.9356713971458,470.06824267055754,0.0006464598167401152,0,0,0,0,0,0,0,0,0.0,0,0,1.4
139040.0,4.090219867410102e-09,550.1056702306296,470.1408919661171,0.0006457652516341524,0,0,0,0,0,0,0,0,0.0,0,0,1.4
139060.0,4.084565171064986e-09,550.2756071890022,470.21350360083267,0.0006450716983569919,0,0,0,0,0,0,0,0,0.0,0,0,1.4
139080.0,4.078920817290215e-09,550.4454822756069,470.286077593577,0.000644379154961395,0,0,0,0,0,0,0,0,0.0,0,0,1.4
139100.0,4.073286782227102e-09,550.6152954937868,470.3586139632223,0.0006436876195001238,0,0,0,0,0,0,0,0,0.0,0,0,1.4
139120.0,4.0676630420712055e-09,550.7850468469326,470.43111272864434,0.0006429970900297852,0,0,0,0,0,0,0,0,0.0,0,0,1.4
139140.00000000003,4.062049573235176e-09,550.9547363386207,470.50357390872915,0.0006423075646223835,0,0,0,0,0,0,0,0,0.0,0,0,1.4
139160.0,4.056446352185932e-09,551.1243639724752,470.5759975223659,0.0006416190413537707,0,0,0,0,0,0,0,0,0.0,0,0,1.4
139180.0,4.050853355390368e-09,551.2939297521201,470.6483835884438,0.0006409315182997967,0,0,0,0,0,0,0,0,0.0,0,0,1.4
139200.00000000003,4.045270559315403e-09,551.4634336811789,470.7207321258516,0.0006402449935363136,0,0,0,0,0,0,0,0,0.0,0,0,1.4
139220.0,4.039697940481356e-09,551.6328757633213,470.793043153481,0.0006395594651429688,0,0,0,0,0,0,0,0,0.0,0,0,1.4
139240.0,4.034135475622134e-09,551.8022560024024,470.86531669023384,0.0006388749312145834,0,0,0,0,0,0,0,0,0.0,0,0,1.4
139260.0,4.028583141525077e-09,551.9715744023218,470.9375527550143,0.0006381913898497777,0,0,0,0,0,0,0,0,0.0,0,0,1.4
139280.0,4.023040914977493e-09,552.140830966981,471.0097513667268,0.0006375088391471677,0,0,0,0,0,0,0,0,0.0,0,0,1.4
139300.0,4.017508772766712e-09,552.3100257002799,471.08191254427555,0.0006368272772053722,0,0,0,0,0,0,0,0,0.0,0,0,1.4
139320.0,4.0119866917327216e-09,552.4791586061646,471.1540363065671,0.0006361467021267586,0,0,0,0,0,0,0,0,0.0,0,0,1.4
139340.0,4.006474648926104e-09,552.6482296887639,471.22612267251765,0.0006354671120286837,0,0,0,0,0,0,0,0,0.0,0,0,1.4
139360.0,4.000972621450114e-09,552.817238952252,471.2981716610454,0.000634788505032255,0,0,0,0,0,0,0,0,0.0,0,0,1.4
139380.0,3.995480586408017e-09,552.9861864008024,471.3701832910686,0.0006341108792585807,0,0,0,0,0,0,0,0,0.0,0,0,1.4
139400.0,3.989998520903045e-09,553.1550720385899,471.44215758150585,0.0006334342328287654,0,0,0,0,0,0,0,0,0.0,0,0,1.4
139420.00000000003,3.984526402089977e-09,553.3238958698332,471.5140945512775,0.0006327585638675913,0,0,0,0,0,0,0,0,0.0,0,0,1.4
139440.0,3.979064207329671e-09,553.4926578989302,471.5859942193126,0.0006320838705145359,0,0,0,0,0,0,0,0,0.0,0,0,1.4
139460.0,3.973611914034478e-09,553.6613581303245,471.65785660454276,0.0006314101509127486,0,0,0,0,0,0,0,0,0.0,0,0,1.4
139480.0,3.9681694996167836e-09,553.8299965684587,471.7296817258991,0.0006307374032053818,0,0,0,0,0,0,0,0,0.0,0,0,1.4
139500.0,3.9627369414889395e-09,553.9985732177761,471.8014696023132,0.0006300656255355847,0,0,0,0,0,0,0,0,0.0,0,0,1.4
139520.0,3.9573142171152275e-09,554.1670880827647,471.87322025271834,0.0006293948160502181,0,0,0,0,0,0,0,0,0.0,0,0,1.4
139540.0,3.9519013041675506e-09,554.3355411680936,471.94493369605556,0.0006287249729109784,0,0,0,0,0,0,0,0,0.0,0,0,1.4
139560.0,3.946498180369695e-09,554.503932478477,472.01660995126844,0.0006280560942832683,0,0,0,0,0,0,0,0,0.0,0,0,1.4
139580.0,3.941104823445467e-09,554.6722620186293,472.0882490372999,0.0006273881783324933,0,0,0,0,0,0,0,0,0.0,0,0,1.4
139600.0,3.935721211118678e-09,554.8405297932643,472.1598509730932,0.0006267212232240588,0,0,0,0,0,0,0,0,0.0,0,0,1.4
139620.0,3.930347321159798e-09,555.0087358071376,472.23141577759355,0.0006260552271267084,0,0,0,0,0,0,0,0,0.0,0,0,1.4
139640.00000000003,3.924983131526068e-09,555.1768800651671,472.30294346975245,0.0006253901882225518,0,0,0,0,0,0,0,0,0.0,0,0,1.4
139660.0,3.919628620221417e-09,555.3449625723122,472.3744340685233,0.0006247261046970396,0,0,0,0,0,0,0,0,0.0,0,0,1.4
139680.0,3.9142837652497485e-09,555.5129833335324,472.4458875928598,0.0006240629747356196,0,0,0,0,0,0,0,0,0.0,0,0,1.4
139700.00000000003,3.90894854461499e-09,555.6809423537867,472.51730406171527,0.0006234007965237427,0,0,0,0,0,0,0,0,0.0,0,0,1.4
139720.0,3.903622936383507e-09,555.848839638089,472.58868349404503,0.0006227395682513384,0,0,0,0,0,0,0,0,0.0,0,0,1.4
139740.0,3.8983069188714e-09,556.0166751916726,472.66002590881266,0.0006220792881262513,0,0,0,0,0,0,0,0,0.0,0,0,1.4
139760.0,3.893000470457232e-09,556.1844490198248,472.7313313249833,0.000621419954360808,0,0,0,0,0,0,0,0,0.0,0,0,1.4
139780.0,3.887703569519541e-09,556.352161127834,472.8025997615225,0.0006207615651673324,0,0,0,0,0,0,0,0,0.0,0,0,1.4
139800.0,3.8824161944368844e-09,556.5198115209873,472.87383123739545,0.0006201041187581505,0,0,0,0,0,0,0,0,0.0,0,0,1.4
139820.0,3.877138323587821e-09,556.6874002045726,472.9450257715675,0.0006194476133455886,0,0,0,0,0,0,0,0,0.0,0,0,1.4
139840.0,3.87186993535089e-09,556.8549271838777,473.01618338300403,0.00061879204714197,0,0,0,0,0,0,0,0,0.0,0,0,1.4
139860.0,3.866611008104646e-09,557.0223924641904,473.08730409067033,0.000618137418359621,0,0,0,0,0,0,0,0,0.0,0,0,1.4
139880.0,3.8613615202276514e-09,557.189796050798,473.15838791353184,0.0006174837252108678,0,0,0,0,0,0,0,0,0.0,0,0,1.4
