year        2017 day         235 seconds   39600.0000     lat   68.0000000     lon   20.0000000
IYD       17235 SEC   39600.0000     GLAT   68.1333466     GLON   20.0000000     STL   12.3333330     F107A   106.716003     F107   131.000000     AP   37.0000000       0.00000000       0.00000000       0.00000000       0.00000000       0.00000000       0.00000000
z[m] rho[kg/(m^3)] T[K] c[m/s] p[Pa] H[m] g[m/(s^2)] N^2[rad^2/s^2] kappa[J/(s.m.K)] mu[kg(s.m)] mu_vol[kg/(s.m)] w_M[m/s] w_Z[m/s] w_P[m/s] c_p[J/(mol.K)] c_v[J/(mol.K)] gamma
250,1.23982131481171,281.0473,335.2893,100000,0,9.81303482851428,0,0,0,0,0,0,-1.018733,29.4265827733659,21.1125827733659,1.39379360115468
350,1.22871255874634,280.1533,334.7556,98788.77,0,9.81272679706688,0,0,0,0,0,0,-0.9345082,29.4265827733659,21.1125827733659,1.39379360115468
450,1.21727502346039,279.3503,334.2755,97588.66,0,9.81241878012292,0,0,0,0,0,0,-0.7299048,29.4265827733659,21.1125827733659,1.39379360115468
550,1.20566523075104,278.6047,333.8291,96399.91,0,9.81211077768149,0,0,0,0,0,0,-0.4696782,29.4265827733659,21.1125827733659,1.39379360115468
650,1.19400584697723,277.8896,333.4004,95222.66,0,9.81180278974169,0,0,0,0,0,0,-0.1800811,29.4265827733659,21.1125827733659,1.39379360115468
750,1.18244564533234,277.1709,332.969,94056.84,0,9.81149481630261,0,0,0,0,0,0,0.1188345,29.4265827733659,21.1125827733659,1.39379360115468
850,1.17056703567505,276.547,332.594,92902.36,0,9.81118685736333,0,0,0,0,0,0,0.4178829,29.4265827733659,21.1125827733659,1.39379360115468
950,1.15690004825592,276.3746,332.4904,91760.44,0,9.81087891292295,0,0,0,0,0,0,0.7603476,29.4265827733659,21.1125827733659,1.39379360115468
1050,1.14362406730652,276.1453,332.3524,90632.2,0,9.81057098298055,0,0,0,0,0,0,1.0252,29.4265827733659,21.1125827733659,1.39379360115468
1150,1.13143861293793,275.6824,332.0737,89516.19,0,9.81026306753522,0,0,0,0,0,0,1.122241,29.4265827733659,21.1125827733659,1.39379360115468
1250,1.11853110790253,275.4254,331.9189,88412.48,0,9.80995516658606,0,0,0,0,0,0,1.072587,29.4265827733659,21.1125827733659,1.39379360115468
1350,1.10502350330353,275.3528,331.8752,87321.79,0,9.80964728013215,0,0,0,0,0,0,0.8991642,29.4265827733659,21.1125827733659,1.39379360115468
1450,1.09118819236755,275.4042,331.9061,86244.57,0,9.80933940817259,0,0,0,0,0,0,0.7147639,29.4265827733659,21.1125827733659,1.39379360115468
1550,1.07740426063538,275.4879,331.9565,85180.99,0,9.80903155070646,0,0,0,0,0,0,0.5576509,29.4265827733659,21.1125827733659,1.39379360115468
1650,1.06421935558319,275.4621,331.941,84130.71,0,9.80872370773286,0,0,0,0,0,0,0.316456,29.4265827733659,21.1125827733659,1.39379360115468
1750,1.05142140388489,275.3766,331.8895,83093.16,0,9.80841587925088,0,0,0,0,0,0,0.08275151,29.4265827733659,21.1125827733659,1.39379360115468
1850,1.0390430688858,275.2194,331.7947,82068.05,0,9.8081080652596,0,0,0,0,0,0,-0.09287989,29.4265827733659,21.1125827733659,1.39379360115468
1950,1.02757716178894,274.8541,331.5745,81054.72,0,9.80780026575811,0,0,0,0,0,0,-0.2810699,29.4265827733659,21.1125827733659,1.39379360115468
2050,1.01685214042664,274.3178,331.2509,80052.22,0,9.80749248074551,0,0,0,0,0,0,-0.4915794,29.4265827733659,21.1125827733659,1.39379360115468
2150,1.0063533782959,273.7444,330.9045,79060.09,0,9.8071847102209,0,0,0,0,0,0,-0.6971396,29.4265827733659,21.1125827733659,1.39379360115468
2250,0.995838105678558,273.1996,330.575,78078.29,0,9.80687695418334,0,0,0,0,0,0,-0.8723486,29.4265827733659,21.1125827733659,1.39379360115468
2350,0.985352337360382,272.6716,330.2554,77106.86,0,9.80656921263195,0,0,0,0,0,0,-0.9943276,29.4265827733659,21.1125827733659,1.39379360115468
2450,0.974959969520569,272.1429,329.9351,76145.67,0,9.80626148556581,0,0,0,0,0,0,-1.049137,29.4265827733659,21.1125827733659,1.39379360115468
2550,0.964749813079834,271.5881,329.5986,75194.66,0,9.80595377298401,0,0,0,0,0,0,-1.07532,29.4265827733659,21.1125827733659,1.39379360115468
2650,0.954816699028015,270.9791,329.2289,74253.56,0,9.80564607488564,0,0,0,0,0,0,-1.130632,29.4265827733659,21.1125827733659,1.39379360115468
2750,0.945188343524933,270.3055,328.8194,73322.07,0,9.8053383912698,0,0,0,0,0,0,-1.244224,29.4265827733659,21.1125827733659,1.39379360115468
2850,0.935757756233215,269.5959,328.3875,72399.93,0,9.80503072213557,0,0,0,0,0,0,-1.383048,29.4265827733659,21.1125827733659,1.39379360115468
2950,0.926406502723694,268.8835,327.9533,71487.03,0,9.80472306748204,0,0,0,0,0,0,-1.50691,29.4265827733659,21.1125827733659,1.39379360115468
3050,0.917081654071808,268.1837,327.5263,70583.28,0,9.80441542730831,0,0,0,0,0,0,-1.60154,29.4265827733659,21.1125827733659,1.39379360115468
3150,0.90779584646225,267.4932,327.1044,69688.7,0,9.80410780161347,0,0,0,0,0,0,-1.680195,29.4265827733659,21.1125827733659,1.39379360115468
3250,0.898562908172607,266.808,326.6852,68803.24,0,9.80380019039661,0,0,0,0,0,0,-1.756581,29.4265827733659,21.1125827733659,1.39379360115468
3350,0.889386296272278,266.1273,326.2682,67926.84,0,9.80349259365682,0,0,0,0,0,0,-1.834255,29.4265827733659,21.1125827733659,1.39379360115468
3450,0.880263209342957,265.4518,325.8538,67059.41,0,9.80318501139319,0,0,0,0,0,0,-1.910254,29.4265827733659,21.1125827733659,1.39379360115468
3550,0.87119048833847,264.7826,325.4428,66200.93,0,9.80287744360482,0,0,0,0,0,0,-1.981512,29.4265827733659,21.1125827733659,1.39379360115468
3650,0.862170517444611,264.1192,325.0349,65351.35,0,9.80256989029079,0,0,0,0,0,0,-2.045808,29.4265827733659,21.1125827733659,1.39379360115468
3750,0.853222250938416,263.4556,324.6263,64510.61,0,9.8022623514502,0,0,0,0,0,0,-2.103938,29.4265827733659,21.1125827733659,1.39379360115468
3850,0.844367980957031,262.7849,324.2128,63678.62,0,9.80195482708214,0,0,0,0,0,0,-2.157369,29.4265827733659,21.1125827733659,1.39379360115468
3950,0.835628807544708,262.0999,323.79,62855.29,0,9.8016473171857,0,0,0,0,0,0,-2.207566,29.4265827733659,21.1125827733659,1.39379360115468
4050,0.82702374458313,261.394,323.3537,62040.48,0,9.80133982175997,0,0,0,0,0,0,-2.25596,29.4265827733659,21.1125827733659,1.39379360115468
4150,0.818555653095245,260.6654,322.9027,61234.06,0,9.80103234080405,0,0,0,0,0,0,-2.303163,29.4265827733659,21.1125827733659,1.39379360115468
4250,0.810210764408112,259.9175,322.4391,60435.9,0,9.80072487431703,0,0,0,0,0,0,-2.34898,29.4265827733659,21.1125827733659,1.39379360115468
4350,0.80197536945343,259.1541,321.9653,59645.9,0,9.800417422298,0,0,0,0,0,0,-2.393177,29.4265827733659,21.1125827733659,1.39379360115468
4450,0.793836534023285,258.3787,321.4832,58863.93,0,9.80010998474605,0,0,0,0,0,0,-2.43552,29.4265827733659,21.1125827733659,1.39379360115468
4550,0.785779297351837,257.5958,320.9958,58089.93,0,9.79980256166027,0,0,0,0,0,0,-2.475917,29.4265827733659,21.1125827733659,1.39379360115468
4650,0.777771532535553,256.8157,320.5094,57323.82,0,9.79949515303976,0,0,0,0,0,0,-2.515499,29.4265827733659,21.1125827733659,1.39379360115468
4750,0.76977276802063,256.052,320.0325,56565.57,0,9.79918775888361,0,0,0,0,0,0,-2.556047,29.4265827733659,21.1125827733659,1.39379360115468
4850,0.761744558811188,255.3181,319.5735,55815.2,0,9.79888037919091,0,0,0,0,0,0,-2.599346,29.4265827733659,21.1125827733659,1.39379360115468
4950,0.753649950027466,254.6276,319.1411,55072.75,0,9.79857301396076,0,0,0,0,0,0,-2.64718,29.4265827733659,21.1125827733659,1.39379360115468
5050,0.745459079742432,253.9923,318.7427,54338.28,0,9.79826566319224,0,0,0,0,0,0,-2.701323,29.4265827733659,21.1125827733659,1.39379360115468
5150,0.737192332744598,253.4072,318.3754,53611.91,0,9.79795832688446,0,0,0,0,0,0,-2.763434,29.4265827733659,21.1125827733659,1.39379360115468
5250,0.728894114494324,252.8587,318.0306,52893.69,0,9.7976510050365,0,0,0,0,0,0,-2.835117,29.4265827733659,21.1125827733659,1.39379360115468
5350,0.720607161521912,252.333,317.6999,52183.61,0,9.79734369764745,0,0,0,0,0,0,-2.917973,29.4265827733659,21.1125827733659,1.39379360115468
5450,0.712372124195099,251.8164,317.3745,51481.66,0,9.79703640471641,0,0,0,0,0,0,-3.013602,29.4265827733659,21.1125827733659,1.39379360115468
5550,0.704227566719055,251.2953,317.046,50787.75,0,9.79672912624248,0,0,0,0,0,0,-3.123485,29.4265827733659,21.1125827733659,1.39379360115468
5650,0.696204423904419,250.7581,316.7069,50101.8,0,9.79642186222473,0,0,0,0,0,0,-3.245523,29.4265827733659,21.1125827733659,1.39379360115468
5750,0.688324868679047,250.1957,316.3515,49423.66,0,9.79611461266228,0,0,0,0,0,0,-3.373567,29.4265827733659,21.1125827733659,1.39379360115468
5850,0.680610299110413,249.599,315.9741,48753.18,0,9.79580737755421,0,0,0,0,0,0,-3.501247,29.4265827733659,21.1125827733659,1.39379360115468
5950,0.673080444335938,248.959,315.5687,48090.17,0,9.79550015689962,0,0,0,0,0,0,-3.622195,29.4265827733659,21.1125827733659,1.39379360115468
6050,0.665754556655884,248.2667,315.1296,47434.48,0,9.79519295069759,0,0,0,0,0,0,-3.730044,29.4265827733659,21.1125827733659,1.39379360115468
6150,0.658645689487457,247.515,314.6522,46785.88,0,9.79488575894722,0,0,0,0,0,0,-3.819182,29.4265827733659,21.1125827733659,1.39379360115468
6250,0.65173327922821,246.7092,314.1396,46144.16,0,9.79457858164761,0,0,0,0,0,0,-3.889089,29.4265827733659,21.1125827733659,1.39379360115468
6350,0.644984543323517,245.86,313.5984,45509.14,0,9.79427141879785,0,0,0,0,0,0,-3.941346,29.4265827733659,21.1125827733659,1.39379360115468
6450,0.638367772102356,244.978,313.0355,44880.7,0,9.79396427039703,0,0,0,0,0,0,-3.977537,29.4265827733659,21.1125827733659,1.39379360115468
6550,0.631852626800537,244.0738,312.4572,44258.69,0,9.79365713644425,0,0,0,0,0,0,-3.999252,29.4265827733659,21.1125827733659,1.39379360115468
6650,0.625409781932831,243.1581,311.8706,43643.04,0,9.7933500169386,0,0,0,0,0,0,-4.008075,29.4265827733659,21.1125827733659,1.39379360115468
6750,0.619013011455536,242.2408,311.2818,43033.7,0,9.79304291187917,0,0,0,0,0,0,-4.005663,29.4265827733659,21.1125827733659,1.39379360115468
6850,0.612649261951447,241.3271,310.6941,42430.62,0,9.79273582126506,0,0,0,0,0,0,-3.994133,29.4265827733659,21.1125827733659,1.39379360115468
6950,0.606310367584229,240.4201,310.1097,41833.8,0,9.79242874509537,0,0,0,0,0,0,-3.975779,29.4265827733659,21.1125827733659,1.39379360115468
7050,0.599988698959351,239.5231,309.5307,41243.18,0,9.79212168336918,0,0,0,0,0,0,-3.9529,29.4265827733659,21.1125827733659,1.39379360115468
7150,0.593676924705505,238.6395,308.9592,40658.75,0,9.79181463608559,0,0,0,0,0,0,-3.92779,29.4265827733659,21.1125827733659,1.39379360115468
7250,0.587368071079254,237.7725,308.3975,40080.54,0,9.79150760324369,0,0,0,0,0,0,-3.902747,29.4265827733659,21.1125827733659,1.39379360115468
7350,0.581055641174316,236.9252,307.8475,39508.51,0,9.79120058484259,0,0,0,0,0,0,-3.880026,29.4265827733659,21.1125827733659,1.39379360115468
7450,0.574740886688232,236.098,307.3096,38942.68,0,9.79089358088137,0,0,0,0,0,0,-3.860747,29.4265827733659,21.1125827733659,1.39379360115468
7550,0.568432629108429,235.2876,306.7817,38383.05,0,9.79058659135912,0,0,0,0,0,0,-3.844764,29.4265827733659,21.1125827733659,1.39379360115468
7650,0.562140107154846,234.4908,306.2619,37829.62,0,9.79027961627495,0,0,0,0,0,0,-3.831862,29.4265827733659,21.1125827733659,1.39379360115468
7750,0.555871665477753,233.7045,305.748,37282.34,0,9.78997265562795,0,0,0,0,0,0,-3.821827,29.4265827733659,21.1125827733659,1.39379360115468
7850,0.549635946750641,232.9254,305.2379,36741.21,0,9.78966570941721,0,0,0,0,0,0,-3.814447,29.4265827733659,21.1125827733659,1.39379360115468
7950,0.543440639972687,232.1502,304.7296,36206.19,0,9.78935877764183,0,0,0,0,0,0,-3.809507,29.4265827733659,21.1125827733659,1.39379360115468
8050.00049,0.537293314933777,231.3758,304.2209,35677.21,0,9.78905185879703,0,0,0,0,0,0,-3.806774,29.4265827733659,21.1125827733659,1.39379360115468
8150,0.531196236610413,230.6011,303.7111,35154.26,0,9.78874495739351,0,0,0,0,0,0,-3.805736,29.4265827733659,21.1125827733659,1.39379360115468
8250,0.525148868560791,229.8262,303.2004,34637.25,0,9.78843806891876,0,0,0,0,0,0,-3.805661,29.4265827733659,21.1125827733659,1.39379360115468
8350,0.519150137901306,229.0514,302.6889,34126.16,0,9.78813119487576,0,0,0,0,0,0,-3.805814,29.4265827733659,21.1125827733659,1.39379360115468
8450,0.513199150562286,228.2771,302.1768,33620.93,0,9.78782433526358,0,0,0,0,0,0,-3.805457,29.4265827733659,21.1125827733659,1.39379360115468
8550,0.507295250892639,227.5035,301.6644,33121.53,0,9.78751749008133,0,0,0,0,0,0,-3.803853,29.4265827733659,21.1125827733659,1.39379360115468
8650,0.501437425613403,226.7309,301.1517,32627.89,0,9.7872106593281,0,0,0,0,0,0,-3.800267,29.4265827733659,21.1125827733659,1.39379360115468
8750,0.495624899864197,225.9597,300.6391,32139.98,0,9.786903843003,0,0,0,0,0,0,-3.793961,29.4265827733659,21.1125827733659,1.39379360115468
8850,0.489857107400894,225.19,300.1266,31657.75,0,9.7865970411051,0,0,0,0,0,0,-3.784199,29.4265827733659,21.1125827733659,1.39379360115468
8950,0.484130352735519,224.4235,299.6154,31181.16,0,9.78629025363351,0,0,0,0,0,0,-3.770404,29.4265827733659,21.1125827733659,1.39379360115468
9050,0.478426665067673,223.6688,299.1112,30710.17,0,9.78598348058733,0,0,0,0,0,0,-3.752856,29.4265827733659,21.1125827733659,1.39379360115468
9150,0.472723752260208,222.9366,298.6212,30244.77,0,9.78567672196565,0,0,0,0,0,0,-3.732126,29.4265827733659,21.1125827733659,1.39379360115468
9250,0.467000901699066,222.2379,298.153,29784.99,0,9.78536997776756,0,0,0,0,0,0,-3.708786,29.4265827733659,21.1125827733659,1.39379360115468
9350,0.461238086223602,221.5836,297.7137,29330.83,0,9.78506324799216,0,0,0,0,0,0,-3.683406,29.4265827733659,21.1125827733659,1.39379360115468
9450,0.455416858196259,220.9845,297.311,28882.35,0,9.78475653263855,0,0,0,0,0,0,-3.656559,29.4265827733659,21.1125827733659,1.39379360115468
9550,0.44951993227005,220.4516,296.9522,28439.62,0,9.78444983170582,0,0,0,0,0,0,-3.628814,29.4265827733659,21.1125827733659,1.39379360115468
9650,0.443531483411789,219.9956,296.645,28002.7,0,9.78414314519308,0,0,0,0,0,0,-3.600743,29.4265827733659,21.1125827733659,1.39379360115468
9750,0.437437057495117,219.6275,296.3967,27571.72,0,9.7838364730994,0,0,0,0,0,0,-3.572918,29.4265827733659,21.1125827733659,1.39379360115468
9850,0.431223750114441,219.3582,296.2149,27146.77,0,9.7835298154239,0,0,0,0,0,0,-3.545909,29.4265827733659,21.1125827733659,1.39379360115468
9950,0.424881309270859,219.1981,296.1068,26727.97,0,9.78322317216566,0,0,0,0,0,0,-3.520289,29.4265827733659,21.1125827733659,1.39379360115468
10050,0.418420255184174,219.1475,296.0726,26315.45,0,9.78291654332379,0,0,0,0,0,0,-3.496664,29.4265827733659,21.1125827733659,1.39379360115468
10150,0.411870956420898,219.1962,296.1056,25909.31,0,9.78260992889738,0,0,0,0,0,0,-3.475676,29.4265827733659,21.1125827733659,1.39379360115468
10250,0.405263066291809,219.3337,296.1984,25509.62,0,9.78230332888552,0,0,0,0,0,0,-3.457967,29.4265827733659,21.1125827733659,1.39379360115468
10350,0.398624658584595,219.5493,296.344,25116.43,0,9.78199674328732,0,0,0,0,0,0,-3.444181,29.4265827733659,21.1125827733659,1.39379360115468
10450,0.391982018947601,219.8325,296.535,24729.74,0,9.78169017210186,0,0,0,0,0,0,-3.43496,29.4265827733659,21.1125827733659,1.39379360115468
10550,0.385359853506088,220.1725,296.7642,24349.56,0,9.78138361532825,0,0,0,0,0,0,-3.430947,29.4265827733659,21.1125827733659,1.39379360115468
10650,0.378780841827393,220.5588,297.0245,23975.85,0,9.78107707296559,0,0,0,0,0,0,-3.432785,29.4265827733659,21.1125827733659,1.39379360115468
10750,0.372265934944153,220.9808,297.3085,23608.55,0,9.78077054501296,0,0,0,0,0,0,-3.441117,29.4265827733659,21.1125827733659,1.39379360115468
10850,0.365834355354309,221.4279,297.6091,23247.61,0,9.78046403146947,0,0,0,0,0,0,-3.456585,29.4265827733659,21.1125827733659,1.39379360115468
10950,0.359503477811813,221.8894,297.919,22892.92,0,9.78015753233421,0,0,0,0,0,0,-3.479833,29.4265827733659,21.1125827733659,1.39379360115468
11050,0.353287607431412,222.3557,298.2319,22544.37,0,9.77985104760628,0,0,0,0,0,0,-3.510978,29.4265827733659,21.1125827733659,1.39379360115468
11150,0.347193986177444,222.8207,298.5436,22201.86,0,9.77954457728478,0,0,0,0,0,0,-3.548104,29.4265827733659,21.1125827733659,1.39379360115468
11250,0.341227680444717,223.2794,298.8507,21865.25,0,9.77923812136881,0,0,0,0,0,0,-3.588806,29.4265827733659,21.1125827733659,1.39379360115468
11350,0.335393041372299,223.7266,299.1499,21534.43,0,9.77893167985745,0,0,0,0,0,0,-3.630675,29.4265827733659,21.1125827733659,1.39379360115468
11450,0.329694002866745,224.1573,299.4376,21209.25,0,9.77862525274981,0,0,0,0,0,0,-3.671302,29.4265827733659,21.1125827733659,1.39379360115468
11550,0.324133723974228,224.5661,299.7106,20889.6,0,9.77831884004499,0,0,0,0,0,0,-3.708281,29.4265827733659,21.1125827733659,1.39379360115468
11650,0.31871497631073,224.9482,299.9655,20575.31,0,9.77801244174208,0,0,0,0,0,0,-3.739204,29.4265827733659,21.1125827733659,1.39379360115468
11750,0.313440084457397,225.2982,300.1988,20266.27,0,9.77770605784018,0,0,0,0,0,0,-3.761663,29.4265827733659,21.1125827733659,1.39379360115468
11850,0.308310925960541,225.6112,300.4072,19962.32,0,9.7773996883384,0,0,0,0,0,0,-3.773251,29.4265827733659,21.1125827733659,1.39379360115468
11950,0.303329110145569,225.8819,300.5874,19663.33,0,9.77709333323581,0,0,0,0,0,0,-3.771559,29.4265827733659,21.1125827733659,1.39379360115468
12050,0.29849562048912,226.1054,300.736,19369.14,0,9.77678699253153,0,0,0,0,0,0,-3.754218,29.4265827733659,21.1125827733659,1.39379360115468
12150,0.293806493282318,226.2803,300.8524,19079.62,0,9.77648066622465,0,0,0,0,0,0,-3.720787,29.4265827733659,21.1125827733659,1.39379360115468
12250,0.289250433444977,226.4113,300.9394,18794.62,0,9.77617435431427,0,0,0,0,0,0,-3.673687,29.4265827733659,21.1125827733659,1.39379360115468
12350,0.284816592931747,226.5032,301.0004,18514.03,0,9.77586805679949,0,0,0,0,0,0,-3.615572,29.4265827733659,21.1125827733659,1.39379360115468
12450,0.28049448132515,226.5609,301.0388,18237.73,0,9.7755617736794,0,0,0,0,0,0,-3.549091,29.4265827733659,21.1125827733659,1.39379360115468
12550,0.276274561882019,226.5893,301.0577,17965.61,0,9.7752555049531,0,0,0,0,0,0,-3.476897,29.4265827733659,21.1125827733659,1.39379360115468
12650,0.272147655487061,226.5935,301.0605,17697.57,0,9.7749492506197,0,0,0,0,0,0,-3.401642,29.4265827733659,21.1125827733659,1.39379360115468
12750,0.268105417490005,226.5783,301.0504,17433.53,0,9.77464301067828,0,0,0,0,0,0,-3.325976,29.4265827733659,21.1125827733659,1.39379360115468
12850,0.264139711856842,226.5486,301.0306,17173.41,0,9.77433678512796,0,0,0,0,0,0,-3.252553,29.4265827733659,21.1125827733659,1.39379360115468
12950,0.260243147611618,226.5095,301.0046,16917.15,0,9.77403057396781,0,0,0,0,0,0,-3.184022,29.4265827733659,21.1125827733659,1.39379360115468
13050,0.256408661603928,226.4657,300.9756,16664.67,0,9.77372437719696,0,0,0,0,0,0,-3.123037,29.4265827733659,21.1125827733659,1.39379360115468
13150,0.25262987613678,226.4222,300.9466,16415.92,0,9.77341819481448,0,0,0,0,0,0,-3.072135,29.4265827733659,21.1125827733659,1.39379360115468
13250,0.248903542757034,226.381,300.9193,16170.84,0,9.77311202681949,0,0,0,0,0,0,-3.031852,29.4265827733659,21.1125827733659,1.39379360115468
13350,0.245229229331017,226.3421,300.8934,15929.39,0,9.77280587321107,0,0,0,0,0,0,-3.000995,29.4265827733659,21.1125827733659,1.39379360115468
13450,0.241606399416924,226.3053,300.8689,15691.5,0,9.77249973398833,0,0,0,0,0,0,-2.978316,29.4265827733659,21.1125827733659,1.39379360115468
13550,0.238034620881081,226.2704,300.8457,15457.15,0,9.77219360915038,0,0,0,0,0,0,-2.962569,29.4265827733659,21.1125827733659,1.39379360115468
13650,0.234513312578201,226.2373,300.8238,15226.26,0,9.77188749869629,0,0,0,0,0,0,-2.952503,29.4265827733659,21.1125827733659,1.39379360115468
13750,0.231042116880417,226.2059,300.8029,14998.81,0,9.77158140262518,0,0,0,0,0,0,-2.946873,29.4265827733659,21.1125827733659,1.39379360115468
13850,0.22762043774128,226.176,300.783,14774.72,0,9.77127532093615,0,0,0,0,0,0,-2.944428,29.4265827733659,21.1125827733659,1.39379360115468
13950,0.224247857928276,226.1473,300.7639,14553.96,0,9.77096925362829,0,0,0,0,0,0,-2.943923,29.4265827733659,21.1125827733659,1.39379360115468
14050,0.220923706889153,226.1198,300.7456,14336.48,0,9.77066320070069,0,0,0,0,0,0,-2.944108,29.4265827733659,21.1125827733659,1.39379360115468
14150,0.217647671699524,226.0933,300.728,14122.23,0,9.77035716215248,0,0,0,0,0,0,-2.943736,29.4265827733659,21.1125827733659,1.39379360115468
14250,0.214419081807137,226.0677,300.7109,13911.16,0,9.77005113798272,0,0,0,0,0,0,-2.941701,29.4265827733659,21.1125827733659,1.39379360115468
14350,0.211237147450447,226.0432,300.6946,13703.24,0,9.76974512819054,0,0,0,0,0,0,-2.938135,29.4265827733659,21.1125827733659,1.39379360115468
14450,0.208100765943527,226.0201,300.6793,13498.4,0,9.76943913277503,0,0,0,0,0,0,-2.933791,29.4265827733659,21.1125827733659,1.39379360115468
14550,0.20500910282135,225.999,300.6653,13296.62,0,9.76913315173529,0,0,0,0,0,0,-2.929433,29.4265827733659,21.1125827733659,1.39379360115468
14650,0.201961129903793,225.9801,300.6527,13097.84,0,9.76882718507042,0,0,0,0,0,0,-2.925824,29.4265827733659,21.1125827733659,1.39379360115468
14750,0.198955953121185,225.964,300.642,12902.02,0,9.76852123277951,0,0,0,0,0,0,-2.923724,29.4265827733659,21.1125827733659,1.39379360115468
14850,0.195992723107338,225.9509,300.6333,12709.12,0,9.76821529486167,0,0,0,0,0,0,-2.923898,29.4265827733659,21.1125827733659,1.39379360115468
14950,0.193070575594902,225.9413,300.6269,12519.11,0,9.76790937131599,0,0,0,0,0,0,-2.927105,29.4265827733659,21.1125827733659,1.39379360115468
15050,0.190188691020012,225.9357,300.6231,12331.93,0,9.76760346214158,0,0,0,0,0,0,-2.93411,29.4265827733659,21.1125827733659,1.39379360115468
15150,0.187346264719963,225.9343,300.6222,12147.55,0,9.76729756733754,0,0,0,0,0,0,-2.945673,29.4265827733659,21.1125827733659,1.39379360115468
15250,0.184542655944824,225.9376,300.6245,11965.94,0,9.76699168690297,0,0,0,0,0,0,-2.962557,29.4265827733659,21.1125827733659,1.39379360115468
15350,0.18177717924118,225.9459,300.6299,11787.05,0,9.76668582083696,0,0,0,0,0,0,-2.985235,29.4265827733659,21.1125827733659,1.39379360115468
15450,0.17905005812645,225.9583,300.6382,11610.85,0,9.76637996913862,0,0,0,0,0,0,-3.012882,29.4265827733659,21.1125827733659,1.39379360115468
15550,0.176361694931984,225.9738,300.6485,11437.31,0,9.76607413180704,0,0,0,0,0,0,-3.044312,29.4265827733659,21.1125827733659,1.39379360115468
15650,0.173712283372879,225.9915,300.6602,11266.37,0,9.76576830884133,0,0,0,0,0,0,-3.078337,29.4265827733659,21.1125827733659,1.39379360115468
15750,0.171102106571198,226.0103,300.6728,11098.01,0,9.76546250024059,0,0,0,0,0,0,-3.11377,29.4265827733659,21.1125827733659,1.39379360115468
15850,0.168531253933907,226.0293,300.6855,10932.18,0,9.76515670600392,0,0,0,0,0,0,-3.149423,29.4265827733659,21.1125827733659,1.39379360115468
15950,0.165999993681908,226.0475,300.6975,10768.85,0,9.76485092613041,0,0,0,0,0,0,-3.184109,29.4265827733659,21.1125827733659,1.39379360115468
16050,0.16350831091404,226.0638,300.7084,10607.97,0,9.76454516061917,0,0,0,0,0,0,-3.216641,29.4265827733659,21.1125827733659,1.39379360115468
16150.001,0.16105629503727,226.0773,300.7174,10449.52,0,9.76423940641186,0,0,0,0,0,0,-3.245831,29.4265827733659,21.1125827733659,1.39379360115468
16249.999,0.158643960952759,226.087,300.7238,10293.44,0,9.7639336757372,0,0,0,0,0,0,-3.270492,29.4265827733659,21.1125827733659,1.39379360115468
16350,0.156271249055862,226.0918,300.727,10139.71,0,9.76362795025007,0,0,0,0,0,0,-3.289439,29.4265827733659,21.1125827733659,1.39379360115468
16450,0.153937935829163,226.091,300.7265,9988.277,0,9.76332224217891,0,0,0,0,0,0,-3.301846,29.4265827733659,21.1125827733659,1.39379360115468
16550,0.151643425226212,226.0844,300.722,9839.106,0,9.76301654846553,0,0,0,0,0,0,-3.307768,29.4265827733659,21.1125827733659,1.39379360115468
16650,0.149387136101723,226.0716,300.7135,9692.162,0,9.76271086910901,0,0,0,0,0,0,-3.307388,29.4265827733659,21.1125827733659,1.39379360115468
16750,0.147168472409248,226.0525,300.7009,9547.412,0,9.76240520410847,0,0,0,0,0,0,-3.300892,29.4265827733659,21.1125827733659,1.39379360115468
16850,0.14498670399189,226.0269,300.6839,9404.809,0,9.76209955346301,0,0,0,0,0,0,-3.288463,29.4265827733659,21.1125827733659,1.39379360115468
16950,0.142841383814812,225.9947,300.6624,9264.325,0,9.76179391717172,0,0,0,0,0,0,-3.270285,29.4265827733659,21.1125827733659,1.39379360115468
17050,0.140731796622276,225.9555,300.6363,9125.92,0,9.7614882952337,0,0,0,0,0,0,-3.246543,29.4265827733659,21.1125827733659,1.39379360115468
17150,0.138657420873642,225.9092,300.6055,8989.563,0,9.76118268764807,0,0,0,0,0,0,-3.217421,29.4265827733659,21.1125827733659,1.39379360115468
17250,0.136617660522461,225.8556,300.5699,8855.217,0,9.76087709441392,0,0,0,0,0,0,-3.183102,29.4265827733659,21.1125827733659,1.39379360115468
17350,0.134611904621124,225.7945,300.5292,8722.85,0,9.76057151553034,0,0,0,0,0,0,-3.143773,29.4265827733659,21.1125827733659,1.39379360115468
17450,0.132639646530151,225.7257,300.4834,8592.429,0,9.76026595099645,0,0,0,0,0,0,-3.09962,29.4265827733659,21.1125827733659,1.39379360115468
17550,0.130700066685677,225.6494,300.4326,8463.92,0,9.75996040081134,0,0,0,0,0,0,-3.051056,29.4265827733659,21.1125827733659,1.39379360115468
17650,0.128792032599449,225.5665,300.3774,8337.293,0,9.75965486497413,0,0,0,0,0,0,-2.998796,29.4265827733659,21.1125827733659,1.39379360115468
17750,0.126914530992508,225.4776,300.3182,8212.518,0,9.75934934348389,0,0,0,0,0,0,-2.943572,29.4265827733659,21.1125827733659,1.39379360115468
17850,0.125066533684731,225.3837,300.2557,8089.563,0,9.75904383633975,0,0,0,0,0,0,-2.88612,29.4265827733659,21.1125827733659,1.39379360115468
17950,0.123247087001801,225.2855,300.1902,7968.405,0,9.7587383435408,0,0,0,0,0,0,-2.827174,29.4265827733659,21.1125827733659,1.39379360115468
18050,0.121455170214176,225.1838,300.1225,7849.007,0,9.75843286508614,0,0,0,0,0,0,-2.767469,29.4265827733659,21.1125827733659,1.39379360115468
18150,0.119690001010895,225.0796,300.053,7731.352,0,9.75812740097487,0,0,0,0,0,0,-2.70774,29.4265827733659,21.1125827733659,1.39379360115468
18250,0.117950662970543,224.9735,299.9823,7615.41,0,9.7578219512061,0,0,0,0,0,0,-2.648721,29.4265827733659,21.1125827733659,1.39379360115468
18350,0.116236373782158,224.8664,299.9109,7501.155,0,9.75751651577893,0,0,0,0,0,0,-2.591146,29.4265827733659,21.1125827733659,1.39379360115468
18450,0.114546336233616,224.7592,299.8394,7388.566,0,9.75721109469247,0,0,0,0,0,0,-2.535752,29.4265827733659,21.1125827733659,1.39379360115468
18550,0.112879857420921,224.6526,299.7683,7277.621,0,9.7569056879458,0,0,0,0,0,0,-2.483241,29.4265827733659,21.1125827733659,1.39379360115468
18650,0.111235983669758,224.5477,299.6983,7168.286,0,9.75660029553805,0,0,0,0,0,0,-2.433787,29.4265827733659,21.1125827733659,1.39379360115468
18750,0.109613992273808,224.4456,299.6302,7060.552,0,9.7562949174683,0,0,0,0,0,0,-2.387117,29.4265827733659,21.1125827733659,1.39379360115468
18850,0.108013048768044,224.3477,299.5648,6954.397,0,9.75598955373566,0,0,0,0,0,0,-2.342944,29.4265827733659,21.1125827733659,1.39379360115468
18950,0.106432303786278,224.2551,299.503,6849.792,0,9.75568420433923,0,0,0,0,0,0,-2.300981,29.4265827733659,21.1125827733659,1.39379360115468
19050,0.104871056973934,224.1691,299.4456,6746.724,0,9.75537886927812,0,0,0,0,0,0,-2.260942,29.4265827733659,21.1125827733659,1.39379360115468
19150,0.103328622877598,224.0909,299.3933,6645.172,0,9.75507354855143,0,0,0,0,0,0,-2.22254,29.4265827733659,21.1125827733659,1.39379360115468
19250,0.101804375648499,224.0216,299.347,6545.123,0,9.75476824215826,0,0,0,0,0,0,-2.185488,29.4265827733659,21.1125827733659,1.39379360115468
19350,0.10029761493206,223.9625,299.3075,6446.551,0,9.75446295009772,0,0,0,0,0,0,-2.149499,29.4265827733659,21.1125827733659,1.39379360115468
19450,0.0988078489899635,223.9149,299.2757,6349.447,0,9.7541576723689,0,0,0,0,0,0,-2.114286,29.4265827733659,21.1125827733659,1.39379360115468
19550,0.0973344966769218,223.8798,299.2523,6253.79,0,9.75385240897091,0,0,0,0,0,0,-2.079563,29.4265827733659,21.1125827733659,1.39379360115468
19650,0.0958770960569382,223.8585,299.238,6159.565,0,9.75354715990286,0,0,0,0,0,0,-2.045039,29.4265827733659,21.1125827733659,1.39379360115468
19750,0.0944361239671707,223.8499,299.2322,6066.754,0,9.75324192516384,0,0,0,0,0,0,-2.010371,29.4265827733659,21.1125827733659,1.39379360115468
19850,0.0930124893784523,223.8517,299.2335,5975.347,0,9.75293670475296,0,0,0,0,0,0,-1.975183,29.4265827733659,21.1125827733659,1.39379360115468
19950,0.091607078909874,223.8616,299.2401,5885.32,0,9.75263149866932,0,0,0,0,0,0,-1.9391,29.4265827733659,21.1125827733659,1.39379360115468
20050,0.0902206897735596,223.8773,299.2506,5796.659,0,9.75232630691203,0,0,0,0,0,0,-1.901745,29.4265827733659,21.1125827733659,1.39379360115468
20150,0.0888540372252464,223.8965,299.2635,5709.342,0,9.75202112948019,0,0,0,0,0,0,-1.862741,29.4265827733659,21.1125827733659,1.39379360115468
20250,0.0875078067183495,223.9169,299.2771,5623.353,0,9.7517159663729,0,0,0,0,0,0,-1.821713,29.4265827733659,21.1125827733659,1.39379360115468
20350,0.0861825421452522,223.9362,299.29,5538.666,0,9.75141081758926,0,0,0,0,0,0,-1.778285,29.4265827733659,21.1125827733659,1.39379360115468
20450,0.0848787873983383,223.9521,299.3006,5455.266,0,9.75110568312839,0,0,0,0,0,0,-1.73208,29.4265827733659,21.1125827733659,1.39379360115468
20550,0.0835970118641853,223.9623,299.3074,5373.128,0,9.75080056298938,0,0,0,0,0,0,-1.682721,29.4265827733659,21.1125827733659,1.39379360115468
20650,0.0823376327753067,223.9644,299.3088,5292.232,0,9.75049545717133,0,0,0,0,0,0,-1.629833,29.4265827733659,21.1125827733659,1.39379360115468
20750,0.0811009258031845,223.9563,299.3034,5212.554,0,9.75019036567336,0,0,0,0,0,0,-1.573068,29.4265827733659,21.1125827733659,1.39379360115468
20850,0.0798866599798203,223.9373,299.2906,5134.074,0,9.74988528849456,0,0,0,0,0,0,-1.512448,29.4265827733659,21.1125827733659,1.39379360115468
20950,0.078694224357605,223.9077,299.2709,5056.771,0,9.74958022563404,0,0,0,0,0,0,-1.448246,29.4265827733659,21.1125827733659,1.39379360115468
21050,0.0775229409337044,223.8678,299.2443,4980.62,0,9.74927517709091,0,0,0,0,0,0,-1.380739,29.4265827733659,21.1125827733659,1.39379360115468
21150,0.0763722881674767,223.8182,299.2111,4905.606,0,9.74897014286426,0,0,0,0,0,0,-1.310205,29.4265827733659,21.1125827733659,1.39379360115468
21250,0.0752416551113129,223.759,299.1715,4831.705,0,9.7486651229532,0,0,0,0,0,0,-1.236921,29.4265827733659,21.1125827733659,1.39379360115468
21350,0.0741304904222488,223.6908,299.1259,4758.899,0,9.74836011735684,0,0,0,0,0,0,-1.161165,29.4265827733659,21.1125827733659,1.39379360115468
21450,0.0730383023619652,223.6138,299.0744,4687.17,0,9.74805512607428,0,0,0,0,0,0,-1.083215,29.4265827733659,21.1125827733659,1.39379360115468
21550,0.0719645246863365,223.5283,299.0173,4616.497,0,9.74775014910461,0,0,0,0,0,0,-1.003347,29.4265827733659,21.1125827733659,1.39379360115468
21650,0.070908710360527,223.4349,298.9547,4546.864,0,9.74744518644696,0,0,0,0,0,0,-0.9218402,29.4265827733659,21.1125827733659,1.39379360115468
21750,0.0698703601956367,223.3338,298.8871,4478.255,0,9.74714023810042,0,0,0,0,0,0,-0.8389715,29.4265827733659,21.1125827733659,1.39379360115468
21850,0.0688490197062492,223.2254,298.8146,4410.652,0,9.7468353040641,0,0,0,0,0,0,-0.7550159,29.4265827733659,21.1125827733659,1.39379360115468
21950,0.0678439661860466,223.1109,298.738,4344.038,0,9.7465303843371,0,0,0,0,0,0,-0.6701936,29.4265827733659,21.1125827733659,1.39379360115468
22050,0.0668542981147766,222.9925,298.6587,4278.398,0,9.74622547891853,0,0,0,0,0,0,-0.584671,29.4265827733659,21.1125827733659,1.39379360115468
22150,0.06587915122509,222.8722,298.5781,4213.718,0,9.74592058780749,0,0,0,0,0,0,-0.4986126,29.4265827733659,21.1125827733659,1.39379360115468
22250,0.0649176761507988,222.7521,298.4977,4149.983,0,9.74561571100308,0,0,0,0,0,0,-0.4121829,29.4265827733659,21.1125827733659,1.39379360115468
22350,0.063969112932682,222.6342,298.4186,4087.18,0,9.74531084850442,0,0,0,0,0,0,-0.3255462,29.4265827733659,21.1125827733659,1.39379360115468
22450,0.0630327090620995,222.5208,298.3426,4025.298,0,9.7450060003106,0,0,0,0,0,0,-0.2388668,29.4265827733659,21.1125827733659,1.39379360115468
22550,0.0621077977120876,222.4137,298.2708,3964.324,0,9.74470116642074,0,0,0,0,0,0,-0.1523094,29.4265827733659,21.1125827733659,1.39379360115468
22650,0.0611937381327152,222.3152,298.2047,3904.25,0,9.74439634683393,0,0,0,0,0,0,-0.06603804,29.4265827733659,21.1125827733659,1.39379360115468
22750,0.060289915651083,222.2273,298.1458,3845.064,0,9.74409154154928,0,0,0,0,0,0,0.0197826,29.4265827733659,21.1125827733659,1.39379360115468
22850,0.0593957230448723,222.1521,298.0953,3786.754,0,9.7437867505659,0,0,0,0,0,0,0.1049883,29.4265827733659,21.1125827733659,1.39379360115468
22950,0.0585106834769249,222.0916,298.0547,3729.313,0,9.74348197388289,0,0,0,0,0,0,0.189413,29.4265827733659,21.1125827733659,1.39379360115468
23050,0.0576345771551132,222.0468,298.0247,3672.73,0,9.74317721149936,0,0,0,0,0,0,0.2727674,29.4265827733659,21.1125827733659,1.39379360115468
23150,0.0567678101360798,222.0163,298.0042,3617,0,9.74287246341441,0,0,0,0,0,0,0.3545481,29.4265827733659,21.1125827733659,1.39379360115468
23250,0.0559107661247253,221.9987,297.9924,3562.111,0,9.74256772962715,0,0,0,0,0,0,0.4342308,29.4265827733659,21.1125827733659,1.39379360115468
23350,0.0550638064742088,221.9926,297.9883,3508.053,0,9.74226301013668,0,0,0,0,0,0,0.5112911,29.4265827733659,21.1125827733659,1.39379360115468
23450,0.0542272701859474,221.9964,297.9909,3454.818,0,9.74195830494212,0,0,0,0,0,0,0.5852047,29.4265827733659,21.1125827733659,1.39379360115468
23550,0.0534014441072941,222.0087,297.9991,3402.394,0,9.74165361404256,0,0,0,0,0,0,0.655447,29.4265827733659,21.1125827733659,1.39379360115468
23650,0.0525866039097309,222.0282,298.0122,3350.77,0,9.74134893743711,0,0,0,0,0,0,0.7214938,29.4265827733659,21.1125827733659,1.39379360115468
23750,0.0517830140888691,222.0531,298.0289,3299.938,0,9.74104427512488,0,0,0,0,0,0,0.7828205,29.4265827733659,21.1125827733659,1.39379360115468
23850,0.0509908609092236,222.0823,298.0485,3249.883,0,9.74073962710497,0,0,0,0,0,0,0.8389028,29.4265827733659,21.1125827733659,1.39379360115468
23950,0.0502103716135025,222.114,298.0698,3200.596,0,9.7404349933765,0,0,0,0,0,0,0.8892162,29.4265827733659,21.1125827733659,1.39379360115468
24050,0.0494416877627373,222.147,298.0919,3152.066,0,9.74013037393855,0,0,0,0,0,0,0.9332364,29.4265827733659,21.1125827733659,1.39379360115468
24150,0.0486848801374435,222.1801,298.1141,3104.279,0,9.73982576879025,0,0,0,0,0,0,0.9706097,29.4265827733659,21.1125827733659,1.39379360115468
24250,0.0479396805167198,222.2137,298.1367,3057.225,0,9.7395211779307,0,0,0,0,0,0,1.001794,29.4265827733659,21.1125827733659,1.39379360115468
24350,0.0472057238221169,222.2487,298.1602,3010.893,0,9.739216601359,0,0,0,0,0,0,1.027492,29.4265827733659,21.1125827733659,1.39379360115468
24450,0.0464826337993145,222.2861,298.1852,2965.272,0,9.73891203907426,0,0,0,0,0,0,1.048402,29.4265827733659,21.1125827733659,1.39379360115468
24550,0.0457700975239277,222.3268,298.2126,2920.352,0,9.73860749107559,0,0,0,0,0,0,1.065225,29.4265827733659,21.1125827733659,1.39379360115468
24650,0.0450677610933781,222.3718,298.2427,2876.122,0,9.7383029573621,0,0,0,0,0,0,1.078663,29.4265827733659,21.1125827733659,1.39379360115468
24750,0.0443753600120544,222.4219,298.2763,2832.572,0,9.73799843793288,0,0,0,0,0,0,1.089416,29.4265827733659,21.1125827733659,1.39379360115468
24850,0.0436925701797009,222.4782,298.314,2789.693,0,9.73769393278705,0,0,0,0,0,0,1.098184,29.4265827733659,21.1125827733659,1.39379360115468
24950,0.0430191345512867,222.5414,298.3564,2747.477,0,9.73738944192372,0,0,0,0,0,0,1.105667,29.4265827733659,21.1125827733659,1.39379360115468
25050,0.0423547849059105,222.6126,298.4042,2705.913,0,9.73708496534198,0,0,0,0,0,0,1.112568,29.4265827733659,21.1125827733659,1.39379360115468
25150,0.0416992641985416,222.6927,298.4578,2664.992,0,9.73678050304095,0,0,0,0,0,0,1.119586,29.4265827733659,21.1125827733659,1.39379360115468
25250,0.0410523377358913,222.7825,298.518,2624.705,0,9.73647605501974,0,0,0,0,0,0,1.127416,29.4265827733659,21.1125827733659,1.39379360115468
25350,0.0404139384627342,222.8824,298.585,2585.048,0,9.73617162127745,0,0,0,0,0,0,1.136507,29.4265827733659,21.1125827733659,1.39379360115468
25450,0.039784099906683,222.9917,298.6581,2546.007,0,9.73586720181318,0,0,0,0,0,0,1.146972,29.4265827733659,21.1125827733659,1.39379360115468
25550,0.0391628853976727,223.1096,298.7371,2507.579,0,9.73556279662606,0,0,0,0,0,0,1.158898,29.4265827733659,21.1125827733659,1.39379360115468
25650,0.0385503470897675,223.2355,298.8214,2469.751,0,9.73525840571517,0,0,0,0,0,0,1.172371,29.4265827733659,21.1125827733659,1.39379360115468
25750,0.0379465259611607,223.3686,298.9105,2432.516,0,9.73495402907963,0,0,0,0,0,0,1.18748,29.4265827733659,21.1125827733659,1.39379360115468
25850,0.0373514443635941,223.5082,299.0038,2395.866,0,9.73464966671856,0,0,0,0,0,0,1.204311,29.4265827733659,21.1125827733659,1.39379360115468
25950,0.0367651470005512,223.6536,299.1011,2359.792,0,9.73434531863104,0,0,0,0,0,0,1.222952,29.4265827733659,21.1125827733659,1.39379360115468
26050,0.0361876375973225,223.8041,299.2016,2324.287,0,9.7340409848162,0,0,0,0,0,0,1.24349,29.4265827733659,21.1125827733659,1.39379360115468
26150,0.0356189012527466,223.9588,299.3051,2289.34,0,9.73373666527314,0,0,0,0,0,0,1.266011,29.4265827733659,21.1125827733659,1.39379360115468
26250,0.035058930516243,224.1172,299.4109,2254.942,0,9.73343236000097,0,0,0,0,0,0,1.290605,29.4265827733659,21.1125827733659,1.39379360115468
26350,0.034507729113102,224.2785,299.5186,2221.087,0,9.73312806899879,0,0,0,0,0,0,1.317357,29.4265827733659,21.1125827733659,1.39379360115468
26450,0.0339652858674526,224.442,299.6277,2187.766,0,9.73282379226572,0,0,0,0,0,0,1.346335,29.4265827733659,21.1125827733659,1.39379360115468
26550,0.0334315411746502,224.6069,299.7378,2154.969,0,9.73251952980085,0,0,0,0,0,0,1.377263,29.4265827733659,21.1125827733659,1.39379360115468
26650,0.0329064950346947,224.7724,299.8482,2122.688,0,9.73221528160331,0,0,0,0,0,0,1.409573,29.4265827733659,21.1125827733659,1.39379360115468
26750,0.0323901101946831,224.9378,299.9585,2090.915,0,9.73191104767219,0,0,0,0,0,0,1.442687,29.4265827733659,21.1125827733659,1.39379360115468
26850,0.0318823419511318,225.1023,300.0682,2059.642,0,9.73160682800661,0,0,0,0,0,0,1.476027,29.4265827733659,21.1125827733659,1.39379360115468
26950,0.0313831530511379,225.265,300.1766,2028.859,0,9.73130262260567,0,0,0,0,0,0,1.509016,29.4265827733659,21.1125827733659,1.39379360115468
27050,0.0308924708515406,225.4254,300.2834,1998.559,0,9.73099843146848,0,0,0,0,0,0,1.541076,29.4265827733659,21.1125827733659,1.39379360115468
27150,0.0304102543741465,225.5824,300.388,1968.733,0,9.73069425459415,0,0,0,0,0,0,1.571629,29.4265827733659,21.1125827733659,1.39379360115468
27250,0.0299364402890205,225.7355,300.4899,1939.374,0,9.73039009198179,0,0,0,0,0,0,1.600097,29.4265827733659,21.1125827733659,1.39379360115468
27350,0.0294709578156471,225.8837,300.5886,1910.472,0,9.73008594363051,0,0,0,0,0,0,1.625903,29.4265827733659,21.1125827733659,1.39379360115468
27450,0.0290137361735106,226.0264,300.6835,1882.02,0,9.72978180953941,0,0,0,0,0,0,1.648469,29.4265827733659,21.1125827733659,1.39379360115468
27550,0.0285646989941597,226.1627,300.7741,1854.01,0,9.7294776897076,0,0,0,0,0,0,1.667218,29.4265827733659,21.1125827733659,1.39379360115468
27650,0.028123751282692,226.2919,300.86,1826.433,0,9.72917358413419,0,0,0,0,0,0,1.681584,29.4265827733659,21.1125827733659,1.39379360115468
27750,0.0276907682418823,226.4139,300.9411,1799.283,0,9.7288694928183,0,0,0,0,0,0,1.691343,29.4265827733659,21.1125827733659,1.39379360115468
27850,0.0272654667496681,226.5293,301.0178,1772.552,0,9.72856541575903,0,0,0,0,0,0,1.696657,29.4265827733659,21.1125827733659,1.39379360115468
27950,0.0268476009368896,226.6389,301.0906,1746.23,0,9.72826135295548,0,0,0,0,0,0,1.697707,29.4265827733659,21.1125827733659,1.39379360115468
28050,0.026436947286129,226.7434,301.16,1720.313,0,9.72795730440677,0,0,0,0,0,0,1.694676,29.4265827733659,21.1125827733659,1.39379360115468
28150,0.0260332822799683,226.8433,301.2264,1694.792,0,9.72765327011201,0,0,0,0,0,0,1.687744,29.4265827733659,21.1125827733659,1.39379360115468
28250,0.025636401027441,226.9396,301.2903,1669.663,0,9.7273492500703,0,0,0,0,0,0,1.677094,29.4265827733659,21.1125827733659,1.39379360115468
28350,0.0252460613846779,227.0327,301.3521,1644.916,0,9.72704524428076,0,0,0,0,0,0,1.662907,29.4265827733659,21.1125827733659,1.39379360115468
28450,0.0248621050268412,227.1236,301.4124,1620.547,0,9.72674125274249,0,0,0,0,0,0,1.645365,29.4265827733659,21.1125827733659,1.39379360115468
28550,0.0244843140244484,227.2127,301.4715,1596.548,0,9.7264372754546,0,0,0,0,0,0,1.62465,29.4265827733659,21.1125827733659,1.39379360115468
28650,0.0241125300526619,227.3008,301.53,1572.916,0,9.7261333124162,0,0,0,0,0,0,1.600943,29.4265827733659,21.1125827733659,1.39379360115468
28750,0.023746570572257,227.3887,301.5883,1549.642,0,9.72582936362641,0,0,0,0,0,0,1.574427,29.4265827733659,21.1125827733659,1.39379360115468
28850,0.0233862716704607,227.4771,301.6469,1526.723,0,9.72552542908432,0,0,0,0,0,0,1.545282,29.4265827733659,21.1125827733659,1.39379360115468
28950,0.0230314899235964,227.5663,301.706,1504.151,0,9.72522150878906,0,0,0,0,0,0,1.513743,29.4265827733659,21.1125827733659,1.39379360115468
29050,0.0226821601390839,227.6564,301.7657,1481.924,0,9.72491760273973,0,0,0,0,0,0,1.480223,29.4265827733659,21.1125827733659,1.39379360115468
29150,0.0223382096737623,227.7471,301.8258,1460.033,0,9.72461371093544,0,0,0,0,0,0,1.445169,29.4265827733659,21.1125827733659,1.39379360115468
29250,0.021999578922987,227.8382,301.8862,1438.476,0,9.72430983337529,0,0,0,0,0,0,1.409028,29.4265827733659,21.1125827733659,1.39379360115468
29350,0.0216662082821131,227.9296,301.9467,1417.246,0,9.72400597005841,0,0,0,0,0,0,1.372248,29.4265827733659,21.1125827733659,1.39379360115468
29450,0.0213380288332701,228.0208,302.0072,1396.337,0,9.72370212098389,0,0,0,0,0,0,1.335276,29.4265827733659,21.1125827733659,1.39379360115468
29550,0.0210149884223938,228.1119,302.0674,1375.747,0,9.72339828615085,0,0,0,0,0,0,1.298561,29.4265827733659,21.1125827733659,1.39379360115468
29650,0.0206970013678074,228.2024,302.1274,1355.468,0,9.72309446555841,0,0,0,0,0,0,1.262549,29.4265827733659,21.1125827733659,1.39379360115468
29750,0.0203840360045433,228.2923,302.1869,1335.497,0,9.72279065920566,0,0,0,0,0,0,1.227688,29.4265827733659,21.1125827733659,1.39379360115468
29850,0.0200759992003441,228.3813,302.2458,1315.828,0,9.72248686709172,0,0,0,0,0,0,1.194425,29.4265827733659,21.1125827733659,1.39379360115468
29950,0.0197728537023067,228.4691,302.3039,1296.458,0,9.7221830892157,0,0,0,0,0,0,1.163209,29.4265827733659,21.1125827733659,1.39379360115468
30050,0.0194745101034641,228.5557,302.3611,1277.38,0,9.72187932557671,0,0,0,0,0,0,1.134487,29.4265827733659,21.1125827733659,1.39379360115468
30150,0.0191809311509132,228.6406,302.4174,1258.591,0,9.72157557617386,0,0,0,0,0,0,1.1087,29.4265827733659,21.1125827733659,1.39379360115468
30250,0.0188919752836227,228.7244,302.4727,1240.085,0,9.72127184100626,0,0,0,0,0,0,1.086029,29.4265827733659,21.1125827733659,1.39379360115468
30350,0.018607497215271,228.808,302.528,1221.858,0,9.72096812007302,0,0,0,0,0,0,1.066328,29.4265827733659,21.1125827733659,1.39379360115468
30450,0.0183273442089558,228.8925,302.5839,1203.906,0,9.72066441337325,0,0,0,0,0,0,1.049428,29.4265827733659,21.1125827733659,1.39379360115468
30550,0.0180513747036457,228.9791,302.6411,1186.226,0,9.72036072090606,0,0,0,0,0,0,1.035163,29.4265827733659,21.1125827733659,1.39379360115468
30650,0.0177794154733419,229.0687,302.7003,1168.812,0,9.72005704267057,0,0,0,0,0,0,1.023363,29.4265827733659,21.1125827733659,1.39379360115468
30750,0.0175113547593355,229.1625,302.7623,1151.661,0,9.71975337866588,0,0,0,0,0,0,1.01386,29.4265827733659,21.1125827733659,1.39379360115468
30850,0.0172470584511757,229.2616,302.8277,1134.77,0,9.71944972889111,0,0,0,0,0,0,1.006486,29.4265827733659,21.1125827733659,1.39379360115468
30950,0.0169864017516375,229.367,302.8974,1118.134,0,9.71914609334536,0,0,0,0,0,0,1.001074,29.4265827733659,21.1125827733659,1.39379360115468
31050,0.0167292691767216,229.4799,302.9719,1101.75,0,9.71884247202775,0,0,0,0,0,0,0.997454,29.4265827733659,21.1125827733659,1.39379360115468
31150,0.0164755526930094,229.6013,303.052,1085.615,0,9.71853886493738,0,0,0,0,0,0,0.995459,29.4265827733659,21.1125827733659,1.39379360115468
31250,0.0162251498550177,229.7323,303.1384,1069.725,0,9.71823527207338,0,0,0,0,0,0,0.9949207,29.4265827733659,21.1125827733659,1.39379360115468
31350,0.0159779600799084,229.8739,303.2319,1054.078,0,9.71793169343484,0,0,0,0,0,0,0.9956709,29.4265827733659,21.1125827733659,1.39379360115468
31450,0.0157339051365852,230.0274,303.3331,1038.67,0,9.71762812902089,0,0,0,0,0,0,0.9975419,29.4265827733659,21.1125827733659,1.39379360115468
31550,0.0154929244890809,230.193,303.4422,1023.498,0,9.71732457883062,0,0,0,0,0,0,1.000381,29.4265827733659,21.1125827733659,1.39379360115468
31650,0.0152550227940083,230.3705,303.5592,1008.559,0,9.71702104286316,0,0,0,0,0,0,1.004053,29.4265827733659,21.1125827733659,1.39379360115468
31750,0.0150202084332705,230.5597,303.6838,993.85,0,9.71671752111762,0,0,0,0,0,0,1.00842,29.4265827733659,21.1125827733659,1.39379360115468
31850,0.0147884776815772,230.7603,303.8159,979.3685,0,9.7164140135931,0,0,0,0,0,0,1.013348,29.4265827733659,21.1125827733659,1.39379360115468
31950,0.0145598277449608,230.972,303.9553,965.1107,0,9.71611052028873,0,0,0,0,0,0,1.0187,29.4265827733659,21.1125827733659,1.39379360115468
32049.998,0.0143342632800341,231.1946,304.1017,951.0746,0,9.71580704727304,0,0,0,0,0,0,1.02434,29.4265827733659,21.1125827733659,1.39379360115468
32150,0.0141117628663778,231.4277,304.255,937.2561,0,9.71550357633683,0,0,0,0,0,0,1.030133,29.4265827733659,21.1125827733659,1.39379360115468
32250,0.0138923320919275,231.6712,304.4149,923.6525,0,9.71520012568754,0,0,0,0,0,0,1.035944,29.4265827733659,21.1125827733659,1.39379360115468
32350.002,0.0136759569868445,231.9247,304.5815,910.2617,0,9.71489668318624,0,0,0,0,0,0,1.041635,29.4265827733659,21.1125827733659,1.39379360115468
32450,0.0134626207873225,232.1879,304.7543,897.0791,0,9.71459326703782,0,0,0,0,0,0,1.047072,29.4265827733659,21.1125827733659,1.39379360115468
32549.998,0.0132523290812969,232.4606,304.9332,884.1036,0,9.71428986510364,0,0,0,0,0,0,1.052118,29.4265827733659,21.1125827733659,1.39379360115468
32650,0.0130450483411551,232.7426,305.1181,871.3308,0,9.71398646524734,0,0,0,0,0,0,1.056638,29.4265827733659,21.1125827733659,1.39379360115468
32750,0.0128407720476389,233.0335,305.3087,858.7586,0,9.7136830856721,0,0,0,0,0,0,1.060495,29.4265827733659,21.1125827733659,1.39379360115468
32850,0.0126395020633936,233.3328,305.5047,846.3837,0,9.713379720309,0,0,0,0,0,0,1.063575,29.4265827733659,21.1125827733659,1.39379360115468
32950,0.0124412560835481,233.6393,305.7053,834.2029,0,9.71307636915716,0,0,0,0,0,0,1.06581,29.4265827733659,21.1125827733659,1.39379360115468
33050,0.0122460797429085,233.9516,305.9095,822.2134,0,9.71277303221569,0,0,0,0,0,0,1.067144,29.4265827733659,21.1125827733659,1.39379360115468
33150,0.0120540019124746,234.2684,306.1166,810.4133,0,9.7124697094837,0,0,0,0,0,0,1.067516,29.4265827733659,21.1125827733659,1.39379360115468
33250,0.0118650291115046,234.5885,306.3256,798.798,0,9.71216640096031,0,0,0,0,0,0,1.066869,29.4265827733659,21.1125827733659,1.39379360115468
33350,0.0116791827604175,234.9104,306.5357,787.365,0,9.71186310664463,0,0,0,0,0,0,1.065144,29.4265827733659,21.1125827733659,1.39379360115468
33450,0.011496476829052,235.2328,306.746,776.1115,0,9.71155982653577,0,0,0,0,0,0,1.062283,29.4265827733659,21.1125827733659,1.39379360115468
33550,0.011316915974021,235.5544,306.9556,765.0341,0,9.71125656063284,0,0,0,0,0,0,1.058227,29.4265827733659,21.1125827733659,1.39379360115468
33650,0.0111405048519373,235.8739,307.1637,754.1301,0,9.71095330893496,0,0,0,0,0,0,1.052918,29.4265827733659,21.1125827733659,1.39379360115468
33750,0.010967243462801,236.1899,307.3694,743.3963,0,9.71065007144124,0,0,0,0,0,0,1.046297,29.4265827733659,21.1125827733659,1.39379360115468
33850,0.0107971206307411,236.5012,307.5719,732.8293,0,9.71034684815078,0,0,0,0,0,0,1.038305,29.4265827733659,21.1125827733659,1.39379360115468
33950,0.0106301363557577,236.8063,307.7703,722.4266,0,9.71004363906272,0,0,0,0,0,0,1.028885,29.4265827733659,21.1125827733659,1.39379360115468
34050,0.0104662775993347,237.104,307.9636,712.1847,0,9.70974044417615,0,0,0,0,0,0,1.017978,29.4265827733659,21.1125827733659,1.39379360115468
34150,0.0103055201470852,237.3929,308.1512,702.1004,0,9.7094372634902,0,0,0,0,0,0,1.005526,29.4265827733659,21.1125827733659,1.39379360115468
34250,0.0101478202268481,237.6727,308.3327,692.1713,0,9.70913409700397,0,0,0,0,0,0,0.9915737,29.4265827733659,21.1125827733659,1.39379360115468
34350,0.0099930614233017,237.9442,308.5089,682.3942,0,9.70883094471657,0,0,0,0,0,0,0.9763433,29.4265827733659,21.1125827733659,1.39379360115468
34450,0.0098411263898015,238.2089,308.6804,672.7664,0,9.70852780662713,0,0,0,0,0,0,0.9600745,29.4265827733659,21.1125827733659,1.39379360115468
34550,0.00969189777970314,238.4678,308.8481,663.2849,0,9.70822468273475,0,0,0,0,0,0,0.9430071,29.4265827733659,21.1125827733659,1.39379360115468
34650,0.00954527501016855,238.7222,309.0128,653.9474,0,9.70792157303855,0,0,0,0,0,0,0.9253808,29.4265827733659,21.1125827733659,1.39379360115468
34750,0.00940115749835968,238.9733,309.1752,644.7513,0,9.70761847753765,0,0,0,0,0,0,0.9074356,29.4265827733659,21.1125827733659,1.39379360115468
34850,0.00925943907350302,239.2223,309.3363,635.6937,0,9.70731539623115,0,0,0,0,0,0,0.8894112,29.4265827733659,21.1125827733659,1.39379360115468
34950,0.00912004988640547,239.4705,309.4967,626.7737,0,9.70701232911816,0,0,0,0,0,0,0.8715473,29.4265827733659,21.1125827733659,1.39379360115468
35050,0.00898288190364838,239.719,309.6572,617.9875,0,9.70670927619781,0,0,0,0,0,0,0.8540839,29.4265827733659,21.1125827733659,1.39379360115468
35150,0.00884786993265152,239.969,309.8187,609.3341,0,9.70640623746921,0,0,0,0,0,0,0.8372606,29.4265827733659,21.1125827733659,1.39379360115468
35250,0.00871492363512516,240.2219,309.9819,600.8107,0,9.70610321293146,0,0,0,0,0,0,0.8213174,29.4265827733659,21.1125827733659,1.39379360115468
35350,0.00858397781848907,240.4787,310.1475,592.416,0,9.70580020258369,0,0,0,0,0,0,0.806494,29.4265827733659,21.1125827733659,1.39379360115468
35450,0.00845495611429214,240.7407,310.3164,584.1474,0,9.70549720642501,0,0,0,0,0,0,0.7930303,29.4265827733659,21.1125827733659,1.39379360115468
35550,0.00832779612392187,241.0091,310.4894,576.0035,0,9.70519422445453,0,0,0,0,0,0,0.781166,29.4265827733659,21.1125827733659,1.39379360115468
35650,0.00820244010537863,241.285,310.667,567.9823,0,9.70489125667137,0,0,0,0,0,0,0.7711073,29.4265827733659,21.1125827733659,1.39379360115468
35750,0.00807888247072697,241.5678,310.849,560.0823,0,9.70458830307464,0,0,0,0,0,0,0.7628321,29.4265827733659,21.1125827733659,1.39379360115468
35850,0.00795713625848293,241.8565,311.0348,552.3015,0,9.70428536366345,0,0,0,0,0,0,0.756223,29.4265827733659,21.1125827733659,1.39379360115468
35950,0.00783721078187227,242.1502,311.2235,544.6379,0,9.70398243843693,0,0,0,0,0,0,0.7511621,29.4265827733659,21.1125827733659,1.39379360115468
36050,0.00771912233904004,242.4477,311.4146,537.0905,0,9.70367952739418,0,0,0,0,0,0,0.7475318,29.4265827733659,21.1125827733659,1.39379360115468
36150,0.00760286254808307,242.7479,311.6074,529.6564,0,9.70337663053431,0,0,0,0,0,0,0.7452143,29.4265827733659,21.1125827733659,1.39379360115468
36250,0.00748845236375928,243.05,311.8012,522.3351,0,9.70307374785645,0,0,0,0,0,0,0.7440919,29.4265827733659,21.1125827733659,1.39379360115468
36350,0.00737588293850422,243.3527,311.9953,515.1238,0,9.70277087935971,0,0,0,0,0,0,0.7440469,29.4265827733659,21.1125827733659,1.39379360115468
36450,0.00726515147835016,243.6551,312.1891,508.0211,0,9.7024680250432,0,0,0,0,0,0,0.7449616,29.4265827733659,21.1125827733659,1.39379360115468
36550,0.00715626357123256,243.9561,312.3819,501.0253,0,9.70216518490604,0,0,0,0,0,0,0.746718,29.4265827733659,21.1125827733659,1.39379360115468
36650,0.00704920897260308,244.2548,312.573,494.1342,0,9.70186235894734,0,0,0,0,0,0,0.7491987,29.4265827733659,21.1125827733659,1.39379360115468
36750,0.00694398768246174,244.5499,312.7618,487.3466,0,9.70155954716621,0,0,0,0,0,0,0.7522858,29.4265827733659,21.1125827733659,1.39379360115468
36850,0.00684058433398604,244.8405,312.9476,480.6601,0,9.70125674956178,0,0,0,0,0,0,0.7558616,29.4265827733659,21.1125827733659,1.39379360115468
36950,0.00673900078982115,245.1256,313.1298,474.0736,0,9.70095396613316,0,0,0,0,0,0,0.7598083,29.4265827733659,21.1125827733659,1.39379360115468
37050,0.00663921795785427,245.4041,313.3076,467.5846,0,9.70065119687946,0,0,0,0,0,0,0.7640083,29.4265827733659,21.1125827733659,1.39379360115468
37150,0.00654122745618224,245.6751,313.4805,461.1921,0,9.70034844179979,0,0,0,0,0,0,0.7683576,29.4265827733659,21.1125827733659,1.39379360115468
37250,0.00644497247412801,245.9389,313.6488,454.8936,0,9.70004570089328,0,0,0,0,0,0,0.7728691,29.4265827733659,21.1125827733659,1.39379360115468
37350,0.00635040178894997,246.1966,313.813,448.6883,0,9.69974297415904,0,0,0,0,0,0,0.7776141,29.4265827733659,21.1125827733659,1.39379360115468
37450,0.00625744555145502,246.449,313.9739,442.5738,0,9.69944026159618,0,0,0,0,0,0,0.7826644,29.4265827733659,21.1125827733659,1.39379360115468
37550,0.00616605114191771,246.6973,314.132,436.5491,0,9.69913756320382,0,0,0,0,0,0,0.7880918,29.4265827733659,21.1125827733659,1.39379360115468
37650,0.00607616268098354,246.9423,314.288,430.6124,0,9.69883487898107,0,0,0,0,0,0,0.793968,29.4265827733659,21.1125827733659,1.39379360115468
37750,0.00598772568628192,247.1851,314.4424,424.7621,0,9.69853220892706,0,0,0,0,0,0,0.8003649,29.4265827733659,21.1125827733659,1.39379360115468
37850,0.00590069638565183,247.4266,314.596,418.9973,0,9.69822955304089,0,0,0,0,0,0,0.8073541,29.4265827733659,21.1125827733659,1.39379360115468
37950,0.00581502541899681,247.6678,314.7493,413.3165,0,9.69792691132168,0,0,0,0,0,0,0.8150076,29.4265827733659,21.1125827733659,1.39379360115468
38050,0.00573066622018814,247.9097,314.903,407.7183,0,9.69762428376855,0,0,0,0,0,0,0.8233971,29.4265827733659,21.1125827733659,1.39379360115468
38150,0.00564757455140352,248.1533,315.0576,402.2014,0,9.69732167038061,0,0,0,0,0,0,0.8325943,29.4265827733659,21.1125827733659,1.39379360115468
38250,0.00556571269407868,248.3995,315.2139,396.7647,0,9.69701907115698,0,0,0,0,0,0,0.8426711,29.4265827733659,21.1125827733659,1.39379360115468
38350,0.00548503734171391,248.6493,315.3724,391.4068,0,9.69671648609678,0,0,0,0,0,0,0.8536992,29.4265827733659,21.1125827733659,1.39379360115468
38450,0.00540551543235779,248.9038,315.5337,386.127,0,9.69641391519912,0,0,0,0,0,0,0.8657505,29.4265827733659,21.1125827733659,1.39379360115468
38550,0.00532710878178477,249.1638,315.6985,380.9237,0,9.69611135846312,0,0,0,0,0,0,0.8788966,29.4265827733659,21.1125827733659,1.39379360115468
38650,0.00524978246539831,249.4304,315.8673,375.796,0,9.69580881588789,0,0,0,0,0,0,0.8932093,29.4265827733659,21.1125827733659,1.39379360115468
38750,0.00517351320013404,249.7042,316.0406,370.743,0,9.69550628747255,0,0,0,0,0,0,0.9087334,29.4265827733659,21.1125827733659,1.39379360115468
38850,0.00509829446673393,249.9851,316.2183,365.7636,0,9.69520377321622,0,0,0,0,0,0,0.9254246,29.4265827733659,21.1125827733659,1.39379360115468
38950,0.00502412114292383,250.2726,316.4001,360.8569,0,9.69490127311801,0,0,0,0,0,0,0.9432217,29.4265827733659,21.1125827733659,1.39379360115468
39050,0.00495098996907473,250.5664,316.5858,356.0217,0,9.69459878717704,0,0,0,0,0,0,0.9620632,29.4265827733659,21.1125827733659,1.39379360115468
39150,0.00487889582291245,250.8661,316.7751,351.257,0,9.69429631539242,0,0,0,0,0,0,0.9818873,29.4265827733659,21.1125827733659,1.39379360115468
39250,0.00480783125385642,251.1712,316.9676,346.5617,0,9.69399385776328,0,0,0,0,0,0,1.002633,29.4265827733659,21.1125827733659,1.39379360115468
39350,0.0047377971932292,251.4814,317.1633,341.9352,0,9.69369141428873,0,0,0,0,0,0,1.024238,29.4265827733659,21.1125827733659,1.39379360115468
39450,0.00466878432780504,251.7962,317.3617,337.3762,0,9.69338898496789,0,0,0,0,0,0,1.046641,29.4265827733659,21.1125827733659,1.39379360115468
39550,0.00460078520700336,252.1153,317.5628,332.8838,0,9.69308656979987,0,0,0,0,0,0,1.06978,29.4265827733659,21.1125827733659,1.39379360115468
39650,0.00453379191458225,252.4382,317.7661,328.4568,0,9.69278416878379,0,0,0,0,0,0,1.093594,29.4265827733659,21.1125827733659,1.39379360115468
39750,0.004467798396945,252.7647,317.9715,324.0944,0,9.69248178191876,0,0,0,0,0,0,1.118022,29.4265827733659,21.1125827733659,1.39379360115468
39850,0.004402797203511,253.0942,318.1787,319.7955,0,9.69217940920391,0,0,0,0,0,0,1.143002,29.4265827733659,21.1125827733659,1.39379360115468
39950,0.00433878228068352,253.4264,318.3874,315.5594,0,9.69187705063835,0,0,0,0,0,0,1.168472,29.4265827733659,21.1125827733659,1.39379360115468
40050,0.00427574384957552,253.7609,318.5975,311.3851,0,9.69157470622121,0,0,0,0,0,0,1.194371,29.4265827733659,21.1125827733659,1.39379360115468
40150,0.00421367166563869,254.0972,318.8086,307.2714,0,9.69127237595158,0,0,0,0,0,0,1.220637,29.4265827733659,21.1125827733659,1.39379360115468
40250,0.00415255920961499,254.4351,319.0204,303.2176,0,9.6909700598286,0,0,0,0,0,0,1.247208,29.4265827733659,21.1125827733659,1.39379360115468
40350,0.00409239483997226,254.774,319.2328,299.2225,0,9.69066775785138,0,0,0,0,0,0,1.274021,29.4265827733659,21.1125827733659,1.39379360115468
40450,0.00403317483142018,255.1137,319.4456,295.2857,0,9.69036547001904,0,0,0,0,0,0,1.300984,29.4265827733659,21.1125827733659,1.39379360115468
40550,0.00397488195449114,255.4538,319.6584,291.4058,0,9.69006319633069,0,0,0,0,0,0,1.327991,29.4265827733659,21.1125827733659,1.39379360115468
40650,0.00391750829294324,255.794,319.8712,287.5821,0,9.68976093678546,0,0,0,0,0,0,1.354937,29.4265827733659,21.1125827733659,1.39379360115468
40750,0.00386104173958302,256.134,320.0837,283.8136,0,9.68945869138246,0,0,0,0,0,0,1.381714,29.4265827733659,21.1125827733659,1.39379360115468
40850,0.00380547321401536,256.4733,320.2957,280.0995,0,9.6891564601208,0,0,0,0,0,0,1.408218,29.4265827733659,21.1125827733659,1.39379360115468
40950,0.00375078991055489,256.8118,320.507,276.4389,0,9.68885424299962,0,0,0,0,0,0,1.434342,29.4265827733659,21.1125827733659,1.39379360115468
41050,0.00369698228314519,257.149,320.7173,272.831,0,9.68855204001801,0,0,0,0,0,0,1.45998,29.4265827733659,21.1125827733659,1.39379360115468
41150,0.00364404101856053,257.4847,320.9266,269.2751,0,9.68824985117511,0,0,0,0,0,0,1.485026,29.4265827733659,21.1125827733659,1.39379360115468
41250,0.003591951681301,257.8185,321.1345,265.7701,0,9.68794767647003,0,0,0,0,0,0,1.509374,29.4265827733659,21.1125827733659,1.39379360115468
41350,0.00354070425964892,258.15,321.3409,262.3151,0,9.68764551590189,0,0,0,0,0,0,1.532918,29.4265827733659,21.1125827733659,1.39379360115468
41450,0.00349028781056404,258.479,321.5457,258.9096,0,9.68734336946981,0,0,0,0,0,0,1.555553,29.4265827733659,21.1125827733659,1.39379360115468
41550,0.00344069092534482,258.8051,321.7484,255.5524,0,9.6870412371729,0,0,0,0,0,0,1.577171,29.4265827733659,21.1125827733659,1.39379360115468
41650,0.00339190382510424,259.1281,321.9491,252.2433,0,9.68673911901028,0,0,0,0,0,0,1.597667,29.4265827733659,21.1125827733659,1.39379360115468
41750,0.00334391416981816,259.4474,322.1475,248.9809,0,9.68643701498108,0,0,0,0,0,0,1.616936,29.4265827733659,21.1125827733659,1.39379360115468
41850,0.00329671241343021,259.763,322.3433,245.7649,0,9.6861349250844,0,0,0,0,0,0,1.634871,29.4265827733659,21.1125827733659,1.39379360115468
41950,0.00325028505176306,260.0743,322.5363,242.5941,0,9.68583284931938,0,0,0,0,0,0,1.651365,29.4265827733659,21.1125827733659,1.39379360115468
42050,0.00320462184026837,260.3811,322.7266,239.4681,0,9.68553078768512,0,0,0,0,0,0,1.666321,29.4265827733659,21.1125827733659,1.39379360115468
42150,0.00315971043892205,260.6832,322.9138,236.3861,0,9.68522874018075,0,0,0,0,0,0,1.679731,29.4265827733659,21.1125827733659,1.39379360115468
42250,0.00311553990468383,260.9805,323.0978,233.3474,0,9.68492670680538,0,0,0,0,0,0,1.691648,29.4265827733659,21.1125827733659,1.39379360115468
42349.9961,0.00307209230959415,261.2729,323.2788,230.3511,0,9.68462469933661,0,0,0,0,0,0,1.702125,29.4265827733659,21.1125827733659,1.39379360115468
42450,0.00302935624495149,261.5605,323.4566,227.3966,0,9.68432268243813,0,0,0,0,0,0,1.711217,29.4265827733659,21.1125827733659,1.39379360115468
42550.0039,0.00298732006922364,261.8429,323.6312,224.4834,0,9.68402067966712,0,0,0,0,0,0,1.718977,29.4265827733659,21.1125827733659,1.39379360115468
42650,0.00294597097672522,262.1202,323.8025,221.6105,0,9.68371871457633,0,0,0,0,0,0,1.725458,29.4265827733659,21.1125827733659,1.39379360115468
42749.9961,0.0029052949976176,262.3923,323.9705,218.7776,0,9.68341676360904,0,0,0,0,0,0,1.730714,29.4265827733659,21.1125827733659,1.39379360115468
42850,0.0028652804903686,262.659,324.1352,215.9837,0,9.68311480321292,0,0,0,0,0,0,1.734801,29.4265827733659,21.1125827733659,1.39379360115468
42950.0039,0.00282591674476862,262.9204,324.2964,213.2284,0,9.68281285694074,0,0,0,0,0,0,1.73777,29.4265827733659,21.1125827733659,1.39379360115468
43050,0.00278718955814838,263.1762,324.4542,210.511,0,9.68251094834086,0,0,0,0,0,0,1.739676,29.4265827733659,21.1125827733659,1.39379360115468
43149.9961,0.00274908891879022,263.4265,324.6084,207.8308,0,9.68220905386096,0,0,0,0,0,0,1.740573,29.4265827733659,21.1125827733659,1.39379360115468
43250,0.00271160411648452,263.6711,324.7591,205.1873,0,9.68190714995311,0,0,0,0,0,0,1.740515,29.4265827733659,21.1125827733659,1.39379360115468
43350.0039,0.00267472257837653,263.91,324.9061,202.5798,0,9.68160526016568,0,0,0,0,0,0,1.739554,29.4265827733659,21.1125827733659,1.39379360115468
43450,0.00263843638822436,264.1429,325.0495,200.0079,0,9.68130340804262,0,0,0,0,0,0,1.737746,29.4265827733659,21.1125827733659,1.39379360115468
43549.9961,0.00260273227468133,264.37,325.1892,197.4709,0,9.68100157003601,0,0,0,0,0,0,1.735143,29.4265827733659,21.1125827733659,1.39379360115468
43650,0.00256759976036847,264.5911,325.3251,194.9684,0,9.68069972260235,0,0,0,0,0,0,1.7318,29.4265827733659,21.1125827733659,1.39379360115468
43750.0039,0.00253302976489067,264.806,325.4572,192.4995,0,9.68039788928557,0,0,0,0,0,0,1.72777,29.4265827733659,21.1125827733659,1.39379360115468
43850,0.00249901250936091,265.0147,325.5854,190.064,0,9.68009609362525,0,0,0,0,0,0,1.723091,29.4265827733659,21.1125827733659,1.39379360115468
43949.9961,0.00246553355827928,265.2174,325.7099,187.6611,0,9.67979431207785,0,0,0,0,0,0,1.717701,29.4265827733659,21.1125827733659,1.39379360115468
44050,0.00243258336558938,265.4141,325.8307,185.2905,0,9.67949252110428,0,0,0,0,0,0,1.7115,29.4265827733659,21.1125827733659,1.39379360115468
44150.0039,0.00240015191957355,265.6051,325.9479,182.9518,0,9.67919074424408,0,0,0,0,0,0,1.704389,29.4265827733659,21.1125827733659,1.39379360115468
44250,0.00236822618171573,265.7904,326.0616,180.6442,0,9.6788890050324,0,0,0,0,0,0,1.696267,29.4265827733659,21.1125827733659,1.39379360115468
44349.9961,0.00233679637312889,265.9702,326.1719,178.3674,0,9.67858727993014,0,0,0,0,0,0,1.687035,29.4265827733659,21.1125827733659,1.39379360115468
44450,0.00230584968812764,266.1447,326.2789,176.1207,0,9.67828554540258,0,0,0,0,0,0,1.676592,29.4265827733659,21.1125827733659,1.39379360115468
44550.0039,0.00227537867613137,266.3141,326.3826,173.9039,0,9.67798382498488,0,0,0,0,0,0,1.664839,29.4265827733659,21.1125827733659,1.39379360115468
44650,0.00224537053145468,266.4784,326.4833,171.7163,0,9.67768214220778,0,0,0,0,0,0,1.651677,29.4265827733659,21.1125827733659,1.39379360115468
44749.9961,0.0022158173378557,266.6379,326.581,169.5576,0,9.67738047353657,0,0,0,0,0,0,1.637006,29.4265827733659,21.1125827733659,1.39379360115468
44850,0.00218671141192317,266.7926,326.6758,167.4275,0,9.67707879544096,0,0,0,0,0,0,1.620724,29.4265827733659,21.1125827733659,1.39379360115468
44950.0039,0.00215804087929428,266.9428,326.7677,165.3253,0,9.67677713145168,0,0,0,0,0,0,1.602731,29.4265827733659,21.1125827733659,1.39379360115468
45050,0.0021297971252352,267.0886,326.8569,163.2507,0,9.67647550509508,0,0,0,0,0,0,1.582932,29.4265827733659,21.1125827733659,1.39379360115468
45149.9961,0.00210197432897985,267.2301,326.9435,161.2034,0,9.67617389284085,0,0,0,0,0,0,1.561224,29.4265827733659,21.1125827733659,1.39379360115468
45250,0.00207456038333476,267.3675,327.0275,159.1828,0,9.67587227116311,0,0,0,0,0,0,1.537504,29.4265827733659,21.1125827733659,1.39379360115468
45350.0039,0.00204754830338061,267.501,327.1091,157.1886,0,9.67557066358818,0,0,0,0,0,0,1.511677,29.4265827733659,21.1125827733659,1.39379360115468
45450,0.00202093063853681,267.6306,327.1884,155.2204,0,9.67526909363801,0,0,0,0,0,0,1.483642,29.4265827733659,21.1125827733659,1.39379360115468
45549.9961,0.00199470017105341,267.7566,327.2654,153.2778,0,9.6749675377867,0,0,0,0,0,0,1.453299,29.4265827733659,21.1125827733659,1.39379360115468
45650,0.00196884828619659,267.8791,327.3402,151.3605,0,9.67466597251276,0,0,0,0,0,0,1.420549,29.4265827733659,21.1125827733659,1.39379360115468
45750.0039,0.00194336823187768,267.9981,327.413,149.4681,0,9.67436442133812,0,0,0,0,0,0,1.385449,29.4265827733659,21.1125827733659,1.39379360115468
45850,0.00191825546789914,268.1136,327.4835,147.6002,0,9.67406290778032,0,0,0,0,0,0,1.348246,29.4265827733659,21.1125827733659,1.39379360115468
45949.9961,0.00189350440632552,268.2255,327.5518,145.7565,0,9.67376140831787,0,0,0,0,0,0,1.309193,29.4265827733659,21.1125827733659,1.39379360115468
46050,0.00186910876072943,268.3336,327.6178,143.9366,0,9.67345989943366,0,0,0,0,0,0,1.268543,29.4265827733659,21.1125827733659,1.39379360115468
46150.0039,0.00184506468940526,268.4378,327.6814,142.1402,0,9.67315840464524,0,0,0,0,0,0,1.226557,29.4265827733659,21.1125827733659,1.39379360115468
46250,0.00182136590592563,268.5381,327.7426,140.3669,0,9.67285694746576,0,0,0,0,0,0,1.183494,29.4265827733659,21.1125827733659,1.39379360115468
46349.9961,0.00179800915066153,268.6343,327.8014,138.6165,0,9.6725555043781,0,0,0,0,0,0,1.139607,29.4265827733659,21.1125827733659,1.39379360115468
46450,0.00177498790435493,268.7264,327.8575,136.8886,0,9.67225405186958,0,0,0,0,0,0,1.095149,29.4265827733659,21.1125827733659,1.39379360115468
46550.0039,0.00175229704473168,268.8142,327.9111,135.1828,0,9.67195261345332,0,0,0,0,0,0,1.050381,29.4265827733659,21.1125827733659,1.39379360115468
46650,0.00172993191517889,268.8976,327.962,133.4988,0,9.67165121263809,0,0,0,0,0,0,1.005562,29.4265827733659,21.1125827733659,1.39379360115468
46749.9961,0.00170788785908371,268.9767,328.0101,131.8364,0,9.67134982591118,0,0,0,0,0,0,0.9609454,29.4265827733659,21.1125827733659,1.39379360115468
46850,0.00168616010341793,269.0511,328.0555,130.1952,0,9.67104842976428,0,0,0,0,0,0,0.9167836,29.4265827733659,21.1125827733659,1.39379360115468
46950.0039,0.00166474375873804,269.1209,328.0981,128.5749,0,9.67074704770614,0,0,0,0,0,0,0.8733368,29.4265827733659,21.1125827733659,1.39379360115468
47050,0.00164363498333842,269.1859,328.1378,126.9753,0,9.67044570324112,0,0,0,0,0,0,0.8308656,29.4265827733659,21.1125827733659,1.39379360115468
47149.9961,0.00162282853852957,269.2461,328.1744,125.396,0,9.67014437286091,0,0,0,0,0,0,0.7896225,29.4265827733659,21.1125827733659,1.39379360115468
47250,0.0016023205826059,269.3013,328.208,123.8367,0,9.66984303306158,0,0,0,0,0,0,0.749861,29.4265827733659,21.1125827733659,1.39379360115468
47350.0039,0.00158210459630936,269.3514,328.2386,122.2971,0,9.66954170734751,0,0,0,0,0,0,0.7118409,29.4265827733659,21.1125827733659,1.39379360115468
47450,0.00156217825133353,269.3964,328.266,120.7769,0,9.66924041921864,0,0,0,0,0,0,0.6758211,29.4265827733659,21.1125827733659,1.39379360115468
47549.9961,0.00154253642540425,269.4362,328.2902,119.2759,0,9.66893914517108,0,0,0,0,0,0,0.6420529,29.4265827733659,21.1125827733659,1.39379360115468
47650,0.00152317457832396,269.4706,328.3112,117.7938,0,9.66863786170528,0,0,0,0,0,0,0.6107023,29.4265827733659,21.1125827733659,1.39379360115468
47750.0039,0.0015040886355564,269.4998,328.329,116.3305,0,9.66833659232123,0,0,0,0,0,0,0.5818281,29.4265827733659,21.1125827733659,1.39379360115468
47850,0.00148527161218226,269.5238,328.3436,114.8853,0,9.66803536051448,0,0,0,0,0,0,0.5554824,29.4265827733659,21.1125827733659,1.39379360115468
47949.9961,0.00146672106347978,269.5427,328.3551,113.4584,0,9.66773414278552,0,0,0,0,0,0,0.5317113,29.4265827733659,21.1125827733659,1.39379360115468
48050,0.00144843070302159,269.5565,328.3635,112.0493,0,9.66743291563922,0,0,0,0,0,0,0.5105639,29.4265827733659,21.1125827733659,1.39379360115468
48150.0039,0.00143039575777948,269.5653,328.3689,110.6577,0,9.66713170257115,0,0,0,0,0,0,0.4920907,29.4265827733659,21.1125827733659,1.39379360115468
48250,0.00141261250246316,269.5691,328.3712,109.2835,0,9.66683052707248,0,0,0,0,0,0,0.4763422,29.4265827733659,21.1125827733659,1.39379360115468
48349.9961,0.00139507662970573,269.5681,328.3705,107.9265,0,9.6665293656481,0,0,0,0,0,0,0.4633667,29.4265827733659,21.1125827733659,1.39379360115468
48450,0.00137778429780155,269.5622,328.367,106.5864,0,9.66622819480725,0,0,0,0,0,0,0.4532123,29.4265827733659,21.1125827733659,1.39379360115468
48550.0039,0.00136073038447648,269.5515,328.3605,105.2629,0,9.66592703804113,0,0,0,0,0,0,0.4459302,29.4265827733659,21.1125827733659,1.39379360115468
48650,0.00134391046594828,269.5361,328.3511,103.9558,0,9.66562591883651,0,0,0,0,0,0,0.44157,29.4265827733659,21.1125827733659,1.39379360115468
48749.9961,0.00132732046768069,269.516,328.3389,102.6649,0,9.66532481370266,0,0,0,0,0,0,0.4401798,29.4265827733659,21.1125827733659,1.39379360115468
48850,0.00131095747929066,269.4913,328.3238,101.39,0,9.66502369915324,0,0,0,0,0,0,0.4418097,29.4265827733659,21.1125827733659,1.39379360115468
48950.0039,0.00129481696058065,269.4621,328.306,100.1308,0,9.66472259867503,0,0,0,0,0,0,0.4465091,29.4265827733659,21.1125827733659,1.39379360115468
49050,0.00127889460418373,269.4284,328.2855,98.88711,0,9.66442153575043,0,0,0,0,0,0,0.4543271,29.4265827733659,21.1125827733659,1.39379360115468
49149.9961,0.0012631876161322,269.3902,328.2622,97.65876,0,9.66412048689309,0,0,0,0,0,0,0.465313,29.4265827733659,21.1125827733659,1.39379360115468
49250,0.0012476920383051,269.3477,328.2363,96.44556,0,9.66381942862106,0,0,0,0,0,0,0.4795177,29.4265827733659,21.1125827733659,1.39379360115468
49350.0039,0.00123240414541215,269.3008,328.2077,95.24722,0,9.66351838441674,0,0,0,0,0,0,0.496989,29.4265827733659,21.1125827733659,1.39379360115468
49450,0.00121732067782432,269.2497,328.1766,94.06362,0,9.66321737775814,0,0,0,0,0,0,0.517776,29.4265827733659,21.1125827733659,1.39379360115468
49549.9961,0.00120243837591261,269.1943,328.1429,92.89456,0,9.66291638516329,0,0,0,0,0,0,0.5419075,29.4265827733659,21.1125827733659,1.39379360115468
49650,0.00118775374721736,269.1347,328.1065,91.73977,0,9.66261538315463,0,0,0,0,0,0,0.5693188,29.4265827733659,21.1125827733659,1.39379360115468
49750.0039,0.00117326469626278,269.0708,328.0676,90.59915,0,9.66231439521018,0,0,0,0,0,0,0.5999122,29.4265827733659,21.1125827733659,1.39379360115468
49850,0.0011589681962505,269.0026,328.026,89.47249,0,9.66201344480355,0,0,0,0,0,0,0.6335897,29.4265827733659,21.1125827733659,1.39379360115468
49949.9961,0.00114485959056765,268.93,327.9817,88.35946,0,9.66171250845717,0,0,0,0,0,0,0.6702588,29.4265827733659,21.1125827733659,1.39379360115468
50050,0.00113093946129084,268.853,327.9347,87.2601,0,9.66141156269787,0,0,0,0,0,0,0.7098269,29.4265827733659,21.1125827733659,1.39379360115468
50150.0039,0.00111720338463783,268.7715,327.885,86.17413,0,9.66111063099926,0,0,0,0,0,0,0.7521958,29.4265827733659,21.1125827733659,1.39379360115468
50250,0.00110364914871752,268.6855,327.8326,85.10142,0,9.66080973683059,0,0,0,0,0,0,0.7972667,29.4265827733659,21.1125827733659,1.39379360115468
50349.9961,0.00109027326107025,268.595,327.7773,84.04169,0,9.66050885671867,0,0,0,0,0,0,0.8449471,29.4265827733659,21.1125827733659,1.39379360115468
50450,0.00107707385905087,268.4998,327.7193,82.99482,0,9.66020796719471,0,0,0,0,0,0,0.8951461,29.4265827733659,21.1125827733659,1.39379360115468
50550.0039,0.00106404873076826,268.4001,327.6584,81.96069,0,9.65990709172794,0,0,0,0,0,0,0.9477644,29.4265827733659,21.1125827733659,1.39379360115468
50650,0.0010511945001781,268.2956,327.5946,80.93906,0,9.65960625378321,0,0,0,0,0,0,1.002702,29.4265827733659,21.1125827733659,1.39379360115468
50749.9961,0.00103850907180458,268.1865,327.528,79.9298,0,9.65930542989174,0,0,0,0,0,0,1.059868,29.4265827733659,21.1125827733659,1.39379360115468
50850,0.0010259902337566,268.0725,327.4584,78.93272,0,9.6590045965891,0,0,0,0,0,0,1.119173,29.4265827733659,21.1125827733659,1.39379360115468
50950.0039,0.00101363589055836,267.9538,327.3859,77.94772,0,9.65870377734016,0,0,0,0,0,0,1.180514,29.4265827733659,21.1125827733659,1.39379360115468
51050,0.00100144348107278,267.8302,327.3104,76.97461,0,9.65840299560537,0,0,0,0,0,0,1.243793,29.4265827733659,21.1125827733659,1.39379360115468
51149.9961,0.000989409280009568,267.7017,327.2319,76.01315,0,9.65810222792034,0,0,0,0,0,0,1.308919,29.4265827733659,21.1125827733659,1.39379360115468
51250,0.000977533287368715,267.5683,327.1503,75.06331,0,9.65780145082502,0,0,0,0,0,0,1.375802,29.4265827733659,21.1125827733659,1.39379360115468
51350.0039,0.000965812185313553,267.4299,327.0657,74.12492,0,9.6575006877799,0,0,0,0,0,0,1.444341,29.4265827733659,21.1125827733659,1.39379360115468
51450,0.000954244285821915,267.2865,326.978,73.19781,0,9.65719996224106,0,0,0,0,0,0,1.514436,29.4265827733659,21.1125827733659,1.39379360115468
51549.9961,0.00094282568898052,267.1381,326.8872,72.28175,0,9.65689925074846,0,0,0,0,0,0,1.585972,29.4265827733659,21.1125827733659,1.39379360115468
51650,0.000931554532144219,266.985,326.7935,71.37672,0,9.65659852984647,0,0,0,0,0,0,1.658777,29.4265827733659,21.1125827733659,1.39379360115468
51750.0039,0.000920428487006575,266.8274,326.6971,70.48262,0,9.65629782299117,0,0,0,0,0,0,1.732657,29.4265827733659,21.1125827733659,1.39379360115468
51850,0.000909441674593836,266.6658,326.5981,69.59914,0,9.65599715363426,0,0,0,0,0,0,1.80742,29.4265827733659,21.1125827733659,1.39379360115468
51949.9961,0.000898593221791089,266.5004,326.4968,68.72624,0,9.65569649832011,0,0,0,0,0,0,1.882883,29.4265827733659,21.1125827733659,1.39379360115468
52050,0.000887880334630609,266.3315,326.3933,67.86385,0,9.65539583359744,0,0,0,0,0,0,1.958865,29.4265827733659,21.1125827733659,1.39379360115468
52150.0039,0.000877297949045897,266.1594,326.2878,67.01167,0,9.65509518291797,0,0,0,0,0,0,2.035173,29.4265827733659,21.1125827733659,1.39379360115468
52250,0.000866845366545022,265.9844,326.1805,66.16971,0,9.65479456972901,0,0,0,0,0,0,2.111613,29.4265827733659,21.1125827733659,1.39379360115468
52349.9961,0.000856518221553415,265.8068,326.0717,65.33776,0,9.6544939705793,0,0,0,0,0,0,2.188003,29.4265827733659,21.1125827733659,1.39379360115468
52450,0.000846315815579146,265.6269,325.9613,64.51579,0,9.65419336202196,0,0,0,0,0,0,2.264162,29.4265827733659,21.1125827733659,1.39379360115468
52550.0039,0.000836235063616186,265.445,325.8497,63.70367,0,9.65389276750432,0,0,0,0,0,0,2.339896,29.4265827733659,21.1125827733659,1.39379360115468
52650,0.000826272182166576,265.2615,325.737,62.90119,0,9.65359221046932,0,0,0,0,0,0,2.415013,29.4265827733659,21.1125827733659,1.39379360115468
52749.9961,0.000816425599623471,265.0766,325.6235,62.10829,0,9.65329166747007,0,0,0,0,0,0,2.48933,29.4265827733659,21.1125827733659,1.39379360115468
52850,0.00080669391900301,264.8906,325.5092,61.32489,0,9.65299111506408,0,0,0,0,0,0,2.562666,29.4265827733659,21.1125827733659,1.39379360115468
52950.0039,0.000797074229922146,264.7038,325.3944,60.55088,0,9.65269057669429,0,0,0,0,0,0,2.634826,29.4265827733659,21.1125827733659,1.39379360115468
53050,0.000787564495112747,264.5166,325.2793,59.78614,0,9.65239007579926,0,0,0,0,0,0,2.705619,29.4265827733659,21.1125827733659,1.39379360115468
53149.9961,0.000778161629568785,264.3292,325.1641,59.03049,0,9.65208958893648,0,0,0,0,0,0,2.774863,29.4265827733659,21.1125827733659,1.39379360115468
53250,0.000768864178098738,264.1419,325.0489,58.28388,0,9.65178909266785,0,0,0,0,0,0,2.842375,29.4265827733659,21.1125827733659,1.39379360115468
53350.0039,0.000759671092964709,263.9551,324.9339,57.54627,0,9.65148861043192,0,0,0,0,0,0,2.907961,29.4265827733659,21.1125827733659,1.39379360115468
53450,0.000750579813029617,263.7688,324.8192,56.81746,0,9.65118816566288,0,0,0,0,0,0,2.971417,29.4265827733659,21.1125827733659,1.39379360115468
53549.9961,0.000741590512916446,263.5829,324.7047,56.09742,0,9.65088773492261,0,0,0,0,0,0,3.032524,29.4265827733659,21.1125827733659,1.39379360115468
53650,0.000732703076209873,263.397,324.5902,55.38605,0,9.65058729477736,0,0,0,0,0,0,3.091059,29.4265827733659,21.1125827733659,1.39379360115468
53750.0039,0.000723915931303054,263.211,324.4756,54.68317,0,9.65028686866131,0,0,0,0,0,0,3.146793,29.4265827733659,21.1125827733659,1.39379360115468
53850,0.000715230300556868,263.0246,324.3607,53.98882,0,9.64998648000429,0,0,0,0,0,0,3.199496,29.4265827733659,21.1125827733659,1.39379360115468
53949.9961,0.000706644146703184,262.8376,324.2453,53.30276,0,9.64968610537253,0,0,0,0,0,0,3.248945,29.4265827733659,21.1125827733659,1.39379360115468
54050,0.00069815811002627,262.6497,324.1294,52.62501,0,9.64938572133669,0,0,0,0,0,0,3.303142,29.4265827733659,21.1125827733659,1.39379360115468
54150.0039,0.00068977108458057,262.4606,324.0127,51.95539,0,9.64908535132655,0,0,0,0,0,0,3.370056,29.4265827733659,21.1125827733659,1.39379360115468
54250,0.000681482488289475,262.2701,323.8951,51.29382,0,9.64878501876757,0,0,0,0,0,0,3.449391,29.4265827733659,21.1125827733659,1.39379360115468
54349.9961,0.000673292321152985,262.0781,323.7765,50.64025,0,9.64848470023037,0,0,0,0,0,0,3.540809,29.4265827733659,21.1125827733659,1.39379360115468
54450,0.000665199011564255,261.8842,323.6567,49.99451,0,9.64818437228995,0,0,0,0,0,0,3.643939,29.4265827733659,21.1125827733659,1.39379360115468
54550.0039,0.000657203665468842,261.6881,323.5355,49.35662,0,9.64788405837176,0,0,0,0,0,0,3.758344,29.4265827733659,21.1125827733659,1.39379360115468
54650,0.000649304245598614,261.4897,323.4129,48.72641,0,9.64758378189685,0,0,0,0,0,0,3.883546,29.4265827733659,21.1125827733659,1.39379360115468
54749.9961,0.000641499937046319,261.2888,323.2886,48.10374,0,9.64728351944023,0,0,0,0,0,0,4.019041,29.4265827733659,21.1125827733659,1.39379360115468
54850,0.000633791030850261,261.0849,323.1624,47.48859,0,9.64698324758129,0,0,0,0,0,0,4.164282,29.4265827733659,21.1125827733659,1.39379360115468
54950.0039,0.000626176246441901,260.878,323.0343,46.88085,0,9.64668298974107,0,0,0,0,0,0,4.318664,29.4265827733659,21.1125827733659,1.39379360115468
55050,0.000618655933067203,260.6677,322.9041,46.28048,0,9.64638276933628,0,0,0,0,0,0,4.481537,29.4265827733659,21.1125827733659,1.39379360115468
55149.9961,0.000611227646004409,260.4539,322.7717,45.68728,0,9.64608256294628,0,0,0,0,0,0,4.652286,29.4265827733659,21.1125827733659,1.39379360115468
55250,0.000603891559876502,260.2365,322.637,45.10126,0,9.64578234715484,0,0,0,0,0,0,4.830631,29.4265827733659,21.1125827733659,1.39379360115468
55350.0039,0.000596645637415349,260.0155,322.4999,44.52227,0,9.64548214537864,0,0,0,0,0,0,5.016397,29.4265827733659,21.1125827733659,1.39379360115468
55450,0.000589488598052412,259.7911,322.3607,43.95023,0,9.64518198102999,0,0,0,0,0,0,5.209372,29.4265827733659,21.1125827733659,1.39379360115468
55549.9961,0.000582419452257454,259.5633,322.2194,43.38511,0,9.64488183069266,0,0,0,0,0,0,5.409339,29.4265827733659,21.1125827733659,1.39379360115468
55650,0.000575436337385327,259.332,322.0758,42.82673,0,9.64458167095476,0,0,0,0,0,0,5.616054,29.4265827733659,21.1125827733659,1.39379360115468
55750.0039,0.000568538322113454,259.0974,321.9301,42.27507,0,9.64428152522862,0,0,0,0,0,0,5.829207,29.4265827733659,21.1125827733659,1.39379360115468
55850,0.000561724358703941,258.8596,321.7823,41.73006,0,9.64398141692218,0,0,0,0,0,0,6.048462,29.4265827733659,21.1125827733659,1.39379360115468
55949.9961,0.00055499339941889,258.6186,321.6324,41.19164,0,9.64368132262355,0,0,0,0,0,0,6.273489,29.4265827733659,21.1125827733659,1.39379360115468
56050,0.000548342941328883,258.3744,321.4806,40.65961,0,9.64338121892525,0,0,0,0,0,0,6.503931,29.4265827733659,21.1125827733659,1.39379360115468
56150.0039,0.000541773508302867,258.1271,321.3267,40.13403,0,9.64308112923521,0,0,0,0,0,0,6.739379,29.4265827733659,21.1125827733659,1.39379360115468
56250,0.000535282713826746,257.8767,321.1708,39.61475,0,9.64278107695701,0,0,0,0,0,0,6.9794,29.4265827733659,21.1125827733659,1.39379360115468
56349.9961,0.000528869975823909,257.6234,321.013,39.1017,0,9.64248103868315,0,0,0,0,0,0,7.223577,29.4265827733659,21.1125827733659,1.39379360115468
56450,0.00052253354806453,257.367,320.8532,38.59478,0,9.64218099101049,0,0,0,0,0,0,7.471482,29.4265827733659,21.1125827733659,1.39379360115468
56550.0039,0.000516273314133286,257.1078,320.6916,38.09398,0,9.64188095734261,0,0,0,0,0,0,7.722633,29.4265827733659,21.1125827733659,1.39379360115468
56650,0.000510087527800351,256.8457,320.5281,37.5992,0,9.64158096107872,0,0,0,0,0,0,7.976534,29.4265827733659,21.1125827733659,1.39379360115468
56749.9961,0.000503975490573794,256.5808,320.3628,37.11036,0,9.64128097881567,0,0,0,0,0,0,8.232721,29.4265827733659,21.1125827733659,1.39379360115468
56850,0.000497935456223786,256.3132,320.1957,36.62735,0,9.64098098715471,0,0,0,0,0,0,8.490724,29.4265827733659,21.1125827733659,1.39379360115468
56950.0039,0.000491967482957989,256.0429,320.0268,36.1502,0,9.64068100949505,0,0,0,0,0,0,8.750011,29.4265827733659,21.1125827733659,1.39379360115468
57050,0.00048606947530061,255.7701,319.8563,35.67875,0,9.64038106923151,0,0,0,0,0,0,9.009836,29.4265827733659,21.1125827733659,1.39379360115468
57149.9961,0.000480240938486531,255.4948,319.6841,35.21297,0,9.64008114296534,0,0,0,0,0,0,9.26931,29.4265827733659,21.1125827733659,1.39379360115468
57250,0.0004744810576085,255.2171,319.5103,34.75283,0,9.63978120730214,0,0,0,0,0,0,9.527546,29.4265827733659,21.1125827733659,1.39379360115468
57350.0039,0.000468788115540519,254.9373,319.3351,34.29821,0,9.63948128563675,0,0,0,0,0,0,9.783621,29.4265827733659,21.1125827733659,1.39379360115468
57450,0.000463160860817879,254.6554,319.1585,33.84903,0,9.63918140135964,0,0,0,0,0,0,10.03662,29.4265827733659,21.1125827733659,1.39379360115468
57549.9961,0.000457598391221836,254.3716,318.9807,33.40525,0,9.63888153107641,0,0,0,0,0,0,10.28567,29.4265827733659,21.1125827733659,1.39379360115468
57650,0.000452100648544729,254.0861,318.8015,32.96685,0,9.63858165139703,0,0,0,0,0,0,10.52991,29.4265827733659,21.1125827733659,1.39379360115468
57750.0039,0.000446665653726086,253.7989,318.6213,32.53373,0,9.63828178571198,0,0,0,0,0,0,10.76848,29.4265827733659,21.1125827733659,1.39379360115468
57850,0.000441292708273977,253.5102,318.4401,32.10582,0,9.63798195740735,0,0,0,0,0,0,11.00049,29.4265827733659,21.1125827733659,1.39379360115468
57949.9961,0.000435980764450505,253.2202,318.2579,31.68306,0,9.63768214309313,0,0,0,0,0,0,11.22515,29.4265827733659,21.1125827733659,1.39379360115468
58050,0.000430729240179062,252.9289,318.0748,31.26542,0,9.63738231938365,0,0,0,0,0,0,11.44167,29.4265827733659,21.1125827733659,1.39379360115468
58150.0039,0.000425537349656224,252.6365,317.8909,30.85285,0,9.637082509665,0,0,0,0,0,0,11.64924,29.4265827733659,21.1125827733659,1.39379360115468
58250,0.000420403317548335,252.3432,317.7062,30.44522,0,9.63678273731894,0,0,0,0,0,0,11.84708,29.4265827733659,21.1125827733659,1.39379360115468
58349.9961,0.000415327231166884,252.049,317.521,30.04256,0,9.6364829789598,0,0,0,0,0,0,12.03449,29.4265827733659,21.1125827733659,1.39379360115468
58450,0.000410307839047164,251.7541,317.3352,29.64476,0,9.63618321120627,0,0,0,0,0,0,12.21076,29.4265827733659,21.1125827733659,1.39379360115468
58550.0039,0.000405344442697242,251.4587,317.149,29.25179,0,9.63588345744011,0,0,0,0,0,0,12.37522,29.4265827733659,21.1125827733659,1.39379360115468
58650,0.000400436139898375,251.1629,316.9624,28.86358,0,9.63558374103869,0,0,0,0,0,0,12.5272,29.4265827733659,21.1125827733659,1.39379360115468
58749.9961,0.00039558217395097,250.8668,316.7755,28.48009,0,9.6352840386207,0,0,0,0,0,0,12.66611,29.4265827733659,21.1125827733659,1.39379360115468
58850,0.00039078199188225,250.5705,316.5884,28.10127,0,9.63498432680922,0,0,0,0,0,0,12.79138,29.4265827733659,21.1125827733659,1.39379360115468
58950.0039,0.00038603474968113,250.2739,316.4009,27.72704,0,9.63468462898162,0,0,0,0,0,0,12.90248,29.4265827733659,21.1125827733659,1.39379360115468
59050,0.000381340592866763,249.9768,316.2131,27.35737,0,9.63438496851091,0,0,0,0,0,0,12.99889,29.4265827733659,21.1125827733659,1.39379360115468
59149.9961,0.000376699608750641,249.679,316.0247,26.99222,0,9.63408532202016,0,0,0,0,0,0,13.08017,29.4265827733659,21.1125827733659,1.39379360115468
59250,0.000372111622709781,249.3799,315.8354,26.63154,0,9.6337856661368,0,0,0,0,0,0,13.14592,29.4265827733659,21.1125827733659,1.39379360115468
59350.0039,0.000367575790733099,249.0795,315.6451,26.27523,0,9.63348602423384,0,0,0,0,0,0,13.19574,29.4265827733659,21.1125827733659,1.39379360115468
59450,0.000363092985935509,248.7775,315.4536,25.92331,0,9.63318641967993,0,0,0,0,0,0,13.22932,29.4265827733659,21.1125827733659,1.39379360115468
59549.9961,0.000358662015059963,248.4735,315.2608,25.57566,0,9.63288682910251,0,0,0,0,0,0,13.24636,29.4265827733659,21.1125827733659,1.39379360115468
59650,0.000354283110937104,248.1672,315.0665,25.23228,0,9.63258722913335,0,0,0,0,0,0,13.24661,29.4265827733659,21.1125827733659,1.39379360115468
59750.0039,0.000349956477293745,247.8584,314.8704,24.89312,0,9.63228764314112,0,0,0,0,0,0,13.22988,29.4265827733659,21.1125827733659,1.39379360115468
59850,0.00034568109549582,247.5469,314.6725,24.5581,0,9.63198809449011,0,0,0,0,0,0,13.19601,29.4265827733659,21.1125827733659,1.39379360115468
59949.9961,0.000341456936439499,247.2323,314.4724,24.22716,0,9.63168855981209,0,0,0,0,0,0,13.1449,29.4265827733659,21.1125827733659,1.39379360115468
60050,0.000337283767294139,246.9142,314.2701,23.90028,0,9.63138901574324,0,0,0,0,0,0,13.07646,29.4265827733659,21.1125827733659,1.39379360115468
60150.0039,0.000333161966409534,246.5926,314.0653,23.57746,0,9.63108948564783,0,0,0,0,0,0,12.99067,29.4265827733659,21.1125827733659,1.39379360115468
60250,0.000329090049490333,246.267,313.8579,23.25854,0,9.63078999288579,0,0,0,0,0,0,12.88758,29.4265827733659,21.1125827733659,1.39379360115468
60349.9961,0.000325068453093991,245.9372,313.6477,22.94355,0,9.63049051409329,0,0,0,0,0,0,12.76724,29.4265827733659,21.1125827733659,1.39379360115468
60450,0.000321096682455391,245.6029,313.4345,22.63241,0,9.63019102591082,0,0,0,0,0,0,12.62976,29.4265827733659,21.1125827733659,1.39379360115468
60550.0039,0.000317174475640059,245.2638,313.218,22.3251,0,9.62989155169833,0,0,0,0,0,0,12.47529,29.4265827733659,21.1125827733659,1.39379360115468
60650,0.000313301192363724,244.9197,312.9982,22.02152,0,9.62959211481137,0,0,0,0,0,0,12.30406,29.4265827733659,21.1125827733659,1.39379360115468
60749.9961,0.000309476861730218,244.5704,312.7749,21.72169,0,9.62929269189048,0,0,0,0,0,0,12.11646,29.4265827733659,21.1125827733659,1.39379360115468
60850,0.000305699650198221,244.2163,312.5485,21.42551,0,9.6289932595805,0,0,0,0,0,0,11.9135,29.4265827733659,21.1125827733659,1.39379360115468
60950.0039,0.000301968568237498,243.858,312.3191,21.13296,0,9.62869384123702,0,0,0,0,0,0,11.69643,29.4265827733659,21.1125827733659,1.39379360115468
61050,0.000298281840514392,243.4962,312.0873,20.84397,0,9.62839446021125,0,0,0,0,0,0,11.46655,29.4265827733659,21.1125827733659,1.39379360115468
61149.9961,0.00029463876853697,243.1313,311.8534,20.55854,0,9.62809509314806,0,0,0,0,0,0,11.22515,29.4265827733659,21.1125827733659,1.39379360115468
61250,0.000291037722490728,242.764,311.6177,20.2766,0,9.62779571669667,0,0,0,0,0,0,10.97356,29.4265827733659,21.1125827733659,1.39379360115468
61350.0039,0.000287477800156921,242.3948,311.3806,19.99812,0,9.62749635420831,0,0,0,0,0,0,10.71317,29.4265827733659,21.1125827733659,1.39379360115468
61450,0.000283957924693823,242.0243,311.1426,19.72307,0,9.62719702902983,0,0,0,0,0,0,10.44544,29.4265827733659,21.1125827733659,1.39379360115468
61549.9961,0.000280476437183097,241.6531,310.9039,19.45137,0,9.62689771781045,0,0,0,0,0,0,10.17178,29.4265827733659,21.1125827733659,1.39379360115468
61650,0.000277032930171117,241.2818,310.6649,19.18304,0,9.62659839720377,0,0,0,0,0,0,9.893676,29.4265827733659,21.1125827733659,1.39379360115468
61750.0039,0.000273625861154869,240.9108,310.4261,18.91799,0,9.62629909055663,0,0,0,0,0,0,9.612651,29.4265827733659,21.1125827733659,1.39379360115468
61850,0.000270254473434761,240.541,310.1877,18.65621,0,9.62599982121155,0,0,0,0,0,0,9.330274,29.4265827733659,21.1125827733659,1.39379360115468
61949.9961,0.000266917893895879,240.1727,309.9501,18.39767,0,9.6257005658221,0,0,0,0,0,0,9.048091,29.4265827733659,21.1125827733659,1.39379360115468
62050,0.000263615482253954,239.8066,309.7138,18.14235,0,9.62540130104622,0,0,0,0,0,0,8.767678,29.4265827733659,21.1125827733659,1.39379360115468
62150.0039,0.000260346045251936,239.4432,309.4791,17.89019,0,9.62510205022642,0,0,0,0,0,0,8.490672,29.4265827733659,21.1125827733659,1.39379360115468
62250,0.000257108797086403,239.0832,309.2463,17.64118,0,9.62480283670086,0,0,0,0,0,0,8.218731,29.4265827733659,21.1125827733659,1.39379360115468
62349.9961,0.000253902631811798,238.7271,309.0159,17.39524,0,9.62450363712745,0,0,0,0,0,0,7.953491,29.4265827733659,21.1125827733659,1.39379360115468
62450,0.000250727811362594,238.3754,308.7882,17.15243,0,9.6242044281685,0,0,0,0,0,0,7.696604,29.4265827733659,21.1125827733659,1.39379360115468
62550.0039,0.000247582589508966,238.0287,308.5636,16.91262,0,9.62390523316216,0,0,0,0,0,0,7.449437,29.4265827733659,21.1125827733659,1.39379360115468
62650,0.000244467664742842,237.687,308.342,16.67587,0,9.62360607544222,0,0,0,0,0,0,7.211655,29.4265827733659,21.1125827733659,1.39379360115468
62749.9961,0.000241383022512309,237.3499,308.1233,16.4421,0,9.62330693167098,0,0,0,0,0,0,6.982347,29.4265827733659,21.1125827733659,1.39379360115468
62850,0.000238328386330977,237.0172,307.9072,16.21127,0,9.62300777851508,0,0,0,0,0,0,6.760615,29.4265827733659,21.1125827733659,1.39379360115468
62950.0039,0.000235304396483116,236.6887,307.6938,15.9834,0,9.62270863930831,0,0,0,0,0,0,6.545598,29.4265827733659,21.1125827733659,1.39379360115468
63050,0.000232310616411269,236.3642,307.4828,15.75841,0,9.62240953738013,0,0,0,0,0,0,6.336435,29.4265827733659,21.1125827733659,1.39379360115468
63149.9961,0.000229347555432469,236.0435,307.2742,15.53631,0,9.62211044939718,0,0,0,0,0,0,6.132234,29.4265827733659,21.1125827733659,1.39379360115468
63250,0.000226415038923733,235.7263,307.0676,15.31704,0,9.62181135203044,0,0,0,0,0,0,5.932101,29.4265827733659,21.1125827733659,1.39379360115468
63350.0039,0.000223513008677401,235.4124,306.8631,15.10058,0,9.62151226860938,0,0,0,0,0,0,5.73517,29.4265827733659,21.1125827733659,1.39379360115468
63450,0.000220641901250929,235.1016,306.6605,14.88693,0,9.62121322245908,0,0,0,0,0,0,5.540565,29.4265827733659,21.1125827733659,1.39379360115468
63549.9961,0.000217801047256216,234.7937,306.4596,14.67601,0,9.62091419025055,0,0,0,0,0,0,5.347371,29.4265827733659,21.1125827733659,1.39379360115468
63650,0.000214991057873704,234.4883,306.2602,14.46782,0,9.62061514865911,0,0,0,0,0,0,5.154663,29.4265827733659,21.1125827733659,1.39379360115468
63750.0039,0.000212211671168916,234.1853,306.0623,14.26233,0,9.62031612100988,0,0,0,0,0,0,4.96153,29.4265827733659,21.1125827733659,1.39379360115468
63850,0.000209462814382277,233.8845,305.8657,14.0595,0,9.6200171306236,0,0,0,0,0,0,4.767046,29.4265827733659,21.1125827733659,1.39379360115468
63949.9961,0.000206744443858042,233.5857,305.6702,13.85931,0,9.61971815417561,0,0,0,0,0,0,4.570238,29.4265827733659,21.1125827733659,1.39379360115468
64050,0.000204056705115363,233.2885,305.4757,13.66173,0,9.61941916834561,0,0,0,0,0,0,4.370108,29.4265827733659,21.1125827733659,1.39379360115468
64150.0039,0.00020139935077168,232.9928,305.282,13.46673,0,9.61912019645434,0,0,0,0,0,0,4.16567,29.4265827733659,21.1125827733659,1.39379360115468
64250.0039,0.000198772031581029,232.6983,305.0891,13.27425,0,9.61882125015958,0,0,0,0,0,0,3.955917,29.4265827733659,21.1125827733659,1.39379360115468
64349.9922,0.000196175242308527,232.4049,304.8967,13.08432,0,9.618522352775,0,0,0,0,0,0,3.740685,29.4265827733659,21.1125827733659,1.39379360115468
64450,0.000193608750123531,232.1123,304.7046,12.89688,0,9.61822341103448,0,0,0,0,0,0,3.52117,29.4265827733659,21.1125827733659,1.39379360115468
64550.0078,0.000191071885637939,231.8201,304.5128,12.71187,0,9.61792448323031,0,0,0,0,0,0,3.298786,29.4265827733659,21.1125827733659,1.39379360115468
64649.9961,0.000188565245480277,231.5283,304.321,12.52931,0,9.61762562764394,0,0,0,0,0,0,3.074921,29.4265827733659,21.1125827733659,1.39379360115468
64749.9961,0.00018608856771607,231.2364,304.1292,12.34916,0,9.617326751019,0,0,0,0,0,0,2.850812,29.4265827733659,21.1125827733659,1.39379360115468
64850,0.000183641415787861,230.9444,303.9371,12.17137,0,9.61702787667028,0,0,0,0,0,0,2.627752,29.4265827733659,21.1125827733659,1.39379360115468
64950.0078,0.000181223993422464,230.6518,303.7445,11.99594,0,9.61672900459854,0,0,0,0,0,0,2.406978,29.4265827733659,21.1125827733659,1.39379360115468
65050,0.000178835791302845,230.3586,303.5514,11.8228,0,9.61643019307597,0,0,0,0,0,0,2.189732,29.4265827733659,21.1125827733659,1.39379360115468
65149.9961,0.000176477042259648,230.0645,303.3575,11.65197,0,9.61613138382647,0,0,0,0,0,0,1.977131,29.4265827733659,21.1125827733659,1.39379360115468
65250.0039,0.000174147469806485,229.7691,303.1627,11.48339,0,9.6158325535444,0,0,0,0,0,0,1.77028,29.4265827733659,21.1125827733659,1.39379360115468
65350,0.000171846724697389,229.4723,302.9669,11.31704,0,9.61553377214974,0,0,0,0,0,0,1.570307,29.4265827733659,21.1125827733659,1.39379360115468
65450,0.000169574850588106,229.1738,302.7697,11.1529,0,9.61523499302827,0,0,0,0,0,0,1.378216,29.4265827733659,21.1125827733659,1.39379360115468
65550,0.000167331672855653,228.8733,302.5712,10.99094,0,9.61493622783232,0,0,0,0,0,0,1.195011,29.4265827733659,21.1125827733659,1.39379360115468
65650,0.000165116885909811,228.5707,302.3711,10.83112,0,9.61463747656103,0,0,0,0,0,0,1.02164,29.4265827733659,21.1125827733659,1.39379360115468
65750,0.000162930475198664,228.2656,302.1692,10.67344,0,9.61433873921354,0,0,0,0,0,0,0.859011,29.4265827733659,21.1125827733659,1.39379360115468
65850,0.000160771829541773,227.9578,301.9655,10.51783,0,9.61404001578898,0,0,0,0,0,0,0.7079861,29.4265827733659,21.1125827733659,1.39379360115468
65950,0.000158641079906374,227.6471,301.7596,10.36429,0,9.61374130628649,0,0,0,0,0,0,0.5693816,29.4265827733659,21.1125827733659,1.39379360115468
66050,0.000156538211740553,227.3331,301.5514,10.21279,0,9.61344261070519,0,0,0,0,0,0,0.4356103,29.4265827733659,21.1125827733659,1.39379360115468
66150,0.000154463341459632,227.0145,301.34,10.0633,0,9.61314392904423,0,0,0,0,0,0,0.298641,29.4265827733659,21.1125827733659,1.39379360115468
66250,0.000152417080244049,226.6902,301.1247,9.915801,0,9.61284526130273,0,0,0,0,0,0,0.1585857,29.4265827733659,21.1125827733659,1.39379360115468
66350,0.000150399893755093,226.3588,300.9045,9.770267,0,9.61254660747985,0,0,0,0,0,0,0.01555598,29.4265827733659,21.1125827733659,1.39379360115468
66450,0.000148411898408085,226.0192,300.6787,9.626659,0,9.6122479675747,0,0,0,0,0,0,-0.1303363,29.4265827733659,21.1125827733659,1.39379360115468
66550,0.000146453312481754,225.6701,300.4464,9.484944,0,9.61194934158643,0,0,0,0,0,0,-0.2789797,29.4265827733659,21.1125827733659,1.39379360115468
66650,0.000144524645293131,225.3102,300.2068,9.345108,0,9.61165072951417,0,0,0,0,0,0,-0.4302619,29.4265827733659,21.1125827733659,1.39379360115468
66750,0.000142625824082643,224.9384,299.9589,9.207108,0,9.61135213135705,0,0,0,0,0,0,-0.5840719,29.4265827733659,21.1125827733659,1.39379360115468
66850,0.000140757285407744,224.5532,299.702,9.07093,0,9.61105354711422,0,0,0,0,0,0,-0.7402974,29.4265827733659,21.1125827733659,1.39379360115468
66950,0.000138919189339504,224.1536,299.4352,8.936541,0,9.6107549767848,0,0,0,0,0,0,-0.8988269,29.4265827733659,21.1125827733659,1.39379360115468
67050,0.000137111390358768,223.7382,299.1577,8.803905,0,9.61045642036794,0,0,0,0,0,0,-1.059549,29.4265827733659,21.1125827733659,1.39379360115468
67150,0.00013533400488086,223.3058,298.8684,8.672984,0,9.61015787786276,0,0,0,0,0,0,-1.222351,29.4265827733659,21.1125827733659,1.39379360115468
67250,0.000133587411255576,222.8552,298.5667,8.543776,0,9.6098593492684,0,0,0,0,0,0,-1.387122,29.4265827733659,21.1125827733659,1.39379360115468
67350,0.000131871303892694,222.3851,298.2516,8.416226,0,9.60956083458401,0,0,0,0,0,0,-1.55375,29.4265827733659,21.1125827733659,1.39379360115468
67450,0.00013018591562286,221.8942,297.9222,8.290321,0,9.60926233380871,0,0,0,0,0,0,-1.722123,29.4265827733659,21.1125827733659,1.39379360115468
67550,0.000128531159134582,221.3813,297.5778,8.166029,0,9.60896384694164,0,0,0,0,0,0,-1.89213,29.4265827733659,21.1125827733659,1.39379360115468
67650,0.000126907005324028,220.8452,297.2172,8.043314,0,9.60866537398194,0,0,0,0,0,0,-2.063649,29.4265827733659,21.1125827733659,1.39379360115468
67750,0.000125312362797558,220.2861,296.8408,7.92214,0,9.60836691492874,0,0,0,0,0,0,-2.235997,29.4265827733659,21.1125827733659,1.39379360115468
67850,0.000123745339806192,219.7066,296.4501,7.802496,0,9.60806846978119,0,0,0,0,0,0,-2.407608,29.4265827733659,21.1125827733659,1.39379360115468
67950,0.000122203564387746,219.1096,296.047,7.684343,0,9.6077700385384,0,0,0,0,0,0,-2.57684,29.4265827733659,21.1125827733659,1.39379360115468
68050,0.000120684991998132,218.4977,295.6334,7.567661,0,9.60747162119953,0,0,0,0,0,0,-2.74205,29.4265827733659,21.1125827733659,1.39379360115468
68150,0.000119187920063268,217.8739,295.211,7.452446,0,9.60717321776371,0,0,0,0,0,0,-2.901597,29.4265827733659,21.1125827733659,1.39379360115468
68250,0.000117709991172887,217.2407,294.7818,7.338649,0,9.60687482823007,0,0,0,0,0,0,-3.053838,29.4265827733659,21.1125827733659,1.39379360115468
68350,0.000116249633720145,216.6012,294.3476,7.226267,0,9.60657645259775,0,0,0,0,0,0,-3.19713,29.4265827733659,21.1125827733659,1.39379360115468
68450,0.000114805188786704,215.958,293.9102,7.115285,0,9.60627809086589,0,0,0,0,0,0,-3.329832,29.4265827733659,21.1125827733659,1.39379360115468
68550,0.000113375070213806,215.3139,293.4716,7.005694,0,9.60597974303363,0,0,0,0,0,0,-3.450301,29.4265827733659,21.1125827733659,1.39379360115468
68650,0.000111957655462902,214.6717,293.0336,6.897475,0,9.60568140910009,0,0,0,0,0,0,-3.556895,29.4265827733659,21.1125827733659,1.39379360115468
68750,0.000110551241959911,214.0343,292.5982,6.790605,0,9.60538308906442,0,0,0,0,0,0,-3.647972,29.4265827733659,21.1125827733659,1.39379360115468
68850,0.000109154745587148,213.4043,292.1673,6.685091,0,9.60508478292575,0,0,0,0,0,0,-3.721889,29.4265827733659,21.1125827733659,1.39379360115468
68950,0.00010776668204926,212.7846,291.7428,6.580914,0,9.60478649068323,0,0,0,0,0,0,-3.777005,29.4265827733659,21.1125827733659,1.39379360115468
69050,0.000106385858089197,212.178,291.3266,6.478071,0,9.60448821233598,0,0,0,0,0,0,-3.811676,29.4265827733659,21.1125827733659,1.39379360115468
69150,0.000105011218693107,211.5872,290.9207,6.376563,0,9.60418994788315,0,0,0,0,0,0,-3.824261,29.4265827733659,21.1125827733659,1.39379360115468
69250,0.000103641337773297,211.015,290.5271,6.276361,0,9.60389169732387,0,0,0,0,0,0,-3.813123,29.4265827733659,21.1125827733659,1.39379360115468
69350,0.000102276120742317,210.4632,290.147,6.177488,0,9.60359346065728,0,0,0,0,0,0,-3.777865,29.4265827733659,21.1125827733659,1.39379360115468
69450,0.000100915938674007,209.9309,289.7798,6.079917,0,9.60329523788251,0,0,0,0,0,0,-3.720901,29.4265827733659,21.1125827733659,1.39379360115468
69550,9.95619629975408e-05,209.417,289.4249,5.983659,0,9.60299702899871,0,0,0,0,0,0,-3.645027,29.4265827733659,21.1125827733659,1.39379360115468
69650,9.82147903414443e-05,208.9203,289.0815,5.888695,0,9.60269883400501,0,0,0,0,0,0,-3.553043,29.4265827733659,21.1125827733659,1.39379360115468
69750,9.68753884080797e-05,208.4397,288.7488,5.795027,0,9.60240065290055,0,0,0,0,0,0,-3.447746,29.4265827733659,21.1125827733659,1.39379360115468
69850,9.554441930959e-05,207.9742,288.4262,5.702643,0,9.60210248568446,0,0,0,0,0,0,-3.331936,29.4265827733659,21.1125827733659,1.39379360115468
69950,9.42226834013127e-05,207.5224,288.1128,5.61154,0,9.60180433235588,0,0,0,0,0,0,-3.208411,29.4265827733659,21.1125827733659,1.39379360115468
70050,9.29107845877297e-05,207.0834,287.8079,5.521702,0,9.60150619291396,0,0,0,0,0,0,-3.079969,29.4265827733659,21.1125827733659,1.39379360115468
70150,9.1609290393535e-05,206.656,287.5107,5.433116,0,9.60120806735782,0,0,0,0,0,0,-2.949408,29.4265827733659,21.1125827733659,1.39379360115468
70250,9.0318986622151e-05,206.239,287.2205,5.345783,0,9.60090995568661,0,0,0,0,0,0,-2.819527,29.4265827733659,21.1125827733659,1.39379360115468
70350,8.9040317106992e-05,205.8313,286.9364,5.259683,0,9.60061185789946,0,0,0,0,0,0,-2.693125,29.4265827733659,21.1125827733659,1.39379360115468
70450,8.77739221323282e-05,205.4317,286.6578,5.174811,0,9.60031377399552,0,0,0,0,0,0,-2.572999,29.4265827733659,21.1125827733659,1.39379360115468
70550,8.65201072883792e-05,205.0392,286.3838,5.091145,0,9.60001570397391,0,0,0,0,0,0,-2.461947,29.4265827733659,21.1125827733659,1.39379360115468
70650,8.52796074468642e-05,204.6526,286.1137,5.008688,0,9.59971764783378,0,0,0,0,0,0,-2.36277,29.4265827733659,21.1125827733659,1.39379360115468
70750,8.4052597230766e-05,204.2707,285.8466,4.927411,0,9.59941960557427,0,0,0,0,0,0,-2.278264,29.4265827733659,21.1125827733659,1.39379360115468
70850,8.28396005090326e-05,203.8925,285.5818,4.84731,0,9.5991215771945,0,0,0,0,0,0,-2.211033,29.4265827733659,21.1125827733659,1.39379360115468
70950,8.1640959251672e-05,203.5168,285.3186,4.76837,0,9.59882356269364,0,0,0,0,0,0,-2.161705,29.4265827733659,21.1125827733659,1.39379360115468
71050,8.04569062893279e-05,203.1426,285.0562,4.690572,0,9.5985255620708,0,0,0,0,0,0,-2.129758,29.4265827733659,21.1125827733659,1.39379360115468
71150,7.92878490756266e-05,202.7688,284.7938,4.613912,0,9.59822757532513,0,0,0,0,0,0,-2.114655,29.4265827733659,21.1125827733659,1.39379360115468
71250,7.81338312663138e-05,202.3944,284.5308,4.538362,0,9.59792960245576,0,0,0,0,0,0,-2.115861,29.4265827733659,21.1125827733659,1.39379360115468
71350,7.69953185226768e-05,202.0182,284.2662,4.46392,0,9.59763164346184,0,0,0,0,0,0,-2.13284,29.4265827733659,21.1125827733659,1.39379360115468
71450,7.58723763283342e-05,201.6393,283.9995,4.390566,0,9.59733369834251,0,0,0,0,0,0,-2.165055,29.4265827733659,21.1125827733659,1.39379360115468
71550,7.47651502024382e-05,201.2566,283.7299,4.318281,0,9.59703576709689,0,0,0,0,0,0,-2.21197,29.4265827733659,21.1125827733659,1.39379360115468
71650,7.36738147679716e-05,200.8691,283.4566,4.247054,0,9.59673784972414,0,0,0,0,0,0,-2.273051,29.4265827733659,21.1125827733659,1.39379360115468
71750,7.25985373719595e-05,200.4756,283.1788,4.176868,0,9.59643994622339,0,0,0,0,0,0,-2.34776,29.4265827733659,21.1125827733659,1.39379360115468
71850,7.15394198778085e-05,200.075,282.8958,4.107711,0,9.59614205659377,0,0,0,0,0,0,-2.435561,29.4265827733659,21.1125827733659,1.39379360115468
71950,7.04965277691372e-05,199.6665,282.6068,4.039564,0,9.59584418083443,0,0,0,0,0,0,-2.535919,29.4265827733659,21.1125827733659,1.39379360115468
72050,6.94699192536063e-05,199.2488,282.311,3.97241,0,9.59554631894451,0,0,0,0,0,0,-2.648297,29.4265827733659,21.1125827733659,1.39379360115468
72150,6.84597180224955e-05,198.821,282.0078,3.906239,0,9.59524847092314,0,0,0,0,0,0,-2.77216,29.4265827733659,21.1125827733659,1.39379360115468
72250,6.74658222123981e-05,198.3819,281.6962,3.841027,0,9.59495063676947,0,0,0,0,0,0,-2.906971,29.4265827733659,21.1125827733659,1.39379360115468
72350,6.64883773424663e-05,197.9306,281.3756,3.776767,0,9.59465281648263,0,0,0,0,0,0,-3.052061,29.4265827733659,21.1125827733659,1.39379360115468
72450,6.55270414426923e-05,197.4669,281.0458,3.71344,0,9.59435501006176,0,0,0,0,0,0,-3.205432,29.4265827733659,21.1125827733659,1.39379360115468
72550,6.45812542643398e-05,196.9912,280.7071,3.651026,0,9.59405721750601,0,0,0,0,0,0,-3.364317,29.4265827733659,21.1125827733659,1.39379360115468
72650,6.36506956652738e-05,196.5037,280.3596,3.589512,0,9.5937594388145,0,0,0,0,0,0,-3.525941,29.4265827733659,21.1125827733659,1.39379360115468
72750,6.27349363639951e-05,196.0049,280.0035,3.528888,0,9.59346167398639,0,0,0,0,0,0,-3.68753,29.4265827733659,21.1125827733659,1.39379360115468
72850,6.18336780462414e-05,195.4949,279.639,3.469142,0,9.5931639230208,0,0,0,0,0,0,-3.846307,29.4265827733659,21.1125827733659,1.39379360115468
72950,6.09463531873189e-05,194.9742,279.2663,3.410251,0,9.59286618591689,0,0,0,0,0,0,-3.999497,29.4265827733659,21.1125827733659,1.39379360115468
73050,6.0072670748923e-05,194.443,278.8857,3.352207,0,9.59256846267378,0,0,0,0,0,0,-4.144326,29.4265827733659,21.1125827733659,1.39379360115468
73150,5.9212285123067e-05,193.9017,278.4972,3.294997,0,9.59227075329062,0,0,0,0,0,0,-4.278018,29.4265827733659,21.1125827733659,1.39379360115468
73250,5.83648507017642e-05,193.3506,278.1011,3.238608,0,9.59197305776655,0,0,0,0,0,0,-4.397797,29.4265827733659,21.1125827733659,1.39379360115468
73350,5.75299418414943e-05,192.7899,277.6976,3.183023,0,9.59167537610071,0,0,0,0,0,0,-4.500889,29.4265827733659,21.1125827733659,1.39379360115468
73450,5.67074057471473e-05,192.2201,277.287,3.128241,0,9.59137770829223,0,0,0,0,0,0,-4.584519,29.4265827733659,21.1125827733659,1.39379360115468
73550,5.58968167752028e-05,191.6415,276.8693,3.074242,0,9.59108005434027,0,0,0,0,0,0,-4.64591,29.4265827733659,21.1125827733659,1.39379360115468
73650,5.50978438695893e-05,191.0543,276.4448,3.021016,0,9.59078241424395,0,0,0,0,0,0,-4.682289,29.4265827733659,21.1125827733659,1.39379360115468
73750,5.43102360097691e-05,190.4589,276.0137,2.968551,0,9.59048478800242,0,0,0,0,0,0,-4.690892,29.4265827733659,21.1125827733659,1.39379360115468
73850,5.35335530003067e-05,189.8563,275.5767,2.91684,0,9.59018717561481,0,0,0,0,0,0,-4.670999,29.4265827733659,21.1125827733659,1.39379360115468
73950,5.27669872099068e-05,189.2486,275.1353,2.86587,0,9.58988957708028,0,0,0,0,0,0,-4.62613,29.4265827733659,21.1125827733659,1.39379360115468
74050,5.20097273692954e-05,188.6383,274.6913,2.815633,0,9.58959199239795,0,0,0,0,0,0,-4.560338,29.4265827733659,21.1125827733659,1.39379360115468
74150,5.1260936743347e-05,188.0279,274.2465,2.766115,0,9.58929442156697,0,0,0,0,0,0,-4.477673,29.4265827733659,21.1125827733659,1.39379360115468
74250,5.05200805491768e-05,187.4196,273.8026,2.717319,0,9.58899686458648,0,0,0,0,0,0,-4.382186,29.4265827733659,21.1125827733659,1.39379360115468
74350,4.97863729833625e-05,186.8159,273.3612,2.669229,0,9.58869932145562,0,0,0,0,0,0,-4.27793,29.4265827733659,21.1125827733659,1.39379360115468
74450,4.90591337438673e-05,186.2193,272.9244,2.62184,0,9.58840179217353,0,0,0,0,0,0,-4.168955,29.4265827733659,21.1125827733659,1.39379360115468
74550,4.83378389617428e-05,185.6321,272.4937,2.575145,0,9.58810427673935,0,0,0,0,0,0,-4.059312,29.4265827733659,21.1125827733659,1.39379360115468
74650,4.76219429401681e-05,185.0567,272.0711,2.529143,0,9.58780677515222,0,0,0,0,0,0,-3.953052,29.4265827733659,21.1125827733659,1.39379360115468
74750,4.69108927063644e-05,184.4955,271.6583,2.483825,0,9.58750928741129,0,0,0,0,0,0,-3.854227,29.4265827733659,21.1125827733659,1.39379360115468
74850,4.62042371509597e-05,183.951,271.2571,2.439189,0,9.58721181351568,0,0,0,0,0,0,-3.766887,29.4265827733659,21.1125827733659,1.39379360115468
74950,4.55015506304335e-05,183.4256,270.8694,2.395232,0,9.58691435346455,0,0,0,0,0,0,-3.695084,29.4265827733659,21.1125827733659,1.39379360115468
75050,4.4802320189774e-05,182.9216,270.497,2.351944,0,9.58661690725704,0,0,0,0,0,0,-3.642869,29.4265827733659,21.1125827733659,1.39379360115468
75150,4.41063421021681e-05,182.4414,270.1417,2.30933,0,9.58631947489228,0,0,0,0,0,0,-3.614233,29.4265827733659,21.1125827733659,1.39379360115468
75250,4.34138819400687e-05,181.9845,269.8033,2.267381,0,9.58602205636941,0,0,0,0,0,0,-3.609569,29.4265827733659,21.1125827733659,1.39379360115468
75350,4.27262712037191e-05,181.5461,269.4781,2.226094,0,9.58572465168759,0,0,0,0,0,0,-3.623706,29.4265827733659,21.1125827733659,1.39379360115468
75450,4.20449578086846e-05,181.1209,269.1624,2.185466,0,9.58542726084594,0,0,0,0,0,0,-3.650998,29.4265827733659,21.1125827733659,1.39379360115468
75550,4.13711386499926e-05,180.7037,268.8522,2.145488,0,9.58512988384361,0,0,0,0,0,0,-3.685795,29.4265827733659,21.1125827733659,1.39379360115468
75650,4.07060506404378e-05,180.2892,268.5436,2.106154,0,9.58483252067975,0,0,0,0,0,0,-3.722453,29.4265827733659,21.1125827733659,1.39379360115468
75750,4.00507124140859e-05,179.8722,268.2328,2.067453,0,9.58453517135348,0,0,0,0,0,0,-3.755322,29.4265827733659,21.1125827733659,1.39379360115468
75850,3.94061971746851e-05,179.4473,267.9159,2.029379,0,9.58423783586396,0,0,0,0,0,0,-3.778755,29.4265827733659,21.1125827733659,1.39379360115468
75950,3.87733562092762e-05,179.0095,267.5888,1.991916,0,9.58394051421033,0,0,0,0,0,0,-3.787106,29.4265827733659,21.1125827733659,1.39379360115468
76050,3.81530298909638e-05,178.5533,267.2477,1.955053,0,9.58364320639173,0,0,0,0,0,0,-3.774725,29.4265827733659,21.1125827733659,1.39379360115468
76150,3.7546044040937e-05,178.0736,266.8885,1.91878,0,9.58334591240729,0,0,0,0,0,0,-3.735968,29.4265827733659,21.1125827733659,1.39379360115468
76250,3.69531044270843e-05,177.5652,266.5071,1.883086,0,9.58304863225616,0,0,0,0,0,0,-3.665185,29.4265827733659,21.1125827733659,1.39379360115468
76350,3.6374774936121e-05,177.0226,266.0997,1.847952,0,9.58275136593749,0,0,0,0,0,0,-3.55673,29.4265827733659,21.1125827733659,1.39379360115468
76450,3.58116849383805e-05,176.4408,265.6621,1.813366,0,9.58245411345041,0,0,0,0,0,0,-3.404954,29.4265827733659,21.1125827733659,1.39379360115468
76550,3.52640745404642e-05,175.8162,265.1914,1.779315,0,9.58215687479406,0,0,0,0,0,0,-3.206131,29.4265827733659,21.1125827733659,1.39379360115468
76650,3.47306704497896e-05,175.1521,264.6901,1.745782,0,9.5818596499676,0,0,0,0,0,0,-2.964612,29.4265827733659,21.1125827733659,1.39379360115468
76750,3.42099665431306e-05,174.4539,264.162,1.712754,0,9.58156243897015,0,0,0,0,0,0,-2.686875,29.4265827733659,21.1125827733659,1.39379360115468
76850,3.37006276822649e-05,173.7269,263.611,1.680222,0,9.58126524180087,0,0,0,0,0,0,-2.379399,29.4265827733659,21.1125827733659,1.39379360115468
76950,3.32012095896062e-05,172.9765,263.041,1.648172,0,9.58096805845889,0,0,0,0,0,0,-2.048664,29.4265827733659,21.1125827733659,1.39379360115468
77050,3.27105481119361e-05,172.2078,262.4559,1.616598,0,9.58067088894336,0,0,0,0,0,0,-1.701148,29.4265827733659,21.1125827733659,1.39379360115468
77150,3.22274063364603e-05,171.4262,261.8597,1.585492,0,9.58037373325342,0,0,0,0,0,0,-1.343329,29.4265827733659,21.1125827733659,1.39379360115468
77250,3.17506310238969e-05,170.637,261.2562,1.554845,0,9.5800765913882,0,0,0,0,0,0,-0.9816865,29.4265827733659,21.1125827733659,1.39379360115468
77350,3.12792180920951e-05,169.8456,260.6497,1.524655,0,9.57977946334687,0,0,0,0,0,0,-0.622699,29.4265827733659,21.1125827733659,1.39379360115468
77450,3.08120761474129e-05,169.0572,260.044,1.494914,0,9.57948234912855,0,0,0,0,0,0,-0.2728451,29.4265827733659,21.1125827733659,1.39379360115468
77550,3.03483502648305e-05,168.2771,259.4433,1.465621,0,9.57918524873238,0,0,0,0,0,0,0.06139572,29.4265827733659,21.1125827733659,1.39379360115468
77650,2.9887107302784e-05,167.5106,258.8517,1.436771,0,9.57888816215752,0,0,0,0,0,0,0.3735456,29.4265827733659,21.1125827733659,1.39379360115468
77750,2.94275087071583e-05,166.763,258.2735,1.408364,0,9.57859108940311,0,0,0,0,0,0,0.6571317,29.4265827733659,21.1125827733659,1.39379360115468
77850,2.89690869976766e-05,166.038,257.7115,1.380396,0,9.57829403046828,0,0,0,0,0,0,0.9067391,29.4265827733659,21.1125827733659,1.39379360115468
77950,2.85119785985444e-05,165.3356,257.1658,1.352867,0,9.57799698535218,0,0,0,0,0,0,1.119195,29.4265827733659,21.1125827733659,1.39379360115468
78050,2.80565363937058e-05,164.6553,256.6362,1.32578,0,9.57769995405395,0,0,0,0,0,0,1.291613,29.4265827733659,21.1125827733659,1.39379360115468
78150,2.76028276857687e-05,163.9969,256.1226,1.299124,0,9.57740293657274,0,0,0,0,0,0,1.421106,29.4265827733659,21.1125827733659,1.39379360115468
78250,2.71512089966564e-05,163.3599,255.6246,1.272905,0,9.57710593290769,0,0,0,0,0,0,1.504787,29.4265827733659,21.1125827733659,1.39379360115468
78350,2.67018767772242e-05,162.7438,255.1422,1.247119,0,9.57680894305794,0,0,0,0,0,0,1.539769,29.4265827733659,21.1125827733659,1.39379360115468
78450,2.6255045668222e-05,162.1484,254.675,1.221763,0,9.57651196702264,0,0,0,0,0,0,1.523166,29.4265827733659,21.1125827733659,1.39379360115468
78550,2.58108648267807e-05,161.5732,254.2229,1.196832,0,9.57621500480092,0,0,0,0,0,0,1.45209,29.4265827733659,21.1125827733659,1.39379360115468
78650,2.53695634455653e-05,161.0177,253.7855,1.172325,0,9.57591805639194,0,0,0,0,0,0,1.323654,29.4265827733659,21.1125827733659,1.39379360115468
78750,2.49313943641027e-05,160.4817,253.3627,1.148242,0,9.57562112179483,0,0,0,0,0,0,1.134972,29.4265827733659,21.1125827733659,1.39379360115468
78850,2.44964976445772e-05,159.9647,252.9543,1.124578,0,9.57532420100874,0,0,0,0,0,0,0.8831573,29.4265827733659,21.1125827733659,1.39379360115468
78950,2.40650242631091e-05,159.4663,252.56,1.101328,0,9.57502729403281,0,0,0,0,0,0,0.565325,29.4265827733659,21.1125827733659,1.39379360115468
79050,2.36372343351832e-05,158.9859,252.1793,1.078492,0,9.57473040086619,0,0,0,0,0,0,0.1824554,29.4265827733659,21.1125827733659,1.39379360115468
79150,2.32133588724537e-05,158.5224,251.8114,1.056064,0,9.57443352150801,0,0,0,0,0,0,-0.2527976,29.4265827733659,21.1125827733659,1.39379360115468
79250,2.27936907322146e-05,158.0744,251.4553,1.034041,0,9.57413665595743,0,0,0,0,0,0,-0.7255857,29.4265827733659,21.1125827733659,1.39379360115468
79350,2.23784263653215e-05,157.6406,251.11,1.012416,0,9.57383980421359,0,0,0,0,0,0,-1.221061,29.4265827733659,21.1125827733659,1.39379360115468
79450,2.19678695430048e-05,157.2198,250.7746,0.9911894,0,9.57354296627563,0,0,0,0,0,0,-1.724374,29.4265827733659,21.1125827733659,1.39379360115468
79550,2.1562207621173e-05,156.8105,250.448,0.9703534,0,9.57324614214269,0,0,0,0,0,0,-2.220678,29.4265827733659,21.1125827733659,1.39379360115468
79650,2.11616152228089e-05,156.4116,250.1293,0.9499031,0,9.57294933181392,0,0,0,0,0,0,-2.695125,29.4265827733659,21.1125827733659,1.39379360115468
79750,2.0766328816535e-05,156.0217,249.8173,0.9298362,0,9.57265253528846,0,0,0,0,0,0,-3.132864,29.4265827733659,21.1125827733659,1.39379360115468
79850,2.0376455722726e-05,155.6396,249.5112,0.9101443,0,9.57235575256546,0,0,0,0,0,0,-3.51905,29.4265827733659,21.1125827733659,1.39379360115468
79950,1.99921832972905e-05,155.2639,249.2098,0.8908244,0,9.57205898364406,0,0,0,0,0,0,-3.838832,29.4265827733659,21.1125827733659,1.39379360115468
80050,1.96136152226245e-05,154.8932,248.9122,0.8718697,0,9.5717622285234,0,0,0,0,0,0,-4.077364,29.4265827733659,21.1125827733659,1.39379360115468
80150,1.92408660950605e-05,154.5265,248.6174,0.8532753,0,9.57146548720264,0,0,0,0,0,0,-4.220186,29.4265827733659,21.1125827733659,1.39379360115468
80250,1.88736303243786e-05,154.1659,248.3271,0.8350362,0,9.57116875968091,0,0,0,0,0,0,-4.265119,29.4265827733659,21.1125827733659,1.39379360115468
80350,1.85111312021036e-05,153.8173,248.0462,0.8171462,0,9.57087204595735,0,0,0,0,0,0,-4.224442,29.4265827733659,21.1125827733659,1.39379360115468
80450,1.81526556843892e-05,153.4871,247.7798,0.7996014,0,9.57057534603112,0,0,0,0,0,0,-4.111262,29.4265827733659,21.1125827733659,1.39379360115468
80550,1.77975689439336e-05,153.1814,247.5329,0.7823989,0,9.57027865990136,0,0,0,0,0,0,-3.93869,29.4265827733659,21.1125827733659,1.39379360115468
80650,1.7445245248382e-05,152.9066,247.3108,0.7655344,0,9.56998198756721,0,0,0,0,0,0,-3.719832,29.4265827733659,21.1125827733659,1.39379360115468
80750,1.70951952895848e-05,152.6688,247.1184,0.7490071,0,9.56968532902781,0,0,0,0,0,0,-3.467798,29.4265827733659,21.1125827733659,1.39379360115468
80850,1.67469224834349e-05,152.4744,246.961,0.7328135,0,9.56938868428232,0,0,0,0,0,0,-3.195697,29.4265827733659,21.1125827733659,1.39379360115468
80950,1.6400073945988e-05,152.3295,246.8437,0.7169542,0,9.56909205332987,0,0,0,0,0,0,-2.916636,29.4265827733659,21.1125827733659,1.39379360115468
81050,1.60542549565434e-05,152.2405,246.7716,0.7014261,0,9.56879543616961,0,0,0,0,0,0,-2.643724,29.4265827733659,21.1125827733659,1.39379360115468
81150,1.57092017616378e-05,152.2136,246.7498,0.6862291,0,9.56849883280069,0,0,0,0,0,0,-2.39007,29.4265827733659,21.1125827733659,1.39379360115468
81250,1.53646979015321e-05,152.255,246.7833,0.6713626,0,9.56820224322225,0,0,0,0,0,0,-2.168781,29.4265827733659,21.1125827733659,1.39379360115468
81350,1.50209161802195e-05,152.3675,246.8744,0.6568257,0,9.56790566743344,0,0,0,0,0,0,-1.989201,29.4265827733659,21.1125827733659,1.39379360115468
81450,1.46792199302581e-05,152.5416,247.0155,0.6426178,0,9.5676091054334,0,0,0,0,0,0,-1.848155,29.4265827733659,21.1125827733659,1.39379360115468
81550,1.43410370583297e-05,152.7656,247.1968,0.6287352,0,9.56731255722127,0,0,0,0,0,0,-1.739873,29.4265827733659,21.1125827733659,1.39379360115468
81650,1.40077181640663e-05,153.0278,247.4088,0.6151758,0,9.56701602279621,0,0,0,0,0,0,-1.65858,29.4265827733659,21.1125827733659,1.39379360115468
81750,1.36803546411102e-05,153.3163,247.642,0.6019319,0,9.56671950215735,0,0,0,0,0,0,-1.598504,29.4265827733659,21.1125827733659,1.39379360115468
81850,1.33599960463471e-05,153.6195,247.8867,0.5889985,0,9.56642299530385,0,0,0,0,0,0,-1.553872,29.4265827733659,21.1125827733659,1.39379360115468
81950,1.30475218611537e-05,153.9254,248.1334,0.576368,0,9.56612650223484,0,0,0,0,0,0,-1.518911,29.4265827733659,21.1125827733659,1.39379360115468
82050,1.27436969705741e-05,154.2224,248.3726,0.5640327,0,9.56583002294948,0,0,0,0,0,0,-1.48785,29.4265827733659,21.1125827733659,1.39379360115468
82150,1.24491634778678e-05,154.4986,248.5949,0.5519836,0,9.56553355744691,0,0,0,0,0,0,-1.454914,29.4265827733659,21.1125827733659,1.39379360115468
82250,1.21644961836864e-05,154.7422,248.7909,0.5402123,0,9.56523710572627,0,0,0,0,0,0,-1.414331,29.4265827733659,21.1125827733659,1.39379360115468
82350,1.18901425594231e-05,154.9416,248.9511,0.5287089,0,9.56494066778671,0,0,0,0,0,0,-1.36033,29.4265827733659,21.1125827733659,1.39379360115468
82450,1.16263900054037e-05,155.0863,249.0673,0.5174636,0,9.56464424362738,0,0,0,0,0,0,-1.287391,29.4265827733659,21.1125827733659,1.39379360115468
82550,1.13723417598521e-05,155.1812,249.1435,0.5064663,0,9.56434783324743,0,0,0,0,0,0,-1.192724,29.4265827733659,21.1125827733659,1.39379360115468
82650,1.11265244413516e-05,155.2404,249.191,0.4957079,0,9.56405143664599,0,0,0,0,0,0,-1.075184,29.4265827733659,21.1125827733659,1.39379360115468
82750,1.08875992737012e-05,155.2781,249.2213,0.4851811,0,9.56375505382221,0,0,0,0,0,0,-0.933647,29.4265827733659,21.1125827733659,1.39379360115468
82850,1.06543584479368e-05,155.3085,249.2457,0.4748803,0,9.56345868477525,0,0,0,0,0,0,-0.7669896,29.4265827733659,21.1125827733659,1.39379360115468
82950,1.04257205748581e-05,155.3459,249.2756,0.4648012,0,9.56316232950424,0,0,0,0,0,0,-0.5740889,29.4265827733659,21.1125827733659,1.39379360115468
83050,1.02006615634309e-05,155.4043,249.3225,0.4549387,0,9.56286598800834,0,0,0,0,0,0,-0.3538222,29.4265827733659,21.1125827733659,1.39379360115468
83150,9.97829920379445e-06,155.4981,249.3977,0.4452901,0,9.56256966028669,0,0,0,0,0,0,-0.1050656,29.4265827733659,21.1125827733659,1.39379360115468
83250,9.75786042545224e-06,155.6413,249.5126,0.435854,0,9.56227334633843,0,0,0,0,0,0,0.1733034,29.4265827733659,21.1125827733659,1.39379360115468
83350,9.53861490415875e-06,155.8484,249.6785,0.4266278,0,9.56197704616271,0,0,0,0,0,0,0.482408,29.4265827733659,21.1125827733659,1.39379360115468
83450,9.31998692976777e-06,156.1333,249.9066,0.4176114,0,9.56168075975868,0,0,0,0,0,0,0.8233719,29.4265827733659,21.1125827733659,1.39379360115468
83550,9.10145627130987e-06,156.5104,250.2082,0.4088043,0,9.56138448712549,0,0,0,0,0,0,1.197311,29.4265827733659,21.1125827733659,1.39379360115468
83650,8.88306294655195e-06,156.9857,250.5879,0.4002067,0,9.56108822826228,0,0,0,0,0,0,1.603298,29.4265827733659,21.1125827733659,1.39379360115468
83750,8.66591653903015e-06,157.5462,251.0348,0.3918175,0,9.5607919831682,0,0,0,0,0,0,2.035471,29.4265827733659,21.1125827733659,1.39379360115468
83850,8.45117574499454e-06,158.1758,251.5359,0.3836353,0,9.56049575184239,0,0,0,0,0,0,2.487235,29.4265827733659,21.1125827733659,1.39379360115468
83950,8.23985647002701e-06,158.8584,252.0781,0.375657,0,9.560199534284,0,0,0,0,0,0,2.951997,29.4265827733659,21.1125827733659,1.39379360115468
84050,8.03285365691409e-06,159.5782,252.6485,0.3678788,0,9.55990333049219,0,0,0,0,0,0,3.423165,29.4265827733659,21.1125827733659,1.39379360115468
84150,7.83093764766818e-06,160.3189,253.2342,0.3602965,0,9.55960714046609,0,0,0,0,0,0,3.894145,29.4265827733659,21.1125827733659,1.39379360115468
84250,7.63476236897986e-06,161.0647,253.8226,0.3529047,0,9.55931096420485,0,0,0,0,0,0,4.358341,29.4265827733659,21.1125827733659,1.39379360115468
84350,7.44487897463841e-06,161.7995,254.4009,0.3456976,0,9.55901480170762,0,0,0,0,0,0,4.809162,29.4265827733659,21.1125827733659,1.39379360115468
84449.9922,7.26175630916259e-06,162.5072,254.9567,0.3386694,0,9.55871867607262,0,0,0,0,0,0,5.239983,29.4265827733659,21.1125827733659,1.39379360115468
84550,7.08574998498079e-06,163.172,255.4776,0.3318127,0,9.55842251800179,0,0,0,0,0,0,5.644305,29.4265827733659,21.1125827733659,1.39379360115468
84650,6.91718105372274e-06,163.7777,255.9514,0.3251214,0,9.55812639679147,0,0,0,0,0,0,6.015439,29.4265827733659,21.1125827733659,1.39379360115468
84750,6.75627734381123e-06,164.3085,256.3657,0.3185876,0,9.55783028934176,0,0,0,0,0,0,6.346846,29.4265827733659,21.1125827733659,1.39379360115468
84850.0078,6.602850589843e-06,164.7576,256.7159,0.312204,0,9.55753417255702,0,0,0,0,0,0,6.633291,29.4265827733659,21.1125827733659,1.39379360115468
84950,6.4561845647404e-06,165.1326,257.0079,0.3059641,0,9.55723811572071,0,0,0,0,0,0,6.871513,29.4265827733659,21.1125827733659,1.39379360115468
85050,6.31556031294167e-06,165.4425,257.2489,0.2998614,0,9.55694204954768,0,0,0,0,0,0,7.058555,29.4265827733659,21.1125827733659,1.39379360115468
85150,6.18034073340823e-06,165.696,257.4459,0.2938908,0,9.55664599713184,0,0,0,0,0,0,7.191375,29.4265827733659,21.1125827733659,1.39379360115468
85249.9922,6.04993647357333e-06,165.9019,257.6059,0.2880473,0,9.55634998156281,0,0,0,0,0,0,7.266949,29.4265827733659,21.1125827733659,1.39379360115468
85350,5.9238072935841e-06,166.0692,257.7357,0.2823265,0,9.55605393356831,0,0,0,0,0,0,7.282268,29.4265827733659,21.1125827733659,1.39379360115468
85450,5.80146070205956e-06,166.2067,257.8423,0.2767243,0,9.55575792241892,0,0,0,0,0,0,7.2343,29.4265827733659,21.1125827733659,1.39379360115468
85550,5.68246059629018e-06,166.3231,257.9326,0.271238,0,9.55546192502331,0,0,0,0,0,0,7.120028,29.4265827733659,21.1125827733659,1.39379360115468
85650.0078,5.56638042326085e-06,166.4273,258.0134,0.2658637,0,9.55516591829444,0,0,0,0,0,0,6.936417,29.4265827733659,21.1125827733659,1.39379360115468
85750,5.45286093256436e-06,166.5282,258.0916,0.2605996,0,9.55486997149002,0,0,0,0,0,0,6.680495,29.4265827733659,21.1125827733659,1.39379360115468
85850,5.34154378328822e-06,166.6346,258.174,0.2554427,0,9.55457401535064,0,0,0,0,0,0,6.349192,29.4265827733659,21.1125827733659,1.39379360115468
85950,5.23213111591758e-06,166.7553,258.2675,0.2503916,0,9.55427807296162,0,0,0,0,0,0,5.939507,29.4265827733659,21.1125827733659,1.39379360115468
86049.9922,5.12441965838661e-06,166.8965,258.3769,0.2454446,0,9.55398216740403,0,0,0,0,0,0,5.45085,29.4265827733659,21.1125827733659,1.39379360115468
86150,5.01844306199928e-06,167.0569,258.5009,0.2405996,0,9.55368622943132,0,0,0,0,0,0,4.889446,29.4265827733659,21.1125827733659,1.39379360115468
86250,4.91428636451019e-06,167.2333,258.6375,0.2358548,0,9.55339032828831,0,0,0,0,0,0,4.263023,29.4265827733659,21.1125827733659,1.39379360115468
86350,4.81202550872695e-06,167.423,258.7841,0.231209,0,9.55309444089227,0,0,0,0,0,0,3.579151,29.4265827733659,21.1125827733659,1.39379360115468
86450.0078,4.71171870231046e-06,167.6232,258.9387,0.22666,0,9.55279854416474,0,0,0,0,0,0,2.845379,29.4265827733659,21.1125827733659,1.39379360115468
86550,4.61342324342695e-06,167.8307,259.099,0.2222063,0,9.55250270733769,0,0,0,0,0,0,2.069494,29.4265827733659,21.1125827733659,1.39379360115468
86650,4.51717687610653e-06,168.043,259.2628,0.2178457,0,9.55220686117744,0,0,0,0,0,0,1.258928,29.4265827733659,21.1125827733659,1.39379360115468
86750,4.42300552094821e-06,168.2569,259.4278,0.2135757,0,9.55191102876075,0,0,0,0,0,0,0.4213479,29.4265827733659,21.1125827733659,1.39379360115468
86849.9922,4.33095510743442e-06,168.4696,259.5917,0.2093952,0,9.55161523316009,0,0,0,0,0,0,-0.4355675,29.4265827733659,21.1125827733659,1.39379360115468
86950,4.24103336627013e-06,168.6784,259.7525,0.2053017,0,9.55131940515465,0,0,0,0,0,0,-1.304416,29.4265827733659,21.1125827733659,1.39379360115468
87050,4.15325439462322e-06,168.8802,259.9078,0.201293,0,9.55102361396353,0,0,0,0,0,0,-2.17738,29.4265827733659,21.1125827733659,1.39379360115468
87150,4.06763228966156e-06,169.0721,260.0555,0.1973673,0,9.55072783651256,0,0,0,0,0,0,-3.046924,29.4265827733659,21.1125827733659,1.39379360115468
87250.0078,3.9841638681537e-06,169.2516,260.1935,0.1935225,0,9.55043204973187,0,0,0,0,0,0,-3.905899,29.4265827733659,21.1125827733659,1.39379360115468
87350,3.90278273698641e-06,169.4186,260.3218,0.1897567,0,9.5501363228277,0,0,0,0,0,0,-4.750999,29.4265827733659,21.1125827733659,1.39379360115468
87450,3.82338339477428e-06,169.5747,260.4417,0.1860675,0,9.5498405865921,0,0,0,0,0,0,-5.581729,29.4265827733659,21.1125827733659,1.39379360115468
87550,3.74588444174151e-06,169.7214,260.5543,0.1824536,0,9.54954486409325,0,0,0,0,0,0,-6.39736,29.4265827733659,21.1125827733659,1.39379360115468
87649.9922,3.67018901670235e-06,169.8602,260.6608,0.1789128,0,9.54924917839505,0,0,0,0,0,0,-7.197165,29.4265827733659,21.1125827733659,1.39379360115468
87750,3.59621708412305e-06,169.9927,260.7625,0.1754437,0,9.5489534603024,0,0,0,0,0,0,-7.980668,29.4265827733659,21.1125827733659,1.39379360115468
87850,3.52389088220662e-06,170.1205,260.8605,0.1720444,0,9.5486577790087,0,0,0,0,0,0,-8.747022,29.4265827733659,21.1125827733659,1.39379360115468
87950,3.45313901561894e-06,170.245,260.9559,0.1687135,0,9.54836211144835,0,0,0,0,0,0,-9.495623,29.4265827733659,21.1125827733659,1.39379360115468
88050.0078,3.38389099852066e-06,170.3678,261.0501,0.1654495,0,9.54806643456003,0,0,0,0,0,0,-10.22587,29.4265827733659,21.1125827733659,1.39379360115468
88150,3.31608680426143e-06,170.4906,261.1441,0.1622511,0,9.54777081752429,0,0,0,0,0,0,-10.93692,29.4265827733659,21.1125827733659,1.39379360115468
88250,3.24966208609112e-06,170.6147,261.2391,0.1591168,0,9.54747519115888,0,0,0,0,0,0,-11.62829,29.4265827733659,21.1125827733659,1.39379360115468
88350,3.18456250170129e-06,170.7419,261.3365,0.1560455,0,9.54717957852342,0,0,0,0,0,0,-12.29925,29.4265827733659,21.1125827733659,1.39379360115468
88449.9922,3.12073143504676e-06,170.8735,261.4372,0.1530356,0,9.54688400267324,0,0,0,0,0,0,-12.9491,29.4265827733659,21.1125827733659,1.39379360115468
88550,3.0581395549234e-06,171.0104,261.5419,0.1500864,0,9.54658839443895,0,0,0,0,0,0,-13.57763,29.4265827733659,21.1125827733659,1.39379360115468
88650,2.99678299597872e-06,171.1514,261.6497,0.1471964,0,9.54629282298823,0,0,0,0,0,0,-14.18515,29.4265827733659,21.1125827733659,1.39379360115468
88750,2.93666857942299e-06,171.2947,261.7592,0.1443645,0,9.54599726526406,0,0,0,0,0,0,-14.77231,29.4265827733659,21.1125827733659,1.39379360115468
88850.0078,2.87779175778269e-06,171.4389,261.8694,0.1415893,0,9.54570169821369,0,0,0,0,0,0,-15.33974,29.4265827733659,21.1125827733659,1.39379360115468
88950,2.82016230812587e-06,171.5823,261.9788,0.1388699,0,9.54540619099196,0,0,0,0,0,0,-15.88792,29.4265827733659,21.1125827733659,1.39379360115468
89050,2.76377113550552e-06,171.7233,262.0865,0.1362049,0,9.54511067444233,0,0,0,0,0,0,-16.41757,29.4265827733659,21.1125827733659,1.39379360115468
89150,2.70861596618488e-06,171.8603,262.191,0.1335933,0,9.54481517161585,0,0,0,0,0,0,-16.92923,29.4265827733659,21.1125827733659,1.39379360115468
89249.9922,2.65469543592189e-06,171.9918,262.2913,0.131034,0,9.54451970555928,0,0,0,0,0,0,-17.42347,29.4265827733659,21.1125827733659,1.39379360115468
89350,2.60199203694356e-06,172.1161,262.386,0.1285254,0,9.54422420712893,0,0,0,0,0,0,-17.901,29.4265827733659,21.1125827733659,1.39379360115468
89450,2.55050554187619e-06,172.2316,262.4741,0.1260668,0,9.5439287454668,0,0,0,0,0,0,-18.36229,29.4265827733659,21.1125827733659,1.39379360115468
89550,2.50022276304662e-06,172.3368,262.5542,0.1236569,0,9.54363329752441,0,0,0,0,0,0,-18.80798,29.4265827733659,21.1125827733659,1.39379360115468
89650.0078,2.45112755692389e-06,172.43,262.6252,0.1212942,0,9.54333784025759,0,0,0,0,0,0,-19.23869,29.4265827733659,21.1125827733659,1.39379360115468
89750,2.40321105593466e-06,172.5096,262.6859,0.118978,0,9.54304244279549,0,0,0,0,0,0,-19.65491,29.4265827733659,21.1125827733659,1.39379360115468
89850,2.35643483392778e-06,172.5761,262.7365,0.1167072,0,9.54274703600725,0,0,0,0,0,0,-20.05668,29.4265827733659,21.1125827733659,1.39379360115468
89950,2.31073136092164e-06,172.6316,262.7787,0.1144804,0,9.54245164293537,0,0,0,0,0,0,-20.4432,29.4265827733659,21.1125827733659,1.39379360115468
90049.9922,2.26603901865019e-06,172.6786,262.8145,0.1122968,0,9.54215628661804,0,0,0,0,0,0,-20.81363,29.4265827733659,21.1125827733659,1.39379360115468
90150,2.22230187318928e-06,172.7195,262.8456,0.1101554,0,9.54186089793726,0,0,0,0,0,0,-21.16725,29.4265827733659,21.1125827733659,1.39379360115468
90250,2.17946808334091e-06,172.7568,262.8739,0.1080556,0,9.54156554600934,0,0,0,0,0,0,-21.50317,29.4265827733659,21.1125827733659,1.39379360115468
90350,2.13748330679664e-06,172.7928,262.9013,0.1059961,0,9.54127020779438,0,0,0,0,0,0,-21.82062,29.4265827733659,21.1125827733659,1.39379360115468
90450.0078,2.09630320568976e-06,172.83,262.9297,0.1039764,0,9.54097486025674,0,0,0,0,0,0,-22.11881,29.4265827733659,21.1125827733659,1.39379360115468
90550,2.05588276003255e-06,172.8708,262.9607,0.1019956,0,9.54067957249992,0,0,0,0,0,0,-22.39687,29.4265827733659,21.1125827733659,1.39379360115468
90650,2.01618354367383e-06,172.9177,262.9963,0.1000532,0,9.54038427541873,0,0,0,0,0,0,-22.65405,29.4265827733659,21.1125827733659,1.39379360115468
90750,1.97716735783615e-06,172.973,263.0384,0.09814841,0,9.5400889920471,0,0,0,0,0,0,-22.88954,29.4265827733659,21.1125827733659,1.39379360115468
90849.9922,1.93879782273143e-06,173.0392,263.0887,0.09628054,0,9.53979374541468,0,0,0,0,0,0,-23.1025,29.4265827733659,21.1125827733659,1.39379360115468
90950,1.90104287867143e-06,173.1187,263.1492,0.09444901,0,9.53949846642912,0,0,0,0,0,0,-23.29218,29.4265827733659,21.1125827733659,1.39379360115468
91050,1.8638752408151e-06,173.2138,263.2214,0.0926533,0,9.53920322418108,0,0,0,0,0,0,-23.45776,29.4265827733659,21.1125827733659,1.39379360115468
91150,1.82728649633646e-06,173.3251,263.306,0.09089286,0,9.53890799563921,0,0,0,0,0,0,-23.59887,29.4265827733659,21.1125827733659,1.39379360115468
91250.0078,1.79127687260916e-06,173.4523,263.4026,0.08916705,0,9.53861275777643,0,0,0,0,0,0,-23.71537,29.4265827733659,21.1125827733659,1.39379360115468
91350,1.75584909811732e-06,173.5949,263.5108,0.08747535,0,9.53831757967057,0,0,0,0,0,0,-23.8071,29.4265827733659,21.1125827733659,1.39379360115468
91450,1.7210063560924e-06,173.7524,263.6304,0.0858173,0,9.53802239224211,0,0,0,0,0,0,-23.87398,29.4265827733659,21.1125827733659,1.39379360115468
91550,1.68674614542397e-06,173.9245,263.7608,0.08419221,0,9.53772721851641,0,0,0,0,0,0,-23.91584,29.4265827733659,21.1125827733659,1.39379360115468
91649.9922,1.65306767030415e-06,174.1105,263.9019,0.08259945,0,9.5374320815146,0,0,0,0,0,0,-23.93257,29.4265827733659,21.1125827733659,1.39379360115468
91750,1.61997718350904e-06,174.3102,264.0532,0.08103885,0,9.53713691216996,0,0,0,0,0,0,-23.92403,29.4265827733659,21.1125827733659,1.39379360115468
91850,1.58746445322322e-06,174.5231,264.2144,0.0795094,0,9.5368417795475,0,0,0,0,0,0,-23.89009,29.4265827733659,21.1125827733659,1.39379360115468
91950,1.55553061631508e-06,174.7487,264.3851,0.07801068,0,9.53654666062443,0,0,0,0,0,0,-23.83062,29.4265827733659,21.1125827733659,1.39379360115468
92050.0078,1.52417646859249e-06,174.9866,264.565,0.07654231,0,9.53625153238221,0,0,0,0,0,0,-23.74548,29.4265827733659,21.1125827733659,1.39379360115468
92150,1.4933934835426e-06,175.2363,264.7537,0.07510344,0,9.53595646387302,0,0,0,0,0,0,-23.63457,29.4265827733659,21.1125827733659,1.39379360115468
92250,1.463183366468e-06,175.4974,264.9509,0.07369382,0,9.535661386043,0,0,0,0,0,0,-23.49772,29.4265827733659,21.1125827733659,1.39379360115468
92350,1.43354111514782e-06,175.7696,265.1562,0.07231284,0,9.53536632190897,0,0,0,0,0,0,-23.335,29.4265827733659,21.1125827733659,1.39379360115468
92449.9922,1.40445013130375e-06,176.0534,265.3702,0.07095979,0,9.53507129448349,0,0,0,0,0,0,-23.14825,29.4265827733659,21.1125827733659,1.39379360115468
92550,1.37589699988894e-06,176.3501,265.5938,0.06963431,0,9.53477623472549,0,0,0,0,0,0,-22.94024,29.4265827733659,21.1125827733659,1.39379360115468
92650,1.34786546368559e-06,176.6608,265.8276,0.06833579,0,9.53448121167435,0,0,0,0,0,0,-22.71386,29.4265827733659,21.1125827733659,1.39379360115468
92750,1.32034233502054e-06,176.9866,266.0727,0.06706387,0,9.53418620231581,0,0,0,0,0,0,-22.47194,29.4265827733659,21.1125827733659,1.39379360115468
92850.0078,1.29331328935223e-06,177.3288,266.3297,0.06581799,0,9.53389118363989,0,0,0,0,0,0,-22.2173,29.4265827733659,21.1125827733659,1.39379360115468
92950,1.26676377476542e-06,177.6885,266.5997,0.0645976,0,9.53359622467313,0,0,0,0,0,0,-21.95284,29.4265827733659,21.1125827733659,1.39379360115468
93050,1.24068276363687e-06,178.0668,266.8834,0.06340234,0,9.53330125638731,0,0,0,0,0,0,-21.68134,29.4265827733659,21.1125827733659,1.39379360115468
93150,1.21506116101955e-06,178.465,267.1816,0.06223185,0,9.53300630179069,0,0,0,0,0,0,-21.40565,29.4265827733659,21.1125827733659,1.39379360115468
93249.9922,1.18988737085601e-06,178.8841,267.4951,0.06108564,0,9.5327113838873,0,0,0,0,0,0,-21.12864,29.4265827733659,21.1125827733659,1.39379360115468
93350,1.16514934234146e-06,179.3255,267.8249,0.05996324,0,9.53241643366171,0,0,0,0,0,0,-20.85309,29.4265827733659,21.1125827733659,1.39379360115468
93450,1.14083684366051e-06,179.7901,268.1717,0.05886414,0,9.53212152012765,0,0,0,0,0,0,-20.5819,29.4265827733659,21.1125827733659,1.39379360115468
93550,1.11694168936083e-06,180.2793,268.5362,0.05778802,0,9.53182662027941,0,0,0,0,0,0,-20.31789,29.4265827733659,21.1125827733659,1.39379360115468
93650.0078,1.09345842247421e-06,180.7941,268.9194,0.0567346,0,9.53153171111556,0,0,0,0,0,0,-20.06383,29.4265827733659,21.1125827733659,1.39379360115468
93750,1.07038886199007e-06,181.3337,269.3204,0.05570341,0,9.53123686163702,0,0,0,0,0,0,-19.82099,29.4265827733659,21.1125827733659,1.39379360115468
93850,1.04774642295524e-06,181.8956,269.7374,0.05469403,0,9.53094200284117,0,0,0,0,0,0,-19.58871,29.4265827733659,21.1125827733659,1.39379360115468
93950,1.0255439519824e-06,182.4767,270.1679,0.05370606,0,9.53064715772776,0,0,0,0,0,0,-19.36629,29.4265827733659,21.1125827733659,1.39379360115468
94049.9922,1.00379190826061e-06,183.0743,270.6099,0.05273907,0,9.53035234929226,0,0,0,0,0,0,-19.15304,29.4265827733659,21.1125827733659,1.39379360115468
94150,9.82497567747487e-07,183.6854,271.0612,0.05179258,0,9.53005750854486,0,0,0,0,0,0,-18.94818,29.4265827733659,21.1125827733659,1.39379360115468
94250,9.61670025390049e-07,184.3072,271.5195,0.05086626,0,9.52976270447369,0,0,0,0,0,0,-18.75106,29.4265827733659,21.1125827733659,1.39379360115468
94350,9.4131360128813e-07,184.9367,271.9828,0.0499596,0,9.52946791408156,0,0,0,0,0,0,-18.56095,29.4265827733659,21.1125827733659,1.39379360115468
94450.0078,9.21428579658823e-07,185.5711,272.449,0.04907199,0,9.52917311437559,0,0,0,0,0,0,-18.37711,29.4265827733659,21.1125827733659,1.39379360115468
94550,9.02023430171539e-07,186.2075,272.9157,0.04820327,0,9.52887837433107,0,0,0,0,0,0,-18.19887,29.4265827733659,21.1125827733659,1.39379360115468
94650,8.83095026438241e-07,186.8431,273.3811,0.04735283,0,9.52858362497102,0,0,0,0,0,0,-18.02547,29.4265827733659,21.1125827733659,1.39379360115468
94750,8.64643027398415e-07,187.4749,273.843,0.0465202,0,9.52828888928664,0,0,0,0,0,0,-17.85623,29.4265827733659,21.1125827733659,1.39379360115468
94849.9922,8.46667774112575e-07,188.1001,274.2991,0.04570497,0,9.52799419026485,0,0,0,0,0,0,-17.69042,29.4265827733659,21.1125827733659,1.39379360115468
94950,8.29163525395415e-07,188.7158,274.7477,0.04490658,0,9.52769945894148,0,0,0,0,0,0,-17.52731,29.4265827733659,21.1125827733659,1.39379360115468
95050,8.12131929706084e-07,189.3192,275.1866,0.04412481,0,9.52740476427902,0,0,0,0,0,0,-17.36626,29.4265827733659,21.1125827733659,1.39379360115468
95150,7.9555547927157e-07,189.9098,275.6156,0.04335903,0,9.52711008328884,0,0,0,0,0,0,-17.20746,29.4265827733659,21.1125827733659,1.39379360115468
95250.0078,7.79413710461085e-07,190.4887,276.0353,0.04260876,0,9.52681539298658,0,0,0,0,0,0,-17.05175,29.4265827733659,21.1125827733659,1.39379360115468
95350,7.6369059343051e-07,191.0569,276.4467,0.04187374,0,9.52652076232195,0,0,0,0,0,0,-16.90005,29.4265827733659,21.1125827733659,1.39379360115468
95450,7.48366574043757e-07,191.6157,276.8507,0.04115353,0,9.52622612234355,0,0,0,0,0,0,-16.7532,29.4265827733659,21.1125827733659,1.39379360115468
95550,7.33425679300126e-07,192.1663,277.2481,0.04044779,0,9.52593149603404,0,0,0,0,0,0,-16.61211,29.4265827733659,21.1125827733659,1.39379360115468
95649.9922,7.1885074248712e-07,192.7096,277.6398,0.03975609,0,9.52563690637184,0,0,0,0,0,0,-16.47766,29.4265827733659,21.1125827733659,1.39379360115468
95750,7.04628746461822e-07,193.247,278.0266,0.03907822,0,9.52534228441835,0,0,0,0,0,0,-16.35071,29.4265827733659,21.1125827733659,1.39379360115468
95850,6.90742638198572e-07,193.7796,278.4095,0.03841368,0,9.52504769911048,0,0,0,0,0,0,-16.23216,29.4265827733659,21.1125827733659,1.39379360115468
95950,6.77180310049152e-07,194.3085,278.7891,0.03776222,0,9.52475312746812,0,0,0,0,0,0,-16.1229,29.4265827733659,21.1125827733659,1.39379360115468
96050.0078,6.63929313304834e-07,194.8349,279.1665,0.03712359,0,9.52445854651545,0,0,0,0,0,0,-16.02379,29.4265827733659,21.1125827733659,1.39379360115468
96150,6.50977654004237e-07,195.3598,279.5423,0.03649747,0,9.52416402517658,0,0,0,0,0,0,-15.93574,29.4265827733659,21.1125827733659,1.39379360115468
96250,6.38313110812305e-07,195.8845,279.9175,0.03588355,0,9.52386949452571,0,0,0,0,0,0,-15.85961,29.4265827733659,21.1125827733659,1.39379360115468
96350,6.25924542418943e-07,196.4102,280.2928,0.03528154,0,9.52357497753697,0,0,0,0,0,0,-15.79629,29.4265827733659,21.1125827733659,1.39379360115468
96449.9922,6.13802569660038e-07,196.9379,280.6692,0.03469123,0,9.52328049718026,0,0,0,0,0,0,-15.74666,29.4265827733659,21.1125827733659,1.39379360115468
96550,6.01938438649086e-07,197.4687,281.0471,0.03411236,0,9.52298598454254,0,0,0,0,0,0,-15.71122,29.4265827733659,21.1125827733659,1.39379360115468
96650,5.90325214488985e-07,198.0023,281.4266,0.03354464,0,9.52269150853515,0,0,0,0,0,0,-15.68902,29.4265827733659,21.1125827733659,1.39379360115468
96750,5.78961362407426e-07,198.5386,281.8075,0.03298801,0,9.52239704618652,0,0,0,0,0,0,-15.67876,29.4265827733659,21.1125827733659,1.39379360115468
96850.0078,5.67837389553461e-07,199.0773,282.1895,0.03244197,0,9.52210257452933,0,0,0,0,0,0,-15.67915,29.4265827733659,21.1125827733659,1.39379360115468
96950,5.56952954866574e-07,199.6178,282.5724,0.03190652,0,9.52180816246215,0,0,0,0,0,0,-15.68888,29.4265827733659,21.1125827733659,1.39379360115468
97050,5.46300611858896e-07,200.1602,282.956,0.03138131,0,9.52151374108473,0,0,0,0,0,0,-15.70667,29.4265827733659,21.1125827733659,1.39379360115468
97150,5.35876267804269e-07,200.7041,283.3401,0.03086613,0,9.52121933336269,0,0,0,0,0,0,-15.73121,29.4265827733659,21.1125827733659,1.39379360115468
97249.9922,5.25675204698928e-07,201.2491,283.7245,0.03036078,0,9.52092496225738,0,0,0,0,0,0,-15.76121,29.4265827733659,21.1125827733659,1.39379360115468
97350,5.15693727720645e-07,201.795,284.1091,0.02986509,0,9.52063055888136,0,0,0,0,0,0,-15.79537,29.4265827733659,21.1125827733659,1.39379360115468
97450,5.05925925153861e-07,202.3415,284.4936,0.02937875,0,9.52033619212039,0,0,0,0,0,0,-15.8324,29.4265827733659,21.1125827733659,1.39379360115468
97550,4.96369182201306e-07,202.8882,284.8777,0.02890169,0,9.52004183901143,0,0,0,0,0,0,-15.87099,29.4265827733659,21.1125827733659,1.39379360115468
97650.0078,4.87017757677677e-07,203.435,285.2613,0.02843361,0,9.51974747659568,0,0,0,0,0,0,-15.90986,29.4265827733659,21.1125827733659,1.39379360115468
97750,4.77868240977841e-07,203.9815,285.6442,0.02797437,0,9.51945317374613,0,0,0,0,0,0,-15.9477,29.4265827733659,21.1125827733659,1.39379360115468
97850,4.68915800411196e-07,204.5274,286.0261,0.02752376,0,9.51915886158811,0,0,0,0,0,0,-15.98322,29.4265827733659,21.1125827733659,1.39379360115468
97950,4.60156087456198e-07,205.0724,286.407,0.02708157,0,9.51886456307871,0,0,0,0,0,0,-16.01512,29.4265827733659,21.1125827733659,1.39379360115468
98049.9922,4.51585975724811e-07,205.6163,286.7865,0.02664768,0,9.51857030117079,0,0,0,0,0,0,-16.04221,29.4265827733659,21.1125827733659,1.39379360115468
98150,4.43198985067284e-07,206.1595,287.1651,0.02622187,0,9.51827600700243,0,0,0,0,0,0,-16.06415,29.4265827733659,21.1125827733659,1.39379360115468
98250,4.3498945956344e-07,206.7025,287.5431,0.02580394,0,9.51798174943385,0,0,0,0,0,0,-16.08105,29.4265827733659,21.1125827733659,1.39379360115468
98350,4.26952169618744e-07,207.246,287.9209,0.02539376,0,9.51768750551052,0,0,0,0,0,0,-16.09301,29.4265827733659,21.1125827733659,1.39379360115468
98450.0078,4.19081516156439e-07,207.7908,288.299,0.02499115,0,9.51739325228217,0,0,0,0,0,0,-16.10017,29.4265827733659,21.1125827733659,1.39379360115468
98550,4.11373179076691e-07,208.3371,288.6778,0.02459598,0,9.51709905859624,0,0,0,0,0,0,-16.10262,29.4265827733659,21.1125827733659,1.39379360115468
98650,4.03821928784964e-07,208.8859,289.0577,0.0242081,0,9.51680485560361,0,0,0,0,0,0,-16.10047,29.4265827733659,21.1125827733659,1.39379360115468
98750,3.96423018855785e-07,209.4378,289.4393,0.02382733,0,9.51651066625285,0,0,0,0,0,0,-16.09385,29.4265827733659,21.1125827733659,1.39379360115468
98849.9922,3.89172384984704e-07,209.9932,289.8228,0.02345356,0,9.5162165134883,0,0,0,0,0,0,-16.08286,29.4265827733659,21.1125827733659,1.39379360115468
98950,3.82064428094964e-07,210.553,290.2089,0.02308658,0,9.51592232847359,0,0,0,0,0,0,-16.06761,29.4265827733659,21.1125827733659,1.39379360115468
99050,3.7509636285904e-07,211.1177,290.5978,0.02272631,0,9.5156281800434,0,0,0,0,0,0,-16.04821,29.4265827733659,21.1125827733659,1.39379360115468
99150,3.68264863936929e-07,211.6879,290.99,0.02237267,0,9.51533404525171,0,0,0,0,0,0,-16.02479,29.4265827733659,21.1125827733659,1.39379360115468
99250.0078,3.615650143729e-07,212.2644,291.3859,0.02202546,0,9.51503990115677,0,0,0,0,0,0,-15.99744,29.4265827733659,21.1125827733659,1.39379360115468
99350,3.54993716200624e-07,212.8475,291.7859,0.02168457,0,9.51474581658049,0,0,0,0,0,0,-15.96628,29.4265827733659,21.1125827733659,1.39379360115468
99450,3.48547501971552e-07,213.4381,292.1904,0.02134988,0,9.51445172269925,0,0,0,0,0,0,-15.93143,29.4265827733659,21.1125827733659,1.39379360115468
99550,3.42223444249612e-07,214.0368,292.6,0.02102131,0,9.51415764245315,0,0,0,0,0,0,-15.893,29.4265827733659,21.1125827733659,1.39379360115468
99649.9922,3.36017308200098e-07,214.6442,293.0148,0.02069866,0,9.51386359877801,0,0,0,0,0,0,-15.85119,29.4265827733659,21.1125827733659,1.39379360115468
99750,3.29927473785574e-07,215.2607,293.4353,0.0203819,0,9.51356952286298,0,0,0,0,0,0,-15.80702,29.4265827733659,21.1125827733659,1.39379360115468
99850,3.23951155678515e-07,215.8865,293.8615,0.02007088,0,9.51327548351722,0,0,0,0,0,0,-15.76192,29.4265827733659,21.1125827733659,1.39379360115468
99950,3.18085454864558e-07,216.522,294.2937,0.01976548,0,9.51298145780321,0,0,0,0,0,0,-15.71731,29.4265827733659,21.1125827733659,1.39379360115468
100050.008,3.1232912078849e-07,217.1676,294.7321,0.01946565,0,9.51268742219971,0,0,0,0,0,0,-15.6746,29.4265827733659,21.1125827733659,1.39379360115468
100150,3.06679311279368e-07,217.8233,295.1768,0.01917125,0,9.51239344726712,0,0,0,0,0,0,-15.63525,29.4265827733659,21.1125827733659,1.39379360115468
100250,3.01133582070179e-07,218.4898,295.628,0.01888217,0,9.51209946244335,0,0,0,0,0,0,-15.60064,29.4265827733659,21.1125827733659,1.39379360115468
100350,2.95690483653743e-07,219.1671,296.0859,0.01859834,0,9.51180549124796,0,0,0,0,0,0,-15.57222,29.4265827733659,21.1125827733659,1.39379360115468
100449.992,2.90346861220314e-07,219.8556,296.5506,0.01831961,0,9.51151155719619,0,0,0,0,0,0,-15.5514,29.4265827733659,21.1125827733659,1.39379360115468
100550,2.85101918962027e-07,220.5558,297.0224,0.01804596,0,9.51121758973899,0,0,0,0,0,0,-15.53961,29.4265827733659,21.1125827733659,1.39379360115468
100650,2.79953042081615e-07,221.2677,297.5014,0.01777726,0,9.51092365942372,0,0,0,0,0,0,-15.53827,29.4265827733659,21.1125827733659,1.39379360115468
100750,2.74898837915316e-07,221.9918,297.9878,0.01751343,0,9.51062974273348,0,0,0,0,0,0,-15.54881,29.4265827733659,21.1125827733659,1.39379360115468
100850.008,2.69936975882956e-07,222.7283,298.4817,0.01725438,0,9.51033581615571,0,0,0,0,0,0,-15.57265,29.4265827733659,21.1125827733659,1.39379360115468
100950,2.65065523308294e-07,223.4775,298.9833,0.01699999,0,9.51004195022468,0,0,0,0,0,0,-15.6112,29.4265827733659,21.1125827733659,1.39379360115468
101050,2.6028303068415e-07,224.2398,299.4928,0.01675021,0,9.50974807440445,0,0,0,0,0,0,-15.6659,29.4265827733659,21.1125827733659,1.39379360115468
101150,2.55587565334281e-07,225.0155,300.0103,0.01650493,0,9.50945421220587,0,0,0,0,0,0,-15.73817,29.4265827733659,21.1125827733659,1.39379360115468
101249.992,2.50977564064669e-07,225.8048,300.5361,0.01626408,0,9.50916038713544,0,0,0,0,0,0,-15.82942,29.4265827733659,21.1125827733659,1.39379360115468
101350,2.46450866825398e-07,226.6082,301.0702,0.01602756,0,9.5088665286703,0,0,0,0,0,0,-15.94077,29.4265827733659,21.1125827733659,1.39379360115468
101450,2.4200687676057e-07,227.4258,301.6129,0.01579534,0,9.50857270733163,0,0,0,0,0,0,-16.07162,29.4265827733659,21.1125827733659,1.39379360115468
101550,2.37643590139669e-07,228.2579,302.1642,0.01556731,0,9.50827889961124,0,0,0,0,0,0,-16.22094,29.4265827733659,21.1125827733659,1.39379360115468
101650.008,2.33359600088079e-07,229.105,302.7243,0.01534341,0,9.50798508200531,0,0,0,0,0,0,-16.38764,29.4265827733659,21.1125827733659,1.39379360115468
101750,2.29152988140413e-07,229.9672,303.2934,0.01512352,0,9.50769132502196,0,0,0,0,0,0,-16.57062,29.4265827733659,21.1125827733659,1.39379360115468
101850,2.25022901645389e-07,230.8448,303.8716,0.01490762,0,9.50739755815139,0,0,0,0,0,0,-16.76886,29.4265827733659,21.1125827733659,1.39379360115468
101950,2.20967649511294e-07,231.7382,304.459,0.01469562,0,9.50710380489573,0,0,0,0,0,0,-16.98127,29.4265827733659,21.1125827733659,1.39379360115468
102049.992,2.16985796441804e-07,232.6476,305.0558,0.01448743,0,9.50681008875278,0,0,0,0,0,0,-17.20676,29.4265827733659,21.1125827733659,1.39379360115468
102150,2.13076290833669e-07,233.5735,305.6622,0.01428302,0,9.50651633922582,0,0,0,0,0,0,-17.44432,29.4265827733659,21.1125827733659,1.39379360115468
102250,2.0923732790834e-07,234.5159,306.2782,0.01408228,0,9.50622262680988,0,0,0,0,0,0,-17.69283,29.4265827733659,21.1125827733659,1.39379360115468
102350,2.05468396075048e-07,235.4753,306.9041,0.01388519,0,9.50592892800549,0,0,0,0,0,0,-17.95122,29.4265827733659,21.1125827733659,1.39379360115468
102450.008,2.01767292651311e-07,236.452,307.5399,0.01369163,0,9.50563521931755,0,0,0,0,0,0,-18.21846,29.4265827733659,21.1125827733659,1.39379360115468
102550,1.98133818685164e-07,237.446,308.1857,0.01350159,0,9.50534157122802,0,0,0,0,0,0,-18.49341,29.4265827733659,21.1125827733659,1.39379360115468
102650,1.94565529909596e-07,238.458,308.8417,0.01331494,0,9.50504791325326,0,0,0,0,0,0,-18.77507,29.4265827733659,21.1125827733659,1.39379360115468
102750,1.91062156318367e-07,239.4881,309.508,0.01313167,0,9.50475426888669,0,0,0,0,0,0,-19.06234,29.4265827733659,21.1125827733659,1.39379360115468
102849.992,1.87622489988826e-07,240.5365,310.1848,0.01295172,0,9.50446066161738,0,0,0,0,0,0,-19.35412,29.4265827733659,21.1125827733659,1.39379360115468
102950,1.84245251944049e-07,241.6038,310.8722,0.01277502,0,9.50416702097475,0,0,0,0,0,0,-19.64944,29.4265827733659,21.1125827733659,1.39379360115468
103050,1.80929276893949e-07,242.69,311.5703,0.0126015,0,9.50387341742771,0,0,0,0,0,0,-19.94713,29.4265827733659,21.1125827733659,1.39379360115468
103150,1.77673399548439e-07,243.7955,312.279,0.0124311,0,9.5035798274855,0,0,0,0,0,0,-20.24653,29.4265827733659,21.1125827733659,1.39379360115468
103250.008,1.74477264636153e-07,244.9197,312.9982,0.01226377,0,9.50328622766171,0,0,0,0,0,0,-20.54883,29.4265827733659,21.1125827733659,1.39379360115468
103350,1.71340531096575e-07,246.0619,313.7272,0.01209946,0,9.5029926884122,0,0,0,0,0,0,-20.8557,29.4265827733659,21.1125827733659,1.39379360115468
103450,1.68262445754408e-07,247.2217,314.4657,0.0119381,0,9.50269913927943,0,0,0,0,0,0,-21.16895,29.4265827733659,21.1125827733659,1.39379360115468
103550,1.65242667549137e-07,248.3983,315.2131,0.01177965,0,9.50240560374813,0,0,0,0,0,0,-21.4903,29.4265827733659,21.1125827733659,1.39379360115468
103649.992,1.62280912263668e-07,249.591,315.969,0.01162406,0,9.50211210529866,0,0,0,0,0,0,-21.82145,29.4265827733659,21.1125827733659,1.39379360115468
103750,1.59375900921077e-07,250.7994,316.733,0.01147125,0,9.50181857348656,0,0,0,0,0,0,-22.16423,29.4265827733659,21.1125827733659,1.39379360115468
103850,1.56527306671705e-07,252.0228,317.5045,0.01132117,0,9.50152507875462,0,0,0,0,0,0,-22.5203,29.4265827733659,21.1125827733659,1.39379360115468
103950,1.53734205809997e-07,253.2604,318.2831,0.01117376,0,9.50123159762079,0,0,0,0,0,0,-22.89142,29.4265827733659,21.1125827733659,1.39379360115468
104050.008,1.50996640968515e-07,254.5118,319.0685,0.01102902,0,9.50093810660736,0,0,0,0,0,0,-23.27937,29.4265827733659,21.1125827733659,1.39379360115468
104150,1.48313276326917e-07,255.7761,319.86,0.01088683,0,9.50064467614408,0,0,0,0,0,0,-23.68578,29.4265827733659,21.1125827733659,1.39379360115468
104250,1.4568350081845e-07,257.0529,320.6573,0.01074717,0,9.50035123579952,0,0,0,0,0,0,-24.1125,29.4265827733659,21.1125827733659,1.39379360115468
104350,1.43106674954652e-07,258.3414,321.46,0.01061,0,9.50005780904971,0,0,0,0,0,0,-24.56123,29.4265827733659,21.1125827733659,1.39379360115468
104449.992,1.40582045560222e-07,259.641,322.2676,0.01047526,0,9.49976441936632,0,0,0,0,0,0,-25.03367,29.4265827733659,21.1125827733659,1.39379360115468
104550,1.3810870314046e-07,260.9513,323.0798,0.0103429,0,9.49947099633098,0,0,0,0,0,0,-25.53168,29.4265827733659,21.1125827733659,1.39379360115468
104650,1.35685780833228e-07,262.2714,323.8959,0.01021285,0,9.49917761036037,0,0,0,0,0,0,-26.05688,29.4265827733659,21.1125827733659,1.39379360115468
104750,1.33312965999721e-07,263.6007,324.7157,0.01008511,0,9.49888423798115,0,0,0,0,0,0,-26.61105,29.4265827733659,21.1125827733659,1.39379360115468
104850.008,1.30988638602503e-07,264.9388,325.5388,0.009959571,0,9.49859085572432,0,0,0,0,0,0,-27.19597,29.4265827733659,21.1125827733659,1.39379360115468
104950,1.28712727587299e-07,266.2846,326.3646,0.00983624,0,9.49829753399352,0,0,0,0,0,0,-27.81325,29.4265827733659,21.1125827733659,1.39379360115468
105050,1.26484025031459e-07,267.6379,327.1928,0.009715045,0,9.49800420238343,0,0,0,0,0,0,-28.46476,29.4265827733659,21.1125827733659,1.39379360115468
105150,1.24302005133359e-07,268.998,328.0231,0.009595963,0,9.49771088436137,0,0,0,0,0,0,-29.15059,29.4265827733659,21.1125827733659,1.39379360115468
105249.992,1.22165388916073e-07,270.3643,328.8552,0.009478924,0,9.49741760339032,0,0,0,0,0,0,-29.86757,29.4265827733659,21.1125827733659,1.39379360115468
105350,1.2007335215003e-07,271.7369,329.6889,0.009363899,0,9.49712428907799,0,0,0,0,0,0,-30.61236,29.4265827733659,21.1125827733659,1.39379360115468
105450,1.18024992445953e-07,273.115,330.5238,0.009250838,0,9.49683101181499,0,0,0,0,0,0,-31.38129,29.4265827733659,21.1125827733659,1.39379360115468
105550,1.1601962057739e-07,274.4983,331.3598,0.009139714,0,9.49653774813666,0,0,0,0,0,0,-32.17088,29.4265827733659,21.1125827733659,1.39379360115468
105650.008,1.14056113886818e-07,275.8866,332.1967,0.009030475,0,9.4962444745827,0,0,0,0,0,0,-32.97769,29.4265827733659,21.1125827733659,1.39379360115468
105750,1.1213381867492e-07,277.2791,333.034,0.00892309,0,9.49595126153067,0,0,0,0,0,0,-33.79802,29.4265827733659,21.1125827733659,1.39379360115468
105850,1.10251576757037e-07,278.6758,333.8717,0.008817501,0,9.49565803860133,0,0,0,0,0,0,-34.62853,29.4265827733659,21.1125827733659,1.39379360115468
105950,1.08408826804407e-07,280.0761,334.7095,0.008713693,0,9.4953648292533,0,0,0,0,0,0,-35.46566,29.4265827733659,21.1125827733659,1.39379360115468
106049.992,1.0660463090062e-07,281.4797,335.5471,0.008611618,0,9.49507165694088,0,0,0,0,0,0,-36.30582,29.4265827733659,21.1125827733659,1.39379360115468
106150,1.04837909020716e-07,282.8864,336.3846,0.008511224,0,9.49477845129786,0,0,0,0,0,0,-37.1457,29.4265827733659,21.1125827733659,1.39379360115468
106250,1.03108234839056e-07,284.2956,337.2213,0.008412498,0,9.49448528268876,0,0,0,0,0,0,-37.98158,29.4265827733659,21.1125827733659,1.39379360115468
106350,1.01415018605167e-07,285.7069,338.0573,0.008315425,0,9.49419212765762,0,0,0,0,0,0,-38.81002,29.4265827733659,21.1125827733659,1.39379360115468
106450.008,9.97569031824241e-08,287.1201,338.8924,0.008219928,0,9.49389896275284,0,0,0,0,0,0,-39.62757,29.4265827733659,21.1125827733659,1.39379360115468
106550,9.81333130312123e-08,288.5344,339.726,0.008125976,0,9.49360585832589,0,0,0,0,0,0,-40.43051,29.4265827733659,21.1125827733659,1.39379360115468
106650,9.65438076150349e-08,289.9498,340.5582,0.008033572,0,9.49331274402362,0,0,0,0,0,0,-41.21554,29.4265827733659,21.1125827733659,1.39379360115468
106750,9.49873637523524e-08,291.3658,341.3888,0.00794266,0,9.49301964329596,0,0,0,0,0,0,-41.97906,29.4265827733659,21.1125827733659,1.39379360115468
106849.992,9.34635409066686e-08,292.782,342.2174,0.007853225,0,9.4927265795885,0,0,0,0,0,0,-42.71751,29.4265827733659,21.1125827733659,1.39379360115468
106950,9.19711951041791e-08,294.1982,343.0441,0.007765211,0,9.49243348256111,0,0,0,0,0,0,-43.42754,29.4265827733659,21.1125827733659,1.39379360115468
107050,9.05098218595413e-08,295.6137,343.8684,0.007678596,0,9.49214042255225,0,0,0,0,0,0,-44.10548,29.4265827733659,21.1125827733659,1.39379360115468
107150,8.90790872176694e-08,297.0283,344.6902,0.007593379,0,9.49184737611465,0,0,0,0,0,0,-44.74787,29.4265827733659,21.1125827733659,1.39379360115468
107250.008,8.76776624636477e-08,298.4417,345.5093,0.007509482,0,9.49155431980538,0,0,0,0,0,0,-45.35123,29.4265827733659,21.1125827733659,1.39379360115468
107350,8.63056754951685e-08,299.8533,346.3254,0.007426936,0,9.49126132394987,0,0,0,0,0,0,-45.91307,29.4265827733659,21.1125827733659,1.39379360115468
107450,8.49616412779142e-08,301.2635,347.1389,0.007345661,0,9.49096831822101,0,0,0,0,0,0,-46.43341,29.4265827733659,21.1125827733659,1.39379360115468
107550,8.36451050645337e-08,302.6721,347.9495,0.00726565,0,9.49067532606006,0,0,0,0,0,0,-46.91232,29.4265827733659,21.1125827733659,1.39379360115468
107649.992,8.2355427366565e-08,304.0792,348.7574,0.007186882,0,9.49038237090393,0,0,0,0,0,0,-47.34989,29.4265827733659,21.1125827733659,1.39379360115468
107750,8.10918479032807e-08,305.4851,349.5627,0.007109331,0,9.49008938243853,0,0,0,0,0,0,-47.74634,29.4265827733659,21.1125827733659,1.39379360115468
107850,7.98535282342527e-08,306.8896,350.3653,0.007032955,0,9.48979643097628,0,0,0,0,0,0,-48.1017,29.4265827733659,21.1125827733659,1.39379360115468
107950,7.86400065067028e-08,308.2928,351.1653,0.006957743,0,9.48950349307858,0,0,0,0,0,0,-48.41613,29.4265827733659,21.1125827733659,1.39379360115468
108050.008,7.74506645484507e-08,309.6948,351.963,0.006883679,0,9.4892105453112,0,0,0,0,0,0,-48.68978,29.4265827733659,21.1125827733659,1.39379360115468
108150,7.62850049795816e-08,311.0954,352.7579,0.006810739,0,9.4889176579735,0,0,0,0,0,0,-48.92271,29.4265827733659,21.1125827733659,1.39379360115468
108250,7.51423883116331e-08,312.4949,353.5505,0.006738905,0,9.48862476076445,0,0,0,0,0,0,-49.1151,29.4265827733659,21.1125827733659,1.39379360115468
108350,7.40220187367413e-08,313.8933,354.3407,0.006668137,0,9.4883318771166,0,0,0,0,0,0,-49.26705,29.4265827733659,21.1125827733659,1.39379360115468
108449.992,7.29235409835383e-08,315.2906,355.1285,0.006598425,0,9.48803903045819,0,0,0,0,0,0,-49.3787,29.4265827733659,21.1125827733659,1.39379360115468
108550,7.18463866178354e-08,316.6871,355.9141,0.006529753,0,9.48774615050118,0,0,0,0,0,0,-49.45018,29.4265827733659,21.1125827733659,1.39379360115468
108650,7.07900085217261e-08,318.0825,356.6973,0.006462093,0,9.48745330753193,0,0,0,0,0,0,-49.4816,29.4265827733659,21.1125827733659,1.39379360115468
108750,6.97538737881587e-08,319.477,357.4784,0.006395424,0,9.48716047812054,0,0,0,0,0,0,-49.47309,29.4265827733659,21.1125827733659,1.39379360115468
108850.008,6.87374068775171e-08,320.8707,358.2573,0.006329724,0,9.48686763884145,0,0,0,0,0,0,-49.42477,29.4265827733659,21.1125827733659,1.39379360115468
108950,6.77404727866815e-08,322.2634,359.0339,0.006264995,0,9.48657485996799,0,0,0,0,0,0,-49.33677,29.4265827733659,21.1125827733659,1.39379360115468
109050,6.67621833372323e-08,323.6554,359.8085,0.006201188,0,9.48628207122516,0,0,0,0,0,0,-49.20922,29.4265827733659,21.1125827733659,1.39379360115468
109150,6.58023964206222e-08,325.0468,360.5811,0.006138313,0,9.48598929603683,0,0,0,0,0,0,-49.04224,29.4265827733659,21.1125827733659,1.39379360115468
109249.992,6.4860607551509e-08,326.4373,361.3515,0.006076343,0,9.48569655782258,0,0,0,0,0,0,-48.83598,29.4265827733659,21.1125827733659,1.39379360115468
109350,6.39363264554049e-08,327.8275,362.1201,0.006015262,0,9.48540378632038,0,0,0,0,0,0,-48.59049,29.4265827733659,21.1125827733659,1.39379360115468
109450,6.30292404935062e-08,329.2169,362.8867,0.005955054,0,9.48511105179057,0,0,0,0,0,0,-48.30597,29.4265827733659,21.1125827733659,1.39379360115468
109550,6.21387243882054e-08,330.6059,363.6514,0.005895686,0,9.48481833081192,0,0,0,0,0,0,-47.98252,29.4265827733659,21.1125827733659,1.39379360115468
109650.008,6.12646218201007e-08,331.9945,364.4143,0.005837168,0,9.48452559996756,0,0,0,0,0,0,-47.62024,29.4265827733659,21.1125827733659,1.39379360115468
109750,6.04065419906874e-08,333.3824,365.1752,0.005779472,0,9.48423292950479,0,0,0,0,0,0,-47.21939,29.4265827733659,21.1125827733659,1.39379360115468
109850,5.95640621270377e-08,334.77,365.9344,0.005722587,0,9.48394024917462,0,0,0,0,0,0,-46.78072,29.4265827733659,21.1125827733659,1.39379360115468
109950,5.8736802088788e-08,336.1569,366.6917,0.005666486,0,9.48364758239228,0,0,0,0,0,0,-46.3057,29.4265827733659,21.1125827733659,1.39379360115468
110049.992,5.79244918696986e-08,337.543,367.4469,0.005611163,0,9.48335495256863,0,0,0,0,0,0,-45.7958,29.4265827733659,21.1125827733659,1.39379360115468
110150,5.71268721216711e-08,338.9285,368.2002,0.005556611,0,9.4830622894677,0,0,0,0,0,0,-45.25232,29.4265827733659,21.1125827733659,1.39379360115468
110250,5.63437403400258e-08,340.3128,368.9514,0.005502822,0,9.4827696633238,0,0,0,0,0,0,-44.67682,29.4265827733659,21.1125827733659,1.39379360115468
110350,5.55744534835867e-08,341.696,369.7004,0.00544975,0,9.48247705072437,0,0,0,0,0,0,-44.07069,29.4265827733659,21.1125827733659,1.39379360115468
110450.008,5.48189547089351e-08,343.078,370.4473,0.005397405,0,9.4821844282612,0,0,0,0,0,0,-43.43533,29.4265827733659,21.1125827733659,1.39379360115468
110550,5.40770237478228e-08,344.4584,371.1918,0.005345779,0,9.4818918661556,0,0,0,0,0,0,-42.7723,29.4265827733659,21.1125827733659,1.39379360115468
110650,5.33483515141597e-08,345.8373,371.934,0.005294859,0,9.48159929418459,0,0,0,0,0,0,-42.0829,29.4265827733659,21.1125827733659,1.39379360115468
110750,5.26324939187361e-08,347.2146,372.6739,0.005244613,0,9.48130673575471,0,0,0,0,0,0,-41.36861,29.4265827733659,21.1125827733659,1.39379360115468
110849.992,5.19293230638596e-08,348.59,373.4113,0.005195042,0,9.48101421426817,0,0,0,0,0,0,-40.63091,29.4265827733659,21.1125827733659,1.39379360115468
110950,5.1238551179722e-08,349.9637,374.1463,0.005146136,0,9.480721659515,0,0,0,0,0,0,-39.87107,29.4265827733659,21.1125827733659,1.39379360115468
111050,5.05598940492291e-08,351.3351,374.8787,0.005097875,0,9.4804291417035,0,0,0,0,0,0,-39.09069,29.4265827733659,21.1125827733659,1.39379360115468
111150,4.98932983816758e-08,352.7044,375.6085,0.00505027,0,9.4801366374298,0,0,0,0,0,0,-38.29115,29.4265827733659,21.1125827733659,1.39379360115468
111250.008,4.92382277172965e-08,354.0715,376.3358,0.005003281,0,9.47984412329433,0,0,0,0,0,0,-37.47383,29.4265827733659,21.1125827733659,1.39379360115468
111350,4.85946110018176e-08,355.4358,377.0601,0.004956908,0,9.47955166949242,0,0,0,0,0,0,-36.64034,29.4265827733659,21.1125827733659,1.39379360115468
111450,4.79622812576963e-08,356.7977,377.7818,0.004911153,0,9.47925920582707,0,0,0,0,0,0,-35.79192,29.4265827733659,21.1125827733659,1.39379360115468
111550,4.73407624212996e-08,358.1569,378.5007,0.004865977,0,9.47896675569618,0,0,0,0,0,0,-34.93008,29.4265827733659,21.1125827733659,1.39379360115468
111649.992,4.67300544926275e-08,359.513,379.2166,0.004821392,0,9.47867434249328,0,0,0,0,0,0,-34.05631,29.4265827733659,21.1125827733659,1.39379360115468
111750,4.61298945708677e-08,360.8665,379.9297,0.004777387,0,9.47838189603439,0,0,0,0,0,0,-33.17184,29.4265827733659,21.1125827733659,1.39379360115468
111850,4.55400694931996e-08,362.2166,380.6398,0.004733949,0,9.47808948650184,0,0,0,0,0,0,-32.27832,29.4265827733659,21.1125827733659,1.39379360115468
111950,4.4960259515392e-08,363.5635,381.3469,0.004691057,0,9.47779709050039,0,0,0,0,0,0,-31.3771,29.4265827733659,21.1125827733659,1.39379360115468
112050.008,4.43904610847312e-08,364.9071,382.0508,0.004648721,0,9.47750468463916,0,0,0,0,0,0,-30.46954,29.4265827733659,21.1125827733659,1.39379360115468
112150,4.38303331407042e-08,366.247,382.7516,0.004606918,0,9.47721233908748,0,0,0,0,0,0,-29.55731,29.4265827733659,21.1125827733659,1.39379360115468
112250,4.32796838367722e-08,367.5834,383.4493,0.004565638,0,9.47691998367435,0,0,0,0,0,0,-28.6416,29.4265827733659,21.1125827733659,1.39379360115468
112350,4.27384208023796e-08,368.9159,384.1437,0.004524883,0,9.476627641789,0,0,0,0,0,0,-27.72393,29.4265827733659,21.1125827733659,1.39379360115468
112449.992,4.22062242932952e-08,370.2444,384.8347,0.004484629,0,9.4763353368163,0,0,0,0,0,0,-26.80581,29.4265827733659,21.1125827733659,1.39379360115468
112550,4.16830481242414e-08,371.5691,385.5226,0.004444886,0,9.47604299859825,0,0,0,0,0,0,-25.88833,29.4265827733659,21.1125827733659,1.39379360115468
112650,4.11686791323973e-08,372.8897,386.207,0.004405638,0,9.4757506972912,0,0,0,0,0,0,-24.97239,29.4265827733659,21.1125827733659,1.39379360115468
112750,4.06627584936814e-08,374.2062,386.8882,0.004366862,0,9.47545840950858,0,0,0,0,0,0,-24.05838,29.4265827733659,21.1125827733659,1.39379360115468
112850.008,4.01653394987989e-08,375.519,387.5663,0.004328574,0,9.47516611186816,0,0,0,0,0,0,-23.1467,29.4265827733659,21.1125827733659,1.39379360115468
112950,3.96760704290955e-08,376.8276,388.2409,0.004290747,0,9.4748738745133,0,0,0,0,0,0,-22.23804,29.4265827733659,21.1125827733659,1.39379360115468
113050,3.91948837830114e-08,378.1324,388.9125,0.004253387,0,9.47458162729897,0,0,0,0,0,0,-21.33264,29.4265827733659,21.1125827733659,1.39379360115468
113150,3.87214988961659e-08,379.4335,389.581,0.004216473,0,9.47428939360574,0,0,0,0,0,0,-20.43103,29.4265827733659,21.1125827733659,1.39379360115468
113249.992,3.82558305034308e-08,380.7306,390.2464,0.004180007,0,9.47399719680984,0,0,0,0,0,0,-19.53377,29.4265827733659,21.1125827733659,1.39379360115468
113350,3.77977080745495e-08,382.0242,390.9088,0.004143983,0,9.47370496677922,0,0,0,0,0,0,-18.6411,29.4265827733659,21.1125827733659,1.39379360115468
113450,3.7346943315697e-08,383.314,391.5681,0.004108387,0,9.47341277364427,0,0,0,0,0,0,-17.75369,29.4265827733659,21.1125827733659,1.39379360115468
113550,3.6903372802044e-08,384.6002,392.2245,0.004073213,0,9.47312059402708,0,0,0,0,0,0,-16.87196,29.4265827733659,21.1125827733659,1.39379360115468
113650.008,3.64669290320307e-08,385.8828,392.878,0.004038463,0,9.47282840455407,0,0,0,0,0,0,-15.99629,29.4265827733659,21.1125827733659,1.39379360115468
113750,3.60374912133921e-08,387.1617,393.5285,0.004004132,0,9.47253627534264,0,0,0,0,0,0,-15.12735,29.4265827733659,21.1125827733659,1.39379360115468
113850,3.56146969693327e-08,388.4371,394.1761,0.003970191,0,9.47224413627373,0,0,0,0,0,0,-14.26541,29.4265827733659,21.1125827733659,1.39379360115468
113950,3.51985676161348e-08,389.709,394.821,0.003936652,0,9.47195201071924,0,0,0,0,0,0,-13.411,29.4265827733659,21.1125827733659,1.39379360115468
114049.992,3.47890463103795e-08,390.9774,395.463,0.003903514,0,9.47165992204676,0,0,0,0,0,0,-12.56466,29.4265827733659,21.1125827733659,1.39379360115468
114150,3.43858523876861e-08,392.2426,396.1023,0.003870758,0,9.4713678001502,0,0,0,0,0,0,-11.72664,29.4265827733659,21.1125827733659,1.39379360115468
114250,3.39888259759391e-08,393.5043,396.7389,0.003838373,0,9.47107571513398,0,0,0,0,0,0,-10.89763,29.4265827733659,21.1125827733659,1.39379360115468
114350,3.35979777332795e-08,394.7627,397.3727,0.003806368,0,9.47078364362886,0,0,0,0,0,0,-10.07801,29.4265827733659,21.1125827733659,1.39379360115468
114450.008,3.32131726565876e-08,396.0179,398.004,0.003774737,0,9.47049156226989,0,0,0,0,0,0,-9.268188,29.4265827733659,21.1125827733659,1.39379360115468
114550,3.28342082411837e-08,397.2697,398.6325,0.003743462,0,9.47019954114855,0,0,0,0,0,0,-8.468826,29.4265827733659,21.1125827733659,1.39379360115468
114650,3.2461002774653e-08,398.5183,399.2585,0.003712545,0,9.4699075101717,0,0,0,0,0,0,-7.680201,29.4265827733659,21.1125827733659,1.39379360115468
114750,3.20934709918674e-08,399.7638,399.8819,0.003681982,0,9.4696154927026,0,0,0,0,0,0,-6.902838,29.4265827733659,21.1125827733659,1.39379360115468
114849.992,3.17314530207113e-08,401.0061,400.5027,0.003651762,0,9.46932351210021,0,0,0,0,0,0,-6.13726,29.4265827733659,21.1125827733659,1.39379360115468
114950,3.1374813858065e-08,402.2455,401.1212,0.003621879,0,9.46903149828436,0,0,0,0,0,0,-5.383759,29.4265827733659,21.1125827733659,1.39379360115468
115050,3.10236103473471e-08,403.4818,401.7371,0.003592342,0,9.46873952133354,0,0,0,0,0,0,-4.642979,29.4265827733659,21.1125827733659,1.39379360115468
115150,3.06776115621687e-08,404.715,402.3506,0.003563136,0,9.46844755788715,0,0,0,0,0,0,-3.915325,29.4265827733659,21.1125827733659,1.39379360115468
115250.008,3.03366647358416e-08,405.9454,402.9617,0.003534248,0,9.46815558458889,0,0,0,0,0,0,-3.201214,29.4265827733659,21.1125827733659,1.39379360115468
115350,3.00007521047974e-08,407.1727,403.5704,0.003505681,0,9.46786367150431,0,0,0,0,0,0,-2.501274,29.4265827733659,21.1125827733659,1.39379360115468
115450,2.96698239310444e-08,408.3972,404.1768,0.003477437,0,9.46757174856621,0,0,0,0,0,0,-1.815807,29.4265827733659,21.1125827733659,1.39379360115468
115550,2.93436848153306e-08,409.619,404.7809,0.003449501,0,9.46727983912919,0,0,0,0,0,0,-1.145332,29.4265827733659,21.1125827733659,1.39379360115468
115649.992,2.90223134413736e-08,410.8378,405.3827,0.003421873,0,9.46698796654358,0,0,0,0,0,0,-0.4902878,29.4265827733659,21.1125827733659,1.39379360115468
115750,2.87055570424855e-08,412.0539,405.9822,0.003394544,0,9.46669606075512,0,0,0,0,0,0,0.1495628,29.4265827733659,21.1125827733659,1.39379360115468
115850,2.83934191713797e-08,413.2669,406.5793,0.003367517,0,9.4664041918164,0,0,0,0,0,0,0.7743187,29.4265827733659,21.1125827733659,1.39379360115468
115950,2.8085826997426e-08,414.4769,407.1741,0.003340789,0,9.46611233637545,0,0,0,0,0,0,1.38427,29.4265827733659,21.1125827733659,1.39379360115468
116050.008,2.77825904504425e-08,415.6837,407.7664,0.003314342,0,9.46582047108461,0,0,0,0,0,0,1.979717,29.4265827733659,21.1125827733659,1.39379360115468
116150,2.74837717029186e-08,416.8871,408.3563,0.003288186,0,9.4655286659835,0,0,0,0,0,0,2.560764,29.4265827733659,21.1125827733659,1.39379360115468
116250,2.7189230422664e-08,418.0872,408.9436,0.00326231,0,9.46523685103085,0,0,0,0,0,0,3.127804,29.4265827733659,21.1125827733659,1.39379360115468
116350,2.68989595042513e-08,419.2838,409.5284,0.003236719,0,9.46494504957264,0,0,0,0,0,0,3.68103,29.4265827733659,21.1125827733659,1.39379360115468
116449.992,2.66127990755649e-08,420.4766,410.1105,0.003211396,0,9.46465328495053,0,0,0,0,0,0,4.220655,29.4265827733659,21.1125827733659,1.39379360115468
116550,2.63307171621818e-08,421.6659,410.6901,0.003186345,0,9.46436148713619,0,0,0,0,0,0,4.747047,29.4265827733659,21.1125827733659,1.39379360115468
116650,2.60525663264843e-08,422.8513,411.267,0.003161547,0,9.4640697261563,0,0,0,0,0,0,5.260332,29.4265827733659,21.1125827733659,1.39379360115468
116750,2.57784869006628e-08,424.0328,411.8412,0.003137028,0,9.46377797866751,0,0,0,0,0,0,5.760798,29.4265827733659,21.1125827733659,1.39379360115468
116850.008,2.55082124311912e-08,425.2104,412.4126,0.003112759,0,9.46348622133082,0,0,0,0,0,0,6.248726,29.4265827733659,21.1125827733659,1.39379360115468
116950,2.52417962087748e-08,426.3836,412.9811,0.003088746,0,9.46319452415994,0,0,0,0,0,0,6.724257,29.4265827733659,21.1125827733659,1.39379360115468
117050,2.49791209938621e-08,427.5527,413.5469,0.003064984,0,9.46290281713949,0,0,0,0,0,0,7.187748,29.4265827733659,21.1125827733659,1.39379360115468
117150,2.47201796810259e-08,428.7174,414.1098,0.003041475,0,9.46261112360683,0,0,0,0,0,0,7.63941,29.4265827733659,21.1125827733659,1.39379360115468
117249.992,2.44648283853621e-08,429.8776,414.6698,0.003018203,0,9.46231946689498,0,0,0,0,0,0,8.079458,29.4265827733659,21.1125827733659,1.39379360115468
117350,2.42130457905887e-08,431.0334,415.2269,0.002995173,0,9.46202777700152,0,0,0,0,0,0,8.508238,29.4265827733659,21.1125827733659,1.39379360115468
117450,2.39647910404983e-08,432.1844,415.7809,0.00297238,0,9.46173612392721,0,0,0,0,0,0,8.925898,29.4265827733659,21.1125827733659,1.39379360115468
117550,2.37200108443858e-08,433.3307,416.3319,0.002949822,0,9.46144448433736,0,0,0,0,0,0,9.33272,29.4265827733659,21.1125827733659,1.39379360115468
117650.008,2.34785986208408e-08,434.4722,416.8799,0.002927491,0,9.46115283490159,0,0,0,0,0,0,9.728981,29.4265827733659,21.1125827733659,1.39379360115468
117750,2.3240568580718e-08,435.6085,417.4247,0.002905392,0,9.46086124560771,0,0,0,0,0,0,10.11484,29.4265827733659,21.1125827733659,1.39379360115468
117850,2.30058549988144e-08,436.7398,417.9664,0.002883518,0,9.46056964646625,0,0,0,0,0,0,10.49063,29.4265827733659,21.1125827733659,1.39379360115468
117950,2.27743672809311e-08,437.866,418.5049,0.002861864,0,9.46027806080591,0,0,0,0,0,0,10.85656,29.4265827733659,21.1125827733659,1.39379360115468
118049.992,2.25460663472177e-08,438.9868,419.0402,0.002840428,0,9.45998651195112,0,0,0,0,0,0,11.21288,29.4265827733659,21.1125827733659,1.39379360115468
118150,2.23208900251848e-08,440.1023,419.5723,0.002819205,0,9.45969492992532,0,0,0,0,0,0,11.5599,29.4265827733659,21.1125827733659,1.39379360115468
118250,2.20988454202597e-08,441.2122,420.101,0.002798199,0,9.4594033847034,0,0,0,0,0,0,11.89778,29.4265827733659,21.1125827733659,1.39379360115468
118350,2.18798028583933e-08,442.3166,420.6265,0.002777399,0,9.45911185295929,0,0,0,0,0,0,12.2268,29.4265827733659,21.1125827733659,1.39379360115468
118450.008,2.16637960903654e-08,443.4153,421.1486,0.002756809,0,9.45882031137123,0,0,0,0,0,0,12.54723,29.4265827733659,21.1125827733659,1.39379360115468
118550,2.14506687967742e-08,444.508,421.6672,0.002736415,0,9.45852882990117,0,0,0,0,0,0,12.85926,29.4265827733659,21.1125827733659,1.39379360115468
118650,2.12404920318932e-08,445.5949,422.1824,0.002716229,0,9.4582373385855,0,0,0,0,0,0,13.16319,29.4265827733659,21.1125827733659,1.39379360115468
118750,2.10331858596646e-08,446.6758,422.6941,0.002696242,0,9.45794586074432,0,0,0,0,0,0,13.45926,29.4265827733659,21.1125827733659,1.39379360115468
118849.992,2.08285921843299e-08,447.7504,423.2022,0.002676439,0,9.4576544196934,0,0,0,0,0,0,13.74768,29.4265827733659,21.1125827733659,1.39379360115468
118950,2.06268584435065e-08,448.8189,423.7069,0.002656842,0,9.45736294548209,0,0,0,0,0,0,14.02877,29.4265827733659,21.1125827733659,1.39379360115468
119050,2.04277963433697e-08,449.881,424.208,0.002637429,0,9.45707150805938,0,0,0,0,0,0,14.30272,29.4265827733659,21.1125827733659,1.39379360115468
119150,2.02314005548487e-08,450.9368,424.7055,0.002618202,0,9.45678008410784,0,0,0,0,0,0,14.56969,29.4265827733659,21.1125827733659,1.39379360115468
119250.008,2.0037656867089e-08,451.9865,425.1995,0.002599165,0,9.45648865031433,0,0,0,0,0,0,14.82974,29.4265827733659,21.1125827733659,1.39379360115468
119350,1.98464515932528e-08,453.0299,425.69,0.002580306,0,9.45619727661492,0,0,0,0,0,0,15.08281,29.4265827733659,21.1125827733659,1.39379360115468
119450,1.96578007205517e-08,454.0675,426.1772,0.002561633,0,9.45590589307189,0,0,0,0,0,0,15.32899,29.4265827733659,21.1125827733659,1.39379360115468
119550,1.9471588785791e-08,455.0994,426.6612,0.002543134,0,9.45561452299671,0,0,0,0,0,0,15.56826,29.4265827733659,21.1125827733659,1.39379360115468
119649.992,1.92877731564067e-08,456.1256,427.142,0.002524807,0,9.45532318969653,0,0,0,0,0,0,15.80063,29.4265827733659,21.1125827733659,1.39379360115468
119750,1.91063396215441e-08,457.1465,427.6197,0.002506654,0,9.45503182324655,0,0,0,0,0,0,16.02617,29.4265827733659,21.1125827733659,1.39379360115468
119850,1.89272526540663e-08,458.162,428.0944,0.002488675,0,9.45474049356992,0,0,0,0,0,0,16.24483,29.4265827733659,21.1125827733659,1.39379360115468
119950,1.87504323179155e-08,459.1725,428.5662,0.002470863,0,9.45444917735781,0,0,0,0,0,0,16.45665,29.4265827733659,21.1125827733659,1.39379360115468
120050.008,1.85758697313076e-08,460.178,429.0352,0.00245322,0,9.45415785130572,0,0,0,0,0,0,16.66166,29.4265827733659,21.1125827733659,1.39379360115468
120150,1.84034671946165e-08,461.1785,429.5013,0.002435736,0,9.45386658532385,0,0,0,0,0,0,16.85983,29.4265827733659,21.1125827733659,1.39379360115468
120250,1.82332442477673e-08,462.1744,429.9648,0.002418418,0,9.45357530950034,0,0,0,0,0,0,17.05123,29.4265827733659,21.1125827733659,1.39379360115468
120350,1.80651298364864e-08,463.1658,430.4258,0.002401259,0,9.45328404713803,0,0,0,0,0,0,17.23585,29.4265827733659,21.1125827733659,1.39379360115468
120449.992,1.78990955390645e-08,464.1527,430.8841,0.00238426,0,9.45299282153548,0,0,0,0,0,0,17.41369,29.4265827733659,21.1125827733659,1.39379360115468
120550,1.773512536829e-08,465.1356,431.3401,0.00236742,0,9.45270156279372,0,0,0,0,0,0,17.58481,29.4265827733659,21.1125827733659,1.39379360115468
120650,1.75731269536072e-08,466.1143,431.7936,0.002350732,0,9.45241034081006,0,0,0,0,0,0,17.74918,29.4265827733659,21.1125827733659,1.39379360115468
120750,1.74131304930825e-08,467.0891,432.2449,0.0023342,0,9.45211913228428,0,0,0,0,0,0,17.90684,29.4265827733659,21.1125827733659,1.39379360115468
120850.008,1.72550294053053e-08,468.0602,432.694,0.002317816,0,9.4518279139205,0,0,0,0,0,0,18.0578,29.4265827733659,21.1125827733659,1.39379360115468
120950,1.70988396774874e-08,469.0276,433.1409,0.002301582,0,9.45153675560308,0,0,0,0,0,0,18.20206,29.4265827733659,21.1125827733659,1.39379360115468
121050,1.69444813735709e-08,469.9916,433.5858,0.002285493,0,9.451245587446,0,0,0,0,0,0,18.33966,29.4265827733659,21.1125827733659,1.39379360115468
121150,1.67919615989831e-08,470.9522,434.0287,0.00226955,0,9.45095443274349,0,0,0,0,0,0,18.4706,29.4265827733659,21.1125827733659,1.39379360115468
121249.992,1.66412519320147e-08,471.9097,434.4696,0.002253753,0,9.45066331478549,0,0,0,0,0,0,18.5949,29.4265827733659,21.1125827733659,1.39379360115468
121350,1.64923132928152e-08,472.8643,434.9088,0.0022381,0,9.45037216369887,0,0,0,0,0,0,18.71259,29.4265827733659,21.1125827733659,1.39379360115468
121450,1.63450621926131e-08,473.8159,435.3463,0.002222582,0,9.4500810493551,0,0,0,0,0,0,18.82366,29.4265827733659,21.1125827733659,1.39379360115468
121550,1.61995306058316e-08,474.7649,435.782,0.002207204,0,9.44978994846259,0,0,0,0,0,0,18.92813,29.4265827733659,21.1125827733659,1.39379360115468
121650.008,1.60556901107611e-08,475.7114,436.2162,0.002191967,0,9.44949883773405,0,0,0,0,0,0,19.02604,29.4265827733659,21.1125827733659,1.39379360115468
121750,1.59134536659167e-08,476.6553,436.6487,0.00217686,0,9.44920778702803,0,0,0,0,0,0,19.11737,29.4265827733659,21.1125827733659,1.39379360115468
121850,1.57728496930076e-08,477.5971,437.0799,0.002161889,0,9.44891672648432,0,0,0,0,0,0,19.20216,29.4265827733659,21.1125827733659,1.39379360115468
121950,1.56338284540425e-08,478.5368,437.5097,0.00214705,0,9.44862567938855,0,0,0,0,0,0,19.28041,29.4265827733659,21.1125827733659,1.39379360115468
122049.992,1.54963935017349e-08,479.4745,437.9381,0.002132346,0,9.44833466902205,0,0,0,0,0,0,19.35215,29.4265827733659,21.1125827733659,1.39379360115468
122150,1.53604542418861e-08,480.4106,438.3654,0.002117767,0,9.44804362553752,0,0,0,0,0,0,19.41739,29.4265827733659,21.1125827733659,1.39379360115468
122250,1.52260497543466e-08,481.3449,438.7915,0.002103319,0,9.44775261878061,0,0,0,0,0,0,19.47614,29.4265827733659,21.1125827733659,1.39379360115468
122350,1.50931267484111e-08,482.2778,439.2165,0.002088998,0,9.44746162546833,0,0,0,0,0,0,19.52842,29.4265827733659,21.1125827733659,1.39379360115468
122450.008,1.49616852240797e-08,483.2095,439.6405,0.002074806,0,9.44717062232199,0,0,0,0,0,0,19.57425,29.4265827733659,21.1125827733659,1.39379360115468
122550,1.48316559034356e-08,484.1398,440.0635,0.002060734,0,9.44687967917434,0,0,0,0,0,0,19.61363,29.4265827733659,21.1125827733659,1.39379360115468
122650,1.47030068120557e-08,485.0692,440.4857,0.002046781,0,9.44658872619097,0,0,0,0,0,0,19.64659,29.4265827733659,21.1125827733659,1.39379360115468
122750,1.45757761416121e-08,485.9977,440.9071,0.002032954,0,9.44629778664892,0,0,0,0,0,0,19.67315,29.4265827733659,21.1125827733659,1.39379360115468
122849.992,1.44498875087606e-08,486.9254,441.3277,0.002019242,0,9.44600688382092,0,0,0,0,0,0,19.6933,29.4265827733659,21.1125827733659,1.39379360115468
122950,1.43253986450986e-08,487.8526,441.7477,0.002005658,0,9.44571594788547,0,0,0,0,0,0,19.70714,29.4265827733659,21.1125827733659,1.39379360115468
123050,1.420216122483e-08,488.7791,442.167,0.00199218,0,9.4454250486624,0,0,0,0,0,0,19.71478,29.4265827733659,21.1125827733659,1.39379360115468
123150,1.40802693948672e-08,489.705,442.5856,0.001978823,0,9.44513416287734,0,0,0,0,0,0,19.71635,29.4265827733659,21.1125827733659,1.39379360115468
123250.008,1.39596751935755e-08,490.6304,443.0035,0.001965582,0,9.44484326726021,0,0,0,0,0,0,19.71198,29.4265827733659,21.1125827733659,1.39379360115468
123350,1.38403697391709e-08,491.5549,443.4207,0.001952456,0,9.44455243161793,0,0,0,0,0,0,19.70181,29.4265827733659,21.1125827733659,1.39379360115468
123450,1.37223068463754e-08,492.4789,443.8373,0.001939439,0,9.44426158614192,0,0,0,0,0,0,19.68597,29.4265827733659,21.1125827733659,1.39379360115468
123550,1.36054998378654e-08,493.4021,444.2532,0.001926536,0,9.44397075410061,0,0,0,0,0,0,19.66459,29.4265827733659,21.1125827733659,1.39379360115468
123649.992,1.34899309500724e-08,494.3247,444.6683,0.001913743,0,9.44367995875811,0,0,0,0,0,0,19.6378,29.4265827733659,21.1125827733659,1.39379360115468
123750,1.33755584386108e-08,495.2468,445.0828,0.001901057,0,9.44338913031876,0,0,0,0,0,0,19.60572,29.4265827733659,21.1125827733659,1.39379360115468
123850,1.32624000670489e-08,496.1681,445.4966,0.00188848,0,9.44309833857656,0,0,0,0,0,0,19.5685,29.4265827733659,21.1125827733659,1.39379360115468
123950,1.31504123146442e-08,497.0887,445.9097,0.001876009,0,9.44280756026576,0,0,0,0,0,0,19.52626,29.4265827733659,21.1125827733659,1.39379360115468
124050.008,1.30396031750024e-08,498.0087,446.3222,0.001863643,0,9.44251677212486,0,0,0,0,0,0,19.47913,29.4265827733659,21.1125827733659,1.39379360115468
124150,1.2929967319053e-08,498.9279,446.7339,0.001851385,0,9.44222604393499,0,0,0,0,0,0,19.42725,29.4265827733659,21.1125827733659,1.39379360115468
124250,1.28214585615183e-08,499.8465,447.145,0.001839228,0,9.44193530591338,0,0,0,0,0,0,19.37074,29.4265827733659,21.1125827733659,1.39379360115468
124350,1.27140680206139e-08,500.7644,447.5553,0.001827172,0,9.44164458131985,0,0,0,0,0,0,19.30975,29.4265827733659,21.1125827733659,1.39379360115468
124449.992,1.26078054663026e-08,501.6815,447.965,0.001815219,0,9.44135389340992,0,0,0,0,0,0,19.24439,29.4265827733659,21.1125827733659,1.39379360115468
124550,1.25026300423769e-08,502.5981,448.374,0.001803366,0,9.4410631724137,0,0,0,0,0,0,19.1748,29.4265827733659,21.1125827733659,1.39379360115468
124650,1.23985346434097e-08,503.5139,448.7823,0.001791609,0,9.44077248809944,0,0,0,0,0,0,19.10111,29.4265827733659,21.1125827733659,1.39379360115468
124750,1.22955263748281e-08,504.429,449.1899,0.001779954,0,9.44048181720995,0,0,0,0,0,0,19.02345,29.4265827733659,21.1125827733659,1.39379360115468
124850.008,1.21935483932134e-08,505.3435,449.5969,0.001768391,0,9.44019113649234,0,0,0,0,0,0,18.94195,29.4265827733659,21.1125827733659,1.39379360115468
124950,1.20926353375239e-08,506.2571,450.0031,0.001756926,0,9.43990051570197,0,0,0,0,0,0,18.85675,29.4265827733659,21.1125827733659,1.39379360115468
125050,1.19927738850834e-08,507.17,450.4087,0.00174556,0,9.43960988508183,0,0,0,0,0,0,18.76797,29.4265827733659,21.1125827733659,1.39379360115468
125150,1.18939027515808e-08,508.0822,450.8136,0.001734283,0,9.43931926788315,0,0,0,0,0,0,18.67575,29.4265827733659,21.1125827733659,1.39379360115468
125249.992,1.17960867740408e-08,508.9937,451.2178,0.001723106,0,9.43902868735288,0,0,0,0,0,0,18.58023,29.4265827733659,21.1125827733659,1.39379360115468
125350,1.16992140419825e-08,509.9045,451.6213,0.001712013,0,9.43873807374688,0,0,0,0,0,0,18.4815,29.4265827733659,21.1125827733659,1.39379360115468
125450,1.16033707087126e-08,510.8145,452.0241,0.001701018,0,9.43844749680764,0,0,0,0,0,0,18.37974,29.4265827733659,21.1125827733659,1.39379360115468
125550,1.15084954899203e-08,511.7238,452.4263,0.001690113,0,9.43815693328656,0,0,0,0,0,0,18.27505,29.4265827733659,21.1125827733659,1.39379360115468
125650.008,1.14145581875391e-08,512.6324,452.8277,0.001679294,0,9.43786635993933,0,0,0,0,0,0,18.16757,29.4265827733659,21.1125827733659,1.39379360115468
125750,1.13215925523491e-08,513.54,453.2285,0.001668566,0,9.43757584649556,0,0,0,0,0,0,18.05745,29.4265827733659,21.1125827733659,1.39379360115468
125850,1.1229562169035e-08,514.4471,453.6285,0.001657926,0,9.437285323224,0,0,0,0,0,0,17.94479,29.4265827733659,21.1125827733659,1.39379360115468
125950,1.11384386158875e-08,515.3533,454.0279,0.001647369,0,9.43699481336729,0,0,0,0,0,0,17.82974,29.4265827733659,21.1125827733659,1.39379360115468
126049.992,1.10482538673295e-08,516.2587,454.4265,0.001636902,0,9.43670434016379,0,0,0,0,0,0,17.71243,29.4265827733659,21.1125827733659,1.39379360115468
126150,1.09589697316892e-08,517.1636,454.8246,0.001626519,0,9.43641383389513,0,0,0,0,0,0,17.59297,29.4265827733659,21.1125827733659,1.39379360115468
126250,1.08705640045059e-08,518.0675,455.2219,0.001616218,0,9.43612336427803,0,0,0,0,0,0,17.47152,29.4265827733659,21.1125827733659,1.39379360115468
126350,1.07830651074892e-08,518.9706,455.6186,0.001606004,0,9.43583290807248,0,0,0,0,0,0,17.3482,29.4265827733659,21.1125827733659,1.39379360115468
126450.008,1.06964179735769e-08,519.8731,456.0145,0.001595869,0,9.43554244204277,0,0,0,0,0,0,17.22313,29.4265827733659,21.1125827733659,1.39379360115468
126550,1.06106394781591e-08,520.7747,456.4098,0.001585816,0,9.43525203589274,0,0,0,0,0,0,17.09647,29.4265827733659,21.1125827733659,1.39379360115468
126650,1.05257162985595e-08,521.6754,456.8043,0.001575845,0,9.43496161991689,0,0,0,0,0,0,16.96832,29.4265827733659,21.1125827733659,1.39379360115468
126750,1.04416582047406e-08,522.5754,457.1982,0.001565957,0,9.43467121734929,0,0,0,0,0,0,16.83883,29.4265827733659,21.1125827733659,1.39379360115468
126849.992,1.03583799315743e-08,523.4745,457.5913,0.001556141,0,9.43438085141971,0,0,0,0,0,0,16.70814,29.4265827733659,21.1125827733659,1.39379360115468
126950,1.02759845077571e-08,524.373,457.9839,0.001546412,0,9.43409045243554,0,0,0,0,0,0,16.57634,29.4265827733659,21.1125827733659,1.39379360115468
127050,1.01943493646672e-08,525.2706,458.3757,0.001536753,0,9.43380009008774,0,0,0,0,0,0,16.44357,29.4265827733659,21.1125827733659,1.39379360115468
127150,1.01135446683998e-08,526.1674,458.7668,0.001527175,0,9.43350974114488,0,0,0,0,0,0,16.30987,29.4265827733659,21.1125827733659,1.39379360115468
127250.008,1.00335375563532e-08,527.0634,459.1572,0.001517674,0,9.43321938237984,0,0,0,0,0,0,16.17527,29.4265827733659,21.1125827733659,1.39379360115468
127350,9.95428539596332e-09,527.9585,459.547,0.001508243,0,9.43292908347072,0,0,0,0,0,0,16.03983,29.4265827733659,21.1125827733659,1.39379360115468
127450,9.87583526068647e-09,528.8528,459.936,0.001498891,0,9.43263877473776,0,0,0,0,0,0,15.90357,29.4265827733659,21.1125827733659,1.39379360115468
127550,9.79813918888794e-09,529.7463,460.3244,0.001489612,0,9.43234847940644,0,0,0,0,0,0,15.76653,29.4265827733659,21.1125827733659,1.39379360115468
127649.992,9.72121139142246e-09,530.6388,460.712,0.001480406,0,9.43205822069797,0,0,0,0,0,0,15.62877,29.4265827733659,21.1125827733659,1.39379360115468
127750,9.64501900568848e-09,531.5306,461.099,0.001471272,0,9.43176792894546,0,0,0,0,0,0,15.49027,29.4265827733659,21.1125827733659,1.39379360115468
127850,9.56957446618389e-09,532.4216,461.4853,0.00146221,0,9.43147767381414,0,0,0,0,0,0,15.35112,29.4265827733659,21.1125827733659,1.39379360115468
127950,9.4948555684482e-09,533.3117,461.8708,0.001453219,0,9.43118743208117,0,0,0,0,0,0,15.21134,29.4265827733659,21.1125827733659,1.39379360115468
128050.008,9.4208845169419e-09,534.201,462.2558,0.001444302,0,9.430897180528,0,0,0,0,0,0,15.07096,29.4265827733659,21.1125827733659,1.39379360115468
128150,9.34760446824612e-09,535.0893,462.64,0.00143545,0,9.43060698880699,0,0,0,0,0,0,14.93005,29.4265827733659,21.1125827733659,1.39379360115468
128250,9.27504117953504e-09,535.9767,463.0234,0.001426669,0,9.43031678726411,0,0,0,0,0,0,14.78861,29.4265827733659,21.1125827733659,1.39379360115468
128349.992,9.2031875453813e-09,536.8633,463.4062,0.001417959,0,9.43002662233081,0,0,0,0,0,0,14.64671,29.4265827733659,21.1125827733659,1.39379360115468
128449.984,9.13199826868549e-09,537.749,463.7883,0.001409311,0,9.42973647078959,0,0,0,0,0,0,14.50437,29.4265827733659,21.1125827733659,1.39379360115468
128550.008,9.06149999480022e-09,538.634,464.1698,0.001400733,0,9.42944623979014,0,0,0,0,0,0,14.36158,29.4265827733659,21.1125827733659,1.39379360115468
128650,8.99169183554704e-09,539.5179,464.5505,0.001392223,0,9.4291561150349,0,0,0,0,0,0,14.21847,29.4265827733659,21.1125827733659,1.39379360115468
128750,8.92252760564816e-09,540.401,464.9305,0.001383775,0,9.42886598045904,0,0,0,0,0,0,14.07503,29.4265827733659,21.1125827733659,1.39379360115468
128850.008,8.8540499376677e-09,541.2833,465.3099,0.001375397,0,9.42857583606495,0,0,0,0,0,0,13.93128,29.4265827733659,21.1125827733659,1.39379360115468
128950,8.78622330446888e-09,542.1644,465.6885,0.001367083,0,9.42828575147929,0,0,0,0,0,0,13.78731,29.4265827733659,21.1125827733659,1.39379360115468
129050.008,8.71901661980701e-09,543.0449,466.0665,0.001358829,0,9.42799563386673,0,0,0,0,0,0,13.6431,29.4265827733659,21.1125827733659,1.39379360115468
129150,8.65246274628362e-09,543.9243,466.4437,0.00135064,0,9.42770557605666,0,0,0,0,0,0,13.49874,29.4265827733659,21.1125827733659,1.39379360115468
129249.984,8.58653770308138e-09,544.8027,466.8202,0.001342514,0,9.42741555483696,0,0,0,0,0,0,13.35426,29.4265827733659,21.1125827733659,1.39379360115468
129349.992,8.5212601419471e-09,545.6804,467.196,0.001334454,0,9.42712547738838,0,0,0,0,0,0,13.20964,29.4265827733659,21.1125827733659,1.39379360115468
129450,8.45654923864458e-09,546.5571,467.5712,0.001326448,0,9.42683541332792,0,0,0,0,0,0,13.06496,29.4265827733659,21.1125827733659,1.39379360115468
129550.008,8.39247693562584e-09,547.4329,467.9457,0.001318508,0,9.42654536265476,0,0,0,0,0,0,12.92025,29.4265827733659,21.1125827733659,1.39379360115468
129650.016,8.32900592939723e-09,548.3078,468.3195,0.001310627,0,9.42625532536809,0,0,0,0,0,0,12.77556,29.4265827733659,21.1125827733659,1.39379360115468
129750,8.26613089088823e-09,549.1816,468.6925,0.001302806,0,9.42596537106563,0,0,0,0,0,0,12.63095,29.4265827733659,21.1125827733659,1.39379360115468
129849.992,8.20384205013625e-09,550.0544,469.0648,0.001295044,0,9.42567540694314,0,0,0,0,0,0,12.48643,29.4265827733659,21.1125827733659,1.39379360115468
129950,8.14215095346071e-09,550.9265,469.4365,0.001287343,0,9.42538540980561,0,0,0,0,0,0,12.342,29.4265827733659,21.1125827733659,1.39379360115468
130049.992,8.08101940918959e-09,551.7974,469.8074,0.001279698,0,9.42509547244389,0,0,0,0,0,0,12.19776,29.4265827733659,21.1125827733659,1.39379360115468
130150,8.02044031189553e-09,552.6675,470.1776,0.001272107,0,9.42480550206977,0,0,0,0,0,0,12.0537,29.4265827733659,21.1125827733659,1.39379360115468
130250,7.96045540596424e-09,553.5367,470.5472,0.001264579,0,9.42451556827136,0,0,0,0,0,0,11.9099,29.4265827733659,21.1125827733659,1.39379360115468
130349.992,7.90099985437109e-09,554.4047,470.916,0.001257102,0,9.42422567104462,0,0,0,0,0,0,11.76638,29.4265827733659,21.1125827733659,1.39379360115468
130450.016,7.84210740789604e-09,555.2721,471.2842,0.001249684,0,9.42393569442538,0,0,0,0,0,0,11.62313,29.4265827733659,21.1125827733659,1.39379360115468
130550.008,7.78376385568436e-09,556.1382,471.6516,0.001242321,0,9.42364582395333,0,0,0,0,0,0,11.48029,29.4265827733659,21.1125827733659,1.39379360115468
130650,7.72596120413027e-09,557.0033,472.0184,0.001235014,0,9.42335596685524,0,0,0,0,0,0,11.33783,29.4265827733659,21.1125827733659,1.39379360115468
130750,7.66869234780643e-09,557.8675,472.3844,0.001227761,0,9.42306609994147,0,0,0,0,0,0,11.19579,29.4265827733659,21.1125827733659,1.39379360115468
130849.992,7.61195373399914e-09,558.7306,472.7497,0.001220563,0,9.42277626958992,0,0,0,0,0,0,11.05423,29.4265827733659,21.1125827733659,1.39379360115468
130950,7.55573470456739e-09,559.5929,473.1143,0.001213418,0,9.4224864062365,0,0,0,0,0,0,10.91315,29.4265827733659,21.1125827733659,1.39379360115468
131050,7.50002193683486e-09,560.454,473.4782,0.001206324,0,9.42219657944365,0,0,0,0,0,0,10.77262,29.4265827733659,21.1125827733659,1.39379360115468
131150,7.44480610492815e-09,561.3143,473.8414,0.001199281,0,9.42190676602279,0,0,0,0,0,0,10.63268,29.4265827733659,21.1125827733659,1.39379360115468
131250,7.39011429828906e-09,562.1734,474.2039,0.001192293,0,9.4216169659731,0,0,0,0,0,0,10.49335,29.4265827733659,21.1125827733659,1.39379360115468
131350,7.33590876933476e-09,563.0316,474.5657,0.001185354,0,9.42132717929376,0,0,0,0,0,0,10.35468,29.4265827733659,21.1125827733659,1.39379360115468
131450,7.28221527523942e-09,563.8887,474.9268,0.00117847,0,9.42103740598395,0,0,0,0,0,0,10.2167,29.4265827733659,21.1125827733659,1.39379360115468
131550,7.22899917704467e-09,564.7448,475.2872,0.001171634,0,9.42074764604283,0,0,0,0,0,0,10.07944,29.4265827733659,21.1125827733659,1.39379360115468
131650,7.17627024471312e-09,565.5999,475.6469,0.001164849,0,9.4204578994696,0,0,0,0,0,0,9.942943,29.4265827733659,21.1125827733659,1.39379360115468
131750,7.12402314917426e-09,566.4539,476.0059,0.001158114,0,9.42016816626342,0,0,0,0,0,0,9.807228,29.4265827733659,21.1125827733659,1.39379360115468
131850,7.07223923868128e-09,567.3069,476.3641,0.001151428,0,9.41987844642348,0,0,0,0,0,0,9.672325,29.4265827733659,21.1125827733659,1.39379360115468
131950,7.02092739501836e-09,568.1589,476.7217,0.00114479,0,9.41958873994895,0,0,0,0,0,0,9.538263,29.4265827733659,21.1125827733659,1.39379360115468
132050,6.9700689664387e-09,569.0099,477.0786,0.001138199,0,9.41929904683902,0,0,0,0,0,0,9.405072,29.4265827733659,21.1125827733659,1.39379360115468
132150,6.91968571331358e-09,569.8599,477.4348,0.00113166,0,9.41900936709285,0,0,0,0,0,0,9.272779,29.4265827733659,21.1125827733659,1.39379360115468
132250,6.86973455898965e-09,570.7087,477.7902,0.001125165,0,9.41871970070963,0,0,0,0,0,0,9.141411,29.4265827733659,21.1125827733659,1.39379360115468
132350,6.82023548748134e-09,571.5566,478.145,0.001118717,0,9.41843004768854,0,0,0,0,0,0,9.010999,29.4265827733659,21.1125827733659,1.39379360115468
132450,6.77119782466207e-09,572.4036,478.4991,0.001112319,0,9.41814040802875,0,0,0,0,0,0,8.881571,29.4265827733659,21.1125827733659,1.39379360115468
132550,6.72257760570005e-09,573.2494,478.8525,0.001105964,0,9.41785078172944,0,0,0,0,0,0,8.753155,29.4265827733659,21.1125827733659,1.39379360115468
132650,6.67440946955367e-09,574.0942,479.2053,0.001099658,0,9.41756116878979,0,0,0,0,0,0,8.625779,29.4265827733659,21.1125827733659,1.39379360115468
132750,6.62664945139113e-09,574.9381,479.5573,0.001093394,0,9.41727156920899,0,0,0,0,0,0,8.499474,29.4265827733659,21.1125827733659,1.39379360115468
132850,6.57930865344269e-09,575.7809,479.9087,0.001087174,0,9.41698198298619,0,0,0,0,0,0,8.374266,29.4265827733659,21.1125827733659,1.39379360115468
132950,6.53240617154438e-09,576.6227,480.2594,0.001081002,0,9.4166924101206,0,0,0,0,0,0,8.250185,29.4265827733659,21.1125827733659,1.39379360115468
133050,6.48590026131046e-09,577.4634,480.6094,0.001074871,0,9.41640285061137,0,0,0,0,0,0,8.127258,29.4265827733659,21.1125827733659,1.39379360115468
133150,6.43982334125326e-09,578.3032,480.9587,0.001068787,0,9.4161133044577,0,0,0,0,0,0,8.005516,29.4265827733659,21.1125827733659,1.39379360115468
133250,6.39413677561151e-09,579.1419,481.3073,0.001062743,0,9.41582377165876,0,0,0,0,0,0,7.884986,29.4265827733659,21.1125827733659,1.39379360115468
133350,6.34886943018387e-09,579.9797,481.6553,0.001056746,0,9.41553425221373,0,0,0,0,0,0,7.765697,29.4265827733659,21.1125827733659,1.39379360115468
133450,6.30397201106803e-09,580.8163,482.0026,0.001050787,0,9.41524474612179,0,0,0,0,0,0,7.647677,29.4265827733659,21.1125827733659,1.39379360115468
133550,6.2594991412368e-09,581.652,482.3493,0.001044875,0,9.41495525338212,0,0,0,0,0,0,7.530954,29.4265827733659,21.1125827733659,1.39379360115468
133650,6.21539930634185e-09,582.4867,482.6953,0.001039003,0,9.41466577399389,0,0,0,0,0,0,7.415559,29.4265827733659,21.1125827733659,1.39379360115468
133750,6.17168138816737e-09,583.3204,483.0405,0.001033171,0,9.41437630795629,0,0,0,0,0,0,7.301518,29.4265827733659,21.1125827733659,1.39379360115468
133850,6.12835204805151e-09,584.153,483.3852,0.001027382,0,9.4140868552685,0,0,0,0,0,0,7.188861,29.4265827733659,21.1125827733659,1.39379360115468
133950,6.08538330837405e-09,584.9847,483.7291,0.001021631,0,9.41379741592968,0,0,0,0,0,0,7.077616,29.4265827733659,21.1125827733659,1.39379360115468
134050,6.04280891991493e-09,585.8153,484.0724,0.001015924,0,9.41350798993903,0,0,0,0,0,0,6.967812,29.4265827733659,21.1125827733659,1.39379360115468
134150,6.00060090505394e-09,586.6449,484.415,0.001010256,0,9.41321857729573,0,0,0,0,0,0,6.859476,29.4265827733659,21.1125827733659,1.39379360115468
134250,5.95875482289898e-09,587.4735,484.757,0.001004628,0,9.41292917799894,0,0,0,0,0,0,6.752639,29.4265827733659,21.1125827733659,1.39379360115468
134350,5.91726667664716e-09,588.3011,485.0984,0.0009990389,0,9.41263979204786,0,0,0,0,0,0,6.647328,29.4265827733659,21.1125827733659,1.39379360115468
134450,5.87613513403085e-09,589.1277,485.4391,0.0009934884,0,9.41235041944165,0,0,0,0,0,0,6.543571,29.4265827733659,21.1125827733659,1.39379360115468
134550,5.83536641229898e-09,589.9533,485.7791,0.000987978,0,9.41206106017951,0,0,0,0,0,0,6.441399,29.4265827733659,21.1125827733659,1.39379360115468
134650,5.7949351983666e-09,590.7779,486.1185,0.0009825041,0,9.4117717142606,0,0,0,0,0,0,6.340838,29.4265827733659,21.1125827733659,1.39379360115468
134750,5.75485969989131e-09,591.6014,486.4572,0.0009770696,0,9.41148238168411,0,0,0,0,0,0,6.241918,29.4265827733659,21.1125827733659,1.39379360115468
134850,5.7151257060184e-09,592.424,486.7952,0.0009716726,0,9.41119306244922,0,0,0,0,0,0,6.144667,29.4265827733659,21.1125827733659,1.39379360115468
134950,5.67574076626443e-09,593.2455,487.1326,0.0009663146,0,9.41090375655511,0,0,0,0,0,0,6.049114,29.4265827733659,21.1125827733659,1.39379360115468
135050,5.6366689094034e-09,594.0661,487.4694,0.0009609899,0,9.41061446400096,0,0,0,0,0,0,5.955287,29.4265827733659,21.1125827733659,1.39379360115468
135150,5.59793900123395e-09,594.8857,487.8055,0.0009557034,0,9.41032518478595,0,0,0,0,0,0,5.863214,29.4265827733659,21.1125827733659,1.39379360115468
135250,5.55953860725822e-09,595.7042,488.1411,0.0009504537,0,9.41003591890925,0,0,0,0,0,0,5.772925,29.4265827733659,21.1125827733659,1.39379360115468
135350,5.52146328658409e-09,596.5217,488.4759,0.0009452398,0,9.40974666637005,0,0,0,0,0,0,5.684449,29.4265827733659,21.1125827733659,1.39379360115468
135450,5.48372014463894e-09,597.3383,488.8101,0.0009400634,0,9.40945742716753,0,0,0,0,0,0,5.597813,29.4265827733659,21.1125827733659,1.39379360115468
135550,5.44629630283566e-09,598.1538,489.1437,0.0009349227,0,9.40916820130087,0,0,0,0,0,0,5.513044,29.4265827733659,21.1125827733659,1.39379360115468
135650,5.40916644808931e-09,598.9684,489.4766,0.0009298134,0,9.40887898876924,0,0,0,0,0,0,5.430175,29.4265827733659,21.1125827733659,1.39379360115468
135750,5.37236122255536e-09,599.7819,489.8089,0.000924741,0,9.40858978957183,0,0,0,0,0,0,5.349231,29.4265827733659,21.1125827733659,1.39379360115468
135850,5.3358761853417e-09,600.5944,490.1406,0.0009197051,0,9.40830060370783,0,0,0,0,0,0,5.270243,29.4265827733659,21.1125827733659,1.39379360115468
135950,5.2996864674526e-09,601.406,490.4716,0.0009147016,0,9.4080114311764,0,0,0,0,0,0,5.193236,29.4265827733659,21.1125827733659,1.39379360115468
136050,5.26380139476146e-09,602.2165,490.802,0.0009097325,0,9.40772227197673,0,0,0,0,0,0,5.118242,29.4265827733659,21.1125827733659,1.39379360115468
136150,5.22821697046538e-09,603.0261,491.1318,0.0009047971,0,9.407433126108,0,0,0,0,0,0,5.045288,29.4265827733659,21.1125827733659,1.39379360115468
136250,5.19293053002912e-09,603.8346,491.4609,0.0008998953,0,9.40714399356939,0,0,0,0,0,0,4.974403,29.4265827733659,21.1125827733659,1.39379360115468
136350,5.15794029709582e-09,604.6422,491.7894,0.0008950272,0,9.40685487436009,0,0,0,0,0,0,4.905606,29.4265827733659,21.1125827733659,1.39379360115468
136450,5.12324138668419e-09,605.4487,492.1173,0.000890192,0,9.40656576847926,0,0,0,0,0,0,4.838889,29.4265827733659,21.1125827733659,1.39379360115468
136550,5.08882314065318e-09,606.2543,492.4446,0.000885388,0,9.4062766759261,0,0,0,0,0,0,4.774238,29.4265827733659,21.1125827733659,1.39379360115468
136650,5.05469133216252e-09,607.0589,492.7713,0.0008806169,0,9.40598759669978,0,0,0,0,0,0,4.711638,29.4265827733659,21.1125827733659,1.39379360115468
136750,5.02085306663957e-09,607.8625,493.0974,0.0008758797,0,9.40569853079949,0,0,0,0,0,0,4.65108,29.4265827733659,21.1125827733659,1.39379360115468
136850,4.98728569553464e-09,608.6653,493.4229,0.0008711728,0,9.4054094782244,0,0,0,0,0,0,4.592549,29.4265827733659,21.1125827733659,1.39379360115468
136950,4.9539976565427e-09,609.467,493.7477,0.0008664979,0,9.40512043897369,0,0,0,0,0,0,4.536031,29.4265827733659,21.1125827733659,1.39379360115468
137050,4.92097607107667e-09,610.2678,494.072,0.0008618531,0,9.40483141304656,0,0,0,0,0,0,4.481514,29.4265827733659,21.1125827733659,1.39379360115468
137150,4.88823648225889e-09,611.0677,494.3957,0.0008572413,0,9.40454240044217,0,0,0,0,0,0,4.428984,29.4265827733659,21.1125827733659,1.39379360115468
137250,4.85575846198572e-09,611.8667,494.7188,0.0008526591,0,9.40425340115972,0,0,0,0,0,0,4.378428,29.4265827733659,21.1125827733659,1.39379360115468
137350,4.82354822750608e-09,612.6648,495.0413,0.0008481078,0,9.40396441519837,0,0,0,0,0,0,4.329835,29.4265827733659,21.1125827733659,1.39379360115468
137450,4.79159378841132e-09,613.462,495.3633,0.0008435856,0,9.40367544255732,0,0,0,0,0,0,4.28319,29.4265827733659,21.1125827733659,1.39379360115468
137550,4.75991202009141e-09,614.2582,495.6847,0.0008390956,0,9.40338648323574,0,0,0,0,0,0,4.238479,29.4265827733659,21.1125827733659,1.39379360115468
137650,4.72848160626427e-09,615.0536,496.0055,0.0008346344,0,9.40309753723281,0,0,0,0,0,0,4.195691,29.4265827733659,21.1125827733659,1.39379360115468
137750,4.69730876417884e-09,615.8482,496.3258,0.0008302032,0,9.40280860454773,0,0,0,0,0,0,4.154811,29.4265827733659,21.1125827733659,1.39379360115468
137850,4.66639171747829e-09,616.6418,496.6455,0.0008258015,0,9.40251968517966,0,0,0,0,0,0,4.115828,29.4265827733659,21.1125827733659,1.39379360115468
137950,4.63571758757553e-09,617.4347,496.9647,0.000821428,0,9.40223077912779,0,0,0,0,0,0,4.078727,29.4265827733659,21.1125827733659,1.39379360115468
138050,4.60529570034396e-09,618.2266,497.2833,0.0008170841,0,9.4019418863913,0,0,0,0,0,0,4.043497,29.4265827733659,21.1125827733659,1.39379360115468
138150,4.57511228901808e-09,619.0178,497.6013,0.0008127676,0,9.40165300696937,0,0,0,0,0,0,4.010122,29.4265827733659,21.1125827733659,1.39379360115468
138250,4.54518422898786e-09,619.8081,497.9189,0.000808482,0,9.40136414086119,0,0,0,0,0,0,3.978591,29.4265827733659,21.1125827733659,1.39379360115468
138350,4.51548176627625e-09,620.5976,498.2359,0.0008042216,0,9.40107528806594,0,0,0,0,0,0,3.94889,29.4265827733659,21.1125827733659,1.39379360115468
138450,4.486029769879e-09,621.3862,498.5524,0.0007999914,0,9.40078644858279,0,0,0,0,0,0,3.921007,29.4265827733659,21.1125827733659,1.39379360115468
138550,4.45680825578165e-09,622.1741,498.8684,0.0007957881,0,9.40049762241094,0,0,0,0,0,0,3.894928,29.4265827733659,21.1125827733659,1.39379360115468
138650,4.42782344123316e-09,622.9612,499.1838,0.0007916128,0,9.40020880954956,0,0,0,0,0,0,3.870639,29.4265827733659,21.1125827733659,1.39379360115468
138750,4.39905623039749e-09,623.7475,499.4987,0.0007874625,0,9.39992000999784,0,0,0,0,0,0,3.848129,29.4265827733659,21.1125827733659,1.39379360115468
138850,4.37053016000277e-09,624.533,499.8132,0.0007833413,0,9.39963122375495,0,0,0,0,0,0,3.827384,29.4265827733659,21.1125827733659,1.39379360115468
138950,4.34222657830219e-09,625.3177,500.1271,0.0007792463,0,9.39934245082008,0,0,0,0,0,0,3.80839,29.4265827733659,21.1125827733659,1.39379360115468
139050,4.31415081436626e-09,626.1017,500.4405,0.0007751787,0,9.39905369119241,0,0,0,0,0,0,3.791136,29.4265827733659,21.1125827733659,1.39379360115468
139150,4.28629309823236e-09,626.885,500.7534,0.0007711365,0,9.39876494487113,0,0,0,0,0,0,3.775605,29.4265827733659,21.1125827733659,1.39379360115468
139250,4.25865120945446e-09,627.6675,501.0659,0.0007671199,0,9.39847621185541,0,0,0,0,0,0,3.761789,29.4265827733659,21.1125827733659,1.39379360115468
139350,4.23123935888725e-09,628.4493,501.3778,0.0007631315,0,9.39818749214445,0,0,0,0,0,0,3.749671,29.4265827733659,21.1125827733659,1.39379360115468
139450,4.20403933887314e-09,629.2303,501.6893,0.0007591682,0,9.39789878573741,0,0,0,0,0,0,3.739239,29.4265827733659,21.1125827733659,1.39379360115468
139550,4.17704892896609e-09,630.0107,502.0003,0.0007552296,0,9.39761009263349,0,0,0,0,0,0,3.730482,29.4265827733659,21.1125827733659,1.39379360115468
139650,4.15026768507687e-09,630.7903,502.3108,0.000751316,0,9.39732141283187,0,0,0,0,0,0,3.723383,29.4265827733659,21.1125827733659,1.39379360115468
139750,4.12369960400838e-09,631.5692,502.6208,0.0007474282,0,9.39703274633173,0,0,0,0,0,0,3.717932,29.4265827733659,21.1125827733659,1.39379360115468
139850,4.0973437975822e-09,632.3475,502.9304,0.0007435664,0,9.39674409313225,0,0,0,0,0,0,3.714115,29.4265827733659,21.1125827733659,1.39379360115468
139950,4.07118960765729e-09,633.1251,503.2395,0.0007397284,0,9.39645545323261,0,0,0,0,0,0,3.711919,29.4265827733659,21.1125827733659,1.39379360115468
140050,4.04523659014444e-09,633.902,503.5482,0.0007359149,0,9.39616682663201,0,0,0,0,0,0,3.711329,29.4265827733659,21.1125827733659,1.39379360115468
140150,4.0194820805084e-09,634.6782,503.8564,0.0007321248,0,9.39587821332961,0,0,0,0,0,0,3.712335,29.4265827733659,21.1125827733659,1.39379360115468
140250,3.99394695094202e-09,635.4538,504.1642,0.0007283628,0,9.39558961332461,0,0,0,0,0,0,3.714922,29.4265827733659,21.1125827733659,1.39379360115468
140350,3.96858457207827e-09,636.2287,504.4715,0.0007246201,0,9.39530102661619,0,0,0,0,0,0,3.719077,29.4265827733659,21.1125827733659,1.39379360115468
140450,3.94343802057051e-09,637.0031,504.7784,0.0007209051,0,9.39501245320353,0,0,0,0,0,0,3.724787,29.4265827733659,21.1125827733659,1.39379360115468
140550,3.91847532199563e-09,637.7767,505.0848,0.0007172116,0,9.39472389308581,0,0,0,0,0,0,3.732041,29.4265827733659,21.1125827733659,1.39379360115468
140650,3.89370224951335e-09,638.5498,505.3909,0.0007135412,0,9.39443534626222,0,0,0,0,0,0,3.740822,29.4265827733659,21.1125827733659,1.39379360115468
140750,3.86912457628341e-09,639.3223,505.6964,0.0007098948,0,9.39414681273195,0,0,0,0,0,0,3.75112,29.4265827733659,21.1125827733659,1.39379360115468
140850,3.84473386461082e-09,640.0941,506.0016,0.0007062714,0,9.39385829249416,0,0,0,0,0,0,3.76292,29.4265827733659,21.1125827733659,1.39379360115468
140950,3.82052744996031e-09,640.8654,506.3064,0.0007026704,0,9.39356978554806,0,0,0,0,0,0,3.776211,29.4265827733659,21.1125827733659,1.39379360115468
141050,3.79651154958083e-09,641.636,506.6107,0.0006990931,0,9.39328129189281,0,0,0,0,0,0,3.790977,29.4265827733659,21.1125827733659,1.39379360115468
141150,3.77268349893711e-09,642.4062,506.9147,0.0006955392,0,9.39299281152761,0,0,0,0,0,0,3.807209,29.4265827733659,21.1125827733659,1.39379360115468
141250,3.74902864308524e-09,643.1757,507.2182,0.000692006,0,9.39270434445164,0,0,0,0,0,0,3.824889,29.4265827733659,21.1125827733659,1.39379360115468
141350,3.72555897243387e-09,643.9447,507.5213,0.0006884963,0,9.39241589066408,0,0,0,0,0,0,3.844008,29.4265827733659,21.1125827733659,1.39379360115468
141450,3.70226560519882e-09,644.7131,507.824,0.000685008,0,9.39212745016412,0,0,0,0,0,0,3.864551,29.4265827733659,21.1125827733659,1.39379360115468
141550,3.67914720911244e-09,645.4811,508.1264,0.0006815414,0,9.39183902295094,0,0,0,0,0,0,3.886504,29.4265827733659,21.1125827733659,1.39379360115468
141650,3.65620311804093e-09,646.2484,508.4283,0.0006780963,0,9.39155060902373,0,0,0,0,0,0,3.909854,29.4265827733659,21.1125827733659,1.39379360115468
141750,3.63344376808072e-09,647.0153,508.7299,0.0006746748,0,9.39126220838166,0,0,0,0,0,0,3.934589,29.4265827733659,21.1125827733659,1.39379360115468
141850,3.61084206979001e-09,647.7815,509.031,0.000671272,0,9.39097382102392,0,0,0,0,0,0,3.960693,29.4265827733659,21.1125827733659,1.39379360115468
141950,3.58841556469258e-09,648.5472,509.3318,0.0006678915,0,9.3906854469497,0,0,0,0,0,0,3.988153,29.4265827733659,21.1125827733659,1.39379360115468
142050,3.56616425278844e-09,649.3124,509.6322,0.0006645331,0,9.39039708615818,0,0,0,0,0,0,4.016954,29.4265827733659,21.1125827733659,1.39379360115468
142150,3.54407236891063e-09,650.077,509.9321,0.000661194,0,9.39010873864855,0,0,0,0,0,0,4.047085,29.4265827733659,21.1125827733659,1.39379360115468
142250,3.52215923093979e-09,650.8409,510.2317,0.000657878,0,9.38982040441999,0,0,0,0,0,0,4.078531,29.4265827733659,21.1125827733659,1.39379360115468
142350,3.50039552898807e-09,651.6044,510.5309,0.0006545798,0,9.38953208347168,0,0,0,0,0,0,4.111278,29.4265827733659,21.1125827733659,1.39379360115468
142450,3.4788014691145e-09,652.3672,510.8296,0.0006513033,0,9.3892437758028,0,0,0,0,0,0,4.145311,29.4265827733659,21.1125827733659,1.39379360115468
142550,3.45736750340109e-09,653.1295,511.128,0.0006480468,0,9.38895548141255,0,0,0,0,0,0,4.180618,29.4265827733659,21.1125827733659,1.39379360115468
142650,3.43610007114137e-09,653.8911,511.4259,0.0006448115,0,9.38866720030011,0,0,0,0,0,0,4.217184,29.4265827733659,21.1125827733659,1.39379360115468
142750,3.414983629213e-09,654.6522,511.7234,0.0006415948,0,9.38837893246466,0,0,0,0,0,0,4.254995,29.4265827733659,21.1125827733659,1.39379360115468
142850,3.39403127824767e-09,655.4127,512.0206,0.000638399,0,9.38809067790539,0,0,0,0,0,0,4.29404,29.4265827733659,21.1125827733659,1.39379360115468
142950,3.37322769716764e-09,656.1725,512.3173,0.0006352216,0,9.38780243662148,0,0,0,0,0,0,4.334302,29.4265827733659,21.1125827733659,1.39379360115468
143050,3.35259131567511e-09,656.9318,512.6136,0.0006320659,0,9.38751420861211,0,0,0,0,0,0,4.375768,29.4265827733659,21.1125827733659,1.39379360115468
143150,3.3320952663729e-09,657.6904,512.9095,0.0006289272,0,9.38722599387647,0,0,0,0,0,0,4.418425,29.4265827733659,21.1125827733659,1.39379360115468
143250,3.31176330803373e-09,658.4484,513.205,0.0006258101,0,9.38693779241375,0,0,0,0,0,0,4.462259,29.4265827733659,21.1125827733659,1.39379360115468
143350,3.29157545664316e-09,659.2058,513.5001,0.0006227107,0,9.38664960422314,0,0,0,0,0,0,4.507257,29.4265827733659,21.1125827733659,1.39379360115468
143450,3.2715372633163e-09,659.9625,513.7947,0.0006196303,0,9.3863614293038,0,0,0,0,0,0,4.553404,29.4265827733659,21.1125827733659,1.39379360115468
143550,3.25164695169633e-09,660.7186,514.0889,0.0006165687,0,9.38607326765494,0,0,0,0,0,0,4.600685,29.4265827733659,21.1125827733659,1.39379360115468
143650,3.2319027454264e-09,661.4741,514.3828,0.0006135257,0,9.38578511927574,0,0,0,0,0,0,4.64909,29.4265827733659,21.1125827733659,1.39379360115468
143750,3.21230486655111e-09,662.2289,514.6761,0.000610501,0,9.38549698416538,0,0,0,0,0,0,4.698601,29.4265827733659,21.1125827733659,1.39379360115468
143850,3.19285731187335e-09,662.9831,514.9692,0.0006074961,0,9.38520886232304,0,0,0,0,0,0,4.749207,29.4265827733659,21.1125827733659,1.39379360115468
143950,3.17354653667223e-09,663.7366,515.2617,0.0006045082,0,9.38492075374792,0,0,0,0,0,0,4.800894,29.4265827733659,21.1125827733659,1.39379360115468
144050,3.1543840872672e-09,664.4895,515.5539,0.0006015396,0,9.38463265843919,0,0,0,0,0,0,4.853647,29.4265827733659,21.1125827733659,1.39379360115468
144150,3.13535619689276e-09,665.2417,515.8456,0.0005985878,0,9.38434457639605,0,0,0,0,0,0,4.907453,29.4265827733659,21.1125827733659,1.39379360115468
144250,3.11647441186835e-09,665.9932,516.1369,0.0005956552,0,9.38405650761768,0,0,0,0,0,0,4.962298,29.4265827733659,21.1125827733659,1.39379360115468
144350,3.09771941431336e-09,666.744,516.4277,0.0005927379,0,9.38376845210326,0,0,0,0,0,0,5.018169,29.4265827733659,21.1125827733659,1.39379360115468
144450,3.07911363073288e-09,667.4942,516.7182,0.0005898407,0,9.38348040985198,0,0,0,0,0,0,5.075051,29.4265827733659,21.1125827733659,1.39379360115468
144550,3.06064373845061e-09,668.2437,517.0082,0.0005869609,0,9.38319238086303,0,0,0,0,0,0,5.132931,29.4265827733659,21.1125827733659,1.39379360115468
144650,3.04229752501328e-09,668.9925,517.2978,0.0005840963,0,9.38290436513559,0,0,0,0,0,0,5.191795,29.4265827733659,21.1125827733659,1.39379360115468
144750,3.02409119967706e-09,669.7405,517.5869,0.0005812501,0,9.38261636266885,0,0,0,0,0,0,5.251629,29.4265827733659,21.1125827733659,1.39379360115468
144850,3.00602387426352e-09,670.488,517.8756,0.0005784221,0,9.38232837346199,0,0,0,0,0,0,5.312418,29.4265827733659,21.1125827733659,1.39379360115468
144950,2.98808267018558e-09,671.2346,518.1639,0.0005756103,0,9.38204039751421,0,0,0,0,0,0,5.374152,29.4265827733659,21.1125827733659,1.39379360115468
145050,2.97027247242454e-09,671.9806,518.4518,0.0005728152,0,9.38175243482468,0,0,0,0,0,0,5.436814,29.4265827733659,21.1125827733659,1.39379360115468
145150,2.95259172666817e-09,672.7259,518.7392,0.000570037,0,9.38146448539259,0,0,0,0,0,0,5.500391,29.4265827733659,21.1125827733659,1.39379360115468
145250,2.93504021087188e-09,673.4704,519.0261,0.0005672755,0,9.38117654921713,0,0,0,0,0,0,5.564869,29.4265827733659,21.1125827733659,1.39379360115468
145350,2.9176161486788e-09,674.2142,519.3127,0.0005645307,0,9.38088862629748,0,0,0,0,0,0,5.630235,29.4265827733659,21.1125827733659,1.39379360115468
145450,2.90031310079542e-09,674.9573,519.5988,0.0005618013,0,9.38060071663283,0,0,0,0,0,0,5.696475,29.4265827733659,21.1125827733659,1.39379360115468
145550,2.88314172536275e-09,675.6996,519.8845,0.0005590893,0,9.38031282022237,0,0,0,0,0,0,5.763574,29.4265827733659,21.1125827733659,1.39379360115468
145650,2.86608958788293e-09,676.4413,520.1697,0.0005563928,0,9.38002493706529,0,0,0,0,0,0,5.831522,29.4265827733659,21.1125827733659,1.39379360115468
145750,2.84916090720344e-09,677.1821,520.4545,0.000553712,0,9.37973706716076,0,0,0,0,0,0,5.900299,29.4265827733659,21.1125827733659,1.39379360115468
145850,2.83235479514587e-09,677.9222,520.7388,0.0005510475,0,9.37944921050799,0,0,0,0,0,0,5.969895,29.4265827733659,21.1125827733659,1.39379360115468
145950,2.81567058557641e-09,678.6616,521.0227,0.0005483991,0,9.37916136710614,0,0,0,0,0,0,6.040297,29.4265827733659,21.1125827733659,1.39379360115468
146050,2.79910694622743e-09,679.4003,521.3062,0.0005457663,0,9.37887353695442,0,0,0,0,0,0,6.111491,29.4265827733659,21.1125827733659,1.39379360115468
146150,2.78265832598379e-09,680.1381,521.5891,0.0005431483,0,9.378585720052,0,0,0,0,0,0,6.183461,29.4265827733659,21.1125827733659,1.39379360115468
146250,2.76632783346997e-09,680.8752,521.8717,0.000540546,0,9.37829791639808,0,0,0,0,0,0,6.256195,29.4265827733659,21.1125827733659,1.39379360115468
146350,2.75011569073058e-09,681.6115,522.1538,0.0005379593,0,9.37801012599183,0,0,0,0,0,0,6.329678,29.4265827733659,21.1125827733659,1.39379360115468
146450,2.73402056549799e-09,682.347,522.4354,0.0005353879,0,9.37772234883246,0,0,0,0,0,0,6.403898,29.4265827733659,21.1125827733659,1.39379360115468
146550,2.71803579643404e-09,683.0817,522.7166,0.0005328308,0,9.37743458491914,0,0,0,0,0,0,6.47884,29.4265827733659,21.1125827733659,1.39379360115468
146650,2.70216693465386e-09,683.8157,522.9974,0.0005302891,0,9.37714683425106,0,0,0,0,0,0,6.55449,29.4265827733659,21.1125827733659,1.39379360115468
146750,2.6864117597114e-09,684.5488,523.2776,0.0005277625,0,9.37685909682741,0,0,0,0,0,0,6.630835,29.4265827733659,21.1125827733659,1.39379360115468
146850,2.67077027160667e-09,685.2811,523.5575,0.0005252509,0,9.37657137264737,0,0,0,0,0,0,6.707861,29.4265827733659,21.1125827733659,1.39379360115468
146950,2.65524069398282e-09,686.0127,523.8369,0.0005227543,0,9.37628366171014,0,0,0,0,0,0,6.785553,29.4265827733659,21.1125827733659,1.39379360115468
147050,2.63982280479524e-09,686.7435,524.1158,0.0005202725,0,9.3759959640149,0,0,0,0,0,0,6.863901,29.4265827733659,21.1125827733659,1.39379360115468
147150,2.62450572385831e-09,687.4734,524.3943,0.0005178035,0,9.37570827956084,0,0,0,0,0,0,6.942887,29.4265827733659,21.1125827733659,1.39379360115468
147250,2.60930832496342e-09,688.2025,524.6723,0.0005153511,0,9.37542060834714,0,0,0,0,0,0,7.022506,29.4265827733659,21.1125827733659,1.39379360115468
147350,2.59420995796233e-09,688.9308,524.9498,0.0005129113,0,9.375132950373,0,0,0,0,0,0,7.102749,29.4265827733659,21.1125827733659,1.39379360115468
147450,2.57922483370976e-09,689.6582,525.2269,0.000510487,0,9.37484530563759,0,0,0,0,0,0,7.183608,29.4265827733659,21.1125827733659,1.39379360115468
147550,2.56434162793084e-09,690.3848,525.5035,0.0005080759,0,9.37455767414012,0,0,0,0,0,0,7.265075,29.4265827733659,21.1125827733659,1.39379360115468
147650,2.54955989653638e-09,691.1107,525.7797,0.0005056783,0,9.37427005587976,0,0,0,0,0,0,7.347142,29.4265827733659,21.1125827733659,1.39379360115468
147750,2.53488430246307e-09,691.8356,526.0554,0.000503295,0,9.3739824508557,0,0,0,0,0,0,7.429804,29.4265827733659,21.1125827733659,1.39379360115468
147850,2.52031284730947e-09,692.5596,526.3306,0.0005009255,0,9.37369485906714,0,0,0,0,0,0,7.513048,29.4265827733659,21.1125827733659,1.39379360115468
147950,2.50584575312018e-09,693.2828,526.6053,0.0004985702,0,9.37340728051325,0,0,0,0,0,0,7.59687,29.4265827733659,21.1125827733659,1.39379360115468
148050,2.49147702469088e-09,694.0052,526.8796,0.0004962279,0,9.37311971519324,0,0,0,0,0,0,7.681262,29.4265827733659,21.1125827733659,1.39379360115468
148150,2.47721043677984e-09,694.7267,527.1534,0.0004938993,0,9.37283216310627,0,0,0,0,0,0,7.766214,29.4265827733659,21.1125827733659,1.39379360115468
148250,2.46304554529786e-09,695.4473,527.4267,0.0004915845,0,9.37254462425155,0,0,0,0,0,0,7.851721,29.4265827733659,21.1125827733659,1.39379360115468
148350,2.4489765770852e-09,696.1671,527.6995,0.0004892824,0,9.37225709862827,0,0,0,0,0,0,7.937774,29.4265827733659,21.1125827733659,1.39379360115468
148450,2.43500797303398e-09,696.8859,527.9719,0.0004869939,0,9.3719695862356,0,0,0,0,0,0,8.024364,29.4265827733659,21.1125827733659,1.39379360115468
148550,2.42113817883194e-09,697.6038,528.2438,0.0004847189,0,9.37168208707274,0,0,0,0,0,0,8.111484,29.4265827733659,21.1125827733659,1.39379360115468
148650,2.40735786860569e-09,698.3209,528.5153,0.0004824555,0,9.37139460113888,0,0,0,0,0,0,8.199125,29.4265827733659,21.1125827733659,1.39379360115468
148750,2.39367947685309e-09,699.037,528.7861,0.0004802061,0,9.3711071284332,0,0,0,0,0,0,8.287283,29.4265827733659,21.1125827733659,1.39379360115468
148850,2.38009367770076e-09,699.7523,529.0566,0.0004779692,0,9.37081966895489,0,0,0,0,0,0,8.375946,29.4265827733659,21.1125827733659,1.39379360115468
148950,2.36660446795156e-09,700.4666,529.3266,0.0004757455,0,9.37053222270315,0,0,0,0,0,0,8.465107,29.4265827733659,21.1125827733659,1.39379360115468
149050,2.35320585240117e-09,701.1799,529.5961,0.0004735338,0,9.37024478967716,0,0,0,0,0,0,8.55476,29.4265827733659,21.1125827733659,1.39379360115468
149150,2.33990204989709e-09,701.8924,529.8651,0.0004713351,0,9.3699573698761,0,0,0,0,0,0,8.644897,29.4265827733659,21.1125827733659,1.39379360115468
149250,2.32668773136879e-09,702.6039,530.1335,0.0004691483,0,9.36966996329918,0,0,0,0,0,0,8.735506,29.4265827733659,21.1125827733659,1.39379360115468
149350,2.31357111246666e-09,703.3146,530.4016,0.0004669754,0,9.36938256994556,0,0,0,0,0,0,8.826586,29.4265827733659,21.1125827733659,1.39379360115468
149450,2.30054286731729e-09,704.0242,530.6691,0.0004648142,0,9.36909518981446,0,0,0,0,0,0,8.918123,29.4265827733659,21.1125827733659,1.39379360115468
149550,2.28760210774226e-09,704.7329,530.9362,0.000462665,0,9.36880782290505,0,0,0,0,0,0,9.010113,29.4265827733659,21.1125827733659,1.39379360115468
149650,2.27474816760775e-09,705.4407,531.2026,0.0004605272,0,9.36852046921652,0,0,0,0,0,0,9.102549,29.4265827733659,21.1125827733659,1.39379360115468
149750,2.26198459962745e-09,706.1475,531.4687,0.0004584021,0,9.36823312874806,0,0,0,0,0,0,9.195417,29.4265827733659,21.1125827733659,1.39379360115468
149850,2.24930674086465e-09,706.8533,531.7343,0.0004562885,0,9.36794580149887,0,0,0,0,0,0,9.288713,29.4265827733659,21.1125827733659,1.39379360115468
149950,2.23672236288053e-09,707.5581,531.9993,0.000454188,0,9.36765848746812,0,0,0,0,0,0,9.382432,29.4265827733659,21.1125827733659,1.39379360115468
150050,2.22422169571246e-09,708.262,532.2639,0.000452099,0,9.36737118665502,0,0,0,0,0,0,9.476564,29.4265827733659,21.1125827733659,1.39379360115468
150150,2.21180518344966e-09,708.9649,532.5279,0.0004500214,0,9.36708389905874,0,0,0,0,0,0,9.571097,29.4265827733659,21.1125827733659,1.39379360115468
150250,2.19947127177988e-09,709.6668,532.7914,0.0004479549,0,9.36679662467848,0,0,0,0,0,0,9.666032,29.4265827733659,21.1125827733659,1.39379360115468
150350,2.18722395750603e-09,710.3677,533.0544,0.0004459005,0,9.36650936351343,0,0,0,0,0,0,9.761353,29.4265827733659,21.1125827733659,1.39379360115468
150450,2.17505813360219e-09,711.0676,533.317,0.0004438572,0,9.36622211556278,0,0,0,0,0,0,9.857058,29.4265827733659,21.1125827733659,1.39379360115468
150550,2.16297779687125e-09,711.7665,533.579,0.0004418259,0,9.36593488082571,0,0,0,0,0,0,9.953131,29.4265827733659,21.1125827733659,1.39379360115468
150650,2.15097784028728e-09,712.4644,533.8406,0.0004398054,0,9.36564765930141,0,0,0,0,0,0,10.04957,29.4265827733659,21.1125827733659,1.39379360115468
150750,2.13906559132226e-09,713.1613,534.1016,0.0004377976,0,9.36536045098909,0,0,0,0,0,0,10.14637,29.4265827733659,21.1125827733659,1.39379360115468
150850,2.12722484072003e-09,713.8571,534.3621,0.0004357989,0,9.36507325588792,0,0,0,0,0,0,10.24352,29.4265827733659,21.1125827733659,1.39379360115468
150950,2.11547046546912e-09,714.5519,534.6221,0.0004338127,0,9.36478607399709,0,0,0,0,0,0,10.34101,29.4265827733659,21.1125827733659,1.39379360115468
151050,2.10379424991913e-09,715.2457,534.8815,0.0004318371,0,9.3644989053158,0,0,0,0,0,0,10.43884,29.4265827733659,21.1125827733659,1.39379360115468
151150,2.09219952473916e-09,715.9384,535.1405,0.0004298731,0,9.36421174984323,0,0,0,0,0,0,10.53699,29.4265827733659,21.1125827733659,1.39379360115468
151250,2.0806776301896e-09,716.6301,535.3989,0.0004279187,0,9.36392460757858,0,0,0,0,0,0,10.63546,29.4265827733659,21.1125827733659,1.39379360115468
151350,2.06923567169781e-09,717.3207,535.6569,0.0004259757,0,9.36363747852103,0,0,0,0,0,0,10.73424,29.4265827733659,21.1125827733659,1.39379360115468
151450,2.0578736492638e-09,718.0103,535.9143,0.000424044,0,9.36335036266978,0,0,0,0,0,0,10.83333,29.4265827733659,21.1125827733659,1.39379360115468
151550,2.04658290314796e-09,718.6988,536.1711,0.0004221218,0,9.36306326002401,0,0,0,0,0,0,10.9327,29.4265827733659,21.1125827733659,1.39379360115468
151650,2.03537453558056e-09,719.3862,536.4276,0.0004202116,0,9.36277617058291,0,0,0,0,0,0,11.03237,29.4265827733659,21.1125827733659,1.39379360115468
151750,2.02423988682199e-09,720.0726,536.6834,0.0004183116,0,9.36248909434568,0,0,0,0,0,0,11.13232,29.4265827733659,21.1125827733659,1.39379360115468
151850,2.01317496006936e-09,720.7579,536.9387,0.0004164209,0,9.36220203131151,0,0,0,0,0,0,11.23254,29.4265827733659,21.1125827733659,1.39379360115468
151950,2.00218686075004e-09,721.4421,537.1935,0.0004145411,0,9.36191498147958,0,0,0,0,0,0,11.33302,29.4265827733659,21.1125827733659,1.39379360115468
152050,1.99127492273021e-09,722.1252,537.4478,0.0004126722,0,9.36162794484909,0,0,0,0,0,0,11.43375,29.4265827733659,21.1125827733659,1.39379360115468
152150,1.98043470511777e-09,722.8073,537.7015,0.0004108133,0,9.36134092141923,0,0,0,0,0,0,11.53474,29.4265827733659,21.1125827733659,1.39379360115468
152250,1.96966598586812e-09,723.4882,537.9547,0.0004089644,0,9.36105391118918,0,0,0,0,0,0,11.63597,29.4265827733659,21.1125827733659,1.39379360115468
152350,1.95897142951651e-09,724.168,538.2074,0.0004071261,0,9.36076691415814,0,0,0,0,0,0,11.73742,29.4265827733659,21.1125827733659,1.39379360115468
152450,1.94834726130466e-09,724.8467,538.4595,0.0004052976,0,9.3604799303253,0,0,0,0,0,0,11.83911,29.4265827733659,21.1125827733659,1.39379360115468
152550,1.93778904034048e-09,725.5242,538.7111,0.000403478,0,9.36019295968985,0,0,0,0,0,0,11.94101,29.4265827733659,21.1125827733659,1.39379360115468
152650,1.92730387205131e-09,726.2007,538.9622,0.0004016691,0,9.35990600225098,0,0,0,0,0,0,12.04312,29.4265827733659,21.1125827733659,1.39379360115468
152750,1.91689086825875e-09,726.876,539.2128,0.0003998704,0,9.35961905800789,0,0,0,0,0,0,12.14542,29.4265827733659,21.1125827733659,1.39379360115468
152850,1.90654603215989e-09,727.5502,539.4628,0.0003980813,0,9.35933212695975,0,0,0,0,0,0,12.24792,29.4265827733659,21.1125827733659,1.39379360115468
152950,1.89626914171015e-09,728.2231,539.7122,0.0003963017,0,9.35904520910576,0,0,0,0,0,0,12.35062,29.4265827733659,21.1125827733659,1.39379360115468
153050,1.88605908668649e-09,728.8951,539.9611,0.0003945316,0,9.35875830444513,0,0,0,0,0,0,12.45348,29.4265827733659,21.1125827733659,1.39379360115468
153150,1.87591964184719e-09,729.5658,540.2095,0.0003927717,0,9.35847141297702,0,0,0,0,0,0,12.55651,29.4265827733659,21.1125827733659,1.39379360115468
153250,1.86584259154188e-09,730.2354,540.4573,0.0003910204,0,9.35818453470064,0,0,0,0,0,0,12.65972,29.4265827733659,21.1125827733659,1.39379360115468
153350,1.85583837186698e-09,730.9037,540.7047,0.0003892798,0,9.35789766961518,0,0,0,0,0,0,12.76308,29.4265827733659,21.1125827733659,1.39379360115468
153450,1.84589588059225e-09,731.571,540.9514,0.0003875478,0,9.35761081771983,0,0,0,0,0,0,12.8666,29.4265827733659,21.1125827733659,1.39379360115468
153550,1.83601445158388e-09,732.2371,541.1976,0.0003858241,0,9.35732397901378,0,0,0,0,0,0,12.97027,29.4265827733659,21.1125827733659,1.39379360115468
153650,1.82620440991599e-09,732.902,541.4432,0.0003841111,0,9.35703715349622,0,0,0,0,0,0,13.0741,29.4265827733659,21.1125827733659,1.39379360115468
153750,1.8164577619828e-09,733.5657,541.6884,0.000382407,0,9.35675034116635,0,0,0,0,0,0,13.17807,29.4265827733659,21.1125827733659,1.39379360115468
153850,1.80677461880663e-09,734.2283,541.9329,0.000380712,0,9.35646354202335,0,0,0,0,0,0,13.28218,29.4265827733659,21.1125827733659,1.39379360115468
153950,1.79715453629825e-09,734.8897,542.177,0.0003790261,0,9.35617675606641,0,0,0,0,0,0,13.38644,29.4265827733659,21.1125827733659,1.39379360115468
154050,1.78759662627925e-09,735.5499,542.4205,0.000377349,0,9.35588998329474,0,0,0,0,0,0,13.49082,29.4265827733659,21.1125827733659,1.39379360115468
154150,1.77810055568273e-09,736.2089,542.6635,0.0003756808,0,9.35560322370751,0,0,0,0,0,0,13.59534,29.4265827733659,21.1125827733659,1.39379360115468
154250,1.76866932211084e-09,736.8668,542.9058,0.000374022,0,9.35531647730392,0,0,0,0,0,0,13.69999,29.4265827733659,21.1125827733659,1.39379360115468
154350,1.7592991508053e-09,737.5234,543.1476,0.000372372,0,9.35502974408317,0,0,0,0,0,0,13.80475,29.4265827733659,21.1125827733659,1.39379360115468
154450,1.74998582291863e-09,738.179,543.389,0.00037073,0,9.35474302404445,0,0,0,0,0,0,13.90964,29.4265827733659,21.1125827733659,1.39379360115468
154550,1.7407330021868e-09,738.8333,543.6298,0.0003690967,0,9.35445631718694,0,0,0,0,0,0,14.01465,29.4265827733659,21.1125827733659,1.39379360115468
154650,1.73154302007816e-09,739.4863,543.87,0.0003674726,0,9.35416962350984,0,0,0,0,0,0,14.11976,29.4265827733659,21.1125827733659,1.39379360115468
154750,1.72241565454812e-09,740.1382,544.1096,0.0003658578,0,9.35388294301234,0,0,0,0,0,0,14.22499,29.4265827733659,21.1125827733659,1.39379360115468
154850,1.713343689147e-09,740.7889,544.3488,0.0003642508,0,9.35359627569364,0,0,0,0,0,0,14.33031,29.4265827733659,21.1125827733659,1.39379360115468
154950,1.70433311907914e-09,741.4384,544.5873,0.0003626528,0,9.35330962155292,0,0,0,0,0,0,14.43574,29.4265827733659,21.1125827733659,1.39379360115468
155050,1.69538083572007e-09,742.0867,544.8254,0.0003610634,0,9.35302298058938,0,0,0,0,0,0,14.54127,29.4265827733659,21.1125827733659,1.39379360115468
155150,1.68648262022231e-09,742.7338,545.0628,0.0003594815,0,9.35273635280221,0,0,0,0,0,0,14.64689,29.4265827733659,21.1125827733659,1.39379360115468
155250,1.67764468983478e-09,743.3796,545.2998,0.0003579086,0,9.35244973819061,0,0,0,0,0,0,14.7526,29.4265827733659,21.1125827733659,1.39379360115468
155350,1.66886038321934e-09,744.0243,545.5361,0.0003563433,0,9.35216313675376,0,0,0,0,0,0,14.85839,29.4265827733659,21.1125827733659,1.39379360115468
155450,1.66013225388895e-09,744.6677,545.772,0.0003547863,0,9.35187654849086,0,0,0,0,0,0,14.96426,29.4265827733659,21.1125827733659,1.39379360115468
155550,1.65146296637886e-09,745.31,546.0073,0.0003532379,0,9.3515899734011,0,0,0,0,0,0,15.07022,29.4265827733659,21.1125827733659,1.39379360115468
155650,1.64284630344014e-09,745.951,546.2421,0.0003516971,0,9.35130341148367,0,0,0,0,0,0,15.17624,29.4265827733659,21.1125827733659,1.39379360115468
155750,1.63429092481238e-09,746.5908,546.4763,0.0003501656,0,9.35101686273777,0,0,0,0,0,0,15.28234,29.4265827733659,21.1125827733659,1.39379360115468
155850,1.62578073226172e-09,747.2293,546.7099,0.0003486401,0,9.35073032716259,0,0,0,0,0,0,15.3885,29.4265827733659,21.1125827733659,1.39379360115468
155950,1.61733404446807e-09,747.8666,546.943,0.0003471246,0,9.35044380475731,0,0,0,0,0,0,15.49473,29.4265827733659,21.1125827733659,1.39379360115468
156050,1.60893520728678e-09,748.5027,547.1755,0.0003456157,0,9.35015729552115,0,0,0,0,0,0,15.60101,29.4265827733659,21.1125827733659,1.39379360115468
156150,1.60059276943514e-09,749.1376,547.4076,0.0003441153,0,9.34987079945328,0,0,0,0,0,0,15.70735,29.4265827733659,21.1125827733659,1.39379360115468
156250,1.59230661989085e-09,749.7712,547.639,0.0003426234,0,9.3495843165529,0,0,0,0,0,0,15.81374,29.4265827733659,21.1125827733659,1.39379360115468
156350,1.58407009731576e-09,750.4037,547.8699,0.0003411386,0,9.34929784681921,0,0,0,0,0,0,15.92017,29.4265827733659,21.1125827733659,1.39379360115468
156450,1.57588586624513e-09,751.0349,548.1003,0.0003396616,0,9.34901139025139,0,0,0,0,0,0,16.02666,29.4265827733659,21.1125827733659,1.39379360115468
156550,1.56775070703219e-09,751.6647,548.3301,0.0003381915,0,9.34872494684864,0,0,0,0,0,0,16.13317,29.4265827733659,21.1125827733659,1.39379360115468
156650,1.55967017079206e-09,752.2934,548.5593,0.0003367298,0,9.34843851661016,0,0,0,0,0,0,16.23973,29.4265827733659,21.1125827733659,1.39379360115468
156750,1.55164059378876e-09,752.9208,548.7881,0.0003352757,0,9.34815209953513,0,0,0,0,0,0,16.34631,29.4265827733659,21.1125827733659,1.39379360115468
156850,1.54366208704459e-09,753.547,549.0162,0.0003338291,0,9.34786569562276,0,0,0,0,0,0,16.45293,29.4265827733659,21.1125827733659,1.39379360115468
156950,1.53573409544805e-09,754.1719,549.2438,0.00033239,0,9.34757930487222,0,0,0,0,0,0,16.55957,29.4265827733659,21.1125827733659,1.39379360115468
157050,1.52785339935235e-09,754.7955,549.4709,0.0003309578,0,9.34729292728273,0,0,0,0,0,0,16.66623,29.4265827733659,21.1125827733659,1.39379360115468
157150,1.52002221920355e-09,755.418,549.6973,0.0003295329,0,9.34700656285346,0,0,0,0,0,0,16.77291,29.4265827733659,21.1125827733659,1.39379360115468
157250,1.51224655020599e-09,756.0391,549.9233,0.0003281167,0,9.34672021158362,0,0,0,0,0,0,16.87959,29.4265827733659,21.1125827733659,1.39379360115468
157350,1.50451395786177e-09,756.659,550.1487,0.0003267066,0,9.3464338734724,0,0,0,0,0,0,16.98629,29.4265827733659,21.1125827733659,1.39379360115468
157450,1.49683032635295e-09,757.2776,550.3735,0.0003253038,0,9.34614754851899,0,0,0,0,0,0,17.09299,29.4265827733659,21.1125827733659,1.39379360115468
157550,1.48919776510326e-09,757.8949,550.5978,0.0003239088,0,9.34586123672259,0,0,0,0,0,0,17.1997,29.4265827733659,21.1125827733659,1.39379360115468
157650,1.48160772539541e-09,758.511,550.8216,0.00032252,0,9.34557493808238,0,0,0,0,0,0,17.3064,29.4265827733659,21.1125827733659,1.39379360115468
157750,1.47407097639274e-09,759.1258,551.0448,0.0003211395,0,9.34528865259757,0,0,0,0,0,0,17.4131,29.4265827733659,21.1125827733659,1.39379360115468
157850,1.4665761938204e-09,759.7393,551.2673,0.0003197648,0,9.34500238026735,0,0,0,0,0,0,17.51978,29.4265827733659,21.1125827733659,1.39379360115468
157950,1.45913103821727e-09,760.3515,551.4894,0.0003183979,0,9.34471612109091,0,0,0,0,0,0,17.62646,29.4265827733659,21.1125827733659,1.39379360115468
158050,1.45173273402577e-09,760.9625,551.7109,0.0003170381,0,9.34442987506744,0,0,0,0,0,0,17.73311,29.4265827733659,21.1125827733659,1.39379360115468
158150,1.4443807261344e-09,761.5721,551.9319,0.0003156852,0,9.34414364219615,0,0,0,0,0,0,17.83974,29.4265827733659,21.1125827733659,1.39379360115468
158250,1.43707201694099e-09,762.1805,552.1523,0.0003143387,0,9.34385742247622,0,0,0,0,0,0,17.94635,29.4265827733659,21.1125827733659,1.39379360115468
158350,1.42981182449375e-09,762.7876,552.3722,0.0003129998,0,9.34357121590685,0,0,0,0,0,0,18.05293,29.4265827733659,21.1125827733659,1.39379360115468
158450,1.42259459767757e-09,763.3934,552.5915,0.0003116672,0,9.34328502248723,0,0,0,0,0,0,18.15948,29.4265827733659,21.1125827733659,1.39379360115468
158550,1.41541944831403e-09,763.9979,552.8102,0.0003103408,0,9.34299884221656,0,0,0,0,0,0,18.26599,29.4265827733659,21.1125827733659,1.39379360115468
158650,1.4082947030758e-09,764.6011,553.0284,0.0003090225,0,9.34271267509403,0,0,0,0,0,0,18.37246,29.4265827733659,21.1125827733659,1.39379360115468
158750,1.40121170222329e-09,765.203,553.246,0.0003077102,0,9.34242652111883,0,0,0,0,0,0,18.47888,29.4265827733659,21.1125827733659,1.39379360115468
158850,1.39417011268961e-09,765.8036,553.4631,0.0003064042,0,9.34214038029017,0,0,0,0,0,0,18.58526,29.4265827733659,21.1125827733659,1.39379360115468
158950,1.3871724879877e-09,766.4029,553.6797,0.0003051049,0,9.34185425260724,0,0,0,0,0,0,18.69158,29.4265827733659,21.1125827733659,1.39379360115468
159050,1.38021838402835e-09,767.0009,553.8956,0.0003038122,0,9.34156813806922,0,0,0,0,0,0,18.79785,29.4265827733659,21.1125827733659,1.39379360115468
159150,1.37331035432453e-09,767.5975,554.111,0.0003025268,0,9.34128203667533,0,0,0,0,0,0,18.90406,29.4265827733659,21.1125827733659,1.39379360115468
159250,1.36643996118124e-09,768.1929,554.3259,0.0003012467,0,9.34099594842474,0,0,0,0,0,0,19.0102,29.4265827733659,21.1125827733659,1.39379360115468
159350,1.35961486513736e-09,768.787,554.5402,0.0002999739,0,9.34070987331666,0,0,0,0,0,0,19.11628,29.4265827733659,21.1125827733659,1.39379360115468
159450,1.35282962610006e-09,769.3797,554.7539,0.000298707,0,9.34042381135028,0,0,0,0,0,0,19.22229,29.4265827733659,21.1125827733659,1.39379360115468
159550,1.34608368895783e-09,769.9711,554.9671,0.0002974459,0,9.34013776252479,0,0,0,0,0,0,19.32822,29.4265827733659,21.1125827733659,1.39379360115468
159650,1.33938493629415e-09,770.5612,555.1797,0.0002961925,0,9.33985172683939,0,0,0,0,0,0,19.43408,29.4265827733659,21.1125827733659,1.39379360115468
159750,1.33272248792338e-09,771.15,555.3917,0.0002949444,0,9.33956570429328,0,0,0,0,0,0,19.53986,29.4265827733659,21.1125827733659,1.39379360115468
159850,1.32610133984912e-09,771.7374,555.6033,0.0002937026,0,9.33927969488566,0,0,0,0,0,0,19.64555,29.4265827733659,21.1125827733659,1.39379360115468
159950,1.31952371251742e-09,772.3235,555.8141,0.0002924677,0,9.3389936986157,0,0,0,0,0,0,19.75117,29.4265827733659,21.1125827733659,1.39379360115468
