year        2017 day         235 seconds   39600.0000     lat   68.0000000     lon   20.0000000
 IYD       17235 SEC   39600.0000     GLAT   68.1333466     GLON   20.0000000     STL   12.3333330     F107A   106.716003     F107   131.000000     AP   37.0000000       0.00000000       0.00000000       0.00000000       0.00000000       0.00000000       0.00000000
 z[m] rho[kg/(m^3)] T[K] c[m/s] p[Pa] H[m] g[m/(s^2)] N^2[rad^2/s^2] kappa[J/(s.m.K)] mu[kg(s.m)] mu_vol[kg/(s.m)] w_M[m/s] w_Z[m/s] w_P[m/s] c_p[J/(mol.K)] c_v[J/(mol.K)] gamma
0.0,1.2249999999999999,288.2,340.29216858458557,101323.915,0,0,0,0,0,0,0,0,1.5022070079142493e-13,0,0,1.4
100.0,1.213988190926951,287.62829867671417,339.95448284778325,100213.90173737305,0,0,0,0,0,0,0,0,2.916162963891134e-13,0,0,1.4
200.0,1.2030012833377355,287.0582493412166,339.6174385765561,99110.123954498,0,0,0,0,0,0,0,0,5.62339382649724e-13,0,0,1.4
300.00000000000006,1.1920408292883895,286.4898605583938,339.2810427541784,98012.68434630719,0,0,0,0,0,0,0,0,1.0771840472280285e-12,0,0,1.4
400.0,1.181108349153506,285.923140881242,338.9453023809049,96921.68195746533,0,0,0,0,0,0,0,0,2.0496798407276132e-12,0,0,1.4
500.0,1.1702053316311976,285.35809885049133,338.6102244736969,95837.21221660935,0,0,0,0,0,0,0,0,3.8742429360098155e-12,0,0,1.4
600.0000000000001,1.1593332337631919,284.79474299422895,338.2758160659452,94759.36697167164,0,0,0,0,0,0,0,0,7.274319523292145e-12,0,0,1.4
700.0000000000001,1.1484934809697043,284.23308182752044,337.94208420718735,93688.23452623785,0,0,0,0,0,0,0,0,1.3567586543877686e-11,0,0,1.4
800.0,1.1376874670987471,283.67312385202973,337.6090359628213,92623.8996768918,0,0,0,0,0,0,0,0,2.5137236491674577e-11,0,0,1.4
900.0,1.126916554489519,283.11487755563707,337.2766784138135,91566.44375149978,0,0,0,0,0,0,0,0,4.6263359317877435e-11,0,0,1.4
1000.0,1.1161820740495176,282.5583514120563,336.9450186564037,90515.94464838786,0,0,0,0,0,0,0,0,8.457879674425875e-11,0,0,1.4
1100.0,1.1054853253450319,282.0035538804504,336.614063801804,89472.47687636566,0,0,0,0,0,0,0,0,1.535997621739252e-10,0,0,1.4
1200.0000000000002,1.094827576704646,281.4504934050446,336.2838209758937,88436.11159555093,0,0,0,0,0,0,0,0,2.7709219156962697e-10,0,0,1.4
1300.0,1.0842100653354112,280.89917841473977,335.9542973189098,87406.91665895031,0,0,0,0,0,0,0,0,4.965497131677306e-10,0,0,1.4
1400.0000000000002,1.0736339974513203,280.34961732272285,335.62549998513236,86384.956654751,0,0,0,0,0,0,0,0,8.839056024399168e-10,0,0,1.4
1500.0,1.0631005484137348,279.801818526077,335.29743614256546,85370.29294928082,0,0,0,0,0,0,0,0,1.5629811533721917e-09,0,0,1.4
1600.0,1.0526108628834094,279.25579040538946,334.9701129726136,84362.9837305922,0,0,0,0,0,0,0,0,2.745404235829614e-09,0,0,1.4
1700.0000000000002,1.042166054983755,278.71154132435885,334.643537669753,83363.08405262882,0,0,0,0,0,0,0,0,4.790309357580476e-09,0,0,1.4
1800.0,1.03176720847499,278.1690796293999,334.3177174411983,82370.64587993229,0,0,0,0,0,0,0,0,8.302818150544848e-09,0,0,1.4
1900.0000000000002,1.0214153769388312,277.62841364924856,333.99265950656473,81385.71813284888,0,0,0,0,0,0,0,0,1.4295264473418887e-08,0,0,1.4
2000.0,1.0111115839733613,277.08955169456453,333.66837109752555,80408.34673319523,0,0,0,0,0,0,0,0,2.4449138824125047e-08,0,0,1.4
2100.0,1.000856823397741,276.5525020575324,333.34485945746417,79438.57465034375,0,0,0,0,0,0,0,0,4.1537431866206106e-08,0,0,1.4
2200.0,0.990652059466403,276.0172730114625,333.022131841122,78476.44194768935,0,0,0,0,0,0,0,0,7.010038784167374e-08,0,0,1.4
2300.0000000000005,0.9804982270923924,275.48387281038976,332.70019551424167,77521.98582945926,0,0,0,0,0,0,0,0,1.1751840896833928e-07,0,0,1.4
2400.0000000000005,0.9703962320795085,274.95230968867105,332.3790577532045,76575.24068782858,0,0,0,0,0,0,0,0,1.9570237169902467e-07,0,0,1.4
2500.0,0.9603469513629066,274.42259186058214,332.0587258446643,75636.23815030575,0,0,0,0,0,0,0,0,3.2373598636464224e-07,0,0,1.4
2600.0,0.9503512332578259,273.89472751991315,331.73920708517574,74705.00712735193,0,0,0,0,0,0,0,0,5.319742007757965e-07,0,0,1.4
2700.0,0.9404098977161063,273.368724839562,331.4205087808176,73781.57386019945,0,0,0,0,0,0,0,0,8.683501165241337e-07,0,0,1.4
2800.0000000000005,0.9305237365901664,272.84459197112807,331.10263824681203,72865.96196883591,0,0,0,0,0,0,0,0,1.4080039283237137e-06,0,0,1.4
2900.0000000000005,0.9206935139041132,272.32233704450357,330.7856028071378,71958.19250012019,0,0,0,0,0,0,0,0,2.2678669370226354e-06,0,0,1.4
3000.0,0.9109199661316626,271.80196816746405,330.4694097941398,71058.28397599855,0,0,0,0,0,0,0,0,3.6285739302258537e-06,0,0,1.4
3100.0,0.9012038024805445,271.2834934252589,330.154066548133,70166.2524417891,0,0,0,0,0,0,0,0,5.767121299170931e-06,0,0,1.4
3200.0,0.8915457051830873,270.76692088019826,329.8395804170016,69282.1115145038,0,0,0,0,0,0,0,0,9.105145692289115e-06,0,0,1.4
3300.0000000000005,0.8819463297926567,270.25225857124195,329.5259587557937,68405.8724311788,0,0,0,0,0,0,0,0,1.4279710939880352e-05,0,0,1.4
3400.0000000000005,0.8724063054856522,269.7395145135847,329.21320892631013,67537.5440971832,0,0,0,0,0,0,0,0,2.2246240938048365e-05,0,0,1.4
3500.0,0.8629262353687517,269.2286966982422,328.90133829669,66677.13313447923,0,0,0,0,0,0,0,0,3.4426950912680065e-05,0,0,1.4
3600.0,0.8535066967911047,268.7198130916347,328.5903542409893,65824.64392980513,0,0,0,0,0,0,0,0,5.2923089303344696e-05,0,0,1.4
3700.0,0.8441482416611834,268.2128716351709,328.2802641387565,64980.07868275543,0,0,0,0,0,0,0,0,8.081584499577979e-05,0,0,1.4
3800.0000000000005,0.8348513967679999,267.7078802448304,327.9710753746019,64143.43745373256,0,0,0,0,0,0,0,0,0.00012258929637150494,0,0,1.4
3900.0000000000005,0.825616664106401,267.204846810744,327.66279533776327,63314.718211744184,0,0,0,0,0,0,0,0,0.00018471973203705428,0,0,1.4
4000.0,0.8164445212061655,266.70377919677577,327.3554314216652,62493.91688202352,0,0,0,0,0,0,0,0,0.00027648955589976946,0,0,1.4
4100.000000000001,0.8073354214646267,266.2046852401014,327.04899102347457,61681.02739344839,0,0,0,0,0,0,0,0,0.0004111013239486251,0,0,1.4
4200.0,0.798289794482546,265.7075727507875,326.7434815436514,60876.04172573683,0,0,0,0,0,0,0,0,0.000607188759811845,0,0,1.4
4300.0,0.7893080464029778,265.21244951136936,326.43891038549344,60078.949956397824,0,0,0,0,0,0,0,0,0.0008908473137390713,0,0,1.4
4400.0,0.7803905602528616,264.71932327642764,326.1352849546774,59289.74030741608,0,0,0,0,0,0,0,0,0.0012983372864586245,0,0,1.4
4500.0,0.7715376962870869,264.22820177216516,325.8326126587944,58508.39919165087,0,0,0,0,0,0,0,0,0.0018796478311141982,0,0,1.4
4600.000000000001,0.7627497923347817,263.73909269598187,325.5309009068809,57734.911258929664,0,0,0,0,0,0,0,0,0.002703150024604631,0,0,1.4
4700.0,0.7540271641475799,263.2520037160498,325.23015710894464,56969.259441817994,0,0,0,0,0,0,0,0,0.003861610928555765,0,0,1.4
4800.000000000001,0.7453701057496251,262.7669424708868,324.9303886754859,56211.42500104778,0,0,0,0,0,0,0,0,0.005479886754006578,0,0,1.4
4900.0,0.7367788897890836,262.28391656893,324.63160301701384,55461.387570587205,0,0,0,0,0,0,0,0,0.007724659690103871,0,0,1.4
5000.0,0.7282537678909295,261.80293358810786,324.33380754355807,54719.1252023358,0,0,0,0,0,0,0,0,0.010816626438878133,0,0,1.4
5100.000000000001,0.7197949710107853,261.32400107541264,324.0370096641753,53984.61441042923,0,0,0,0,0,0,0,0,0.015045582633978188,0,0,1.4
5200.0,0.7114027097895966,260.8471265464714,323.74121678645156,53257.83021513901,0,0,0,0,0,0,0,0,0.020788870445174308,0,0,1.4
5300.000000000001,0.703077174908929,260.3723174851161,323.4464363159991,52538.74618635281,0,0,0,0,0,0,0,0,0.028533659783342304,0,0,1.4
5400.0,0.6948185374466813,259.8995813429548,323.15267565594945,51827.33448662267,0,0,0,0,0,0,0,0,0.03890350834671216,0,0,1.4
5500.0,0.6866269492330103,259.4289255389396,322.8599422064403,51123.565913767176,0,0,0,0,0,0,0,0,0.05268958293560285,0,0,1.4
5600.000000000001,0.6785025432062763,258.960357458937,322.5682433640995,50427.40994301712,0,0,0,0,0,0,0,0,0.07088681395969329,0,0,1.4
5700.0,0.6704454337688113,258.49388445529536,322.2775865215229,49738.83476869184,0,0,0,0,0,0,0,0,0.0947350867142818,0,0,1.4
5800.000000000001,0.6624557171423298,258.0295138464129,321.9879790667482,49057.80734539649,0,0,0,0,0,0,0,0,0.1257653373766582,0,0,1.4
5900.0,0.6545334717228012,257.56725291630585,321.69942838272453,48384.29342872996,0,0,0,0,0,0,0,0,0.16585011112385975,0,0,1.4
6000.0,0.6466787584346063,257.1071089141741,321.4119418467758,47718.25761549348,0,0,0,0,0,0,0,0,0.21725774972241485,0,0,1.4
6100.000000000001,0.6388916210838098,256.64908905396953,321.12552683006214,47059.66338339224,0,0,0,0,0,0,0,0,0.2827089063360508,0,0,1.4
6200.0,0.6311720867103873,256.19320051396045,320.8401906970343,46408.47313022041,0,0,0,0,0,0,0,0,0.3654335421444622,0,0,1.4
6300.000000000001,0.623520165939242,255.73945043629888,320.5559408048849,45764.648212523214,0,0,0,0,0,0,0,0,0.46922595622372126,0,0,1.4
6400.0,0.6159358533298634,255.28784592658505,320.27278450299497,45128.14898372821,0,0,0,0,0,0,0,0,0.5984947594099701,0,0,1.4
6500.0,0.6084191277244742,254.8383940534334,319.99072913237586,44498.93483173969,0,0,0,0,0,0,0,0,0.758304056697638,0,0,1.4
6600.000000000001,0.6009699525945253,254.3911018480365,319.70978202510645,43876.964215989974,0,0,0,0,0,0,0,0,0.9544014932892114,0,0,1.4
6700.0,0.5935882763853995,253.94597630373082,319.42995050376703,43262.19470394291,0,0,0,0,0,0,0,0,1.1932282984002387,0,0,1.4
6800.000000000001,0.5862740328591893,253.50302437556033,319.1512418808677,42654.583007043744,0,0,0,0,0,0,0,0,1.4819060879881578,0,0,1.4
6900.0,0.5790271414354218,253.06225297984108,318.8736634582733,42054.08501611185,0,0,0,0,0,0,0,0,1.8281950276673156,0,0,1.4
7000.0,0.5718475075296063,252.62366899372532,318.5972225266235,41460.655836172235,0,0,0,0,0,0,0,0,2.2404180765538775,0,0,1.4
7100.000000000001,0.5647350228894872,252.18727925476517,318.32192636474895,40874.24982072229,0,0,0,0,0,0,0,0,2.7273464943790677,0,0,1.4
7200.0,0.5576895659288855,251.75309056047678,318.0477822390837,40294.820605431254,0,0,0,0,0,0,0,0,3.2980426509998013,0,0,1.4
7300.000000000001,0.5507110020590229,251.3211096679034,317.77479740307217,39722.32114126964,0,0,0,0,0,0,0,0,3.96165746620677,0,0,1.4
7400.0,0.5437991840172226,250.89134329317977,317.5029790965742,39156.70372706719,0,0,0,0,0,0,0,0,4.72718154215258,0,0,1.4
7500.0,0.5369539521928853,250.46379811109512,317.23233454526354,38597.92004149711,0,0,0,0,0,0,0,0,5.603151214985533,0,0,1.4
7600.000000000001,0.5301751349506493,250.03848075465734,316.9628709600248,38045.921174486306,0,0,0,0,0,0,0,0,6.597313295865762,0,0,1.4
7700.0,0.5234625489506395,249.61539781465603,316.6945955363445,37500.65765805027,0,0,0,0,0,0,0,0,7.716255105929333,0,0,1.4
7800.000000000001,0.5168159994657193,249.19455583922667,316.4275154536996,36962.07949655272,0,0,0,0,0,0,0,0,8.96500940769566,0,0,1.4
7900.0,0.5102352806956684,248.77596133341373,316.16163787494156,36430.136196389976,0,0,0,0,0,0,0,0,10.346646833402579,0,0,1.4
8000.0,0.5037201760781996,248.35962075873547,315.896969945677,35904.776795100566,0,0,0,0,0,0,0,0,11.861871215207705,0,0,1.4
8100.0,0.4972704585967495,247.94554053274692,315.63351879364416,35385.94988990081,0,0,0,0,0,0,0,0,13.508635619219852,0,0,1.4
8200.000000000002,0.49088589108496866,247.53372702860491,315.3712915280867,34873.60366564777,0,0,0,0,0,0,0,0,15.28179865402228,0,0,1.4
8300.0,0.4845662265278467,247.12418657463166,315.1102952391226,34367.68592223082,0,0,0,0,0,0,0,0,17.17284155293472,0,0,1.4
8400.0,0.4783112083594097,246.7169254538803,314.85053699711096,33868.14410139384,0,0,0,0,0,0,0,0,19.169666433005887,0,0,1.4
8500.0,0.47212057075693525,246.31194990369846,314.5920238520138,33374.92531299009,0,0,0,0,0,0,0,0,21.256494873345662,0,0,1.4
8600.0,0.4659940389316274,245.90926611529434,314.3347628327565,32887.97636067241,0,0,0,0,0,0,0,0,23.4138834542838,0,0,1.4
8700.000000000002,0.45993132941570286,245.50888023330216,314.07876094658303,32407.24376702115,0,0,0,0,0,0,0,0,25.618869157348286,0,0,1.4
8800.0,0.45393215034584256,245.11079835534693,313.8240251784086,31932.673798113075,0,0,0,0,0,0,0,0,27.845252631276352,0,0,1.4
8900.0,0.4479962017429638,244.715026531612,313.5705624901702,31464.212487534558,0,0,0,0,0,0,0,0,30.06402145866499,0,0,1.4
9000.0,0.44212317578827387,244.32157076440424,313.3183798201721,31001.80565984217,0,0,0,0,0,0,0,0,32.24390897582052,0,0,1.4
9100.0,0.4363127570955706,243.9304370077219,313.06748408243016,30545.3989534752,0,0,0,0,0,0,0,0,34.352077245158384,0,0,1.4
9200.000000000002,0.4305646229797528,243.54163116682162,312.81788216601194,30094.937843123153,0,0,0,0,0,0,0,0,36.354905852849626,0,0,1.4
9300.0,0.42487844372151656,243.1551590977866,312.56958093437476,29650.367661553366,0,0,0,0,0,0,0,0,38.21886173457235,0,0,1.4
9400.0,0.41925388282820447,242.77102660709448,312.3225872247003,29211.63362090233,0,0,0,0,0,0,0,0,39.911419652272095,0,0,1.4
9500.0,0.41369059729079033,242.38923945118714,312.07690784722763,28778.68083343612,0,0,0,0,0,0,0,0,41.40199865831955,0,0,1.4
9600.000000000002,0.40818823783697294,242.00980333603954,311.83254958458184,28351.454331783974,0,0,0,0,0,0,0,0,42.66287723220282,0,0,1.4
9700.000000000002,0.40274644918036784,241.63272391673013,311.58951919110206,27929.899088650804,0,0,0,0,0,0,0,0,43.67004900968288,0,0,1.4
9800.0,0.397364870265775,241.25800679701175,311.3478233921659,27513.96003601305,0,0,0,0,0,0,0,0,44.40398228132381,0,0,1.4
9900.0,0.39204313451051725,240.88565752888292,311.1074688835117,27103.58208380382,0,0,0,0,0,0,0,0,44.850249722453555,0,0,1.4
10000.0,0.38678087004183376,240.51568161215997,310.86846233055854,26698.710138092247,0,0,0,0,0,0,0,0,45.0,0,0,1.4
10100.000000000002,0.3815776999303278,240.14808449405024,310.6308103677248,26299.289118763234,0,0,0,0,0,0,0,0,44.85024972245355,0,0,1.4
10200.000000000002,0.3764332424194598,239.78287156872548,310.39451959774345,25905.263976702838,0,0,0,0,0,0,0,0,44.4039822813238,0,0,1.4
10300.0,0.3713471111510861,239.4200481768962,310.15959659097587,25516.579710495404,0,0,0,0,0,0,0,0,43.67004900968286,0,0,1.4
10400.0,0.3663189153870425,239.0596196053872,309.9260478847246,25133.181382638417,0,0,0,0,0,0,0,0,42.662877232202796,0,0,1.4
10500.0,0.36134826022677874,238.7015910867134,309.6938799825425,24755.01413528123,0,0,0,0,0,0,0,0,41.40199865831955,0,0,1.4
10600.000000000002,0.35643474682104337,238.3459677986572,309.4630993535424,24382.023205493573,0,0,0,0,0,0,0,0,39.911419652272066,0,0,1.4
10700.000000000002,0.3515779725816312,237.99275486384582,309.2337124317031,24014.153940070493,0,0,0,0,0,0,0,0,38.21886173457232,0,0,1.4
10800.0,0.34677753138720047,237.6419573493309,309.00572561517555,23651.3518098799,0,0,0,0,0,0,0,0,36.35490585284959,0,0,1.4
10900.0,0.34203301378516954,237.29358026616754,308.7791452655864,23293.56242375906,0,0,0,0,0,0,0,0,34.352077245158384,0,0,1.4
11000.0,0.33734400718970936,236.94762856899575,308.55397770734135,22940.731541966838,0,0,0,0,0,0,0,0,32.24390897582052,0,0,1.4
11100.000000000002,0.33271009607584423,236.604107155622,308.33022922692635,22592.805089197976,0,0,0,0,0,0,0,0,30.064021458664953,0,0,1.4
11200.000000000002,0.3281308621696779,236.2630208666019,308.10790607220815,22249.729167166184,0,0,0,0,0,0,0,0,27.845252631276313,0,0,1.4
11300.0,0.32360588463476486,235.92437448482505,307.88701445173473,21911.450066762758,0,0,0,0,0,0,0,0,25.618869157348247,0,0,1.4
11400.0,0.31913474025464433,235.58817273509914,307.667560534033,21577.914279797173,0,0,0,0,0,0,0,0,23.4138834542838,0,0,1.4
11500.0,0.3147170036115612,235.25442028373723,307.44955044690766,21249.06851032685,0,0,0,0,0,0,0,0,21.256494873345662,0,0,1.4
11600.000000000002,0.3103522472613965,234.92312173814423,307.2329902767383,20924.859685582465,0,0,0,0,0,0,0,0,19.169666433005855,0,0,1.4
11700.000000000002,0.30604004190483036,234.59428164640647,307.0178860677764,20605.234966495842,0,0,0,0,0,0,0,0,17.172841552934685,0,0,1.4
11800.0,0.3017799565547649,234.26790449688147,306.80424382144224,20290.14175783723,0,0,0,0,0,0,0,0,15.28179865402225,0,0,1.4
11900.0,0.29757155870003354,233.9439947177887,306.5920694956207,19979.527717968536,0,0,0,0,0,0,0,0,13.508635619219852,0,0,1.4
12000.0,0.29341441446542754,233.62255667680247,306.3813690039576,19673.34076821993,0,0,0,0,0,0,0,0,11.861871215207705,0,0,1.4
12100.000000000002,0.2893080887680655,233.30359468064609,306.17214821515626,19371.529101896038,0,0,0,0,0,0,0,0,10.34664683340255,0,0,1.4
12200.000000000002,0.2852521454701409,232.98711297468668,305.96441295227316,19074.041192919038,0,0,0,0,0,0,0,0,8.96500940769564,0,0,1.4
12300.0,0.28124614752807586,232.67311574253176,305.7581689920145,18780.825804115113,0,0,0,0,0,0,0,0,7.716255105929322,0,0,1.4
12400.0,0.2772896571381177,232.36160710562794,305.5534220640334,18491.831995151515,0,0,0,0,0,0,0,0,6.597313295865752,0,0,1.4
12500.0,0.2733822358784095,232.05259112285978,305.35017785022666,18207.00913013063,0,0,0,0,0,0,0,0,5.603151214985533,0,0,1.4
12600.000000000002,0.26952344484757057,231.7460717901514,305.1484419840331,17926.306884848138,0,0,0,0,0,0,0,0,4.727181542152563,0,0,1.4
12700.000000000002,0.2657128447998245,231.44205304006852,304.9482200497316,17649.675253721893,0,0,0,0,0,0,0,0,3.961657466206758,0,0,1.4
12800.0,0.26194999627670557,231.1405387414229,304.74951758174075,17377.06455639818,0,0,0,0,0,0,0,0,3.298042650999795,0,0,1.4
12900.0,0.25823445973538944,230.84153269887818,304.55234006391953,17108.425444042423,0,0,0,0,0,0,0,0,2.727346494379063,0,0,1.4
13000.0,0.2545657956736778,230.5450386525568,304.3566929288682,16843.708905320393,0,0,0,0,0,0,0,0,2.2404180765538775,0,0,1.4
13100.000000000002,0.25094356475168156,230.25106027764912,304.16258155723136,16582.866272077215,0,0,0,0,0,0,0,0,1.8281950276673091,0,0,1.4
13200.000000000002,0.24736732791023858,229.9596011840243,303.9700112770024,16325.849224720318,0,0,0,0,0,0,0,0,1.4819060879881518,0,0,1.4
13300.0,0.24383664648610737,229.67066491584222,303.77898736282833,16072.609797312958,0,0,0,0,0,0,0,0,1.1932282984002365,0,0,1.4
13400.0,0.24035108232397712,229.38425495116795,303.5895150353175,15823.100382384997,0,0,0,0,0,0,0,0,0.9544014932892098,0,0,1.4
13500.0,0.23691019788533388,229.10037470158707,303.4015994603484,15577.273735467097,0,0,0,0,0,0,0,0,0.758304056697638,0,0,1.4
13600.000000000002,0.23351355635422552,228.81902751182386,303.2152457483806,15335.082979354991,0,0,0,0,0,0,0,0,0.598494759409968,0,0,1.4
13700.000000000002,0.23016072173996693,228.5402166593603,303.0304589537675,15096.481608109985,0,0,0,0,0,0,0,0,0.46922595622371915,0,0,1.4
13800.0,0.22685125897682606,228.26394535405785,302.84724407407185,14861.423490802024,0,0,0,0,0,0,0,0,0.36543354214446155,0,0,1.4
13900.0,0.22358473402073678,227.99021673778012,302.6656060493826,14629.862875001601,0,0,0,0,0,0,0,0,0.28270890633605,0,0,1.4
14000.0,0.2203607139430767,227.7190338840181,302.4855497616349,14401.754390026543,0,0,0,0,0,0,0,0,0.21725774972241485,0,0,1.4
14100.000000000002,0.21717876702155603,227.45039979751763,302.3070800339327,14177.053049949853,0,0,0,0,0,0,0,0,0.16585011112385886,0,0,1.4
14200.000000000002,0.21403846282826078,227.18431741390748,302.1302016298735,13955.714256374642,0,0,0,0,0,0,0,0,0.12576533737665763,0,0,1.4
14300.0,0.2109393723148914,226.9207895993315,301.9549192528769,13737.693800982084,0,0,0,0,0,0,0,0,0.09473508671428162,0,0,1.4
14400.0,0.20788106789524244,226.65981915008064,301.7812375455148,13522.947867858189,0,0,0,0,0,0,0,0,0.07088681395969317,0,0,1.4
14500.0,0.20486312352496538,226.40140879222852,301.60916108884595,13311.433035605378,0,0,0,0,0,0,0,0,0.05268958293560285,0,0,1.4
14600.000000000002,0.20188511477866025,226.14556118126885,301.43869440175365,13103.106279244554,0,0,0,0,0,0,0,0,0.03890350834671192,0,0,1.4
14700.000000000002,0.19894661892433724,225.8922789017539,301.2698419402857,12897.924971913177,0,0,0,0,0,0,0,0,0.028533659783342127,0,0,1.4
14800.0,0.19604721499529396,225.64156446693673,301.1026080969994,12695.846886365196,0,0,0,0,0,0,0,0,0.020788870445174256,0,0,1.4
14900.0,0.19318648385945217,225.3934203184142,300.93699720030907,12496.830196278202,0,0,0,0,0,0,0,0,0.015045582633978134,0,0,1.4
15000.0,0.19036400828619554,225.14784882577337,300.77301351383863,12300.833477373235,0,0,0,0,0,0,0,0,0.010816626438878133,0,0,1.4
15100.000000000002,0.18757937301075542,224.9048522862388,300.61066123577643,12107.815708352691,0,0,0,0,0,0,0,0,0.007724659690103829,0,0,1.4
15200.000000000002,0.1848321647961849,224.66443292432334,300.44994449823605,11917.736271661559,0,0,0,0,0,0,0,0,0.005479886754006539,0,0,1.4
15300.0,0.18212197249296788,224.42659289148057,300.29086736661986,11730.554954077272,0,0,0,0,0,0,0,0,0.003861610928555758,0,0,1.4
15400.0,0.17944838709630237,224.1913342657596,300.133433838988,11546.231947133103,0,0,0,0,0,0,0,0,0.0027031500246046214,0,0,1.4
15500.0,0.17681100180110657,223.95865905146215,299.97764784543114,11364.727847380465,0,0,0,0,0,0,0,0,0.0018796478311141982,0,0,1.4
15600.000000000002,0.17420941205478524,223.72856917880225,299.8235132474482,11186.003656494777,0,0,0,0,0,0,0,0,0.0012983372864586154,0,0,1.4
15700.000000000002,0.17164321560780366,223.5010665035682,299.6710338373292,11010.020781230009,0,0,0,0,0,0,0,0,0.0008908473137390681,0,0,1.4
15800.0,0.16911201256210892,223.27615280678728,299.52021333754277,10836.741033226579,0,0,0,0,0,0,0,0,0.0006071887598118428,0,0,1.4
15900.0,0.16661540541744174,223.0538297943916,299.37105540012806,10666.126628677306,0,0,0,0,0,0,0,0,0.00041110132394862436,0,0,1.4
16000.0,0.1641529991155824,222.83409909688834,299.2235636060933,10498.140187856285,0,0,0,0,0,0,0,0,0.00027648955589976946,0,0,1.4
16100.000000000002,0.16172440108256947,222.6169622690312,299.07774146481836,10332.74473451487,0,0,0,0,0,0,0,0,0.00018471973203705293,0,0,1.4
16200.0,0.15932922126893673,222.40242078949467,298.93359241346394,10169.903695149656,0,0,0,0,0,0,0,0,0.00012258929637150494,0,0,1.4
16300.0,0.15696707218800646,222.1904760605508,298.791119816385,10009.580898146509,0,0,0,0,0,0,0,0,8.081584499577935e-05,0,0,1.4
16400.000000000004,0.15463756895228087,221.98112940774897,298.65032696455154,9851.740572805144,0,0,0,0,0,0,0,0,5.292308930334432e-05,0,0,1.4
16500.0,0.15234032930797445,221.7743820795975,298.51121707497407,9696.347348248508,0,0,0,0,0,0,0,0,3.4426950912680065e-05,0,0,1.4
16600.0,0.15007497366772346,221.57023524724883,298.3737932901356,9543.36625222098,0,0,0,0,0,0,0,0,2.2246240938048203e-05,0,0,1.4
16700.0,0.1478411251415166,221.3686900041861,298.23805867742965,9392.762709779548,0,0,0,0,0,0,0,0,1.4279710939880352e-05,0,0,1.4
16800.0,0.14563840956588386,221.16974736591388,298.1040162286047,9244.502541882028,0,0,0,0,0,0,0,0,9.105145692289083e-06,0,0,1.4
16900.000000000004,0.14346645553138315,220.97340826965066,297.97166885921496,9098.551963876034,0,0,0,0,0,0,0,0,5.767121299170889e-06,0,0,1.4
17000.0,0.1413248944084247,220.77967357402397,297.84101940807756,8954.877583892743,0,0,0,0,0,0,0,0,3.6285739302258537e-06,0,0,1.4
17100.0,0.13921336037146975,220.58854405876886,297.71207063673677,8813.446401149042,0,0,0,0,0,0,0,0,2.2678669370226193e-06,0,0,1.4
17200.0,0.1371314904216439,220.40002042442885,297.58482522893456,8674.225804161892,0,0,0,0,0,0,0,0,1.4080039283237137e-06,0,0,1.4
17300.0,0.13507892440779953,220.21410329205952,297.4592857900885,8537.183568878288,0,0,0,0,0,0,0,0,8.683501165241276e-07,0,0,1.4
17400.000000000004,0.1330553050460686,220.03079320293523,297.3354548467764,8402.287856724612,0,0,0,0,0,0,0,0,5.319742007757909e-07,0,0,1.4
17500.0,0.13106027793793787,219.85009061825852,297.2133348462284,8269.50721257851,0,0,0,0,0,0,0,0,3.2373598636464224e-07,0,0,1.4
17600.0,0.12909349158688674,219.6719959188723,297.0929281558262,8138.81056266691,0,0,0,0,0,0,0,0,1.957023716990233e-07,0,0,1.4
17700.0,0.12715459741362198,219.4965094049752,296.9742370626096,8010.1672123933695,0,0,0,0,0,0,0,0,1.1751840896833928e-07,0,0,1.4
17800.0,0.1252432497699432,219.3236312958396,296.8572637727909,7883.546844097866,0,0,0,0,0,0,0,0,7.010038784167325e-08,0,0,1.4
17900.000000000004,0.12335910595127811,219.1533617295327,296.7420104112767,7758.919514752421,0,0,0,0,0,0,0,0,4.153743186620566e-08,0,0,1.4
18000.0,0.1215018262079172,218.98570076264053,296.62847902119745,7636.255653595336,0,0,0,0,0,0,0,0,2.4449138824125047e-08,0,0,1.4
18100.0,0.11967107375498508,218.82064836999493,296.51667156344513,7515.526059707205,0,0,0,0,0,0,0,0,1.4295264473418787e-08,0,0,1.4
18200.0,0.11786651478118168,218.6582044444035,296.40658991621854,7396.701899531632,0,0,0,0,0,0,0,0,8.302818150544848e-09,0,0,1.4
18300.0,0.11608781845632478,218.49836879638272,296.2982358745772,7279.754704343385,0,0,0,0,0,0,0,0,4.790309357580476e-09,0,0,1.4
18400.000000000004,0.11433465693772815,218.34114115389428,296.19161115000327,7164.65636766688,0,0,0,0,0,0,0,0,2.7454042358295844e-09,0,0,1.4
18500.0,0.1126067053754465,218.18652116208366,296.0867173699712,7051.379142647612,0,0,0,0,0,0,0,0,1.5629811533721917e-09,0,0,1.4
18600.0,0.11090364191641906,218.03450838302254,295.9835560775268,6939.895639379229,0,0,0,0,0,0,0,0,8.839056024399106e-10,0,0,1.4
18700.0,0.10922514770754353,217.8851022954548,295.8821287308744,6830.178822188858,0,0,0,0,0,0,0,0,4.965497131677306e-10,0,0,1.4
18800.0,0.10757090689770982,217.73830229454416,295.78243670297235,6722.202006883049,0,0,0,0,0,0,0,0,2.7709219156962697e-10,0,0,1.4
18900.000000000004,0.10594060663882565,217.59410769162622,295.6844812811376,6615.9388579569495,0,0,0,0,0,0,0,0,1.5359976217392356e-10,0,0,1.4
19000.0,0.10433393708586126,217.4525177139632,295.58826366665915,6511.363385768931,0,0,0,0,0,0,0,0,8.457879674425875e-11,0,0,1.4
19100.0,0.10275059139594456,217.31353150450244,295.4937849744205,6408.449943683081,0,0,0,0,0,0,0,0,4.6263359317876776e-11,0,0,1.4
19200.000000000004,0.10119026572653526,217.17714812163632,295.4010462325303,6307.173225181774,0,0,0,0,0,0,0,0,2.513723649167395e-11,0,0,1.4
19300.0,0.09965265923270447,217.04336653896843,295.3100483819633,6207.508260950491,0,0,0,0,0,0,0,0,1.3567586543877686e-11,0,0,1.4
19400.000000000004,0.09813747406354956,216.91218564508,295.2207922762101,6109.430415937011,0,0,0,0,0,0,0,0,7.2743195232920685e-12,0,0,1.4
19500.0,0.09664441535777059,216.7836042433014,295.1332786809351,6012.915386387079,0,0,0,0,0,0,0,0,3.8742429360098155e-12,0,0,1.4
19600.0,0.0951731912384353,216.6576210514861,295.04750827364586,5917.939196858491,0,0,0,0,0,0,0,0,2.0496798407275914e-12,0,0,1.4
19700.000000000004,0.0937235128069591,216.5342347017888,294.96348164337013,5824.478197215622,0,0,0,0,0,0,0,0,1.0771840472280018e-12,0,0,1.4
19800.0,0.09229509413632585,216.4134437404459,294.8811992903433,5732.509059606191,0,0,0,0,0,0,0,0,5.62339382649724e-13,0,0,1.4
19900.000000000004,0.0908876522635741,216.29524662755952,294.800661625705,5642.008775422144,0,0,0,0,0,0,0,0,2.9161629638910925e-13,0,0,1.4
20000.0,0.0895009071815758,216.17964173688577,294.721868971206,5552.954652246485,0,0,0,0,0,0,0,0,1.5022070079142493e-13,0,0,1.4
20100.0,0.08813458183012898,216.06662735562492,294.6448215589239,5465.324310787647,0,0,0,0,0,0,0,0,7.686922115607711e-14,0,0,1.4
20200.000000000004,0.08678840208639087,215.95620168421672,294.56951953098996,5379.095681803203,0,0,0,0,0,0,0,0,3.907328106500196e-14,0,0,1.4
20300.0,0.08546209675467371,215.84836283613706,294.4959629393243,5294.24700301444,0,0,0,0,0,0,0,0,1.9729314025733617e-14,0,0,1.4
20400.000000000004,0.08415539755562619,215.74310883770016,294.42415174538235,5210.756816013412,0,0,0,0,0,0,0,0,9.895751774397144e-15,0,0,1.4
20500.0,0.0828680391148242,215.6404376278625,294.3540858199104,5128.603963163969,0,0,0,0,0,0,0,0,4.930492514968065e-15,0,0,1.4
20600.0,0.08159975895079129,215.54034705803141,294.2857649427118,5047.7675844982095,0,0,0,0,0,0,0,0,2.4402623434861218e-15,0,0,1.4
20700.000000000004,0.08035029746247285,215.44283489187598,294.21918880242293,4968.22711460983,0,0,0,0,0,0,0,0,1.1997408214574303e-15,0,0,1.4
20800.0,0.07911939791618268,215.34789880514313,294.15435699629967,4889.962279545674,0,0,0,0,0,0,0,0,5.859263878383647e-16,0,0,1.4
20900.000000000004,0.07790680643204416,215.25553638547487,294.09126903001356,4812.953093696791,0,0,0,0,0,0,0,0,2.842519038273592e-16,0,0,1.4
21000.0,0.07671227196994707,215.16574513223162,294.029924317459,4737.179856690419,0,0,0,0,0,0,0,0,1.3698354790466142e-16,0,0,1.4
21100.0,0.07553554631503757,215.07852245631682,293.97032218056995,4662.623150283894,0,0,0,0,0,0,0,0,6.557497625596502e-17,0,0,1.4
21200.000000000004,0.07437638406276399,214.99386568000665,293.91246184914763,4589.263835261932,0,0,0,0,0,0,0,0,3.1182618191629835e-17,0,0,1.4
21300.0,0.07323454260349392,214.9117720367823,293.8563424606982,4517.0830483381715,0,0,0,0,0,0,0,0,1.472962586061965e-17,0,0,1.4
21400.000000000004,0.07210978210672488,214.83223867116678,293.80196306028114,4446.062199062315,0,0,0,0,0,0,0,0,6.911551648041379e-18,0,0,1.4
21500.0,0.0710018655049036,214.75526263856406,293.749322600368,4376.182966733737,0,0,0,0,0,0,0,0,3.2215442660762762e-18,0,0,1.4
21600.0,0.06991055847687372,214.68084090510297,293.69841994071123,4307.427297322698,0,0,0,0,0,0,0,0,1.491617095336405e-18,0,0,1.4
21700.000000000004,0.06883562943096866,214.60897034748393,293.64925384822465,4239.777400400129,0,0,0,0,0,0,0,0,6.860492668037124e-19,0,0,1.4
21800.0,0.06777684948776674,214.53964775283012,293.601822996873,4173.215746076892,0,0,0,0,0,0,0,0,3.134425561498924e-19,0,0,1.4
21900.000000000004,0.06673399246252432,214.47286981854094,293.5561259675733,4107.725061953417,0,0,0,0,0,0,0,0,1.4225427272862434e-19,0,0,1.4
22000.0,0.06570683484730473,214.40863315215083,293.51216124810605,4043.2883300806743,0,0,0,0,0,0,0,0,6.413238372334208e-20,0,0,1.4
22100.0,0.06469515579281726,214.34693427119007,293.46992723303725,3979.8887839331846,0,0,0,0,0,0,0,0,2.8720642333771485e-20,0,0,1.4
22200.000000000004,0.0636987370899832,214.28776960305063,293.42942222365116,3917.5099053950175,0,0,0,0,0,0,0,0,1.2776609409282201e-20,0,0,1.4
22300.0,0.06271736315124164,214.23113548485415,293.3906444278931,3856.13542175935,0,0,0,0,0,0,0,0,5.646011928960303e-21,0,0,1.4
22400.000000000004,0.06175082099161227,214.17702816332587,293.3535919603241,3795.749302742533,0,0,0,0,0,0,0,0,2.4784072335467677e-21,0,0,1.4
22500.0,0.06079890020952806,214.12544379466976,293.3182628420847,3736.3357575132013,0,0,0,0,0,0,0,0,1.0807077054022165e-21,0,0,1.4
22600.0,0.059861392967451535,214.0763784444491,293.28465500087054,3677.8792317371554,0,0,0,0,0,0,0,0,4.681106603131207e-22,0,0,1.4
22700.000000000004,0.058938093972289274,214.02982808746978,293.2527662709175,3620.364404638665,0,0,0,0,0,0,0,0,2.014157919922342e-22,0,0,1.4
22800.0,0.05802880045561703,213.98578860766807,293.22259439299876,3563.776186078787,0,0,0,0,0,0,0,0,8.608811702776076e-23,0,0,1.4
22900.000000000004,0.05713331215372831,213.94425579800145,293.1941370144311,3508.099713651238,0,0,0,0,0,0,0,0,3.655086023014819e-23,0,0,1.4
23000.0,0.05625143128752003,213.90522536034356,293.167391689093,3453.3203497964714,0,0,0,0,0,0,0,0,1.5415467497115075e-23,0,0,1.4
23100.0,0.05538296254222535,213.868692905383,293.1423558774523,3399.4236789343204,0,0,0,0,0,0,0,0,6.4583339902929096e-24,0,0,1.4
23200.000000000004,0.05452771304700849,213.83465395252531,293.1190269466052,3346.395504615912,0,0,0,0,0,0,0,0,2.687750831171217e-24,0,0,1.4
23300.0,0.053685492354429924,213.80310392979945,293.0974021703253,3294.221846695094,0,0,0,0,0,0,0,0,1.111123191883732e-24,0,0,1.4
23400.000000000004,0.05285611241979549,213.7740381737677,293.0774787291236,3242.8889385199936,0,0,0,0,0,0,0,0,4.562891307635961e-25,0,0,1.4
23500.0,0.05203938758039958,213.7474519294386,293.0592537103178,3192.3832241450395,0,0,0,0,0,0,0,0,1.861327261356547e-25,0,0,1.4
23600.0,0.051235134534672384,213.72334035018562,293.04272410811467,3142.6913555638635,0,0,0,0,0,0,0,0,7.54240860228173e-26,0,0,1.4
23700.000000000004,0.050443172321242666,213.70169849766697,293.0278868236991,3093.8001899634373,0,0,0,0,0,0,0,0,3.03600216997802e-26,0,0,1.4
23800.0,0.049663322297925076,213.68252134175154,293.01473866533706,3045.6967869998257,0,0,0,0,0,0,0,0,1.213944418255938e-26,0,0,1.4
23900.000000000004,0.04889540812064193,213.66580376044777,293.00327634848713,2998.368406095828,0,0,0,0,0,0,0,0,4.8217005029094034e-27,0,0,1.4
24000.0,0.04813925572228966,213.65154053983542,292.99349649592205,2951.802503760874,0,0,0,0,0,0,0,0,1.902419823723561e-27,0,0,1.4
24100.0,0.047394693291557675,213.6397263740027,292.9853956378616,2905.9867309334027,0,0,0,0,0,0,0,0,7.456193979461841e-28,0,0,1.4
24200.000000000004,0.04666155125170992,213.63035586498611,292.9789702121151,2860.908930346028,0,0,0,0,0,0,0,0,2.9029044209596364e-28,0,0,1.4
24300.0,0.04593966223933637,213.62342352271466,292.97421656423415,2816.55713391369,0,0,0,0,0,0,0,0,1.1226722267525387e-28,0,0,1.4
24400.000000000004,0.04522886108308381,213.61892376495783,292.9711309476756,2772.9195601450633,0,0,0,0,0,0,0,0,4.312984770530258e-29,0,0,1.4
24500.0,0.04452898478237385,213.6168509172761,292.96970952397373,2729.9846115774017,0,0,0,0,0,0,0,0,1.6459156463230737e-29,0,0,1.4
24600.0,0.04383987248611494,213.61719921297833,292.9699483629246,2687.740872235001,0,0,0,0,0,0,0,0,6.23938703670053e-30,0,0,1.4
24700.000000000004,0.043161365471417426,213.61996279307942,292.97184344277747,2646.177105111473,0,0,0,0,0,0,0,0,2.3495299328933367e-30,0,0,1.4
24800.0,0.04249330712231796,213.62513570626456,292.9753906504386,2605.282249675975,0,0,0,0,0,0,0,0,8.78870205504893e-31,0,0,1.4
24900.000000000004,0.041835542908520144,213.63271190885484,292.98058578168263,2565.0454194034824,0,0,0,0,0,0,0,0,3.2656768279936576e-31,0,0,1.4
25000.0,0.041187920364159615,213.64268526477997,292.9874245413762,2525.4558993293695,0,0,0,0,0,0,0,0,1.205386632813635e-31,0,0,1.4
25100.0,0.040550289066598015,213.65504954555084,292.99590254370855,2486.503143628187,0,0,0,0,0,0,0,0,4.419612984757709e-32,0,0,1.4
25200.000000000004,0.039922500615254486,213.66979843023935,293.00601531243376,2448.176773216957,0,0,0,0,0,0,0,0,1.6097069314094759e-32,0,0,1.4
25300.0,0.039304408610478854,213.68692550546015,293.01775828112176,2410.4665733828824,0,0,0,0,0,0,0,0,5.823902435302203e-33,0,0,1.4
25400.000000000004,0.038695868632473776,213.70642426535713,293.0311267934185,2373.362491435646,0,0,0,0,0,0,0,0,2.093081171832426e-33,0,0,1.4
25500.0,0.038096738220270966,213.72828811159292,293.0461161033158,2336.8546343843,0,0,0,0,0,0,0,0,7.47244547380424e-34,0,0,1.4
25600.0,0.03750687685076715,213.75251035334315,293.0627213754306,2300.9332666388045,0,0,0,0,0,0,0,0,2.6499894306808448e-34,0,0,1.4
25700.000000000004,0.03692614591782452,213.77908420729383,293.0809376852932,2265.5888077362024,0,0,0,0,0,0,0,0,9.335341986846623e-35,0,0,1.4
25800.0,0.036354408711442215,213.80800279764262,293.10076001964376,2230.8118300915294,0,0,0,0,0,0,0,0,3.26678856206007e-35,0,0,1.4
25900.000000000004,0.035791530397001586,213.83925915610484,293.1221832767403,2196.5930567733535,0,0,0,0,0,0,0,0,1.1355768327985049e-35,0,0,1.4
26000.0,0.03523737799459217,213.87284622192192,293.14520226667236,2162.9233593040294,0,0,0,0,0,0,0,0,3.9211795110667405e-36,0,0,1.4
26100.0,0.034691820358421215,213.9087568418748,293.16981171168584,2129.7937554845876,0,0,0,0,0,0,0,0,1.3449979706235828e-36,0,0,1.4
26200.000000000004,0.03415472815631186,213.94698377030076,293.19600624651565,2097.195407244259,0,0,0,0,0,0,0,0,4.582803508192687e-37,0,0,1.4
26300.0,0.03362597384929415,213.98751966911382,293.2237804187272,2065.1196185145855,0,0,0,0,0,0,0,0,1.5511205375811588e-37,0,0,1.4
26400.000000000004,0.0331054316712926,214.0303571078293,293.2531286890659,2033.5578331280765,0,0,0,0,0,0,0,0,5.215123084620239e-38,0,0,1.4
26500.0,0.032592977608914366,214.07548856359247,293.28404543181597,2002.5016327413546,0,0,0,0,0,0,0,0,1.7417598733398401e-38,0,0,1.4
26600.0,0.03208848938134118,214.1229064212104,293.31652493516685,1971.9427347826902,0,0,0,0,0,0,0,0,5.778521090242461e-39,0,0,1.4
26700.000000000004,0.031591846420329694,214.17260297318774,293.350561401588,1941.8729904239328,0,0,0,0,0,0,0,0,1.9043634070513484e-39,0,0,1.4
26800.0,0.031102929850322147,214.22457041976722,293.38614894821205,1912.2843825766665,0,0,0,0,0,0,0,0,6.234299414907899e-40,0,0,1.4
26900.000000000004,0.030621622468671183,214.27880086897224,293.42328160722536,1883.1690239125314,0,0,0,0,0,0,0,0,2.027356801092658e-40,0,0,1.4
27000.0,0.03014780872598224,214.33528633665563,293.46195332626723,1854.5191549076592,0,0,0,0,0,0,0,0,6.549036693867847e-41,0,0,1.4
27100.0,0.029681374706575933,214.39401874654936,293.50215796883595,1826.3271419110542,0,0,0,0,0,0,0,0,2.1014998467232057e-41,0,0,1.4
27200.000000000004,0.029222208109072913,214.4549899303211,293.54388931470373,1798.585475236845,0,0,0,0,0,0,0,0,6.698630229831991e-42,0,0,1.4
27300.0,0.028770198227104648,214.5181916276317,293.58714106033733,1771.2867672802845,0,0,0,0,0,0,0,0,2.1210326352389147e-42,0,0,1.4
27400.000000000004,0.028325235930151686,214.58361548619882,293.6319068193283,1744.42375065737,0,0,0,0,0,0,0,0,6.671344998264021e-43,0,0,1.4
27500.0,0.027887213644512337,214.6512530618632,293.67818012282873,1717.9892763679586,0,0,0,0,0,0,0,0,2.0844148224879745e-43,0,0,1.4
27600.0,0.02745602533440393,214.72109581865834,293.72595441999493,1691.9763119822526,0,0,0,0,0,0,0,0,6.469334527840212e-44,0,0,1.4
27700.000000000004,0.02703156648319841,214.7931351288852,293.7752230784381,1666.3779398504998,0,0,0,0,0,0,0,0,1.9945263059231478e-44,0,0,1.4
27800.0,0.02661373407479439,214.86736227318985,293.8259793846822,1641.1873553357698,0,0,0,0,0,0,0,0,6.108360100502183e-45,0,0,1.4
27900.000000000004,0.02620242657512786,214.94376844064473,293.8782165446276,1616.3978650696688,0,0,0,0,0,0,0,0,1.8582930311493715e-45,0,0,1.4
28000.0,0.025797543913822715,215.02234472883413,293.9319276840227,1592.0028852308292,0,0,0,0,0,0,0,0,5.615759083108281e-46,0,0,1.4
28100.0,0.025398987465983076,215.1030821439439,293.9871058489414,1567.9959398460192,0,0,0,0,0,0,0,0,1.685805403978485e-46,0,0,1.4
28200.000000000004,0.0250066600341289,215.1859716008531,294.0437440062665,1544.3706591137038,0,0,0,0,0,0,0,0,5.027025851145825e-47,0,0,1.4
28300.0,0.02462046583027624,215.2710039232318,294.1018350441808,1521.120777749922,0,0,0,0,0,0,0,0,1.489085034436202e-47,0,0,1.4
28400.000000000004,0.024240310458163206,215.3581698436411,294.16137177266324,1498.2401333562584,0,0,0,0,0,0,0,0,4.381598535072686e-48,0,0,1.4
28500.0,0.02386610089562354,215.4474600036368,294.2223469239909,1475.7226648097999,0,0,0,0,0,0,0,0,1.280708730179104e-48,0,0,1.4
28600.0,0.023497745477107854,215.53886495387755,294.28475315324783,1453.562410674839,0,0,0,0,0,0,0,0,3.718543452106379e-49,0,0,1.4
28700.000000000004,0.023135153876354925,215.6323751542372,294.34858303883937,1431.7535076362276,0,0,0,0,0,0,0,0,1.0725068010927852e-49,0,0,1.4
28800.0,0.022778237089212613,215.72798097391833,294.41382908301097,1410.290188954104,0,0,0,0,0,0,0,0,3.072783431782695e-50,0,0,1.4
28900.000000000004,0.022426907416609736,215.8256726915726,294.4804837123742,1389.1667829398662,0,0,0,0,0,0,0,0,8.74517598611621e-51,0,0,1.4
29000.0,0.022081078447680685,215.9254404954237,294.5485392784375,1368.3777114532545,0,0,0,0,0,0,0,0,2.4723494654771884e-51,0,0,1.4
29100.0,0.021740665043041136,216.02727448339246,294.6179880581413,1347.9174884202039,0,0,0,0,0,0,0,0,6.943139099928522e-52,0,0,1.4
29200.000000000004,0.02140558331821839,216.131164663228,294.68882225439944,1327.7807183714817,0,0,0,0,0,0,0,0,1.9368972275128665e-52,0,0,1.4
29300.0,0.021075750627233932,216.2371009526413,294.761033996645,1307.9620950017227,0,0,0,0,0,0,0,0,5.367375659817066e-53,0,0,1.4
29400.000000000004,0.020751085546340902,216.34507317944244,294.8346153413808,1288.4563997488099,0,0,0,0,0,0,0,0,1.4774817010146898e-53,0,0,1.4
29500.0,0.02043150785791573,216.45507108168135,294.90955827273484,1269.25850039334,0,0,0,0,0,0,0,0,4.040051791013907e-54,0,0,1.4
29600.0,0.020116938534504372,216.56708430779392,294.98585470302066,1250.3633496779976,0,0,0,0,0,0,0,0,1.0973785268056069e-54,0,0,1.4
29700.000000000004,0.01980729972302376,216.68110241674873,295.0634964733009,1231.7659839466362,0,0,0,0,0,0,0,0,2.9609473597803274e-55,0,0,1.4
29800.0,0.019502514729117973,216.7971148782009,295.142475353957,1213.4615218028666,0,0,0,0,0,0,0,0,7.936145448010162e-56,0,0,1.4
29900.000000000004,0.019202508001669987,216.91511107264574,295.2227830452607,1195.4451627879612,0,0,0,0,0,0,0,0,2.112969626835565e-56,0,0,1.4
30000.0,0.01890720511746849,217.03508029158004,295.30441117795186,1177.7121860778748,0,0,0,0,0,0,0,0,5.588324201151901e-57,0,0,1.4
30100.0,0.018616532766029946,217.15701173766394,295.3873513138187,1160.257949199175,0,0,0,0,0,0,0,0,1.4681642200149152e-57,0,0,1.4
30200.000000000004,0.018330418734575867,217.28089452488757,295.47159494628215,1143.0778867636832,0,0,0,0,0,0,0,0,3.831531336676463e-58,0,0,1.4
30300.0,0.01804879189316505,217.4067176787417,295.55713350098387,1126.1675092216328,0,0,0,0,0,0,0,0,9.932871823929411e-59,0,0,1.4
30400.000000000004,0.017771582179980757,217.5344701363905,295.6439583363775,1109.5224016331335,0,0,0,0,0,0,0,0,2.5578907073399337e-59,0,0,1.4
30500.0,0.017498720586772286,217.66414074685017,295.7320607443238,1093.1382224577453,0,0,0,0,0,0,0,0,6.54325492150288e-60,0,0,1.4
30600.0,0.017230139144451127,217.79571827116905,295.82143195068835,1077.010702361963,0,0,0,0,0,0,0,0,1.6626866136819864e-60,0,0,1.4
30700.000000000004,0.016965770908841077,217.92919138261192,295.9120631159424,1061.13564304441,0,0,0,0,0,0,0,0,4.196929398893228e-61,0,0,1.4
30800.0,0.016705549946581567,218.06454866684874,296.0039453357671,1045.508916078516,0,0,0,0,0,0,0,0,1.0523437600783667e-61,0,0,1.4
30900.000000000004,0.016449411321184933,218.20177862214555,296.0970696416601,1030.1264617725358,0,0,0,0,0,0,0,0,2.62112842618743e-62,0,0,1.4
31000.0,0.016197291079245606,218.34086965955927,296.19142700154396,1014.9842880466224,0,0,0,0,0,0,0,0,6.485204479338401e-63,0,0,1.4
31100.0,0.01594912623680211,218.481810103138,296.28700832037987,1000.0784693268529,0,0,0,0,0,0,0,0,1.5939098374520388e-63,0,0,1.4
31200.000000000004,0.01570485476585051,218.62458819012133,296.3838044407804,985.405145455913,0,0,0,0,0,0,0,0,3.8914238076609225e-64,0,0,1.4
31300.0,0.015464415581008995,218.76919207114665,296.48180614362616,970.9605206203096,0,0,0,0,0,0,0,0,9.437522836966838e-65,0,0,1.4
31400.000000000004,0.015227748526332881,218.91560981045882,296.58100414868505,956.7408622938713,0,0,0,0,0,0,0,0,2.273590275127022e-65,0,0,1.4
31500.0,0.014994794362279566,219.06382938612185,296.6813891152321,942.7425001973587,0,0,0,0,0,0,0,0,5.440904383645407e-66,0,0,1.4
31600.0,0.014765494752822628,219.21383869023586,296.7829516426723,928.9618252739867,0,0,0,0,0,0,0,0,1.2934054547280723e-66,0,0,1.4
31700.000000000004,0.01453979225271425,219.365625529156,296.88568227116457,915.3952886806429,0,0,0,0,0,0,0,0,3.0542387717912616e-67,0,0,1.4
31800.0,0.014317630294895455,219.5191776237161,296.98957148224775,902.0394007946301,0,0,0,0,0,0,0,0,7.164336686063513e-68,0,0,1.4
31900.000000000004,0.014098953178053217,219.67448260945505,297.0946096994677,888.8907302357227,0,0,0,0,0,0,0,0,1.669374179474519e-68,0,0,1.4
32000.0,0.013883706054323739,219.83152803684632,297.20078728900575,875.9459029033472,0,0,0,0,0,0,0,0,3.8639909454061227e-69,0,0,1.4
32100.0,0.013671834917140892,219.99030137153176,297.30809456030875,863.2016010286893,0,0,0,0,0,0,0,0,8.884299928795862e-70,0,0,1.4
32200.000000000004,0.013463286589229339,220.1507899945584,297.41652176671954,850.6545622415491,0,0,0,0,0,0,0,0,2.0291540850867696e-70,0,0,1.4
32300.000000000004,0.013258008710740949,220.31298120261854,297.52605910610947,838.3015786517301,0,0,0,0,0,0,0,0,4.6037480214791e-71,0,0,1.4
32400.0,0.013055949727534157,220.47686220829357,297.6366967215104,826.1394959447994,0,0,0,0,0,0,0,0,1.0375589170352905e-71,0,0,1.4
32500.0,0.012857058879594888,220.6424201403008,297.7484247017486,814.1652124920059,0,0,0,0,0,0,0,0,2.322836772133353e-72,0,0,1.4
32600.0,0.012661286189598312,220.80964204374357,297.86123308207834,802.3756784741774,0,0,0,0,0,0,0,0,5.1657016738119945e-73,0,0,1.4
32700.000000000004,0.012468582451610638,220.97851488036625,297.9751118448169,790.7678950194304,0,0,0,0,0,0,0,0,1.1411550429065412e-73,0,0,1.4
32800.00000000001,0.012278899219929543,221.14902552881014,298.09005091997943,779.338913354465,0,0,0,0,0,0,0,0,2.5041750810224372e-74,0,0,1.4
32900.0,0.01209218879806282,221.32116078487434,298.20604018591325,768.0858339693127,0,0,0,0,0,0,0,0,5.458702537318358e-75,0,0,1.4
33000.0,0.011908404227843372,221.49490736178055,298.32306946993464,757.0058057952947,0,0,0,0,0,0,0,0,1.1820037965977765e-75,0,0,1.4
33100.0,0.011727499278680805,221.6702518904387,298.44112854896235,746.0960253960823,0,0,0,0,0,0,0,0,2.542453493974391e-76,0,0,1.4
33200.0,0.0115494284369472,221.84718091971894,298.5602071501544,735.3537361716116,0,0,0,0,0,0,0,0,5.432401584797963e-77,0,0,1.4
33300.00000000001,0.011374146895497046,222.02568091672495,298.680294951542,724.776227574721,0,0,0,0,0,0,0,0,1.1530162293865425e-77,0,0,1.4
33400.0,0.011201610543319713,222.20573826707084,298.8013815826645,714.3608343403071,0,0,0,0,0,0,0,0,2.4309928236303176e-78,0,0,1.4
33500.0,0.011031775955323661,222.38733927516287,298.9234566252044,704.1049357268502,0,0,0,0,0,0,0,0,5.0913931831663445e-79,0,0,1.4
33600.0,0.010864600382251116,222.57047016448203,299.04650961361995,694.0059547701037,0,0,0,0,0,0,0,0,1.0592398232431405e-79,0,0,1.4
33700.0,0.010700041740722303,222.75511707787192,299.170530035779,684.0613575488086,0,0,0,0,0,0,0,0,2.1890549681289018e-80,0,0,1.4
33800.00000000001,0.010538058603408021,222.94126607782854,299.2955073335908,674.2686524622417,0,0,0,0,0,0,0,0,4.493903448307772e-81,0,0,1.4
33900.0,0.01037861018932945,223.1289031467949,299.4214309036382,664.6253895194368,0,0,0,0,0,0,0,0,9.164220097707287e-82,0,0,1.4
34000.0,0.010221656354283952,223.3180141874577,299.548290097808,655.1291596399013,0,0,0,0,0,0,0,0,1.856401832076833e-82,0,0,1.4
34100.0,0.010067157581396305,223.508585023047,299.67607422391984,645.7775939656934,0,0,0,0,0,0,0,0,3.735538089253706e-83,0,0,1.4
34200.0,0.009915074971793338,223.70060139764033,299.80477254635537,636.5683631846512,0,0,0,0,0,0,0,0,7.466877959477373e-84,0,0,1.4
34300.00000000001,0.009765370235401456,223.8940489764698,299.93437428668557,627.499176864642,0,0,0,0,0,0,0,0,1.4826192710039356e-84,0,0,1.4
34400.0,0.009618005681866016,224.0889133462316,300.06486862429574,618.567782798677,0,0,0,0,0,0,0,0,2.9243202512193276e-85,0,0,1.4
34500.0,0.009472944211590732,224.28518001539894,300.19624469701034,609.7719663606956,0,0,0,0,0,0,0,0,5.7296082143206944e-86,0,0,1.4
34600.0,0.009330149306896822,224.4828344145397,300.3284916017161,601.1095498719158,0,0,0,0,0,0,0,0,1.1151405906787604e-86,0,0,1.4
34700.0,0.009189585023299985,224.6818618966348,300.4615983949827,592.5783919775391,0,0,0,0,0,0,0,0,2.1559516929295904e-87,0,0,1.4
34800.00000000001,0.00905121598090447,224.88224773740274,300.59555409368323,584.1763870336969,0,0,0,0,0,0,0,0,4.1405032561787385e-88,0,0,1.4
34900.0,0.008915007355913098,225.08397713562445,300.7303476756111,575.9014645044708,0,0,0,0,0,0,0,0,7.898996817162925e-89,0,0,1.4
35000.0,0.008780924872251863,225.2870352134731,300.86596808009625,567.751588368836,0,0,0,0,0,0,0,0,1.4969091759772081e-89,0,0,1.4
35100.0,0.00864893479330803,225.49140701684752,301.00240420861985,559.7247565373787,0,0,0,0,0,0,0,0,2.8178875990541934e-90,0,0,1.4
35200.0,0.008519003913780765,225.697077515707,301.13964492542505,551.8190002786491,0,0,0,0,0,0,0,0,5.269344398370651e-91,0,0,1.4
35300.00000000001,0.008391099551642824,225.9040316044105,301.27767905812766,544.0323836549918,0,0,0,0,0,0,0,0,9.788005543030815e-92,0,0,1.4
35400.0,0.008265189540212341,226.11225410205896,301.41649539832304,536.3630029677156,0,0,0,0,0,0,0,0,1.8060781236409956e-92,0,0,1.4
35500.0,0.00814124222033358,226.32172975284166,301.5560827021929,528.8089862114723,0,0,0,0,0,0,0,0,3.3104235377143446e-93,0,0,1.4
35600.0,0.008019226432665338,226.5324432263836,301.6964296911068,521.368492537678,0,0,0,0,0,0,0,0,6.027473278970636e-94,0,0,1.4
35700.0,0.007899111510076011,226.74437911809767,301.8375250522235,514.0397117268627,0,0,0,0,0,0,0,0,1.0901637320795394e-94,0,0,1.4
35800.00000000001,0.007780867270144057,226.95752194954025,301.97935743908937,506.8208636698014,0,0,0,0,0,0,0,0,1.9586321054385168e-95,0,0,1.4
35900.0,0.007664464007762775,227.17185616876776,302.1219154722327,499.71019785728635,0,0,0,0,0,0,0,0,3.495575702497881e-96,0,0,1.4
36000.0,0.007549872487848218,227.38736615070076,302.2651877397587,492.70599287842265,0,0,0,0,0,0,0,0,6.197110759223667e-97,0,0,1.4
36100.0,0.007437063938149109,227.6040361974855,302.4091627979378,485.8065559272916,0,0,0,0,0,0,0,0,1.0913511439425159e-97,0,0,1.4
36200.0,0.007326010042157651,227.82185053886425,302.5538291717949,479.010222317879,0,0,0,0,0,0,0,0,1.9091693837487868e-98,0,0,1.4
36300.00000000001,0.007216682932120028,228.04079333254396,302.6991753556923,472.31535500711317,0,0,0,0,0,0,0,0,3.3176389252888288e-99,0,0,1.4
36400.0,0.007109055182145561,228.2608486645724,302.8451898139134,465.72034412590904,0,0,0,0,0,0,0,0,5.72688520780633e-100,0,0,1.4
36500.0,0.0070030998014132305,228.4820005497136,302.99186098123977,459.22360651806844,0,0,0,0,0,0,0,0,9.820023827956614e-101,0,0,1.4
36600.0,0.0068987902274747085,228.70423293182958,303.13917726352884,452.823585286943,0,0,0,0,0,0,0,0,1.6726740089525714e-101,0,0,1.4
36700.0,0.006796100319652524,228.92752968426353,303.28712703828546,446.51874934970755,0,0,0,0,0,0,0,0,2.8301847017541773e-102,0,0,1.4
36800.00000000001,0.00669500435253233,229.15187461022649,303.43569865523244,440.30759299913933,0,0,0,0,0,0,0,0,4.756888294457165e-103,0,0,1.4
36900.0,0.006595477009548324,229.37725144318742,303.5848804368767,434.18863547278823,0,0,0,0,0,0,0,0,7.942108767298247e-104,0,0,1.4
37000.0,0.006497493376660439,229.60364384726628,303.734660679073,428.1604205294032,0,0,0,0,0,0,0,0,1.3172051234319155e-104,0,0,1.4
37100.0,0.00640102893612251,229.83103541763052,303.885027651584,422.22151603252087,0,0,0,0,0,0,0,0,2.170079756038489e-105,0,0,1.4
37200.0,0.0063060595603400245,230.05940968089496,304.03596959863745,416.3705135410799,0,0,0,0,0,0,0,0,3.551425292675008e-106,0,0,1.4
37300.00000000001,0.006212561505816702,230.28875009552397,304.1874747394796,410.60602790696913,0,0,0,0,0,0,0,0,5.773436247767867e-107,0,0,1.4
37400.0,0.006120511407188548,230.51904005223705,304.33953126892476,404.92669687938087,0,0,0,0,0,0,0,0,9.323323835175492e-108,0,0,1.4
37500.0,0.006029886271344431,230.75026287441867,304.492127357903,399.3311807158702,0,0,0,0,0,0,0,0,1.4955876399237462e-108,0,0,1.4
37600.0,0.0059406634716322225,230.9824018185312,304.6452511540034,393.81816180001545,0,0,0,0,0,0,0,0,2.3831845180784217e-109,0,0,1.4
37700.0,0.005852820742149219,231.21544007452826,304.79889078201296,388.38634426555393,0,0,0,0,0,0,0,0,3.7723169405671116e-110,0,0,1.4
37800.00000000001,0.005766336172115986,231.44936076627613,304.95303434445407,383.03445362691406,0,0,0,0,0,0,0,0,5.9314842617166904e-111,0,0,1.4
37900.0,0.0056811882003325945,231.68414695197345,305.1076699221161,377.76123641602254,0,0,0,0,0,0,0,0,9.264527917344814e-112,0,0,1.4
38000.0,0.005597355609715913,231.9197816245776,305.2627855745854,372.5654598252803,0,0,0,0,0,0,0,0,1.4374339887567762e-112,0,0,1.4
38100.0,0.005514817521917523,232.15624771223335,305.4183693407706,367.44591135663615,0,0,0,0,0,0,0,0,2.2154258996471122e-113,0,0,1.4
38200.0,0.005433553392020574,232.39352807870392,305.5744092394244,362.4013984766173,0,0,0,0,0,0,0,0,3.391807927203217e-114,0,0,1.4
38300.00000000001,0.005353543003315036,232.63160552380523,305.7308932696612,357.4307482772485,0,0,0,0,0,0,0,0,5.158340146720352e-115,0,0,1.4
38400.00000000001,0.005274766462150173,232.8704627838457,305.8878094114723,352.5328071427567,0,0,0,0,0,0,0,0,7.792797765583248e-116,0,0,1.4
38500.0,0.005197204192863261,233.1100825320667,306.04514562623666,347.70644042196074,0,0,0,0,0,0,0,0,1.1694496775415771e-116,0,0,1.4
38600.0,0.005120836932783595,233.35044737908743,306.20288985722743,342.9505321062565,0,0,0,0,0,0,0,0,1.7433090093510778e-117,0,0,1.4
38700.0,0.005045645727310753,233.5915398733528,306.3610300301152,338.26398451310354,0,0,0,0,0,0,0,0,2.581498720600538e-118,0,0,1.4
38800.00000000001,0.004971611925066227,233.8333425015845,306.51955405346763,333.6457179749252,0,0,0,0,0,0,0,0,3.797293423798213e-119,0,0,1.4
38900.00000000001,0.004898717173117406,234.0758376892366,306.6784498192452,329.09467053333043,0,0,0,0,0,0,0,0,5.548570437344271e-120,0,0,1.4
39000.0,0.004826943412272985,234.31900780095228,306.8377052032925,324.6097976385677,0,0,0,0,0,0,0,0,8.053650031401451e-121,0,0,1.4
39100.0,0.004756272872448861,234.56283514102577,306.99730806582676,320.1900718541291,0,0,0,0,0,0,0,0,1.1612055608624794e-121,0,0,1.4
39200.0,0.0046866880681035354,234.80730195386653,307.15724625192155,315.83448256641105,0,0,0,0,0,0,0,0,1.663145188731471e-122,0,0,1.4
39300.00000000001,0.0046181717937421735,235.05239042446732,307.317507591987,311.54203569935504,0,0,0,0,0,0,0,0,2.3662243764034963e-123,0,0,1.4
39400.00000000001,0.004550707119488408,235.29808267887677,307.47807990224715,307.31175343398746,0,0,0,0,0,0,0,0,3.344154917094973e-124,0,0,1.4
39500.0,0.0044842773867228075,235.54436078467143,307.6389509852109,303.142673932756,0,0,0,0,0,0,0,0,4.694848203866486e-125,0,0,1.4
39600.0,0.004418866203787379,235.79120675143636,307.8001086301419,299.0338510686152,0,0,0,0,0,0,0,0,6.547287709180808e-126,0,0,1.4
39700.0,0.004354457441755068,236.03860253124495,307.96154061352246,294.9843541587565,0,0,0,0,0,0,0,0,9.069973115535359e-127,0,0,1.4
39800.00000000001,0.004291035230263276,236.28653001914572,308.1232346995156,290.99326770291,0,0,0,0,0,0,0,0,1.2481169390016623e-127,0,0,1.4
39900.00000000001,0.004228583953410765,236.5349710536486,308.28517864042055,287.05969112614827,0,0,0,0,0,0,0,0,1.7061187598259563e-128,0,0,1.4
40000.0,0.004167088245716884,236.78390741721898,308.4473601771275,283.18273852611077,0,0,0,0,0,0,0,0,2.316690100085406e-129,0,0,1.4
40100.0,0.004106532988142335,237.0333208367706,308.60976703956476,279.36153842457065,0,0,0,0,0,0,0,0,3.124865510626899e-130,0,0,1.4
40200.0,0.004046903304170683,237.2831929841675,308.77238694714674,275.5952335232858,0,0,0,0,0,0,0,0,4.1869658828716045e-131,0,0,1.4
40300.00000000001,0.003988184555949683,237.53350547672426,308.9352076092135,271.88298046404117,0,0,0,0,0,0,0,0,5.5727840860823937e-132,0,0,1.4
40400.00000000001,0.003930362340491629,237.7842398777113,309.09821672546803,268.22394959282417,0,0,0,0,0,0,0,0,7.368001662898361e-133,0,0,1.4
40500.0,0.003873422485931943,238.03537769686696,309.26140198641207,264.61732472806574,0,0,0,0,0,0,0,0,9.676803382198564e-134,0,0,1.4
40600.0,0.003817351047845112,238.28690039090932,309.4247510737746,261.06230293286546,0,0,0,0,0,0,0,0,1.2624634748946753e-134,0,0,1.4
40700.0,0.003762134305617319,238.538789364053,309.5882516609384,257.5580942911482,0,0,0,0,0,0,0,0,1.636102208124978e-135,0,0,1.4
40800.00000000001,0.003707758758874745,238.79102596852888,309.75189141336153,254.1039216876684,0,0,0,0,0,0,0,0,2.1062346002274825e-136,0,0,1.4
40900.00000000001,0.0036542111239670307,239.04359150510922,309.9156579889969,250.69902059181723,0,0,0,0,0,0,0,0,2.6934428090260036e-137,0,0,1.4
41000.0,0.00360147833050487,239.29646722363452,310.07953903870595,247.34263884514684,0,0,0,0,0,0,0,0,3.421475838153359e-138,0,0,1.4
41100.0,0.0035495475179511404,239.54963432354722,310.24352220667123,244.03403645256486,0,0,0,0,0,0,0,0,4.317416032222627e-139,0,0,1.4
41200.0,0.003498406032264722,239.80307395442267,310.4075951308006,240.77248537712154,0,0,0,0,0,0,0,0,5.411766199225564e-140,0,0,1.4
41300.00000000001,0.003448041422596341,240.05676721651244,310.5717454431338,237.5572693383483,0,0,0,0,0,0,0,0,6.73843207875716e-141,0,0,1.4
41400.00000000001,0.0033984414380355816,240.3106951612844,310.73596077023996,234.38768361406352,0,0,0,0,0,0,0,0,8.334573637219047e-142,0,0,1.4
41500.0,0.0033495940244084145,240.5648387919708,310.9002287336146,231.26303484560302,0,0,0,0,0,0,0,0,1.0240298687824794e-142,0,0,1.4
41600.0,0.0033014873211244787,240.81917906411755,311.0645369500716,228.18264084640765,0,0,0,0,0,0,0,0,1.2498173924286215e-143,0,0,1.4
41700.0,0.003254109658073518,241.07369688613906,311.22887303213156,225.14583041392112,0,0,0,0,0,0,0,0,1.5152531907110713e-144,0,0,1.4
41800.00000000001,0.0032074495525700004,241.3283731198772,311.3932245884079,222.1519431447235,0,0,0,0,0,0,0,0,1.8248558067387693e-145,0,0,1.4
41900.00000000001,0.0031614957063455687,241.583188581162,311.5575792239869,219.20032925286463,0,0,0,0,0,0,0,0,2.18311495107386e-146,0,0,1.4
42000.0,0.0031162370025883163,241.8381240403793,311.72192454080675,216.29034939132669,0,0,0,0,0,0,0,0,2.5943547295438383e-147,0,0,1.4
42100.0,0.0030716625030283917,242.0931602230401,311.88624813803114,213.4213744765692,0,0,0,0,0,0,0,0,3.0625755743007335e-148,0,0,1.4
42200.0,0.0030277614450692296,242.3482778103547,312.0505376124203,210.59278551610507,0,0,0,0,0,0,0,0,3.591277585353218e-149,0,0,1.4
42300.00000000001,0.00298452323896374,242.60345743981222,312.214780558699,207.80397343905412,0,0,0,0,0,0,0,0,4.18326944860717e-150,0,0,1.4
42400.00000000001,0.002941937465034657,242.85867970576092,312.37896456991905,205.054338929611,0,0,0,0,0,0,0,0,4.8404685886118666e-151,0,0,1.4
42500.0,0.0028999938709387257,243.1139251599966,312.54307723782114,202.34329226340387,0,0,0,0,0,0,0,0,5.563699649314187e-152,0,0,1.4
42600.0,0.0028586823689736593,243.36917431235304,312.70710615319166,199.67025314666103,0,0,0,0,0,0,0,0,6.352499671663404e-153,0,0,1.4
42700.0,0.002817993033427665,243.6244076312963,312.8710389062159,197.03465055816724,0,0,0,0,0,0,0,0,7.204939344255331e-154,0,0,1.4
42800.00000000001,0.0027779160979705514,243.87960554452476,313.03486308682943,194.4359225939381,0,0,0,0,0,0,0,0,8.117470334805331e-155,0,0,1.4
42900.00000000001,0.0027384419530860297,244.13474843957167,313.19856628506443,191.8735163145788,0,0,0,0,0,0,0,0,9.084808868690346e-156,0,0,1.4
43000.0,0.0026995611435445288,244.38981666441535,313.36213609139526,189.34688759528012,0,0,0,0,0,0,0,0,1.0099865327379477e-156,0,0,1.4
43100.0,0.002661264365915827,244.64479052808795,313.5255600970769,186.85550097839126,0,0,0,0,0,0,0,0,1.1153728643533093e-157,0,0,1.4
43200.0,0.0026235424661211685,244.8996503012957,313.68882589448515,184.3988295285542,0,0,0,0,0,0,0,0,1.2235712655615712e-158,0,0,1.4
43300.00000000001,0.0025863864370239383,245.1543762170376,313.8519210774497,181.97635469032045,0,0,0,0,0,0,0,0,1.3333469378983309e-159,0,0,1.4
43400.00000000001,0.00254978741605857,245.40894847123297,314.0148332415866,179.58756614823326,0,0,0,0,0,0,0,0,1.4433171423098124e-160,0,0,1.4
43500.0,0.0025137366828970335,245.66334722335037,314.177549984626,177.23196168932017,0,0,0,0,0,0,0,0,1.5519762650067951e-161,0,0,1.4
43600.0,0.0024782256571522897,245.9175525970439,314.34005890673916,174.90904706795638,0,0,0,0,0,0,0,0,1.6577272782698082e-162,0,0,1.4
43700.0,0.0024432458961182696,246.17154468079056,314.50234761085915,172.61833587305938,0,0,0,0,0,0,0,0,1.758918821755726e-163,0,0,1.4
43800.00000000001,0.0024087890925457074,246.42530352853643,314.6644037030022,170.3593493975727,0,0,0,0,0,0,0,0,1.8538867988032156e-164,0,0,1.4
43900.00000000001,0.0023748470724533777,246.67880916034622,314.82621479258535,168.13161651020053,0,0,0,0,0,0,0,0,1.9409990869554078e-165,0,0,1.4
44000.0,0.002341411792974126,246.93204156305399,314.9877684927386,165.93467352934763,0,0,0,0,0,0,0,0,2.0187017230991515e-166,0,0,1.4
44100.0,0.0023084753402352505,247.18498069092593,315.14905242061894,163.76806409923884,0,0,0,0,0,0,0,0,2.0855647595086426e-167,0,0,1.4
44200.0,0.002276029927272634,247.4376064663199,315.3100541977172,161.63133906816515,0,0,0,0,0,0,0,0,2.1403259120103495e-168,0,0,1.4
44300.00000000001,0.002244067891978198,247.68989878035686,315.47076145016575,159.52405636883432,0,0,0,0,0,0,0,0,2.1819301444313108e-169,0,0,1.4
44400.00000000001,0.002212581695080044,247.94183749359323,315.63116180904217,157.4457809007737,0,0,0,0,0,0,0,0,2.2095634573888712e-170,0,0,1.4
44500.0,0.0021815639181549406,248.19340243669802,315.7912429106692,155.39608441476258,0,0,0,0,0,0,0,0,2.2226793704247494e-171,0,0,1.4
44600.0,0.0021510072616725195,248.44457341114037,315.9509923969162,153.37454539925187,0,0,0,0,0,0,0,0,2.2210168941019638e-172,0,0,1.4
44700.0,0.002120904543070837,248.69533018987383,316.11039791549297,151.38074896873889,0,0,0,0,0,0,0,0,2.2046091664366487e-173,0,0,1.4
44800.00000000001,0.0020912486948626444,248.94565251803363,316.2694471202458,149.4142867540593,0,0,0,0,0,0,0,0,2.1737823544397946e-174,0,0,1.4
44900.00000000001,0.002062032762772126,249.19552011363444,316.42812767144824,147.47475679457176,0,0,0,0,0,0,0,0,2.1291448716341121e-175,0,0,1.4
45000.0,0.0020332499039013483,249.44491266827518,316.58642723609137,145.56176343218635,0,0,0,0,0,0,0,0,2.0715674094752692e-176,0,0,1.4
45100.0,0.0020048933849262595,249.69380984785002,316.7443334881717,143.67491720722404,0,0,0,0,0,0,0,0,2.0021546981609643e-177,0,0,1.4
45200.0,0.0019769565803215926,249.94219129326194,316.90183410897555,141.81383475605998,0,0,0,0,0,0,0,0,1.9222102760510526e-178,0,0,1.4
45300.00000000001,0.001949432970614244,250.19003662114596,317.0589167873637,139.97813871052432,0,0,0,0,0,0,0,0,1.8331958362909466e-179,0,0,1.4
45400.00000000001,0.0019223161406648136,250.4373254245931,317.21556922005186,138.16745759903446,0,0,0,0,0,0,0,0,1.7366869190989997e-180,0,0,1.4
45500.0,0.0018955997779766564,250.68403727388645,317.37177911189207,136.38142574941858,0,0,0,0,0,0,0,0,1.6343268194792093e-181,0,0,1.4
45600.0,0.0018692776710322848,250.93015171723428,317.52753417614787,134.61968319341187,0,0,0,0,0,0,0,0,1.5277805806061644e-182,0,0,1.4
45700.0,0.001843343707656433,251.17564828151686,317.6828221347725,132.88187557278647,0,0,0,0,0,0,0,0,1.4186908470662644e-183,0,0,1.4
45800.00000000001,0.0018177918734055632,251.4205064730353,317.8376307186825,131.16765404709378,0,0,0,0,0,0,0,0,1.3086371698554577e-184,0,0,1.4
45900.00000000001,0.001792616249983308,251.66470577826533,317.9919476680298,129.47667520298592,0,0,0,0,0,0,0,0,1.1991001018420304e-185,0,0,1.4
46000.0,0.0017678110136814702,251.90822566462248,318.14576073247514,127.80860096509363,0,0,0,0,0,0,0,0,1.0914311172320145e-186,0,0,1.4
46100.0,0.001743370433846159,252.15104558122295,318.2990576714537,126.16309850842369,0,0,0,0,0,0,0,0,9.868290524615075e-188,0,0,1.4
46200.0,0.0017192888713687448,252.3931449596642,318.4518262544479,124.53984017226689,0,0,0,0,0,0,0,0,8.863234203927507e-189,0,0,1.4
46300.00000000001,0.001695560777201115,252.6345032147988,318.604054261251,122.93850337556742,0,0,0,0,0,0,0,0,7.907646151254858e-190,0,0,1.4
46400.00000000001,0.0016721806908949974,252.8750997455229,318.75572948223396,121.35877053374904,0,0,0,0,0,0,0,0,7.008207192238432e-191,0,0,1.4
46500.0,0.001649143239164846,253.11491393556838,318.90683971861023,119.80032897695807,0,0,0,0,0,0,0,0,6.169803632857751e-192,0,0,1.4
46600.0,0.0016264431344739862,253.35392515429962,319.0573727826981,118.26287086970382,0,0,0,0,0,0,0,0,5.39560880027238e-193,0,0,1.4
46700.0,0.0016040751736436688,253.59211275751994,319.20731649818356,116.74609313187472,0,0,0,0,0,0,0,0,4.6872084746216914e-194,0,0,1.4
46800.00000000001,0.0015820342364846348,253.82945608828174,319.356658700381,115.24969736110134,0,0,0,0,0,0,0,0,4.0447602994533104e-195,0,0,1.4
46900.00000000001,0.0015603152844508013,254.06593447770516,319.50538723649396,113.77338975644184,0,0,0,0,0,0,0,0,3.467176994521971e-196,0,0,1.4
47000.0,0.0015389133593148707,254.30152724580174,319.65348996587403,112.31688104337604,0,0,0,0,0,0,0,0,2.952323466960837e-197,0,0,1.4
47100.0,0.0015178235818652647,254.5362137023076,319.8009547602809,110.87988640006894,0,0,0,0,0,0,0,0,2.4972186417988625e-198,0,0,1.4
47200.0,0.001497041150624348,254.76997314751796,319.94776950413757,109.46212538489955,0,0,0,0,0,0,0,0,2.0982339098510057e-199,0,0,1.4
47300.00000000001,0.0014765613405873315,255.00278487313648,320.0939220947912,108.06332186521924,0,0,0,0,0,0,0,0,1.7512814117119785e-200,0,0,1.4
47400.00000000001,0.0014563795019817184,255.23462816312392,320.2394004427675,106.68320394732476,0,0,0,0,0,0,0,0,1.4519868330876005e-201,0,0,1.4
47500.0,0.0014364910590468649,255.46548229455752,320.38419247202756,105.32150390762216,0,0,0,0,0,0,0,0,1.1958428786923732e-202,0,0,1.4
47600.0,0.0014168915088333598,255.69532653849924,320.5282861202253,103.9779581249618,0,0,0,0,0,0,0,0,9.783410324715322e-204,0,0,1.4
47700.0,0.001397576420021952,255.9241401608657,320.67166933896084,102.65230701412385,0,0,0,0,0,0,0,0,7.950805308607817e-205,0,0,1.4
47800.00000000001,0.0013785414317616343,256.1519024233108,320.8143300940378,101.34429496043292,0,0,0,0,0,0,0,0,6.418546219789684e-206,0,0,1.4
47900.00000000001,0.001359782252526652,256.3785925841132,320.95625636571833,100.05367025548419,0,0,0,0,0,0,0,0,5.147151249563943e-207,0,0,1.4
48000.0,0.0013412946589921265,256.6041898990695,321.09743614897667,98.7801850339609,0,0,0,0,0,0,0,0,4.100170258036806e-208,0,0,1.4
48100.0,0.0013230744949278908,256.8286736224022,321.2378574537584,97.5235952115205,0,0,0,0,0,0,0,0,3.2444535080974886e-209,0,0,1.4
48200.0,0.00130511767011044,257.0520230076635,321.37750830523163,96.28366042373692,0,0,0,0,0,0,0,0,2.5502685954860224e-210,0,0,1.4
48300.00000000001,0.001287420159252539,257.274217308658,321.51637674404515,95.06014396607733,0,0,0,0,0,0,0,0,1.991292206859673e-211,0,0,1.4
48400.00000000001,0.001269978000950269,257.4952357803666,321.65445082658397,93.85281273489305,0,0,0,0,0,0,0,0,1.5445030444153755e-212,0,0,1.4
48500.0,0.0012527872966472315,257.71505767988,321.79171862522475,92.66143716940987,0,0,0,0,0,0,0,0,1.1900007818841616e-213,0,0,1.4
48600.0,0.001235844209615671,257.9336622673403,321.9281682285931,91.48579119470224,0,0,0,0,0,0,0,0,9.10773588963809e-215,0,0,1.4
48700.0,0.0012191449639541566,258.151028806892,322.0637877418217,90.32565216562844,0,0,0,0,0,0,0,0,6.924338863105887e-216,0,0,1.4
48800.00000000001,0.0012026858436016204,258.3671365676374,322.1985652868068,89.180800811712,0,0,0,0,0,0,0,0,5.229388429455225e-217,0,0,1.4
48900.00000000001,0.0011864631913675225,258.58196482460227,322.3324890024665,88.05102118295814,0,0,0,0,0,0,0,0,3.9230892959946344e-218,0,0,1.4
49000.0,0.001170473407977789,258.795492859714,322.46554704500306,86.93610059658187,0,0,0,0,0,0,0,0,2.9235477318851594e-219,0,0,1.4
49100.0,0.0011547129511363255,259.00769996277774,322.5977275881591,85.83582958463164,0,0,0,0,0,0,0,0,2.16419748297529e-220,0,0,1.4
49200.0,0.0011391783346018753,259.21856543247407,322.72901882348305,84.75000184250163,0,0,0,0,0,0,0,0,1.5914327452373326e-221,0,0,1.4
49300.00000000001,0.001123866127279954,259.428068577351,322.85940896058713,83.67841417830702,0,0,0,0,0,0,0,0,1.162477071040143e-222,0,0,1.4
49400.00000000001,0.0011087729523295564,259.6361887168387,322.9888862274147,82.62086646311182,0,0,0,0,0,0,0,0,8.435002286772098e-224,0,0,1.4
49500.0,0.0010938954862845431,259.8429051822627,323.1174388705029,81.57716158199669,0,0,0,0,0,0,0,0,6.079819938110802e-225,0,0,1.4
49600.0,0.0010792304581892802,260.0481973178685,323.2450551552484,80.5471053859433,0,0,0,0,0,0,0,0,4.3531229472346936e-226,0,0,1.4
49700.0,0.0010647746487485038,260.2520444818595,323.37172336617675,79.53050664453531,0,0,0,0,0,0,0,0,3.096106226690279e-227,0,0,1.4
49800.00000000001,0.0010505248894910045,260.45442604743744,323.49743180720986,78.52717699944611,0,0,0,0,0,0,0,0,2.1874366067959772e-228,0,0,1.4
49900.00000000001,0.0010364780619470278,260.655321403856,323.62216880193694,77.53693091871148,0,0,0,0,0,0,0,0,1.5351817614644752e-229,0,0,1.4
50000.0,0.0010226310968390684,260.8547099574814,323.7459226938867,76.55958565176397,0,0,0,0,0,0,0,0,1.0702588606626899e-230,0,0,1.4
50100.0,0.0010089809732859944,261.05257113286603,323.8686818468028,75.5949611852293,0,0,0,0,0,0,0,0,7.411780775793114e-232,0,0,1.4
50200.0,0.0009955247180200777,261.24888437382384,323.9904346449173,74.6428801994522,0,0,0,0,0,0,0,0,5.098718111157227e-233,0,0,1.4
50300.00000000001,0.000982259404616906,261.44362914452404,324.11116949323076,73.70316802575803,0,0,0,0,0,0,0,0,3.48420855169937e-234,0,0,1.4
50400.00000000001,0.0009691821527378595,261.63678493059047,324.2308748177928,72.77565260442486,0,0,0,0,0,0,0,0,2.365113494564647e-235,0,0,1.4
50500.0,0.0009562901273849967,261.8283312402055,324.34953906598133,71.8601644433581,0,0,0,0,0,0,0,0,1.5947937800370226e-236,0,0,1.4
50600.0,0.0009435805381681294,262.01824760523573,324.4671507067915,70.95653657745771,0,0,0,0,0,0,0,0,1.0682226536668194e-237,0,0,1.4
50700.0,0.0009310506385838747,262.20651358235364,324.5836982311184,70.0646045286584,0,0,0,0,0,0,0,0,7.107612423562896e-239,0,0,1.4
50800.00000000001,0.0009186977253065464,262.39310875417965,324.69917015204913,69.1842062666419,0,0,0,0,0,0,0,0,4.6977553444173527e-240,0,0,1.4
50900.00000000001,0.0009065191374906174,262.5780127304282,324.8135550051538,68.31518217019939,0,0,0,0,0,0,0,0,3.0843365206945446e-241,0,0,1.4
51000.0,0.0008945122560846174,262.76120514906916,324.9268413487811,67.45737498923975,0,0,0,0,0,0,0,0,2.0115823697718134e-242,0,0,1.4
51100.0,0.0008826745031562698,262.9426656774915,325.0390177643541,66.61062980742844,0,0,0,0,0,0,0,0,1.3032225573070527e-243,0,0,1.4
51200.0,0.0008710033412286528,263.12237401368606,325.1500728566719,65.77479400544757,0,0,0,0,0,0,0,0,8.386950114069803e-245,0,0,1.4
51300.00000000001,0.0008594962726272604,263.30030988743255,325.2599952542126,64.94971722486719,0,0,0,0,0,0,0,0,5.361597828398346e-246,0,0,1.4
51400.00000000001,0.0008481508388377434,263.47645306150065,325.3687736094399,64.13525133261616,0,0,0,0,0,0,0,0,3.404780451649916e-247,0,0,1.4
51500.0,0.0008369646198741695,263.6507833328573,325.47639659911147,63.331250386041326,0,0,0,0,0,0,0,0,2.1477745627206358e-248,0,0,1.4
51600.0,0.0008259352336576208,263.8232805338907,325.5828529245932,62.53757059854669,0,0,0,0,0,0,0,0,1.3458385983427887e-249,0,0,1.4
51700.0,0.0008150603354049883,263.9939245336396,325.6881313121748,61.754070305801754,0,0,0,0,0,0,0,0,8.377259490842236e-251,0,0,1.4
51800.00000000001,0.0008043376170277646,264.16269523903645,325.7922205133893,60.98060993250889,0,0,0,0,0,0,0,0,5.179831832294083e-252,0,0,1.4
51900.00000000001,0.0007937648065406837,264.32957259615927,325.89510930533584,60.217051959719555,0,0,0,0,0,0,0,0,3.181515590150735e-253,0,0,1.4
52000.0,0.0007833396674800663,264.49453659149907,325.9967864910087,59.46326089269329,0,0,0,0,0,0,0,0,1.941141321728386e-254,0,0,1.4
52100.0,0.0007730599983316507,264.6575672532297,326.09724089962447,58.71910322928202,0,0,0,0,0,0,0,0,1.1764811064244254e-255,0,0,1.4
52200.0,0.0007629236319678486,264.81864465250055,326.1964613869604,57.984447428842486,0,0,0,0,0,0,0,0,7.08300360620576e-257,0,0,1.4
52300.00000000001,0.0007529284350941938,264.97774890472954,326.29443683569036,57.259163881657,0,0,0,0,0,0,0,0,4.235987522858217e-258,0,0,1.4
52400.00000000001,0.0007430723077048364,265.13486017091435,326.3911561557289,56.54312487885753,0,0,0,0,0,0,0,0,2.516497973363789e-259,0,0,1.4
52500.0,0.0007333531825470158,265.2899586589537,326.4866082845782,55.83620458284895,0,0,0,0,0,0,0,0,1.4850572666159013e-260,0,0,1.4
52600.0,0.000723769024594248,265.4430246249766,326.58078218767804,55.13827899821372,0,0,0,0,0,0,0,0,8.70551605631452e-262,0,0,1.4
52700.0,0.0007143178305281632,265.5940383746896,326.6736668587633,54.449225943097304,0,0,0,0,0,0,0,0,5.069329771382125e-263,0,0,1.4
52800.00000000001,0.0007049976282288639,265.7429802647292,326.76525132022255,53.7689250210648,0,0,0,0,0,0,0,0,2.932319379161925e-264,0,0,1.4
52900.00000000001,0.0006958064762735616,265.889830704033,326.8555246234649,53.0972575934152,0,0,0,0,0,0,0,0,1.6849099718238643e-265,0,0,1.4
53000.0,0.0006867424634434933,266.0345701552145,326.9444758492873,52.434106751953045,0,0,0,0,0,0,0,0,9.61715983699153e-267,0,0,1.4
53100.0,0.0006778037082388806,266.1771791359581,327.0320941082511,51.77935729220524,0,0,0,0,0,0,0,0,5.452826395042328e-268,0,0,1.4
53200.0,0.0006689883584018308,266.3176382204188,327.11836854105934,51.13289568707431,0,0,0,0,0,0,0,0,3.0711512925796355e-269,0,0,1.4
53300.00000000001,0.0006602945904470723,266.45592804064086,327.20328831894324,50.49461006092558,0,0,0,0,0,0,0,0,1.7182464497720068e-270,0,0,1.4
53400.00000000001,0.0006517206092003654,266.59202928798476,327.2868426440517,49.86439016409628,0,0,0,0,0,0,0,0,9.549363001145633e-272,0,0,1.4
53500.0,0.0006432646473444463,266.72592271456625,327.36902074984545,49.242127347818354,0,0,0,0,0,0,0,0,5.2719107982225055e-273,0,0,1.4
53600.0,0.000634924964972458,266.8575891347092,327.4498119014976,48.62771453955508,0,0,0,0,0,0,0,0,2.8911219269439294e-274,0,0,1.4
53700.0,0.0006266998491486536,266.9870094264104,327.52920539630003,48.0210462187361,0,0,0,0,0,0,0,0,1.574959771110763e-275,0,0,1.4
53800.00000000001,0.0006185876134762903,267.1141645328179,327.6071905640751,47.422018392887786,0,0,0,0,0,0,0,0,8.522700486422997e-277,0,0,1.4
53900.00000000001,0.0006105865976726329,267.2390354637198,327.68375676759234,46.830528574154215,0,0,0,0,0,0,0,0,4.5813101161463503e-278,0,0,1.4
54000.0,0.0006026951671508723,267.3616032970493,327.7588934029928,46.24647575619718,0,0,0,0,0,0,0,0,2.4462839102688404e-279,0,0,1.4
54100.0,0.0005949117126089155,267.48184918039664,327.83258990021625,45.6697603914726,0,0,0,0,0,0,0,0,1.2975638282484372e-280,0,0,1.4
54200.0,0.0005872346496248986,267.599754332542,327.9048357234388,45.100284368876444,0,0,0,0,0,0,0,0,6.836838250978159e-282,0,0,1.4
54300.00000000001,0.0005796624182593034,267.71530004499425,327.97562037151283,44.537950991750655,0,0,0,0,0,0,0,0,3.5783810367317544e-283,0,0,1.4
54400.00000000001,0.0005721934826636075,267.82846768354733,328.0449333784159,43.982664956247945,0,0,0,0,0,0,0,0,1.8604695462354933e-284,0,0,1.4
54500.0,0.0005648263306953317,267.9392386898443,328.11276431370277,43.434332330045315,0,0,0,0,0,0,0,0,9.608669393041787e-286,0,0,1.4
54600.0,0.0005575594735393654,268.0475945829618,328.17910278296824,42.892860531401624,0,0,0,0,0,0,0,0,4.929565477480223e-287,0,0,1.4
54700.0,0.0005503914453355091,268.1535169610029,328.24393842831427,42.35815830855434,0,0,0,0,0,0,0,0,2.512226149084196e-288,0,0,1.4
54800.00000000001,0.0005433208028120956,268.2569875027051,328.307260928824,41.8301357194482,0,0,0,0,0,0,0,0,1.2717844992242646e-289,0,0,1.4
54900.00000000001,0.0005363461249256162,268.35798796905783,328.3690600010413,41.30870411179128,0,0,0,0,0,0,0,0,6.395478253078461e-291,0,0,1.4
55000.0,0.000529466012506208,268.4565002049414,328.4293253994616,40.79377610343122,0,0,0,0,0,0,0,0,3.1947525766467315e-292,0,0,1.4
55100.0,0.0005226790879089809,268.55250614076806,328.4880469170235,40.28526556304904,0,0,0,0,0,0,0,0,1.5852805640640592e-293,0,0,1.4
55200.0,0.0005159839946709971,268.64598779415206,328.5452143856159,39.78308759116203,0,0,0,0,0,0,0,0,7.814114030905058e-295,0,0,1.4
55300.00000000001,0.0005093793971738944,268.7369272715757,328.6008176765833,39.28715850143249,0,0,0,0,0,0,0,0,3.826115336468536e-296,0,0,1.4
55400.00000000001,0.0005028639803119993,268.82530677008145,328.6548467012448,38.797395802276256,0,0,0,0,0,0,0,0,1.8609772922321273e-297,0,0,1.4
55500.0,0.0004964364491658672,268.91110857897456,328.7072914114197,38.31371817876628,0,0,0,0,0,0,0,0,8.991430541231941e-299,0,0,1.4
55600.0,0.0004900955286811636,268.9943150815372,328.75814179995854,37.83604547482656,0,0,0,0,0,0,0,0,4.315401587467102e-300,0,0,1.4
55700.0,0.00048383996335277105,269.0749087567589,328.80738790128447,37.36429867570987,0,0,0,0,0,0,0,0,2.057398144081743e-301,0,0,1.4
55800.00000000001,0.00047766851691407393,269.1528721810798,328.85501979194095,36.89839989075721,0,0,0,0,0,0,0,0,9.743616314803428e-303,0,0,1.4
55900.00000000001,0.0004715799720313035,269.2281880301479,328.90102759114853,36.438272336431865,0,0,0,0,0,0,0,0,4.58381105392469e-304,0,0,1.4
56000.0,0.00046557313000287256,269.30083908058884,328.9454014613681,35.98384031962395,0,0,0,0,0,0,0,0,2.142091138888043e-305,0,0,1.4
56100.0,0.0004596468104636174,269.3708082117946,328.9881316088759,35.5350292212222,0,0,0,0,0,0,0,0,9.943834447705946e-307,0,0,1.4
56200.0,0.00045379985109386906,269.4380784077194,329.02920828434316,35.091765479946645,0,0,0,0,0,0,0,0,4.585371520306366e-308,0,0,1.4
56300.00000000001,0.0004480311073332601,269.5026327586919,329.06862178342436,34.653976576438325,0,0,0,0,0,0,0,0,2.10038968457319e-309,0,0,1.4
56400.00000000001,0.0004423394520992113,269.5644544632477,329.1063624473598,34.22159101760369,0,0,0,0,0,0,0,0,9.557183565936e-311,0,0,1.4
56500.0,0.0004367237755099983,269.6235268299644,329.1424206635779,33.79453832120547,0,0,0,0,0,0,0,0,4.31981036324e-312,0,0,1.4
56600.0,0.00043118298461233053,269.67983327932126,329.1767868663149,33.3727490006993,0,0,0,0,0,0,0,0,1.9395641115e-313,0,0,1.4
56700.0,0.0004257160031133857,269.73335734556883,329.20945153723875,32.95615455031142,0,0,0,0,0,0,0,0,8.65064122e-315,0,0,1.4
56800.00000000001,0.00042032177111717817,269.78408267860715,329.24040520608094,32.544687430349576,0,0,0,0,0,0,0,0,3.83263223e-316,0,0,1.4
56900.00000000001,0.00041499924486526645,269.83199304589033,329.2696384512832,32.13828105275135,0,0,0,0,0,0,0,0,1.6867475e-317,0,0,1.4
57000.0,0.0004097473964816395,269.877072334335,329.29714190064846,31.736869766856202,0,0,0,0,0,0,0,0,7.37467e-319,0,0,1.4
57100.0,0.00040456521372177944,269.9193045522472,329.32290623200345,31.340388845404604,0,0,0,0,0,0,0,0,3.2015e-320,0,0,1.4
57200.0,0.00039945169972580637,269.9586738312607,329.3469221738691,30.948774470757414,0,0,0,0,0,0,0,0,1.334e-321,0,0,1.4
57300.00000000001,0.0003944058727756401,269.99516442829736,329.36918050614554,30.561963721333434,0,0,0,0,0,0,0,0,0.0,0,0,1.4
57400.00000000001,0.00038942676605609736,270.02876072752855,329.3896720607994,30.179894558257807,0,0,0,0,0,0,0,0,0.0,0,0,1.4
57500.0,0.00038451342741990406,270.0594472423612,329.4083877225666,29.802505812223817,0,0,0,0,0,0,0,0,0.0,0,0,1.4
57600.0,0.0003796649191564875,270.0872086174354,329.42531842966406,29.42973717055778,0,0,0,0,0,0,0,0,0.0,0,0,1.4
57700.0,0.00037488031776456934,270.1120296306333,329.4404551745102,29.06152916448983,0,0,0,0,0,0,0,0,0.0,0,0,1.4
57800.00000000001,0.0003701587137284271,270.13389519510923,329.45378900445945,28.69782315662308,0,0,0,0,0,0,0,0,0.0,0,0,1.4
57900.00000000001,0.00036549921129778665,270.15279036132216,329.4653110225404,28.33856132859739,0,0,0,0,0,0,0,0,0.0,0,0,1.4
58000.0,0.00036090092827131224,270.16870031909275,329.47501238821053,27.983686668949176,0,0,0,0,0,0,0,0,0.0,0,0,1.4
58100.0,0.00035636299578358606,270.1816103996694,329.4828843181193,27.633142961158384,0,0,0,0,0,0,0,0,0.0,0,0,1.4
58200.0,0.000351884558095562,270.19150607781506,329.4889180868851,27.28687477188413,0,0,0,0,0,0,0,0,0.0,0,0,1.4
58300.00000000001,0.0003474647723884176,270.19837297389034,329.4931050278733,26.944827439381857,0,0,0,0,0,0,0,0,0.0,0,0,1.4
58400.00000000001,0.0003431028085607336,270.20219685597584,329.49543653399985,26.60694706210231,0,0,0,0,0,0,0,0,0.0,0,0,1.4
58500.0,0.0003387978490289831,270.20296364198776,329.49590405853405,26.273180487467485,0,0,0,0,0,0,0,0,0.0,0,0,1.4
58600.0,0.0003345490885312401,270.2006594018146,329.49449911591716,25.94347530082072,0,0,0,0,0,0,0,0,0.0,0,0,1.4
58700.0,0.00033035573393407026,270.19527035947243,329.4912132825943,25.617779814548886,0,0,0,0,0,0,0,0,0.0,0,0,1.4
58800.00000000001,0.0003262170040425625,270.1867828952642,329.48603819785313,25.296043057373517,0,0,0,0,0,0,0,0,0.0,0,0,1.4
58900.00000000001,0.00032213212941340966,270.17518354795806,329.4789655646769,24.978214763806246,0,0,0,0,0,0,0,0,0.0,0,0,1.4
59000.0,0.00031810035217104415,270.1604590169844,329.46998715061187,24.664245363770185,0,0,0,0,0,0,0,0,0.0,0,0,1.4
59100.0,0.0003141209258267304,270.1425961646314,329.45909478863825,24.354085972379057,0,0,0,0,0,0,0,0,0.0,0,0,1.4
59200.0,0.00031019311510058326,270.1215820182711,329.4462803780631,24.047688379875677,0,0,0,0,0,0,0,0,0.0,0,0,1.4
59300.00000000001,0.0003063161957464765,270.0974037725842,329.43153588541634,23.745005041725364,0,0,0,0,0,0,0,0,0.0,0,0,1.4
59400.00000000001,0.0003024894543797607,270.07004879181005,329.41485334536645,23.445989068861444,0,0,0,0,0,0,0,0,0.0,0,0,1.4
59500.0,0.00029871218830779283,270.0395046120023,329.3962248616437,23.15059421808241,0,0,0,0,0,0,0,0,0.0,0,0,1.4
59600.0,0.0002949837053631676,270.0057589432984,329.37564260797626,22.858774882594165,0,0,0,0,0,0,0,0,0.0,0,0,1.4
59700.0,0.0002913033237396757,269.96879967220025,329.353098829038,22.570486082699986,0,0,0,0,0,0,0,0,0.0,0,0,1.4
59800.00000000001,0.00028767037183087963,269.9286148638788,329.3285858414154,22.285683456631972,0,0,0,0,0,0,0,0,0.0,0,0,1.4
59900.00000000001,0.00028408418807131144,269.88519276447147,329.3020960345753,22.004323251522738,0,0,0,0,0,0,0,0,0.0,0,0,1.4
60000.0,0.0002805441207802341,269.838521803412,329.2736218718574,21.726362314517182,0,0,0,0,0,0,0,0,0.0,0,0,1.4
60100.0,0.00027704952800789166,269.78859059576024,329.24315589147255,21.451758084016802,0,0,0,0,0,0,0,0,0.0,0,0,1.4
60200.0,0.0002735997773842784,269.7353879445449,329.2106907075136,21.180468581061078,0,0,0,0,0,0,0,0,0.0,0,0,1.4
60300.00000000001,0.00027019424597030583,269.6789028431276,329.17621901098613,20.912452400838095,0,0,0,0,0,0,0,0,0.0,0,0,1.4
60400.00000000001,0.0002668323201113883,269.6191244775648,329.139733570843,20.647668704325195,0,0,0,0,0,0,0,0,0.0,0,0,1.4
60500.0,0.0002635133952933735,269.55604222899433,329.10122723504077,20.386077210057,0,0,0,0,0,0,0,0,0.0,0,0,1.4
60600.0,0.00026023687600079264,269.4896456760231,329.06069293160203,20.127638186017872,0,0,0,0,0,0,0,0,0.0,0,0,1.4
60700.0,0.00025700217557739506,269.4199245971336,329.01812366969745,19.87231244165863,0,0,0,0,0,0,0,0,0.0,0,0,1.4
60800.00000000001,0.00025380871608890416,269.34686897309973,328.97351254073857,19.620061320032452,0,0,0,0,0,0,0,0,0.0,0,0,1.4
60900.00000000001,0.00025065592818800347,269.27046898940927,328.9268527194833,19.370846690051742,0,0,0,0,0,0,0,0,0.0,0,0,1.4
61000.0,0.00024754325098147033,269.1907150387,328.8781374651554,19.12463093886073,0,0,0,0,0,0,0,0,0.0,0,0,1.4
61100.0,0.00024447013189944877,269.1075977232134,328.82736012258346,18.881376964324346,0,0,0,0,0,0,0,0,0.0,0,0,1.4
61200.0,0.00024143602656681525,269.0211078572405,328.7745141233414,18.64104816762892,0,0,0,0,0,0,0,0,0.0,0,0,1.4
61300.00000000001,0.00023844039867661242,268.9312364696013,328.71959298691917,18.40360844599654,0,0,0,0,0,0,0,0,0.0,0,0,1.4
61400.00000000001,0.00023548271986549948,268.83797480610883,328.66259032189004,18.169022185506364,0,0,0,0,0,0,0,0,0.0,0,0,1.4
61500.0,0.00023256246959121144,268.74131433207,328.60349982711034,17.937254254026957,0,0,0,0,0,0,0,0,0.0,0,0,1.4
61600.0,0.00022967913501196292,268.641246734767,328.5423152929153,17.708269994251484,0,0,0,0,0,0,0,0,0.0,0,0,1.4
61700.0,0.00022683221086779065,268.5377639259744,328.47903060234535,17.482035216839805,0,0,0,0,0,0,0,0,0.0,0,0,1.4
61800.00000000001,0.00022402119936379693,268.43085804446775,328.41363973237645,17.25851619366256,0,0,0,0,0,0,0,0,0.0,0,0,1.4
61900.00000000001,0.0002212456100552441,268.32052145854004,328.3461367551648,17.03767965114511,0,0,0,0,0,0,0,0,0.0,0,0,1.4
62000.0,0.00021850495973449279,268.20674676854503,328.2765158393171,16.819492763712727,0,0,0,0,0,0,0,0,0.0,0,0,1.4
62100.0,0.00021579877231974994,268.089526809426,328.2047712511617,16.603923147332704,0,0,0,0,0,0,0,0,0.0,0,0,1.4
62200.0,0.00021312657874558193,267.9688546532634,328.1308973560418,16.390938853152555,0,0,0,0,0,0,0,0,0.0,0,0,1.4
62300.00000000001,0.00021048791685517065,267.8447236118319,328.05488861962425,16.18050836123289,0,0,0,0,0,0,0,0,0.0,0,0,1.4
62400.00000000001,0.0002078823312942984,267.7171272391567,327.9767396092186,15.972600574373915,0,0,0,0,0,0,0,0,0.0,0,0,1.4
62500.0,0.00020530937340701045,267.5860593340816,327.8964449951143,15.767184812033113,0,0,0,0,0,0,0,0,0.0,0,0,1.4
62600.0,0.00020276860113294456,267.4515139428439,327.81399955193297,15.564230804333581,0,0,0,0,0,0,0,0,0.0,0,0,1.4
62700.0,0.0002002595789062829,267.31348536165586,327.7293981599962,15.363708686160358,0,0,0,0,0,0,0,0,0.0,0,0,1.4
62800.00000000001,0.00019778187755632577,267.1719681392805,327.6426358067016,15.165588991344647,0,0,0,0,0,0,0,0,0.0,0,0,1.4
62900.00000000001,0.0001953350742096278,267.02695707963704,327.5537075879285,14.969842646934014,0,0,0,0,0,0,0,0,0.0,0,0,1.4
63000.0,0.00019291875219369864,266.87844724437923,327.4626087094397,14.776440967546133,0,0,0,0,0,0,0,0,0.0,0,0,1.4
63100.0,0.0001905325009422263,266.7264339555106,327.36933448831786,14.585355649807209,0,0,0,0,0,0,0,0,0.0,0,0,1.4
63200.0,0.00018817591590181154,266.57091279797623,327.2738803544011,14.396558766871298,0,0,0,0,0,0,0,0,0.0,0,0,1.4
63300.00000000001,0.00018584859844015844,266.4118796222785,327.1762418517449,14.210022763019687,0,0,0,0,0,0,0,0,0.0,0,0,1.4
63400.00000000001,0.00018355015575574756,266.2493305470866,327.07641464009504,14.02572044834122,0,0,0,0,0,0,0,0,0.0,0,0,1.4
63500.0,0.00018128020078891127,266.08326196184584,326.97439449637284,13.843624993488412,0,0,0,0,0,0,0,0,0.0,0,0,1.4
63600.0,0.00017903835213433646,265.9136705293992,326.87017731618255,13.663709924512457,0,0,0,0,0,0,0,0,0.0,0,0,1.4
63700.0,0.00017682423395492963,265.7405531886047,326.76375911532995,13.48594911777193,0,0,0,0,0,0,0,0,0.0,0,0,1.4
63800.00000000001,0.0001746374758970633,265.56390715695187,326.65513603135537,13.310316794917366,0,0,0,0,0,0,0,0,0.0,0,0,1.4
63900.00000000001,0.00017247771300713967,265.3837299331887,326.5443043250873,13.136787517947884,0,0,0,0,0,0,0,0,0.0,0,0,1.4
64000.0,0.00017034458564947882,265.2000192999383,326.43126038220544,12.965336184340067,0,0,0,0,0,0,0,0,0.0,0,0,1.4
64100.00000000001,0.00016823773942550288,265.01277332632463,326.3160007148244,12.795938022248265,0,0,0,0,0,0,0,0,0.0,0,0,1.4
64200.0,0.00016615682509419174,264.8219903705898,326.19852196308767,12.62856858577422,0,0,0,0,0,0,0,0,0.0,0,0,1.4
64300.0,0.00016410149849377406,264.6276690827213,326.07882089678475,12.463203750304679,0,0,0,0,0,0,0,0,0.0,0,0,1.4
64400.00000000001,0.00016207142046467793,264.42980840706275,325.9568944169732,12.299819707918031,0,0,0,0,0,0,0,0,0.0,0,0,1.4
64500.0,0.0001600662567736642,264.2284075849406,325.83273955762814,12.138392962856212,0,0,0,0,0,0,0,0,0.0,0,0,1.4
64600.00000000001,0.00015808567803917025,264.02346615726975,325.70635348729536,11.97890032706276,0,0,0,0,0,0,0,0,0.0,0,0,1.4
64700.0,0.0001561293596578047,263.8149839671792,325.57773351077407,11.821318915784826,0,0,0,0,0,0,0,0,0.0,0,0,1.4
64800.0,0.00015419698173201727,263.6029611626038,325.44687707079663,11.665626143239058,0,0,0,0,0,0,0,0,0.0,0,0,1.4
64900.00000000001,0.00015228822899888072,263.3873981989029,325.31378174974265,11.511799718339832,0,0,0,0,0,0,0,0,0.0,0,0,1.4
65000.0,0.00015040279075999134,263.16829584145285,325.1784452713552,11.359817640488288,0,0,0,0,0,0,0,0,0.0,0,0,1.4
65100.00000000001,0.00014854036081247594,262.9456551682464,325.0408655024802,11.209658195423325,0,0,0,0,0,0,0,0,0.0,0,0,1.4
65200.0,0.00014670063738106152,262.71947757247665,324.9010404548147,11.061299951130623,0,0,0,0,0,0,0,0,0.0,0,0,1.4
65300.0,0.00014488332305121347,262.4897647651249,324.7589682866775,10.914721753811452,0,0,0,0,0,0,0,0,0.0,0,0,1.4
65400.00000000001,0.00014308812470330734,262.2565187775365,324.6146473047915,10.769902723908382,0,0,0,0,0,0,0,0,0.0,0,0,1.4
65500.0,0.00014131475344784055,262.0197419639798,324.46807596607573,10.626822252188596,0,0,0,0,0,0,0,0,0.0,0,0,1.4
65600.00000000001,0.00013956292456163786,261.7794370042147,324.31925287946365,10.485459995882879,0,0,0,0,0,0,0,0,0.0,0,0,1.4
65700.0,0.00013783235742505226,261.53560690604303,324.1681768077306,10.345795874879634,0,0,0,0,0,0,0,0,0.0,0,0,1.4
65800.0,0.00013612277546014255,261.2882550078447,324.014846669334,10.207810067973124,0,0,0,0,0,0,0,0,0.0,0,0,1.4
65900.0,0.00013443390606980872,261.0373849811151,323.8592615402747,10.071483009165542,0,0,0,0,0,0,0,0,0.0,0,0,1.4
66000.0,0.00013276548057787583,260.7830008329753,323.70142065596417,9.936795384021469,0,0,0,0,0,0,0,0,0.0,0,0,1.4
66100.00000000001,0.0001311172341700968,260.5251069086881,323.5413234131165,9.803728126074219,0,0,0,0,0,0,0,0,0.0,0,0,1.4
66200.0,0.00012948890583607082,260.263707894158,323.3789693716533,9.672262413283287,0,0,0,0,0,0,0,0,0.0,0,0,1.4
66300.0,0.00012788023831206675,259.99880881839846,323.2143582566104,9.542379664541931,0,0,0,0,0,0,0,0,0.0,0,0,1.4
66400.0,0.0001262909780247152,259.7304150560156,323.04748996007856,9.414061536234366,0,0,0,0,0,0,0,0,0.0,0,0,1.4
66500.0,0.0001247208750355816,259.45853232965334,322.878364543143,9.287289918841804,0,0,0,0,0,0,0,0,0.0,0,0,1.4
66600.00000000001,0.000123169682986586,259.18316671244526,322.7069822378507,9.162046933596798,0,0,0,0,0,0,0,0,0.0,0,0,1.4
66700.0,0.00012163715904626624,258.90432463041606,322.5333434491714,9.03831492918395,0,0,0,0,0,0,0,0,0.0,0,0,1.4
66800.0,0.00012012306385686469,258.6220128649154,322.35744875700175,8.916076478488813,0,0,0,0,0,0,0,0,0.0,0,0,1.4
66900.0,0.0001186271614822269,258.33623855498263,322.17929891815214,8.795314375390854,0,0,0,0,0,0,0,0,0.0,0,0,1.4
67000.0,0.00011714921935650567,258.04700919973027,321.99889486837003,8.67601163160345,0,0,0,0,0,0,0,0,0.0,0,0,1.4
67100.00000000001,0.00011568900823364178,257.75433266069535,321.8162377243687,8.558151473557288,0,0,0,0,0,0,0,0,0.0,0,0,1.4
67200.0,0.00011424630213762445,257.45821716416486,321.6313287858654,8.441717339328026,0,0,0,0,0,0,0,0,0.0,0,0,1.4
67300.0,0.00011282087831351265,257.15867130349227,321.4441695376403,8.326692875607623,0,0,0,0,0,0,0,0,0.0,0,0,1.4
67400.0,0.0001114125171791962,256.85570404138247,321.25476165160177,8.21306193471741,0,0,0,0,0,0,0,0,0.0,0,0,1.4
67500.0,0.00011002100227790491,256.54932471216193,321.0631069888701,8.100808571664347,0,0,0,0,0,0,0,0,0.0,0,0,1.4
67600.00000000001,0.00010864612023142997,256.23954302402353,320.86920760187115,7.989917041237769,0,0,0,0,0,0,0,0,0.0,0,0,1.4
67700.0,0.00010728766069406501,255.92636906124005,320.6730657364386,7.880371795147332,0,0,0,0,0,0,0,0,0.0,0,0,1.4
67800.0,0.00010594541630724305,255.60981328636618,320.4746838339371,7.772157479201288,0,0,0,0,0,0,0,0,0.0,0,0,1.4
67900.0,0.00010461918265486077,255.28988654240015,320.2740645333874,7.665258930523877,0,0,0,0,0,0,0,0,0.0,0,0,1.4
68000.0,0.00010330875821928663,254.96660005493345,320.0712106736129,7.559661174812709,0,0,0,0,0,0,0,0,0.0,0,0,1.4
68100.00000000001,0.00010201394433803057,254.63996543425907,319.8661252953887,7.45534942363393,0,0,0,0,0,0,0,0,0.0,0,0,1.4
68200.0,0.00010073454516106835,254.30999467745926,319.6588116436072,7.352309071755553,0,0,0,0,0,0,0,0,0.0,0,0,1.4
68300.0,9.94703676088078e-05,253.97670017046445,319.4492731694543,7.2505256945180525,0,0,0,0,0,0,0,0,0.0,0,0,1.4
68400.0,9.822122133070083e-05,253.64009469008198,319.23751353259684,7.14998504524271,0,0,0,0,0,0,0,0,0.0,0,0,1.4
68500.0,9.698691866446759e-05,253.3001914059836,319.0235366033738,7.05067305267524,0,0,0,0,0,0,0,0,0.0,0,0,1.4
68600.00000000001,9.576727459594e-05,252.95700388267116,318.8073464650043,6.952575818466035,0,0,0,0,0,0,0,0,0.0,0,0,1.4
68700.0,9.45621067195024e-05,252.6105460814162,318.5889474158089,6.855679614685503,0,0,0,0,0,0,0,0,0.0,0,0,1.4
68800.0,9.33712351991385e-05,252.26083236214097,318.36834397142604,6.759970881374566,0,0,0,0,0,0,0,0,0.0,0,0,1.4
68900.0,9.219448273004722e-05,251.90787748528993,318.1455408670527,6.665436224129179,0,0,0,0,0,0,0,0,0.0,0,0,1.4
69000.0,9.103167450084422e-05,251.55169661365238,317.92054305968577,6.572062411719237,0,0,0,0,0,0,0,0,0.0,0,0,1.4
69100.00000000001,8.988263815632325e-05,251.192305314151,317.69335573037387,6.479836373740694,0,0,0,0,0,0,0,0,0.0,0,0,1.4
69200.0,8.874720376077768e-05,250.82971955959027,317.46398428647524,6.388745198300927,0,0,0,0,0,0,0,0,0.0,0,0,1.4
69300.0,8.762520376186269e-05,250.4639557303719,317.23243436392727,6.298776129736409,0,0,0,0,0,0,0,0,0.0,0,0,1.4
69400.0,8.651647295500448e-05,250.09503061616408,316.9987118295195,6.209916566363016,0,0,0,0,0,0,0,0,0.0,0,0,1.4
69500.0,8.542084844832689e-05,249.72296141753614,316.76282278317643,6.12215405825733,0,0,0,0,0,0,0,0,0.0,0,0,1.4
69600.00000000001,8.433816962811328e-05,249.34776574754,316.5247735602406,6.035476305070032,0,0,0,0,0,0,0,0,0.0,0,0,1.4
69700.0,8.326827812476825e-05,248.96946163326965,316.2845707337741,5.949871153869787,0,0,0,0,0,0,0,0,0.0,0,0,1.4
69800.0,8.221101777929243e-05,248.588067517349,316.0422211168483,5.865326597017564,0,0,0,0,0,0,0,0,0.0,0,0,1.4
69900.0,8.116623461024593e-05,248.20360225940317,315.7977317648564,5.781830770071232,0,0,0,0,0,0,0,0,0.0,0,0,1.4
70000.0,8.013377678120498e-05,247.81608513746443,315.5511099778184,5.699371949719729,0,0,0,0,0,0,0,0,0.0,0,0,1.4
70100.00000000001,7.911349456870043e-05,247.4255358493395,315.3023633026949,5.617938551746886,0,0,0,0,0,0,0,0,0.0,0,0,1.4
70200.0,7.81052403306202e-05,247.03197451392506,315.05149953570304,5.537519129023478,0,0,0,0,0,0,0,0,0.0,0,0,1.4
70300.0,7.710886847508508e-05,246.63542167248127,314.7985267246386,5.458102369528626,0,0,0,0,0,0,0,0,0.0,0,0,1.4
70400.0,7.612423542977964e-05,246.2358982898443,314.5434531711945,5.379677094398982,0,0,0,0,0,0,0,0,0.0,0,0,1.4
70500.0,7.515119961173078e-05,245.8334257555999,314.28628743328915,5.302232256005874,0,0,0,0,0,0,0,0,0.0,0,0,1.4
70600.00000000001,7.418962139753178e-05,245.42802588520104,314.0270383273927,5.2257569360600415,0,0,0,0,0,0,0,0,0.0,0,0,1.4
70700.0,7.323936309400283e-05,245.0197209210221,313.76571493084884,5.150240343743357,0,0,0,0,0,0,0,0,0.0,0,0,1.4
70800.0,7.230028890927652e-05,244.60853353338237,313.5023265842106,5.075671813867606,0,0,0,0,0,0,0,0,0.0,0,0,1.4
70900.0,7.137226492430831e-05,244.19448682148658,313.23688289355914,5.002040805059373,0,0,0,0,0,0,0,0,0.0,0,0,1.4
71000.0,7.045515906480757e-05,243.77760431433765,312.96939373283914,4.929336897972057,0,0,0,0,0,0,0,0,0.0,0,0,1.4
71100.00000000001,6.954884107356407e-05,243.3579099715593,312.69986924617115,4.85754979352212,0,0,0,0,0,0,0,0,0.0,0,0,1.4
71200.0,6.865318248319202e-05,242.93542818419746,312.42831985018665,4.786669311152722,0,0,0,0,0,0,0,0,0.0,0,0,1.4
71300.0,6.77680565892606e-05,242.5101837754375,312.15475623634313,4.716685387121395,0,0,0,0,0,0,0,0,0.0,0,0,1.4
71400.0,6.689333842381562e-05,242.08220200126198,311.87918937323644,4.647588072812785,0,0,0,0,0,0,0,0,0.0,0,0,1.4
71500.0,6.602890472928964e-05,241.65150855106975,311.60163050892373,4.5793675330768115,0,0,0,0,0,0,0,0,0.0,0,0,1.4
71600.00000000001,6.51746339327836e-05,241.21812954819617,311.32209117321764,4.512014044590028,0,0,0,0,0,0,0,0,0.0,0,0,1.4
71700.0,6.433040612072572e-05,240.78209155040466,311.040583179997,4.445517994242129,0,0,0,0,0,0,0,0,0.0,0,0,1.4
71800.0,6.349610301389296e-05,240.3434215503027,310.757118629504,4.379869877545753,0,0,0,0,0,0,0,0,0.0,0,0,1.4
71900.0,6.267160794279358e-05,239.90214697567632,310.47170991062416,4.315060297069587,0,0,0,0,0,0,0,0,0.0,0,0,1.4
72000.0,6.185680582340693e-05,239.4582956897801,310.1843697031713,4.25107996089528,0,0,0,0,0,0,0,0,0.0,0,0,1.4
72100.00000000001,6.105158313326869e-05,239.01189599155254,309.8951109801602,4.1879196810969415,0,0,0,0,0,0,0,0,0.0,0,0,1.4
72200.0,6.025582788790418e-05,238.56297661576116,309.6039470100677,4.1255703722436134,0,0,0,0,0,0,0,0,0.0,0,0,1.4
72300.0,5.946942961759611e-05,238.11156673308022,309.3108913590849,4.0640230499239465,0,0,0,0,0,0,0,0,0.0,0,0,1.4
72400.0,5.869227934449064e-05,237.65769595009215,309.01595789335386,4.0032688292933285,0,0,0,0,0,0,0,0,0.0,0,0,1.4
72500.0,5.792426956002943e-05,237.20139430923226,308.7191607812018,3.9432989236430633,0,0,0,0,0,0,0,0,0.0,0,0,1.4
72600.00000000001,5.716529420270286e-05,236.74269228864708,308.42051449535325,3.8841046429908737,0,0,0,0,0,0,0,0,0.0,0,0,1.4
72700.0,5.641524863612699e-05,236.28162080198194,308.1200338151292,3.8256773926932843,0,0,0,0,0,0,0,0,0.0,0,0,1.4
72800.0,5.567402962743113e-05,235.81821119810488,307.8177338286385,3.768008672079226,0,0,0,0,0,0,0,0,0.0,0,0,1.4
72900.0,5.494153532595548e-05,235.35249526073898,307.51362993494274,3.711090073104442,0,0,0,0,0,0,0,0,0.0,0,0,1.4
73000.0,5.421766524224934e-05,234.88450520803508,307.20773784621457,3.6549132790266974,0,0,0,0,0,0,0,0,0.0,0,0,1.4
73100.00000000001,5.3502320227381826e-05,234.4142736920587,306.9000735898726,3.5994700631022543,0,0,0,0,0,0,0,0,0.0,0,0,1.4
73200.0,5.279540245253e-05,233.94183379818992,306.5906535106912,3.5447522873013377,0,0,0,0,0,0,0,0,0.0,0,0,1.4
73300.0,5.2096815388875056e-05,233.46721904447543,306.27949427291117,3.4907519010453436,0,0,0,0,0,0,0,0,0.0,0,0,1.4
73400.0,5.140646378777209e-05,232.9904633808616,305.96661286230267,3.437460939962452,0,0,0,0,0,0,0,0,0.0,0,0,1.4
73500.0,5.072425366121315e-05,232.51160118837603,305.6520265882258,3.3848715246641023,0,0,0,0,0,0,0,0,0.0,0,0,1.4
73600.00000000001,5.0050092262563505e-05,232.03066727821255,305.33575308565787,3.3329758595403707,0,0,0,0,0,0,0,0,0.0,0,0,1.4
73700.0,4.938388806757279e-05,231.54769689074638,305.0178103172041,3.281766231574828,0,0,0,0,0,0,0,0,0.0,0,0,1.4
73800.0,4.872555075565785e-05,231.06272569444792,304.6982165750715,3.2312350091782895,0,0,0,0,0,0,0,0,0.0,0,0,1.4
73900.0,4.8074991191455126e-05,230.575789784735,304.37699048303,3.1813746410419523,0,0,0,0,0,0,0,0,0.0,0,0,1.4
74000.0,4.743212140662882e-05,230.08692568272363,304.0541509983351,3.132177655008487,0,0,0,0,0,0,0,0,0.0,0,0,1.4
74100.00000000001,4.679685458194563e-05,229.59617033389475,303.72971741362244,3.0836366569621383,0,0,0,0,0,0,0,0,0.0,0,0,1.4
74200.0,4.616910502960673e-05,229.10356110668886,303.4037093587809,3.0357443297374007,0,0,0,0,0,0,0,0,0.0,0,0,1.4
74300.0,4.554878817581823e-05,228.60913579099656,303.07614680278357,2.988493432044678,0,0,0,0,0,0,0,0,0.0,0,0,1.4
74400.0,4.4935820543628956e-05,228.1129325965655,302.7470500554878,2.9418767974151367,0,0,0,0,0,0,0,0,0.0,0,0,1.4
74500.0,4.433011973600036e-05,227.61499015133097,302.4164397694093,2.895887333162592,0,0,0,0,0,0,0,0,0.0,0,0,1.4
74600.00000000001,4.3731604419123873e-05,227.11534749963727,302.084336941448,2.8505180193630393,0,0,0,0,0,0,0,0,0.0,0,0,1.4
74700.0,4.314019430597471e-05,226.6140441003866,301.7507629145871,2.8057619078516254,0,0,0,0,0,0,0,0,0.0,0,0,1.4
74800.0,4.255581014010149e-05,226.11111982509385,301.41573937955314,2.761612121236778,0,0,0,0,0,0,0,0,0.0,0,0,1.4
74900.0,4.1978373679651286e-05,225.60661495582872,301.07928837642083,2.718061851931274,0,0,0,0,0,0,0,0,0.0,0,0,1.4
75000.0,4.140780768161901e-05,225.10057018311178,300.74143229620745,2.6751043612003764,0,0,0,0,0,0,0,0,0.0,0,0,1.4
75100.00000000001,4.084403588632384e-05,224.5930266036667,300.4021938823904,2.632732978226037,0,0,0,0,0,0,0,0,0.0,0,0,1.4
75200.0,4.0286983002112537e-05,224.0840257181236,300.06159623241035,2.5909410991883353,0,0,0,0,0,0,0,0,0.0,0,0,1.4
75300.0,3.973657469028081e-05,223.57360942858165,299.7196627990965,2.549722186362503,0,0,0,0,0,0,0,0,0.0,0,0,1.4
75400.0,3.919273755020948e-05,223.06182003613603,299.37641739208425,2.5090697672325724,0,0,0,0,0,0,0,0,0.0,0,0,1.4
75500.0,3.865539910471905e-05,222.5487002382593,299.03188417915,2.4689774336206156,0,0,0,0,0,0,0,0,0.0,0,0,1.4
75600.00000000001,3.8124487785636084e-05,222.03429312610743,298.6860876875084,2.429438840831965,0,0,0,0,0,0,0,0,0.0,0,0,1.4
75700.0,3.75999329195658e-05,221.51864218174356,298.339052805067,2.390447706815988,0,0,0,0,0,0,0,0,0.0,0,0,1.4
75800.0,3.708166471387358e-05,221.00179127523555,297.99080478160676,2.351997811342088,0,0,0,0,0,0,0,0,0.0,0,0,1.4
75900.0,3.656961424287022e-05,220.48378466169154,297.64136922993026,2.314082995191318,0,0,0,0,0,0,0,0,0.0,0,0,1.4
76000.0,3.6063713434199064e-05,219.96466697817112,297.290772126935,2.276697159362791,0,0,0,0,0,0,0,0,0.0,0,0,1.4
76100.00000000001,3.556389505542145e-05,219.44448324050785,296.9390398146328,2.2398342642950477,0,0,0,0,0,0,0,0,0.0,0,0,1.4
76200.0,3.507009270080013e-05,218.92327884004797,296.58619900111887,2.2034883291023926,0,0,0,0,0,0,0,0,0.0,0,0,1.4
76300.0,3.4582240778273115e-05,218.40109954027415,296.2322767614666,2.1676534308253688,0,0,0,0,0,0,0,0,0.0,0,0,1.4
76400.0,3.41002744966272e-05,217.87799147332913,295.8773005385571,2.132323703696111,0,0,0,0,0,0,0,0,0.0,0,0,1.4
76500.0,3.362412985285112e-05,217.3540011364659,295.52129814385967,2.0974933384175434,0,0,0,0,0,0,0,0,0.0,0,0,1.4
76600.00000000001,3.3153743619686457e-05,216.82917538837626,295.16429775812924,2.063156581457051,0,0,0,0,0,0,0,0,0.0,0,0,1.4
76700.0,3.2689053333357626e-05,216.30356144542512,294.80632793203716,2.029307734353709,0,0,0,0,0,0,0,0,0.0,0,0,1.4
76800.00000000001,3.222999728148497e-05,215.77720687779492,294.44741758673655,1.9959411530393145,0,0,0,0,0,0,0,0,0.0,0,0,1.4
76900.0,3.1776514491182054e-05,215.25015960552494,294.0875960143507,1.9630512471731192,0,0,0,0,0,0,0,0,0.0,0,0,1.4
77000.0,3.132854471733074e-05,214.7224678944491,293.726892878384,1.9306324794898493,0,0,0,0,0,0,0,0,0.0,0,0,1.4
77100.00000000001,3.0886028431033246e-05,214.19418035204708,293.36533821406465,1.8986793651610594,0,0,0,0,0,0,0,0,0.0,0,0,1.4
77200.0,3.0448906808237878e-05,213.66534592318197,293.0029624285982,1.8671864711693198,0,0,0,0,0,0,0,0,0.0,0,0,1.4
77300.00000000001,3.0017121718541812e-05,213.13601388575245,292.6397963013495,1.8361484156956602,0,0,0,0,0,0,0,0,0.0,0,0,1.4
77400.0,2.9590615714159995e-05,212.6062338462325,292.27587098393224,1.8055598675192872,0,0,0,0,0,0,0,0,0.0,0,0,1.4
77500.0,2.9169332019068893e-05,212.0760557351306,291.9112180002261,1.775415545430352,0,0,0,0,0,0,0,0,0.0,0,0,1.4
77600.00000000001,2.8753214518311725e-05,211.54552980233234,291.545869246294,1.7457102176545576,0,0,0,0,0,0,0,0,0.0,0,0,1.4
77700.0,2.834220774747704e-05,211.01470661236368,291.1798569902247,1.7164387012906117,0,0,0,0,0,0,0,0,0.0,0,0,1.4
77800.00000000001,2.793625688233409e-05,210.48363703953152,290.8132138718662,1.6875958617590607,0,0,0,0,0,0,0,0,0.0,0,0,1.4
77900.0,2.7535307728634468e-05,209.9523722629997,290.44597290248885,1.6591766122635139,0,0,0,0,0,0,0,0,0.0,0,0,1.4
78000.0,2.713930671207438e-05,209.4209637617323,290.0781674643303,1.6311759132632782,0,0,0,0,0,0,0,0,0.0,0,0,1.4
78100.00000000001,2.6748200868413678e-05,208.88946330937026,289.70983131006267,1.6035887719576252,0,0,0,0,0,0,0,0,0.0,0,0,1.4
78200.0,2.6361937833755323e-05,208.35792296899507,289.3409985621503,1.5764102417814811,0,0,0,0,0,0,0,0,0.0,0,0,1.4
78300.00000000001,2.5980465834976454e-05,207.82639508779826,288.9717037121063,1.5496354219120552,0,0,0,0,0,0,0,0,0.0,0,0,1.4
78400.0,2.560373368031907e-05,207.29493229166115,288.6019816196512,1.5232594567868587,0,0,0,0,0,0,0,0,0.0,0,0,1.4
78500.0,2.5231690750126944e-05,206.7635874796283,288.2318675117564,1.4972775356320938,0,0,0,0,0,0,0,0,0.0,0,0,1.4
78600.00000000001,2.486428698773815e-05,206.23241381831158,287.8613969815988,1.4716848920021601,0,0,0,0,0,0,0,0,0.0,0,0,1.4
78700.0,2.4501472890526628e-05,205.70146473615932,287.4906059873763,1.446476803329318,0,0,0,0,0,0,0,0,0.0,0,0,1.4
78800.00000000001,2.414319950108874e-05,205.17079391767192,287.11953085103875,1.4216485904837708,0,0,0,0,0,0,0,0,0.0,0,0,1.4
78900.0,2.3789418398580863e-05,204.640455297508,286.7482082568934,1.3971956173440199,0,0,0,0,0,0,0,0,0.0,0,0,1.4
79000.0,2.3440081690196802e-05,204.11050305449237,286.3766752500892,1.3731132903768217,0,0,0,0,0,0,0,0,0.0,0,0,1.4
79100.00000000001,2.309514200279364e-05,203.5809916055399,286.00496923498713,1.3493970582272519,0,0,0,0,0,0,0,0,0.0,0,0,1.4
79200.0,2.275455247465836e-05,203.05197559950162,285.63312797341933,1.3260424113183678,0,0,0,0,0,0,0,0,0.0,0,0,1.4
79300.00000000001,2.241826674741157e-05,202.5235099108892,285.261189582802,1.3030448814598528,0,0,0,0,0,0,0,0,0.0,0,0,1.4
79400.0,2.208623895805764e-05,201.99564963355317,284.8891925341529,1.2804000414665915,0,0,0,0,0,0,0,0,0.0,0,0,1.4
79500.0,2.1758423731166905e-05,201.46845007422735,284.5171756499501,1.2581035047856506,0,0,0,0,0,0,0,0,0.0,0,0,1.4
79600.00000000001,2.1434776171197093e-05,200.94196674603046,284.1451781018905,1.236150925132571,0,0,0,0,0,0,0,0,0.0,0,0,1.4
79700.0,2.1115251854950222e-05,200.4162553618427,283.7732394084904,1.2145379961361107,0,0,0,0,0,0,0,0,0.0,0,0,1.4
79800.00000000001,2.079980682416225e-05,199.89137182763253,283.40139943257645,1.1932604509916533,0,0,0,0,0,0,0,0,0.0,0,0,1.4
79900.0,2.0488397578228143e-05,199.36737223568088,283.029698378627,1.1723140621229837,0,0,0,0,0,0,0,0,0.0,0,0,1.4
80000.0,2.0180981067054384e-05,198.84431285770975,282.6581767899662,1.1516946408519164,0,0,0,0,0,0,0,0,0.0,0,0,1.4
80100.00000000001,1.9877514684045064e-05,198.3222501379673,282.2868755458448,1.1313980370763168,0,0,0,0,0,0,0,0,0.0,0,0,1.4
80200.0,1.957795625921406e-05,197.8012406862016,281.9158358583565,1.111420138955573,0,0,0,0,0,0,0,0,0.0,0,0,1.4
80300.00000000001,1.9282264052428227e-05,197.2813412705642,281.54509926921605,1.0917568726039169,0,0,0,0,0,0,0,0,0.0,0,0,1.4
80400.0,1.899039674677291e-05,196.76260881043038,281.17470764638654,1.0724042017909223,0,0,0,0,0,0,0,0,0.0,0,0,1.4
80500.0,1.8702313442044948e-05,196.2451003691728,280.80470318058,1.0533581276495443,0,0,0,0,0,0,0,0,0.0,0,0,1.4
80600.00000000001,1.84179736483686e-05,195.72887314680708,280.43512838156903,1.034614688390876,0,0,0,0,0,0,0,0,0.0,0,0,1.4
80700.0,1.8137337279933087e-05,195.21398447261691,280.0660260743839,1.016169959026029,0,0,0,0,0,0,0,0,0.0,0,0,1.4
80800.00000000001,1.786036464885408e-05,194.70049179767656,279.69743939533384,0.9980200510946877,0,0,0,0,0,0,0,0,0.0,0,0,1.4
80900.0,1.7587016459152556e-05,194.18845268730863,279.32941178787564,0.9801611124000615,0,0,0,0,0,0,0,0,0.0,0,0,1.4
81000.0,1.7317253800851145e-05,193.67792481347993,278.9619869983297,0.9625893267501358,0,0,0,0,0,0,0,0,0.0,0,0,1.4
81100.00000000001,1.705103814419253e-05,193.16896594712847,278.59520907143434,0.9453009137053112,0,0,0,0,0,0,0,0,0.0,0,0,1.4
81200.0,1.6788331333969947e-05,192.6616339504056,278.229122345726,0.928292128331688,0,0,0,0,0,0,0,0,0.0,0,0,1.4
81300.00000000001,1.6529095583973747e-05,192.15598676889317,277.8637714487826,0.9115592609603831,0,0,0,0,0,0,0,0,0.0,0,0,1.4
81400.0,1.6273293471551942e-05,191.65208242372105,277.49920129227604,0.8950986369522838,0,0,0,0,0,0,0,0,0.0,0,0,1.4
81500.0,1.602088793228475e-05,191.1499790036295,277.1354570668617,0.8789066164683348,0,0,0,0,0,0,0,0,0.0,0,0,1.4
81600.00000000001,1.577184225476581e-05,190.6497346570117,276.77258423692786,0.8629795942450006,0,0,0,0,0,0,0,0,0.0,0,0,1.4
81700.0,1.5526120075498064e-05,190.1514075838352,276.41062853512886,0.8473139993747486,0,0,0,0,0,0,0,0,0.0,0,0,1.4
81800.00000000001,1.5283685373896297e-05,189.65505602756542,276.0496359567891,0.8319062950915733,0,0,0,0,0,0,0,0,0.0,0,0,1.4
81900.0,1.5044502467395818e-05,189.16073826700605,275.68965275411233,0.8167529785610151,0,0,0,0,0,0,0,0,0.0,0,0,1.4
82000.0,1.4808536006670272e-05,188.66851260808252,275.3307254302134,0.8018505806748519,0,0,0,0,0,0,0,0,0.0,0,0,1.4
82100.00000000001,1.4575750970952165e-05,188.17843737561856,274.97290073300593,0.7871956658502108,0,0,0,0,0,0,0,0,0.0,0,0,1.4
82200.0,1.4346112663456248e-05,187.69057090499396,274.6162256488618,0.772784831832511,0,0,0,0,0,0,0,0,0.0,0,0,1.4
82300.00000000001,1.4119586706908718e-05,187.20497153383315,274.2607473961488,0.7586147095029283,0,0,0,0,0,0,0,0,0.0,0,0,1.4
82400.0,1.38961390391736e-05,186.72169759359124,273.90651341854755,0.7446819626892371,0,0,0,0,0,0,0,0,0.0,0,0,1.4
82500.0,1.3675735908981052e-05,186.2408074011492,273.55357137822523,0.7309832879806403,0,0,0,0,0,0,0,0,0.0,0,0,1.4
82600.00000000001,1.3458343871753664e-05,185.76235925030542,273.2019691487833,0.7175154145458101,0,0,0,0,0,0,0,0,0.0,0,0,1.4
82700.0,1.3243929785530074e-05,185.2864114033077,272.8517548080808,0.7042751039545767,0,0,0,0,0,0,0,0,0.0,0,0,1.4
82800.00000000001,1.3032460806983068e-05,184.81302208227626,272.5029766308225,0.6912591500024127,0,0,0,0,0,0,0,0,0.0,0,0,1.4
82900.0,1.2823904387535682e-05,184.34224946066038,272.15568308101405,0.6784643785383601,0,0,0,0,0,0,0,0,0.0,0,0,1.4
83000.0,1.2618228269566025e-05,183.8741516546136,271.80992280419736,0.6658876472953554,0,0,0,0,0,0,0,0,0.0,0,0,1.4
83100.00000000001,1.2415400482707471e-05,183.40878671435888,271.46574461951803,0.6535258457234916,0,0,0,0,0,0,0,0,0.0,0,0,1.4
83200.0,1.2215389340238772e-05,182.94621261554272,271.1231975116203,0.6413758948258145,0,0,0,0,0,0,0,0,0.0,0,0,1.4
83300.00000000001,1.2018163435561675e-05,182.48648725053584,270.78233062233824,0.6294347469962842,0,0,0,0,0,0,0,0,0.0,0,0,1.4
83400.0,1.1823691638768891e-05,182.02966841974725,270.4431932422305,0.6176993858602,0,0,0,0,0,0,0,0,0.0,0,0,1.4
83500.0,1.1631943093296524e-05,181.57581382288865,270.10583480190996,0.6061668261164647,0,0,0,0,0,0,0,0,0.0,0,0,1.4
83600.00000000001,1.1442887212664057e-05,181.1249810502365,269.77030486320217,0.5948341133819323,0,0,0,0,0,0,0,0,0.0,0,0,1.4
83700.0,1.1256493677294855e-05,180.67722757388364,269.43665311012614,0.5836983240373599,0,0,0,0,0,0,0,0,0.0,0,0,1.4
83800.00000000001,1.1072732431423573e-05,180.23261073897208,269.10492933968897,0.5727565650751827,0,0,0,0,0,0,0,0,0.0,0,0,1.4
83900.0,1.08915736800802e-05,179.79118775491443,268.7751834524993,0.5620059739485319,0,0,0,0,0,0,0,0,0.0,0,0,1.4
84000.0,1.0712987886156904e-05,179.35301568662274,268.447465443213,0.5514437184217952,0,0,0,0,0,0,0,0,0.0,0,0,1.4
84100.00000000001,1.0536945767551643e-05,178.91815144571666,268.1218253907894,0.541066996422249,0,0,0,0,0,0,0,0,0.0,0,0,1.4
84200.0,1.0363418294390742e-05,178.4866517817323,267.7983134485728,0.5308730358928747,0,0,0,0,0,0,0,0,0.0,0,0,1.4
84300.00000000001,1.0192376686323369e-05,178.05857327335139,267.47697983421415,0.5208590946459855,0,0,0,0,0,0,0,0,0.0,0,0,1.4
84400.0,1.0023792409894895e-05,177.6339723196045,267.15787481939793,0.5110224602178219,0,0,0,0,0,0,0,0,0.0,0,0,1.4
84500.0,9.857637175988418e-06,177.21290513110424,266.8410487194159,0.5013604497236759,0,0,0,0,0,0,0,0,0.0,0,0,1.4
84600.00000000001,9.693882937340525e-06,176.79542772126473,266.52655188255477,0.4918704097136656,0,0,0,0,0,0,0,0,0.0,0,0,1.4
84700.0,9.532501886126904e-06,176.3815958975547,266.21443467933415,0.48254971602902436,0,0,0,0,0,0,0,0,0.0,0,0,1.4
84800.00000000001,9.373466451614592e-06,175.97146525275974,265.90474749157613,0.4733957736586152,0,0,0,0,0,0,0,0,0.0,0,0,1.4
84900.0,9.216749297883175e-06,175.56509115623453,265.5975407012931,0.4644060165956949,0,0,0,0,0,0,0,0,0.0,0,0,1.4
85000.0,9.062323321610813e-06,175.16252874521382,265.29286467944615,0.45557790769486173,0,0,0,0,0,0,0,0,0.0,0,0,1.4
85100.00000000001,8.9101616499237e-06,174.76383291611364,264.9907697745234,0.44690893852889196,0,0,0,0,0,0,0,0,0.0,0,0,1.4
85200.0,8.76023763831077e-06,174.36905831587364,264.69130630097777,0.4383966292456548,0,0,0,0,0,0,0,0,0.0,0,0,1.4
85300.00000000001,8.612524868596382e-06,173.97825933331478,264.39452452750584,0.4300385284246425,0,0,0,0,0,0,0,0,0.0,0,0,1.4
85400.0,8.466997146976056e-06,173.59149009053655,264.10047466518796,0.421832212933402,0,0,0,0,0,0,0,0,0.0,0,0,1.4
85500.0,8.323628502108103e-06,173.20880443433882,263.80920685547983,0.41377528778344475,0,0,0,0,0,0,0,0,0.0,0,0,1.4
85600.00000000001,8.182393183264098e-06,172.8302559276786,263.520771158065,0.4058653859857904,0,0,0,0,0,0,0,0,0.0,0,0,1.4
85700.0,8.043265658534592e-06,172.45589784116495,263.23521753857347,0.3981001684059489,0,0,0,0,0,0,0,0,0.0,0,0,1.4
85800.00000000001,7.906220613087359e-06,172.08578314459703,262.95259585617157,0.39047732361820603,0,0,0,0,0,0,0,0,0.0,0,0,1.4
85900.0,7.77123294748068e-06,171.7199644985464,262.6729558510277,0.38299456775932783,0,0,0,0,0,0,0,0,0.0,0,0,1.4
86000.0,7.638277776026548e-06,171.3584942459514,262.3963471316308,0.37564964438134824,0,0,0,0,0,0,0,0,0.0,0,0,1.4
86100.00000000001,7.5073304252032335e-06,171.00142440382544,262.12281916204296,0.36844032430363977,0,0,0,0,0,0,0,0,0.0,0,0,1.4
86200.0,7.3783664321188656e-06,170.64880665494192,261.85242124898457,0.36136440546403825,0,0,0,0,0,0,0,0,0.0,0,0,1.4
86300.00000000001,7.25136154301709e-06,170.30069233962888,261.58520252885654,0.35441971276888096,0,0,0,0,0,0,0,0,0.0,0,0,1.4
86400.0,7.126291711834389e-06,169.95713244757147,261.32121195462537,0.3476040979422129,0,0,0,0,0,0,0,0,0.0,0,0,1.4
86500.0,7.0031330987958666e-06,169.61817760972147,261.0604982826511,0.3409154393737339,0,0,0,0,0,0,0,0,0.0,0,0,1.4
86600.00000000001,6.881862069057987e-06,169.28387809021973,260.80311005939,0.33435164196571826,0,0,0,0,0,0,0,0,0.0,0,0,1.4
86700.0,6.762455191389561e-06,168.95428377841273,260.5490956080375,0.32791063697866685,0,0,0,0,0,0,0,0,0.0,0,0,1.4
86800.00000000001,6.644889236895071e-06,168.6294441809115,260.29850301507736,0.3215903818758037,0,0,0,0,0,0,0,0,0.0,0,0,1.4
86900.0,6.529141177774482e-06,168.3094084137543,260.0513801167886,0.31538886016627743,0,0,0,0,0,0,0,0,0.0,0,0,1.4
87000.0,6.415188186121505e-06,167.99422519458145,259.8077744856432,0.30930408124701053,0,0,0,0,0,0,0,0,0.0,0,0,1.4
87100.00000000001,6.303007632756961e-06,167.6839428349504,259.56773341670004,0.3033340802433091,0,0,0,0,0,0,0,0,0.0,0,0,1.4
87200.0,6.192577086097026e-06,167.37860923265336,259.33130391389335,0.29747691784799524,0,0,0,0,0,0,0,0,0.0,0,0,1.4
87300.00000000001,6.083874311053357e-06,167.07827186418584,259.0985326763351,0.2917306801592265,0,0,0,0,0,0,0,0,0.0,0,0,1.4
87400.0,5.976877267967441e-06,166.78297777723526,258.8694660845368,0.28609347851691413,0,0,0,0,0,0,0,0,0.0,0,0,1.4
87500.0,5.871564111571068e-06,166.49277358328155,258.6441501866271,0.28056344933755917,0,0,0,0,0,0,0,0,0.0,0,0,1.4
87600.00000000001,5.767913189980727e-06,166.20770545027398,258.4226306845438,0.27513875394786014,0,0,0,0,0,0,0,0,0.0,0,0,1.4
87700.0,5.665903043715836e-06,165.92781909539582,258.2049529202142,0.26981757841667364,0,0,0,0,0,0,0,0,0.0,0,0,1.4
87800.00000000001,5.565512404745236e-06,165.65315977791894,257.9911618617348,0.26459813338559546,0,0,0,0,0,0,0,0,0.0,0,0,1.4
87900.0,5.4667201955586345e-06,165.383772292141,257.78130208954695,0.25947865389804275,0,0,0,0,0,0,0,0,0.0,0,0,1.4
88000.0,5.369505528261533e-06,165.11970096042702,257.57541778263624,0.25445739922685645,0,0,0,0,0,0,0,0,0.0,0,0,1.4
88100.00000000001,5.2738477036931586e-06,164.86098962634435,257.37355270475086,0.24953265270044014,0,0,0,0,0,0,0,0,0.0,0,0,1.4
88200.0,5.179726210565493e-06,164.6076816478787,257.17575019063844,0.24470272152738612,0,0,0,0,0,0,0,0,0.0,0,0,1.4
88300.00000000001,5.087120724622126e-06,164.35981989077837,256.98205313234376,0.23996593661966156,0,0,0,0,0,0,0,0,0.0,0,0,1.4
88400.0,4.9960111078180516e-06,164.11744672196866,256.79250396553056,0.23532065241438177,0,0,0,0,0,0,0,0,0.0,0,0,1.4
88500.0,4.906377407513738e-06,163.88060400310334,256.60714465588626,0.2307652466940226,0,0,0,0,0,0,0,0,0.0,0,0,1.4
88600.00000000001,4.8181998556893754e-06,163.6493330841806,256.4260166855613,0.22629812040531025,0,0,0,0,0,0,0,0,0.0,0,0,1.4
88700.0,4.731458868172535e-06,163.42367479731217,256.2491610397194,0.22191769747666798,0,0,0,0,0,0,0,0,0.0,0,0,1.4
88800.00000000001,4.646135043880527e-06,163.20366945056674,256.07661819314495,0.2176224246342373,0,0,0,0,0,0,0,0,0.0,0,0,1.4
88900.0,4.562209164077204e-06,162.98935682192874,255.90842809694834,0.21341077121659513,0,0,0,0,0,0,0,0,0.0,0,0,1.4
89000.0,4.479662191639809e-06,162.78077615339143,255.74463016539113,0.20928122898805748,0,0,0,0,0,0,0,0,0.0,0,0,1.4
89100.00000000001,4.398475270339096e-06,162.5779661451478,255.58526326281094,0.2052323119507488,0,0,0,0,0,0,0,0,0.0,0,0,1.4
89200.0,4.3186297241279175e-06,162.38096494989856,255.4303656906697,0.20126255615531397,0,0,0,0,0,0,0,0,0.0,0,0,1.4
89300.00000000001,4.240107056440402e-06,162.18981016727304,255.27997517472915,0.19737051951044632,0,0,0,0,0,0,0,0,0.0,0,0,1.4
89400.0,4.1628889494976175e-06,162.00453883839344,255.13412885238716,0.19355478159115722,0,0,0,0,0,0,0,0,0.0,0,0,1.4
89500.0,4.086957263621522e-06,161.825187440531,254.99286326014177,0.1898139434458868,0,0,0,0,0,0,0,0,0.0,0,0,1.4
89600.00000000001,4.012294036554581e-06,161.65179188189862,254.8562143212264,0.18614662740247187,0,0,0,0,0,0,0,0,0.0,0,0,1.4
89700.0,3.938881482785119e-06,161.48438749657998,254.72421733342483,0.18255147687305343,0,0,0,0,0,0,0,0,0.0,0,0,1.4
89800.00000000001,3.866701992875973e-06,161.32300903955587,254.59690695704364,0.17902715615784978,0,0,0,0,0,0,0,0,0.0,0,0,1.4
89900.0,3.7957381327979395e-06,161.16769068188117,254.4743172030919,0.17557235024800924,0,0,0,0,0,0,0,0,0.0,0,0,1.4
90000.0,3.725972643264645e-06,161.01846600598364,254.35648142165402,0.1721857646274364,0,0,0,0,0,0,0,0,0.0,0,0,1.4
90100.00000000001,3.6573884390707336e-06,160.87536800108333,254.24343229046306,0.16886612507376425,0,0,0,0,0,0,0,0,0.0,0,0,1.4
90200.0,3.589968608428937e-06,160.73842905876697,254.13520180371032,0.1656121774583875,0,0,0,0,0,0,0,0,0.0,0,0,1.4
90300.00000000001,3.5236964123098543e-06,160.60768096865385,254.03182126104815,0.1624226875457529,0,0,0,0,0,0,0,0,0.0,0,0,1.4
90400.0,3.4585552837787023e-06,160.48315491424498,253.93332125686783,0.1592964407918216,0,0,0,0,0,0,0,0,0.0,0,0,1.4
90500.0,3.3945288273334353e-06,160.36488146886157,253.83973166978527,0.15623224214189452,0,0,0,0,0,0,0,0,0.0,0,0,1.4
90600.00000000001,3.331600818238476e-06,160.2528905917568,253.75108165240965,0.15322891582770584,0,0,0,0,0,0,0,0,0.0,0,0,1.4
90700.0,3.269755201857679e-06,160.14721162432326,253.66739962134093,0.1502853051639588,0,0,0,0,0,0,0,0,0.0,0,0,1.4
90800.00000000001,3.208976092983353e-06,160.0478732864784,253.58871324746892,0.14740027234432265,0,0,0,0,0,0,0,0,0.0,0,0,1.4
90900.0,3.1492477751610714e-06,159.95490367316881,253.5150494465353,0.1445726982369043,0,0,0,0,0,0,0,0,0.0,0,0,1.4
91000.0,3.0905547000114173e-06,159.86833025099384,253.44643436996571,0.14180148217933353,0,0,0,0,0,0,0,0,0.0,0,0,1.4
91100.00000000001,3.032881486544649e-06,159.78817985501686,253.3828933960337,0.1390855417734219,0,0,0,0,0,0,0,0,0.0,0,0,1.4
91200.0,2.976212920472119e-06,159.71447868567307,253.3244511212912,0.1364238126795707,0,0,0,0,0,0,0,0,0.0,0,0,1.4
91300.00000000001,2.9205339535098e-06,159.64725230583036,253.27113135231707,0.13381524841084858,0,0,0,0,0,0,0,0,0.0,0,0,1.4
91400.0,2.865829702676417e-06,159.5865256380112,253.22295709779735,0.13125882012693876,0,0,0,0,0,0,0,0,0.0,0,0,1.4
91500.0,2.812085449584427e-06,159.53232296173113,253.1799505609075,0.12875351642791816,0,0,0,0,0,0,0,0,0.0,0,0,1.4
91600.00000000001,2.7592866397229476e-06,159.48466791098653,253.14213313202998,0.1262983431479342,0,0,0,0,0,0,0,0,0.0,0,0,1.4
91700.0,2.7074188817338824e-06,159.44358347189723,253.10952538181627,0.1238923231489174,0,0,0,0,0,0,0,0,0.0,0,0,1.4
91800.00000000001,2.6564679466793266e-06,159.40909198047427,253.08214705457706,0.1215344961142959,0,0,0,0,0,0,0,0,0.0,0,0,1.4
91900.0,2.6064197673000965e-06,159.38121512056162,253.06001706204333,0.11922391834281723,0,0,0,0,0,0,0,0,0.0,0,0,1.4
92000.0,2.5572604372664025e-06,159.3599739218643,253.04315347743574,0.1169596625425323,0,0,0,0,0,0,0,0,0.0,0,0,1.4
92100.00000000001,2.508976210418217e-06,159.34538875818504,253.03157352994265,0.11474081762499493,0,0,0,0,0,0,0,0,0.0,0,0,1.4
92200.0,2.4615534999972956e-06,159.33747934577764,253.0252935995401,0.11256648849976723,0,0,0,0,0,0,0,0,0.0,0,0,1.4
92300.00000000001,2.4149788778685625e-06,159.33626474182577,253.0243292121641,0.110435795869205,0,0,0,0,0,0,0,0,0.0,0,0,1.4
92400.0,2.369239073732248e-06,159.34176334309458,253.0286950352774,0.10834787602368884,0,0,0,0,0,0,0,0,0.0,0,0,1.4
92500.0,2.324320974325489e-06,159.35399288471817,253.0384048738052,0.1063018806372815,0,0,0,0,0,0,0,0,0.0,0,0,1.4
92600.00000000001,2.280211622614108e-06,159.37297043912142,253.05347166644248,0.10429697656391015,0,0,0,0,0,0,0,0,0.0,0,0,1.4
92700.0,2.236898216973505e-06,159.3987124150976,253.07390748235233,0.10233234563410167,0,0,0,0,0,0,0,0,0.0,0,0,1.4
92800.00000000001,2.1943681103587047e-06,159.4312345570271,253.0997235182478,0.10040718445232591,0,0,0,0,0,0,0,0,0.0,0,0,1.4
92900.0,2.1526088094649178e-06,159.47055194423172,253.13093009585438,0.09852070419506578,0,0,0,0,0,0,0,0,0.0,0,0,1.4
93000.0,2.111607973875763e-06,159.5166789904734,253.16753665976256,0.09667213040954716,0,0,0,0,0,0,0,0,0.0,0,0,1.4
93100.00000000001,2.0713534152016903e-06,159.5696294436202,253.2095517756915,0.09486070281331661,0,0,0,0,0,0,0,0,0.0,0,0,1.4
93200.0,2.0318330962071063e-06,159.62941638540434,253.25698312910438,0.09308567509460568,0,0,0,0,0,0,0,0,0.0,0,0,1.4
93300.00000000001,1.9930351299266537e-06,159.69605223138146,253.30983752426408,0.09134631471362284,0,0,0,0,0,0,0,0,0.0,0,0,1.4
93400.0,1.9549477787704743e-06,159.7695487309849,253.36812088364576,0.08964190270475157,0,0,0,0,0,0,0,0,0.0,0,0,1.4
93500.0,1.9175594536186337e-06,159.84991696773653,253.4318382477556,0.08797173347974978,0,0,0,0,0,0,0,0,0.0,0,0,1.4
93600.00000000001,1.880858712904528e-06,159.93716735959595,253.50099377534136,0.08633511463197735,0,0,0,0,0,0,0,0,0.0,0,0,1.4
93700.0,1.8448342616876745e-06,160.03130965947406,253.57559074401598,0.08473136674173112,0,0,0,0,0,0,0,0,0.0,0,0,1.4
93800.00000000001,1.8094749507153652e-06,160.1323529558312,253.65563155122928,0.0831598231826615,0,0,0,0,0,0,0,0,0.0,0,0,1.4
93900.0,1.7747697754741543e-06,160.24030567346276,253.74111771566967,0.08161982992941438,0,0,0,0,0,0,0,0,0.0,0,0,1.4
94000.0,1.7407078752300095e-06,160.35517557440627,253.83204987904196,0.08011074536644656,0,0,0,0,0,0,0,0,0.0,0,0,1.4
94100.00000000001,1.7072785320588925e-06,160.47696975896022,253.92842780821178,0.07863194009812968,0,0,0,0,0,0,0,0,0.0,0,0,1.4
94200.0,1.6744711698660818e-06,160.60569466688725,254.0302503977731,0.077182796760137,0,0,0,0,0,0,0,0,0.0,0,0,1.4
94300.00000000001,1.642275353396361e-06,160.7413560786936,254.13751567295037,0.07576270983218994,0,0,0,0,0,0,0,0,0.0,0,0,1.4
94400.0,1.6106807872329946e-06,160.88395911710654,254.2502207929295,0.0743710854521599,0,0,0,0,0,0,0,0,0.0,0,0,1.4
94500.0,1.5796773147879437e-06,161.03350824861306,254.36836205450697,0.07300734123160171,0,0,0,0,0,0,0,0,0.0,0,0,1.4
94600.00000000001,1.5492549172816454e-06,161.19000728518662,254.49193489615342,0.07167090607272979,0,0,0,0,0,0,0,0,0.0,0,0,1.4
94700.0,1.5194037127140296e-06,161.35345938611692,254.62093390242248,0.0703612199868988,0,0,0,0,0,0,0,0,0.0,0,0,1.4
94800.00000000001,1.4901139548256673e-06,161.5238670599727,254.75535280872322,0.06907773391457625,0,0,0,0,0,0,0,0,0.0,0,0,1.4
94900.0,1.4613760320504742e-06,161.7012321666918,254.89518450644917,0.06781990954689114,0,0,0,0,0,0,0,0,0.0,0,0,1.4
95000.0,1.4331804664592208e-06,161.88555591979522,255.04042104845604,0.06658721914874287,0,0,0,0,0,0,0,0,0.0,0,0,1.4
95100.00000000001,1.4055179126949303e-06,162.07683888873953,255.19105365489511,0.0653791453835439,0,0,0,0,0,0,0,0,0.0,0,0,1.4
95200.0,1.37837915689989e-06,162.2750810013617,255.347072719362,0.06419518113958075,0,0,0,0,0,0,0,0,0.0,0,0,1.4
95300.00000000001,1.3517551156345243e-06,162.4802815464846,255.50846781540827,0.06303482935804693,0,0,0,0,0,0,0,0,0.0,0,0,1.4
95400.0,1.3256368347889964e-06,162.69243917660998,255.67522770335395,0.0618976028627704,0,0,0,0,0,0,0,0,0.0,0,0,1.4
95500.0,1.3000154884869433e-06,162.9115519107518,255.84734033743655,0.060783024191640125,0,0,0,0,0,0,0,0,0.0,0,0,1.4
95600.00000000001,1.2748823779825167e-06,163.13761713737344,256.0247928732619,0.05969062542978036,0,0,0,0,0,0,0,0,0.0,0,0,1.4
95700.0,1.2502289305503715e-06,163.37063161745374,256.2075716755711,0.0586199480444728,0,0,0,0,0,0,0,0,0.0,0,0,1.4
95800.00000000001,1.2260466983693851e-06,163.61059148765466,256.3956623262953,0.05757054272185825,0,0,0,0,0,0,0,0,0.0,0,0,1.4
95900.0,1.2023273574000265e-06,163.85749226359619,256.5890496328964,0.056541969205420164,0,0,0,0,0,0,0,0,0.0,0,0,1.4
96000.0,1.179062706255972e-06,164.11132884328157,256.7877176370212,0.0555337961362951,0,0,0,0,0,0,0,0,0.0,0,0,1.4
96100.00000000001,1.1562446650702014e-06,164.3720955105731,256.9916496233842,0.0545456008953863,0,0,0,0,0,0,0,0,0.0,0,0,1.4
96200.0,1.133865274356e-06,164.63978593881882,257.2008281289495,0.05357696944733496,0,0,0,0,0,0,0,0,0.0,0,0,1.4
96300.00000000001,1.1119166938628106e-06,164.91439319457152,257.41523495236027,0.052627496186322974,0,0,0,0,0,0,0,0,0.0,0,0,1.4
96400.0,1.0903912014279894e-06,165.19590974141084,257.63485116361664,0.05169678378375695,0,0,0,0,0,0,0,0,0.0,0,0,1.4
96500.0,1.0692811918241916e-06,165.48432744386517,257.85965711399103,0.050784443037814056,0,0,0,0,0,0,0,0,0.0,0,0,1.4
96600.00000000001,1.0485791756027406e-06,165.77963757144195,258.0896324461821,0.049890092724862126,0,0,0,0,0,0,0,0,0.0,0,0,1.4
96700.0,1.0282777779339634e-06,166.0818308027545,258.32475610468845,0.04901335945278847,0,0,0,0,0,0,0,0,0.0,0,0,1.4
96800.00000000001,1.0083697374439744e-06,166.39089722972392,258.5650063463791,0.04815387751619737,0,0,0,0,0,0,0,0,0.0,0,0,1.4
96900.0,9.88847905048977e-07,166.70682636192907,258.81036075130976,0.04731128875353749,0,0,0,0,0,0,0,0,0.0,0,0,1.4
97000.0,9.697052427868855e-07,167.0296071309837,259.0607962336819,0.04648524240610246,0,0,0,0,0,0,0,0,0.0,0,0,1.4
97100.00000000001,9.509348226470997e-07,167.35922789505145,259.3162890530243,0.04567539497896331,0,0,0,0,0,0,0,0,0.0,0,0,1.4
97200.0,9.325298253983446e-07,167.69567644343311,259.5768148255376,0.04488141010379552,0,0,0,0,0,0,0,0,0.0,0,0,1.4
97300.00000000001,9.144835394153416e-07,168.03894000123975,259.84234853560366,0.044102958403625624,0,0,0,0,0,0,0,0,0.0,0,0,1.4
97400.0,8.967893595041669e-07,168.38900523415825,260.1128645474591,0.04333971735947608,0,0,0,0,0,0,0,0,0.0,0,0,1.4
97500.0,8.794407857270445e-07,168.74585825329046,260.3883366170077,0.04259137117892152,0,0,0,0,0,0,0,0,0.0,0,0,1.4
97600.00000000001,8.624314222270208e-07,169.1094846200818,260.66873790377866,0.041857610666564,0,0,0,0,0,0,0,0,0.0,0,0,1.4
97700.0,8.457549760521194e-07,169.47986935132008,260.95404098300605,0.04113813309638356,0,0,0,0,0,0,0,0,0.0,0,0,1.4
97800.00000000001,8.294052559803478e-07,169.85699692423518,261.24421785784597,0.040432642086017545,0,0,0,0,0,0,0,0,0.0,0,0,1.4
97900.0,8.13376171345012e-07,170.24085128163085,261.53923997167095,0.03974084747290495,0,0,0,0,0,0,0,0,0.0,0,0,1.4
98000.0,7.976617308610951e-07,170.63141583712533,261.83907822049207,0.039062465192329233,0,0,0,0,0,0,0,0,0.0,0,0,1.4
98100.00000000001,7.822560414532029e-07,171.02867348046394,262.14370296547355,0.038397217157352365,0,0,0,0,0,0,0,0,0.0,0,0,1.4
98200.0,7.671533070847685e-07,171.43260658285772,262.4530840454961,0.03774483114059178,0,0,0,0,0,0,0,0,0.0,0,0,1.4
98300.00000000001,7.523478275895131e-07,171.84319700246493,262.76719078985184,0.03710504065789143,0,0,0,0,0,0,0,0,0.0,0,0,1.4
98400.0,7.378339975051409e-07,172.26042608983835,263.0859920309271,0.03647758485382183,0,0,0,0,0,0,0,0,0.0,0,0,1.4
98500.0,7.23606304909521e-07,172.68427469353458,263.409456117016,0.03586220838904018,0,0,0,0,0,0,0,0,0.0,0,0,1.4
98600.00000000001,7.096593302598566e-07,173.11472316571422,263.73755092512704,0.035258661329471655,0,0,0,0,0,0,0,0,0.0,0,0,1.4
98700.0,6.959877452350834e-07,173.55175136782904,264.0702438738483,0.034666699037319296,0,0,0,0,0,0,0,0,0.0,0,0,1.4
98800.00000000001,6.825863115817421e-07,173.99533867636458,264.407501936241,0.034086082063881015,0,0,0,0,0,0,0,0,0.0,0,0,1.4
98900.0,6.694498799635604e-07,174.4454639886266,264.7492916527449,0.03351657604415625,0,0,0,0,0,0,0,0,0.0,0,0,1.4
99000.0,6.56573388815257e-07,174.90210572858925,265.09557914410266,0.0329579515932444,0,0,0,0,0,0,0,0,0.0,0,0,1.4
99100.00000000001,6.439518632006067e-07,175.36524185279475,265.44633012428886,0.032409984204507136,0,0,0,0,0,0,0,0,0.0,0,0,1.4
99200.0,6.315804136751649e-07,175.8348498562947,265.80150991343004,0.031872454149484995,0,0,0,0,0,0,0,0,0.0,0,0,1.4
99300.00000000001,6.194542351538547e-07,176.31090677863176,266.16108345070705,0.031345146379550055,0,0,0,0,0,0,0,0,0.0,0,0,1.4
99400.0,6.075686057837797e-07,176.79338920988488,266.52501530725357,0.030827850429289157,0,0,0,0,0,0,0,0,0.0,0,0,1.4
99500.0,5.9591888582236e-07,177.28227329674098,266.89326969901384,0.03032036032158707,0,0,0,0,0,0,0,0,0.0,0,0,1.4
99600.00000000001,5.845005165211537e-07,177.77753474859608,267.2658104995585,0.029822474474400174,0,0,0,0,0,0,0,0,0.0,0,0,1.4
99700.0,5.733090190156767e-07,178.2791488437286,267.6426012528838,0.029333995609215232,0,0,0,0,0,0,0,0,0.0,0,0,1.4
99800.00000000001,5.623399932211111e-07,178.7870904354777,268.0236051861383,0.028854730661147,0,0,0,0,0,0,0,0,0.0,0,0,1.4
99900.0,5.515891167346512e-07,179.30133395845974,268.40878522229696,0.028384490690690076,0,0,0,0,0,0,0,0,0.0,0,0,1.4
100000.0,5.41052143744248e-07,179.8218534348303,268.79810399278267,0.027923090797084944,0,0,0,0,0,0,0,0,0.0,0,0,1.4
100100.00000000001,5.307249039442058e-07,180.3486224805658,269.19152385001155,0.027470350033288352,0,0,0,0,0,0,0,0,0.0,0,0,1.4
100200.0,5.206033014577348e-07,180.8816143117633,269.589006879855,0.02702609132252437,0,0,0,0,0,0,0,0,0.0,0,0,1.4
100300.00000000001,5.106833137667702e-07,181.42080175098792,269.99051491403725,0.02659014137640819,0,0,0,0,0,0,0,0,0.0,0,0,1.4
100400.0,5.009609906490521e-07,181.966157233641,270.3960095424431,0.026162330614609035,0,0,0,0,0,0,0,0,0.0,0,0,1.4
100500.0,4.914324531230064e-07,182.51765281430428,270.80545212529876,0.025742493086045797,0,0,0,0,0,0,0,0,0.0,0,0,1.4
100600.00000000001,4.820938924000639e-07,183.07526017318764,271.21880380531655,0.025330466391586325,0,0,0,0,0,0,0,0,0.0,0,0,1.4
100700.0,4.729415688451444e-07,183.63895062251416,271.6360255196762,0.024926091608236015,0,0,0,0,0,0,0,0,0.0,0,0,1.4
100800.00000000001,4.639718109451136e-07,184.2086951129686,272.0570780119326,0.024529213214795894,0,0,0,0,0,0,0,0,0.0,0,0,1.4
100900.0,4.551810142855883e-07,184.78446424013333,272.4819218437906,0.024139679018971318,0,0,0,0,0,0,0,0,0.0,0,0,1.4
101000.0,4.4656564053584656e-07,185.36622825097115,272.91051740678705,0.023757340085898745,0,0,0,0,0,0,0,0,0.0,0,0,1.4
101100.00000000001,4.3812221644272056e-07,185.9539570502725,273.3428249338173,0.02338205066809888,0,0,0,0,0,0,0,0,0.0,0,0,1.4
101200.0,4.2984733283269883e-07,186.54762020714517,273.7788045105591,0.023013668136798313,0,0,0,0,0,0,0,0,0.0,0,0,1.4
101300.00000000001,4.217376436230907e-07,187.14718696149427,274.2184160867545,0.02265205291463138,0,0,0,0,0,0,0,0,0.0,0,0,1.4
101400.0,4.137898648420884e-07,187.75262623051913,274.6616194873659,0.022297068409690337,0,0,0,0,0,0,0,0,0.0,0,0,1.4
101500.0,4.060007736577034e-07,188.3639066151987,275.1083744235839,0.02194858095089296,0,0,0,0,0,0,0,0,0.0,0,0,1.4
101600.00000000001,3.9836720741606266e-07,188.9809964067843,275.5586405036974,0.021606459724670107,0,0,0,0,0,0,0,0,0.0,0,0,1.4
101700.0,3.908860626886754e-07,189.60386359330155,276.01237724382685,0.021270576712926797,0,0,0,0,0,0,0,0,0.0,0,0,1.4
101800.00000000001,3.835542943293123e-07,190.23247586603168,276.46954407849614,0.020940806632283034,0,0,0,0,0,0,0,0,0.0,0,0,1.4
101900.0,3.7636891454008563e-07,190.86680062601073,276.9301003710704,0.020617026874551622,0,0,0,0,0,0,0,0,0.0,0,0,1.4
102000.0,3.6932699194716694e-07,191.50680499047763,277.3940054240068,0.020299117448444644,0,0,0,0,0,0,0,0,0.0,0,0,1.4
102100.00000000001,3.624256506859559e-07,192.15245579939787,277.86121848901126,0.019986960922488334,0,0,0,0,0,0,0,0,0.0,0,0,1.4
102200.0,3.556620694960599e-07,192.80371962188397,278.33169877696827,0.01968044236912286,0,0,0,0,0,0,0,0,0.0,0,0,1.4
102300.00000000001,3.490334808257941e-07,193.46056276267373,278.80540546776047,0.019379449309965453,0,0,0,0,0,0,0,0,0.0,0,0,1.4
102400.0,3.4253716994658404e-07,194.12295126856026,279.2822977199012,0.019083871662223636,0,0,0,0,0,0,0,0,0.0,0,0,1.4
102500.0,3.361704740771477e-07,194.79085093482195,279.7623346800127,0.01879360168623458,0,0,0,0,0,0,0,0,0.0,0,0,1.4
102600.00000000001,3.2993078151749284e-07,195.4642273116388,280.2454754921415,0.018508533934109214,0,0,0,0,0,0,0,0,0.0,0,0,1.4
102700.0,3.2381553079286374e-07,196.14304571048248,280.7316793068995,0.01822856519946575,0,0,0,0,0,0,0,0,0.0,0,0,1.4
102800.00000000001,3.1782220980758577e-07,196.82727121050002,281.2209052904476,0.0179535944682307,0,0,0,0,0,0,0,0,0.0,0,0,1.4
102900.0,3.1194835500890554e-07,197.516868664858,281.71311263329574,0.017683522870489087,0,0,0,0,0,0,0,0,0.0,0,0,1.4
103000.0,3.061915505607962e-07,198.211802707093,282.2082605589531,0.017418253633366264,0,0,0,0,0,0,0,0,0.0,0,0,1.4
103100.00000000001,3.00549427527707e-07,198.91203775741724,282.70630833239335,0.017157692034915715,0,0,0,0,0,0,0,0,0.0,0,0,1.4
103200.0,2.950196630684923e-07,199.61753802901055,283.2072152683551,0.016901745359009745,0,0,0,0,0,0,0,0,0.0,0,0,1.4
103300.00000000001,2.8959997964009134e-07,200.32826753428614,283.710940739472,0.01665032285118878,0,0,0,0,0,0,0,0,0.0,0,0,1.4
103400.0,2.842881442115419e-07,201.04419009112374,284.2174441842258,0.016403335675483674,0,0,0,0,0,0,0,0,0.0,0,0,1.4
103500.0,2.7908196748773917e-07,201.7652693290767,284.72668511473074,0.016160696872160017,0,0,0,0,0,0,0,0,0.0,0,0,1.4
103600.00000000001,2.7397930314341044e-07,202.49146869556176,285.23862312435307,0.015922321316394674,0,0,0,0,0,0,0,0,0.0,0,0,1.4
103700.0,2.6897804706695597e-07,203.22275146199934,285.753217895147,0.0156881256778449,0,0,0,0,0,0,0,0,0.0,0,0,1.4
103800.00000000001,2.6407613661435594e-07,203.95908072993967,286.27042920513077,0.015458028381107889,0,0,0,0,0,0,0,0,0.0,0,0,1.4
103900.0,2.592715498730111e-07,204.70041943714358,286.79021693538346,0.01523194956704449,0,0,0,0,0,0,0,0,0.0,0,0,1.4
104000.0,2.545623049355389e-07,205.44673036362744,287.3125410769699,0.015009811054953696,0,0,0,0,0,0,0,0,0.0,0,0,1.4
104100.00000000001,2.49946459183445e-07,206.19797613768955,287.83736173770717,0.014791536305579093,0,0,0,0,0,0,0,0,0.0,0,0,1.4
104200.0,2.454221085807659e-07,206.9541192418916,288.36463914875566,0.014577050384936426,0,0,0,0,0,0,0,0,0.0,0,0,1.4
104300.00000000001,2.4098738697746166e-07,207.71512201898722,288.8943336710311,0.014366279928934314,0,0,0,0,0,0,0,0,0.0,0,0,1.4
104400.0,2.3664046542269718e-07,208.4809466778341,289.42640580146406,0.01415915310878526,0,0,0,0,0,0,0,0,0.0,0,0,1.4
104500.0,2.3237955148780673e-07,209.25155529926158,289.9608161790888,0.013955599597179132,0,0,0,0,0,0,0,0,0.0,0,0,1.4
104600.00000000001,2.282028885990625e-07,210.026909841896,290.4975255909658,0.01375555053521374,0,0,0,0,0,0,0,0,0.0,0,0,1.4
104700.0,2.241087553800578e-07,210.806972147927,291.03649497792725,0.013558938500057497,0,0,0,0,0,0,0,0,0.0,0,0,1.4
104800.00000000001,2.2009546500377505e-07,211.59170394887235,291.5776854401875,0.013365697473340064,0,0,0,0,0,0,0,0,0.0,0,0,1.4
104900.0,2.1616136455409184e-07,212.3810668712586,292.12105824276296,0.01317576281023904,0,0,0,0,0,0,0,0,0.0,0,0,1.4
105000.0,2.1230483439697824e-07,213.1750224422758,292.6665748207445,0.012989071209270514,0,0,0,0,0,0,0,0,0.0,0,0,1.4
105100.00000000001,2.0852428756094921e-07,213.97353209538923,293.2141967844112,0.012805560682745099,0,0,0,0,0,0,0,0,0.0,0,0,1.4
105200.0,2.048181691270469e-07,214.77655717592145,293.763885924198,0.012625170527896445,0,0,0,0,0,0,0,0,0.0,0,0,1.4
105300.00000000001,2.0118495562808833e-07,215.5840589465135,294.3156042154563,0.012447841298650642,0,0,0,0,0,0,0,0,0.0,0,0,1.4
105400.0,1.976231544571228e-07,216.3959985926615,294.86931382314333,0.01227351477803511,0,0,0,0,0,0,0,0,0.0,0,0,1.4
105500.0,1.9413130328516804e-07,217.21233722808515,295.42497710627754,0.012102133951207504,0,0,0,0,0,0,0,0,0.0,0,0,1.4
105600.00000000001,1.9070796948794356e-07,218.03303590013803,295.9825566223042,0.011933642979090673,0,0,0,0,0,0,0,0,0.0,0,0,1.4
105700.0,1.8735174958173642e-07,218.8580555950896,296.54201513125764,0.011767987172603734,0,0,0,0,0,0,0,0,0.0,0,0,1.4
105800.00000000001,1.8406126866813537e-07,219.68735724344575,297.1033155998373,0.01160511296747403,0,0,0,0,0,0,0,0,0.0,0,0,1.4
105900.0,1.8083517988777058e-07,220.52090172512334,297.6664212052723,0.011444967899620628,0,0,0,0,0,0,0,0,0.0,0,0,1.4
106000.0,1.7767216388270604e-07,221.35864987465544,298.23129533909844,0.011287500581089304,0,0,0,0,0,0,0,0,0.0,0,0,1.4
106100.00000000001,1.7457092826766483e-07,222.20056248629427,298.79790161075937,0.011132660676536111,0,0,0,0,0,0,0,0,0.0,0,0,1.4
106200.0,1.7153020710983575e-07,223.0466003190837,299.3662038510824,0.01098039888024075,0,0,0,0,0,0,0,0,0.0,0,0,1.4
106300.00000000001,1.6854876041726496e-07,223.8967241018603,299.9361661156044,0.010830666893641362,0,0,0,0,0,0,0,0,0.0,0,0,1.4
106400.0,1.6562537363571771e-07,224.75089453822966,300.5077526877812,0.010683417403379691,0,0,0,0,0,0,0,0,0.0,0,0,1.4
106500.0,1.6275885715387824e-07,225.60907231145893,301.08092808204276,0.010538604059839442,0,0,0,0,0,0,0,0,0.0,0,0,1.4
106600.00000000001,1.599480458169106e-07,226.47121808934054,301.6556570467344,0.010396181456176469,0,0,0,0,0,0,0,0,0.0,0,0,1.4
106700.0,1.5719179844816786e-07,227.3372925289746,302.2319045669103,0.010256105107819458,0,0,0,0,0,0,0,0,0.0,0,0,1.4
106800.00000000001,1.5448899737906852e-07,228.207256281521,302.80963586701654,0.010118331432439811,0,0,0,0,0,0,0,0,0.0,0,0,1.4
106900.0,1.5183854798696476e-07,229.0810699968807,303.38881641343784,0.009982817730372835,0,0,0,0,0,0,0,0,0.0,0,0,1.4
107000.0,1.492393782409645e-07,229.95869432832882,303.9694119169272,0.009849522165484511,0,0,0,0,0,0,0,0,0.0,0,0,1.4
107100.00000000001,1.4669043825559185e-07,230.84008993707786,304.55138833490463,0.009718403746471264,0,0,0,0,0,0,0,0,0.0,0,0,1.4
107200.0,1.4419069985221972e-07,231.72521749680246,305.13471187364974,0.009589422308585999,0,0,0,0,0,0,0,0,0.0,0,0,1.4
107300.00000000001,1.417391561281196e-07,232.614037698105,305.71934899037484,0.009462538495775708,0,0,0,0,0,0,0,0,0.0,0,0,1.4
107400.0,1.393348210331296e-07,233.50651125290764,306.30526639517365,0.009337713743226879,0,0,0,0,0,0,0,0,0.0,0,0,1.4
107500.0,1.369767289537544e-07,234.40259889879846,306.8924310528646,0.009214910260304484,0,0,0,0,0,0,0,0,0.0,0,0,1.4
107600.00000000001,1.3466393430467655e-07,235.30226140332812,307.48081018472885,0.009094091013880208,0,0,0,0,0,0,0,0,0.0,0,0,1.4
107700.0,1.3239551112752898e-07,236.20545956822636,308.07037127012615,0.008975219712036036,0,0,0,0,0,0,0,0,0.0,0,0,1.4
107800.00000000001,1.3017055269687428e-07,237.1121542335858,308.66108204802043,0.008858260788139187,0,0,0,0,0,0,0,0,0.0,0,0,1.4
107900.0,1.2798817113326444e-07,238.02230628197142,309.2529105183913,0.008743179385276008,0,0,0,0,0,0,0,0,0.0,0,0,1.4
108000.0,1.2584749702333838e-07,238.93587664247121,309.8458249435434,0.008629941341040726,0,0,0,0,0,0,0,0,0.0,0,0,1.4
108100.00000000001,1.2374767904676178e-07,239.85282629469853,310.43979384932254,0.00851851317266444,0,0,0,0,0,0,0,0,0.0,0,0,1.4
108200.0,1.2168788361005952e-07,240.77311627273582,311.0347860262342,0.008408862062485839,0,0,0,0,0,0,0,0,0.0,0,0,1.4
108300.00000000001,1.1966729448710812e-07,241.69670766899776,311.63077053045214,0.008300955843745655,0,0,0,0,0,0,0,0,0.0,0,0,1.4
108400.0,1.1768511246626445e-07,242.62356163807306,312.2277166847584,0.00819476298670423,0,0,0,0,0,0,0,0,0.0,0,0,1.4
108500.0,1.1574055500405721e-07,243.55363940047195,312.8255940793682,0.008090252585073501,0,0,0,0,0,0,0,0,0.0,0,0,1.4
108600.00000000001,1.1383285588528133e-07,244.48690224633447,313.4243725726786,0.007987394342753562,0,0,0,0,0,0,0,0,0.0,0,0,1.4
108700.0,1.1196126488942622e-07,245.4233115390872,314.0240222919343,0.007886158560867891,0,0,0,0,0,0,0,0,0.0,0,0,1.4
108800.00000000001,1.1012504746341738e-07,246.36282871900772,314.62451363378744,0.007786516125094014,0,0,0,0,0,0,0,0,0.0,0,0,1.4
108900.0,1.0832348440043156e-07,247.30541530677334,315.2258172648007,0.007688438493275022,0,0,0,0,0,0,0,0,0.0,0,0,1.4
109000.0,1.0655587152483893e-07,248.2510329069218,315.82790412185113,0.007591897683313155,0,0,0,0,0,0,0,0,0.0,0,0,1.4
109100.00000000001,1.0482151938311034e-07,249.19964321126565,316.43074541246233,0.007496866261335419,0,0,0,0,0,0,0,0,0.0,0,0,1.4
109200.0,1.0311975294057379e-07,250.15120800224057,317.0343126150548,0.007403317330122438,0,0,0,0,0,0,0,0,0.0,0,0,1.4
109300.00000000001,1.0144991128400118e-07,251.10568915621013,317.63857747912994,0.007311224517800178,0,0,0,0,0,0,0,0,0.0,0,0,1.4
109400.0,9.981134732988559e-08,252.06304864668692,318.24351202536525,0.007220561966783739,0,0,0,0,0,0,0,0,0.0,0,0,1.4
109500.0,9.820342753830575e-08,253.02324854753255,318.8490885456607,0.007131304322968124,0,0,0,0,0,0,0,0,0.0,0,0,1.4
109600.00000000001,9.662553163236814e-08,253.98625103605656,319.4552796030886,0.0070434267251636,0,0,0,0,0,0,0,0,0.0,0,0,1.4
109700.0,9.50770523230169e-08,254.95201839609072,320.0620580317968,0.0069569047947634155,0,0,0,0,0,0,0,0,0.0,0,0,1.4
109800.00000000001,9.355739503925337e-08,255.9205130210054,320.6693969368452,0.006871714625646767,0,0,0,0,0,0,0,0,0.0,0,0,1.4
109900.0,9.206597766357176e-08,256.8916974166365,321.2772696939585,0.006787832774303004,0,0,0,0,0,0,0,0,0.0,0,0,1.4
110000.0,9.060223027259857e-08,257.86553420418727,321.8856499492366,0.006705236250178978,0,0,0,0,0,0,0,0,0.0,0,0,1.4
110100.00000000001,8.916559488279546e-08,258.84198612306403,322.4945116187982,0.006623902506239194,0,0,0,0,0,0,0,0,0.0,0,0,1.4
110200.0,8.775552520119392e-08,259.82101603366283,323.103828888371,0.006543809429738127,0,0,0,0,0,0,0,0,0.0,0,0,1.4
110300.00000000001,8.63714863810243e-08,260.80258692007476,323.7135762128089,0.006464935333195001,0,0,0,0,0,0,0,0,0.0,0,0,1.4
110400.0,8.501295478220741e-08,261.7866618927586,324.3237283155681,0.006387258945571269,0,0,0,0,0,0,0,0,0.0,0,0,1.4
110500.0,8.367941773657368e-08,262.7732041911532,324.9342601881269,0.0063107594036414805,0,0,0,0,0,0,0,0,0.0,0,0,1.4
110600.00000000001,8.237037331779271e-08,263.76217718623525,325.5451470893543,0.0062354162435579235,0,0,0,0,0,0,0,0,0.0,0,0,1.4
110700.0,8.108533011585036e-08,264.7535443830031,326.1563645448156,0.00616120939259789,0,0,0,0,0,0,0,0,0.0,0,0,1.4
110800.00000000001,7.982380701609339e-08,265.7472694229434,326.76788834605316,0.006088119161098123,0,0,0,0,0,0,0,0,0.0,0,0,1.4
110900.0,7.85853329826529e-08,266.74331608640364,327.37969454979486,0.006016126234562007,0,0,0,0,0,0,0,0,0.0,0,0,1.4
111000.0,7.73694468462811e-08,267.7416482949333,327.9917594771311,0.005945211665945383,0,0,0,0,0,0,0,0,0.0,0,0,1.4
111100.00000000001,7.617569709641485e-08,268.7422301135666,328.60405971264424,0.005875356868107922,0,0,0,0,0,0,0,0,0.0,0,0,1.4
111200.0,7.500364167748998e-08,269.7450257530538,329.21657210349696,0.005806543606433931,0,0,0,0,0,0,0,0,0.0,0,0,1.4
111300.00000000001,7.385284778935388e-08,270.7499995720268,329.82927375847095,0.00573875399161247,0,0,0,0,0,0,0,0,0.0,0,0,1.4
111400.0,7.27228916917481e-08,271.7571160791311,330.44214204697755,0.005671970472577242,0,0,0,0,0,0,0,0,0.0,0,0,1.4
111500.0,7.161335851276954e-08,272.7663399350908,331.05515459802086,0.005606175829600447,0,0,0,0,0,0,0,0,0.0,0,0,1.4
111600.00000000001,7.052384206123924e-08,273.7776359547252,331.66828929912583,0.005541353167537531,0,0,0,0,0,0,0,0,0.0,0,0,1.4
111700.0,6.94539446429128e-08,274.79096910892207,332.2815242952351,0.005477485909219806,0,0,0,0,0,0,0,0,0.0,0,0,1.4
111800.00000000001,6.840327688044892e-08,275.80630452654015,332.89483798756004,0.005414557788989971,0,0,0,0,0,0,0,0,0.0,0,0,1.4
111900.0,6.73714575371011e-08,276.8236074962795,333.5082090324092,0.005352552846380685,0,0,0,0,0,0,0,0,0.0,0,0,1.4
112000.0,6.635811334399785e-08,277.8428434685067,334.1216163399878,0.005291455419927423,0,0,0,0,0,0,0,0,0.0,0,0,1.4
112100.00000000001,6.53628788310319e-08,278.863978056996,334.73503907314665,0.0052312501411186626,0,0,0,0,0,0,0,0,0.0,0,0,1.4
112200.0,6.438539616120463e-08,279.88697704065515,335.34845664612095,0.0051719219284747505,0,0,0,0,0,0,0,0,0.0,0,0,1.4
112300.00000000001,6.342531496842906e-08,280.9118063652001,335.96184872324034,0.00511345598175713,0,0,0,0,0,0,0,0,0.0,0,0,1.4
112400.0,6.248229219868193e-08,281.93843214474407,336.57519521758906,0.005055837776300866,0,0,0,0,0,0,0,0,0.0,0,0,1.4
112500.0,6.155599195445306e-08,282.96682066339656,337.18847628967507,0.004999053057470228,0,0,0,0,0,0,0,0,0.0,0,0,1.4
112600.00000000001,6.064608534245913e-08,283.99693837676506,337.8016723460442,0.004943087835234993,0,0,0,0,0,0,0,0,0.0,0,0,1.4
112700.0,5.975225032449554e-08,285.02875191342514,338.41476403788033,0.004887928378860731,0,0,0,0,0,0,0,0,0.0,0,0,1.4
112800.00000000001,5.8874171571438866e-08,286.06222807635527,339.027732259589,0.004833561211716245,0,0,0,0,0,0,0,0,0.0,0,0,1.4
112900.0,5.801154032028229e-08,287.09733384431723,339.64055814735474,0.004779973106190529,0,0,0,0,0,0,0,0,0.0,0,0,1.4
113000.0,5.716405423417181e-08,288.1340363731856,340.2532230776749,0.004727151078718966,0,0,0,0,0,0,0,0,0.0,0,0,1.4
113100.00000000001,5.633141726539041e-08,289.17230299723235,340.8657086658732,0.004675082384916798,0,0,0,0,0,0,0,0,0.0,0,0,1.4
113200.0,5.5513339521204196e-08,290.21210123036786,341.4779967645966,0.004623754514815123,0,0,0,0,0,0,0,0,0.0,0,0,1.4
113300.00000000001,5.470953713255498e-08,291.25339876736905,342.0900694623112,0.004573155188200864,0,0,0,0,0,0,0,0,0.0,0,0,1.4
113400.0,5.391973212550154e-08,292.2961634849753,342.7019090817311,0.0045232723500530205,0,0,0,0,0,0,0,0,0.0,0,0,1.4
113500.0,5.314365229537876e-08,293.3403634430604,343.31349817830016,0.004474094166078178,0,0,0,0,0,0,0,0,0.0,0,0,1.4
113600.00000000001,5.2381031083638804e-08,294.3859668856649,343.9248195386023,0.004425609018341196,0,0,0,0,0,0,0,0,0.0,0,0,1.4
113700.0,5.163160745726504e-08,295.43294224203163,344.53585617878485,0.004377805500986419,0,0,0,0,0,0,0,0,0.0,0,0,1.4
113800.00000000001,5.089512579076291e-08,296.4812581275838,345.14659134295846,0.004330672416051016,0,0,0,0,0,0,0,0,0.0,0,0,1.4
113900.0,5.017133575065851e-08,297.5308833448802,345.7570085015962,0.004284198769367481,0,0,0,0,0,0,0,0,0.0,0,0,1.4
114000.0,4.945999218243758e-08,298.58178688450073,346.3670913499035,0.0042383737665510615,0,0,0,0,0,0,0,0,0.0,0,0,1.4
114100.00000000001,4.8760854999896694e-08,299.6339379259145,346.9768238061909,0.004193186809072773,0,0,0,0,0,0,0,0,0.0,0,0,1.4
114200.0,4.807368907685228e-08,300.6873058382936,347.5861900102281,0.00414862749041501,0,0,0,0,0,0,0,0,0.0,0,0,1.4
114300.00000000001,4.7398264141157224e-08,301.7418601813079,348.1951743216002,0.004104685592308198,0,0,0,0,0,0,0,0,0.0,0,0,1.4
114400.0,4.6734354670976964e-08,302.79757070585,348.80376131803763,0.00406135108104582,0,0,0,0,0,0,0,0,0.0,0,0,1.4
114500.0,4.6081739793285664e-08,303.85440735474975,349.41193579375397,0.004018614103877442,0,0,0,0,0,0,0,0,0.0,0,0,1.4
114600.00000000001,4.544020318452619e-08,304.9123402634285,350.01968275776375,0.003976464985476359,0,0,0,0,0,0,0,0,0.0,0,0,1.4
114700.0,4.4809532973408124e-08,305.9713397605462,350.62698743221046,0.003934894224482481,0,0,0,0,0,0,0,0,0.0,0,0,1.4
114800.00000000001,4.418952164577718e-08,307.0313763685656,351.23383525066265,0.0038938924901158168,0,0,0,0,0,0,0,0,0.0,0,0,1.4
114900.0,4.357996595153457e-08,308.0924208043263,351.8402118564311,0.003853450618862001,0,0,0,0,0,0,0,0,0.0,0,0,1.4
115000.0,4.2980666813542865e-08,309.15444397955457,352.44610310086426,0.003813559611225454,0,0,0,0,0,0,0,0,0.0,0,0,1.4
115100.00000000001,4.23914292384984e-08,310.2174170013547,353.0514950416502,0.003774210628551089,0,0,0,0,0,0,0,0,0.0,0,0,1.4
115200.0,4.1812062229717384e-08,311.2813111726384,353.65637394109854,0.003735394989911435,0,0,0,0,0,0,0,0,0.0,0,0,1.4
115300.00000000001,4.124237870179858e-08,312.3460979925536,354.26072626443937,0.003697104169058702,0,0,0,0,0,0,0,0,0.0,0,0,1.4
115400.0,4.068219539711831e-08,313.41174915687424,354.864538678116,0.003659329791439392,0,0,0,0,0,0,0,0,0.0,0,0,1.4
115500.0,4.013133280413659e-08,314.4782365583101,355.4677980480496,0.0036220636312711265,0,0,0,0,0,0,0,0,0.0,0,0,1.4
115600.00000000001,3.9589615077447053e-08,315.54553228685035,356.0704914379406,0.003585297608678985,0,0,0,0,0,0,0,0,0.0,0,0,1.4
115700.0,3.9056869959573693e-08,316.61360863003773,356.6726061075467,0.003549023786892391,0,0,0,0,0,0,0,0,0.0,0,0,1.4
115800.00000000001,3.853292870443652e-08,317.6824380732123,357.27412951096346,0.0035132343694979514,0,0,0,0,0,0,0,0,0.0,0,0,1.4
115900.0,3.801762600248245e-08,318.7519932997263,357.8750492949041,0.003477921697749844,0,0,0,0,0,0,0,0,0.0,0,0,1.4
116000.0,3.75107999074293e-08,319.82224719113884,358.47535329698695,0.003443078247935055,0,0,0,0,0,0,0,0,0.0,0,0,1.4
116100.00000000001,3.701229176459257e-08,320.8931728273639,359.0750295440144,0.003408696628792288,0,0,0,0,0,0,0,0,0.0,0,0,1.4
116200.0,3.652194614077442e-08,321.96474348680704,359.6740662502637,0.003374769578984931,0,0,0,0,0,0,0,0,0.0,0,0,1.4
116300.00000000001,3.603961075565046e-08,323.036932646445,360.2724518157635,0.003341289964623543,0,0,0,0,0,0,0,0,0.0,0,0,1.4
116400.0,3.556513641466409e-08,324.1097139819102,360.8701748245919,0.0033082507768412224,0,0,0,0,0,0,0,0,0.0,0,0,1.4
116500.0,3.5098376943357695e-08,325.183061367508,361.46722404315545,0.003275645129416411,0,0,0,0,0,0,0,0,0.0,0,0,1.4
116600.00000000001,3.463918912313917e-08,326.25694887625934,362.06358841850005,0.0032434662564457075,0,0,0,0,0,0,0,0,0.0,0,0,1.4
116700.0,3.41874326284327e-08,327.3313507798488,362.65925707658874,0.0032117075100625064,0,0,0,0,0,0,0,0,0.0,0,0,1.4
116800.00000000001,3.3742969965197445e-08,328.40624154861325,363.2542193206196,0.0031803623582030128,0,0,0,0,0,0,0,0,0.0,0,0,1.4
116900.0,3.330566641078232e-08,329.4815958514461,363.8484646293166,0.003149424382417173,0,0,0,0,0,0,0,0,0.0,0,0,1.4
117000.0,3.287538995507909e-08,330.5573885557112,364.44198265524346,0.003118887275723561,0,0,0,0,0,0,0,0,0.0,0,0,1.4
117100.00000000001,3.245201124296246e-08,331.6335947271249,365.0347632231193,0.0030887448405084402,0,0,0,0,0,0,0,0,0.0,0,0,1.4
117200.0,3.203540351796937e-08,332.710189629608,365.6267963281363,0.0030589909864661606,0,0,0,0,0,0,0,0,0.0,0,0,1.4
117300.00000000001,3.162544256721108e-08,333.7871487251059,366.21807213427843,0.0030296197285818675,0,0,0,0,0,0,0,0,0.0,0,0,1.4
117400.0,3.122200666747987e-08,334.8644476734007,366.80858097265445,0.0030006251851547733,0,0,0,0,0,0,0,0,0.0,0,0,1.4
117500.0,3.082497653252254e-08,335.94206233188754,367.39831333983074,0.002972001575860618,0,0,0,0,0,0,0,0,0.0,0,0,1.4
117600.00000000001,3.0434235261463743e-08,337.0199687553341,367.9872598961726,0.002943743219853456,0,0,0,0,0,0,0,0,0.0,0,0,1.4
117700.0,3.0049668288350994e-08,338.09814319561644,368.57541146419237,0.002915844533905537,0,0,0,0,0,0,0,0,0.0,0,0,1.4
117800.00000000001,2.9671163332794193e-08,339.176562101421,369.1627590268972,0.0028883000305840933,0,0,0,0,0,0,0,0,0.0,0,0,1.4
117900.0,2.9298610351680127e-08,340.25520211795504,369.7492937261603,0.00286110431646502,0,0,0,0,0,0,0,0,0.0,0,0,1.4
118000.0,2.8931901491935565e-08,341.3340400865905,370.3350068610745,0.0028342520903817015,0,0,0,0,0,0,0,0,0.0,0,0,1.4
118100.00000000001,2.8570931044317948e-08,342.41305304452874,370.919889886336,0.002807738141709159,0,0,0,0,0,0,0,0,0.0,0,0,1.4
118200.0,2.8215595398213336e-08,343.4922182244199,371.5039344106223,0.0027815573486823946,0,0,0,0,0,0,0,0,0.0,0,0,1.4
118300.00000000001,2.786579299740874e-08,344.57151305397366,372.0871321949828,0.002755704676747429,0,0,0,0,0,0,0,0,0.0,0,0,1.4
118400.0,2.752142429684366e-08,345.6509151555446,372.6694751512362,0.0027301751769467715,0,0,0,0,0,0,0,0,0.0,0,0,1.4
118500.0,2.71823917202785e-08,346.730402345693,373.25095534037075,0.0027049639843345443,0,0,0,0,0,0,0,0,0.0,0,0,1.4
118600.00000000001,2.6848599618903465e-08,347.80995263474796,373.8315649709662,0.002680066316425156,0,0,0,0,0,0,0,0,0.0,0,0,1.4
118700.0,2.6519954230839904e-08,348.88954422632287,374.4112963976068,0.0026554774716716946,0,0,0,0,0,0,0,0,0.0,0,0,1.4
118800.00000000001,2.6196363641515356e-08,349.9691555168425,374.99014211931933,0.0026311928279739417,0,0,0,0,0,0,0,0,0.0,0,0,1.4
118900.0,2.5877737744916535e-08,351.0487650950214,375.56809477800374,0.0026072078412172567,0,0,0,0,0,0,0,0,0.0,0,0,1.4
119000.0,2.55639882056643e-08,352.1283517413505,376.14514715688495,0.0025835180438384215,0,0,0,0,0,0,0,0,0.0,0,0,1.4
119100.00000000001,2.5255028421932217e-08,353.2078944275603,376.72129217897117,0.0025601190434216153,0,0,0,0,0,0,0,0,0.0,0,0,1.4
119200.0,2.4950773489151277e-08,354.28737231605385,377.2965229055132,0.0025370065213199213,0,0,0,0,0,0,0,0,0.0,0,0,1.4
119300.00000000001,2.465114016452495e-08,355.36676475934473,377.87083253448486,0.0025141762313062583,0,0,0,0,0,0,0,0,0.0,0,0,1.4
119400.0,2.4356046832292573e-08,356.44605129946495,378.44421439906444,0.0024916239982483972,0,0,0,0,0,0,0,0,0.0,0,0,1.4
119500.0,2.4065413469767103e-08,357.52521166736653,379.0166619661303,0.002469345716812018,0,0,0,0,0,0,0,0,0.0,0,0,1.4
119600.00000000001,2.3779161614092702e-08,358.6042257822891,379.5881688347567,0.002447337350187235,0,0,0,0,0,0,0,0,0.0,0,0,1.4
119700.0,2.3497214329736384e-08,359.6830737511445,380.15872873473506,0.002425594928841489,0,0,0,0,0,0,0,0,0.0,0,0,1.4
119800.00000000001,2.3219496176682533e-08,360.76173586786877,380.72833552509553,0.0024041145492963946,0,0,0,0,0,0,0,0,0.0,0,0,1.4
119900.0,2.2945933179309097e-08,361.8401926127422,381.29698319262883,0.0023828923729274512,0,0,0,0,0,0,0,0,0.0,0,0,1.4
120000.0,2.2676452795951827e-08,362.91842465173664,381.86466585043945,0.00236192462478874,0,0,0,0,0,0,0,0,0.0,0,0,1.4
120100.00000000001,2.2410983889114734e-08,363.9964128358241,382.43137773649556,0.0023412075924588932,0,0,0,0,0,0,0,0,0.0,0,0,1.4
120200.0,2.2149456696339485e-08,365.07413820026716,382.9971132121851,0.0023207376249108186,0,0,0,0,0,0,0,0,0.0,0,0,1.4
120300.00000000001,2.1891802801692304e-08,366.1515819639122,383.5618667608916,0.002300511131402031,0,0,0,0,0,0,0,0,0.0,0,0,1.4
120400.0,2.1637955107880807e-08,367.2287255284755,384.1256329865809,0.002280524580387808,0,0,0,0,0,0,0,0,0.0,0,0,1.4
120500.0,2.1387847808964385e-08,368.30555047778824,384.6884066123846,0.0022607744984541305,0,0,0,0,0,0,0,0,0.0,0,0,1.4
120600.00000000001,2.1141416363662774e-08,369.3820385770643,385.25018247920985,0.0022412574692722673,0,0,0,0,0,0,0,0,0.0,0,0,1.4
120700.0,2.0898597469236266e-08,370.4581717721333,385.8109555443484,0.002221970132572785,0,0,0,0,0,0,0,0,0.0,0,0,1.4
120800.00000000001,2.065932903593117e-08,371.53393218867876,386.3707208801039,0.0022029091831394856,0,0,0,0,0,0,0,0,0.0,0,0,1.4
120900.0,2.0423550161982723e-08,372.6093021314551,386.92947367242346,0.0021840713698232034,0,0,0,0,0,0,0,0,0.0,0,0,1.4
121000.0,2.0191201109151607e-08,373.6842640834923,387.4872092195395,0.002165453494573877,0,0,0,0,0,0,0,0,0.0,0,0,1.4
121100.00000000001,1.996222327879164e-08,374.75880070530906,388.04392293063063,0.0021470524114916368,0,0,0,0,0,0,0,0,0.0,0,0,1.4
121200.0,1.9736559188432033e-08,375.8328948340969,388.59961032448314,0.002128865025895784,0,0,0,0,0,0,0,0,0.0,0,0,1.4
121300.00000000001,1.9514152448869236e-08,376.9065294828992,389.15426702816575,0.002110888293412111,0,0,0,0,0,0,0,0,0.0,0,0,1.4
121400.0,1.9294947741745264e-08,377.9796878397988,389.7078887757229,0.0020931192190770005,0,0,0,0,0,0,0,0,0.0,0,0,1.4
121500.0,1.9078890797613657e-08,379.05235326706475,390.2604714068626,0.0020755548564589505,0,0,0,0,0,0,0,0,0.0,0,0,1.4
121600.00000000001,1.8865928374480908e-08,380.12450930032185,390.81201086567097,0.002058192306797392,0,0,0,0,0,0,0,0,0.0,0,0,1.4
121700.0,1.8656008236799043e-08,381.1961396476949,391.36250319932776,0.002041028718156674,0,0,0,0,0,0,0,0,0.0,0,0,1.4
121800.00000000001,1.844907913492229e-08,382.2672281889496,391.91194455683535,0.0020240612845975094,0,0,0,0,0,0,0,0,0.0,0,0,1.4
121900.0,1.824509078499681e-08,383.3377589746313,392.46033118776074,0.0020072872453632904,0,0,0,0,0,0,0,0,0.0,0,0,1.4
122000.0,1.804399384928428e-08,384.4077162251883,393.0076594409843,0.0019907038840820132,0,0,0,0,0,0,0,0,0.0,0,0,1.4
122100.00000000001,1.784573991691279e-08,385.47708433009115,393.5539257634596,0.001974308527983899,0,0,0,0,0,0,0,0,0.0,0,0,1.4
122200.0,1.765028148503077e-08,386.54584784694174,394.0991266989832,0.0019580985471327294,0,0,0,0,0,0,0,0,0.0,0,0,1.4
122300.00000000001,1.745757194037544e-08,387.61399150059805,394.64325888698556,0.0019420713536729983,0,0,0,0,0,0,0,0,0.0,0,0,1.4
122400.0,1.72675655412294e-08,388.681500182251,395.18631906131117,0.0019262244010903303,0,0,0,0,0,0,0,0,0.0,0,0,1.4
122500.0,1.708021739976521e-08,389.7483589485446,395.72830404903465,0.001910555183486303,0,0,0,0,0,0,0,0,0.0,0,0,1.4
122600.00000000001,1.6895483464769028e-08,390.81455302064245,396.2692107692625,0.0018950612348668414,0,0,0,0,0,0,0,0,0.0,0,0,1.4
122700.0,1.6713320504731606e-08,391.8800677833307,396.80903623196673,0.001879740128444002,0,0,0,0,0,0,0,0,0.0,0,0,1.4
122800.00000000001,1.65336860913013e-08,392.94488878409095,397.3477775368169,0.0018645894759508515,0,0,0,0,0,0,0,0,0.0,0,0,1.4
122900.0,1.6356538583093144e-08,394.0090017321751,397.88543187202515,0.0018496069269695623,0,0,0,0,0,0,0,0,0.0,0,0,1.4
123000.0,1.6181837109836046e-08,395.07239249767605,398.42199651320243,0.0018347901682713042,0,0,0,0,0,0,0,0,0.0,0,0,1.4
123100.00000000001,1.6009541556867317e-08,396.1350471105932,398.95746882222466,0.0018201369231695584,0,0,0,0,0,0,0,0,0.0,0,0,1.4
123200.0,1.5839612549948814e-08,397.1969517598949,399.49184624611024,0.0018056449508845663,0,0,0,0,0,0,0,0,0.0,0,0,1.4
123300.00000000001,1.567201144041299e-08,398.2580927925837,400.0251263159105,0.0017913120459204577,0,0,0,0,0,0,0,0,0.0,0,0,1.4
123400.0,1.5506700290619676e-08,399.31845671273936,400.55730664560184,0.0017771360374533268,0,0,0,0,0,0,0,0,0.0,0,0,1.4
123500.0,1.5343641859726715e-08,400.3780301805787,401.08838493099813,0.0017631147887313785,0,0,0,0,0,0,0,0,0.0,0,0,1.4
123600.00000000001,1.518279958975824e-08,401.43680001150085,401.6183589486679,0.0017492461964856727,0,0,0,0,0,0,0,0,0.0,0,0,1.4
123700.0,1.5024137591970836e-08,402.4947531751266,402.1472265548599,0.0017355281903520898,0,0,0,0,0,0,0,0,0.0,0,0,1.4
123800.00000000001,1.486762063350973e-08,403.55187679435767,402.67498568445114,0.0017219587323042585,0,0,0,0,0,0,0,0,0.0,0,0,1.4
123900.0,1.4713214124344178e-08,404.60815814439604,403.201634349885,0.0017085358160964482,0,0,0,0,0,0,0,0,0.0,0,0,1.4
124000.0,1.4560884104483244e-08,405.66358465179854,403.72717064013995,0.0016952574667174068,0,0,0,0,0,0,0,0,0.0,0,0,1.4
124100.00000000001,1.441059723146027e-08,406.7181438935,404.2515927196927,0.0016821217398540068,0,0,0,0,0,0,0,0,0.0,0,0,1.4
124200.0,1.4262320768078756e-08,407.771823595853,404.77489882750115,0.0016691267213645342,0,0,0,0,0,0,0,0,0.0,0,0,1.4
124300.00000000001,1.4116022570423351e-08,408.8246116336566,405.2970872759923,0.001656270526762429,0,0,0,0,0,0,0,0,0.0,0,0,1.4
124400.0,1.3971671076118247e-08,409.8764960291908,405.81815645006435,0.0016435513007089498,0,0,0,0,0,0,0,0,0.0,0,0,1.4
124500.0,1.3829235292833883e-08,410.92746495124175,406.33810480609486,0.0016309672165152607,0,0,0,0,0,0,0,0,0.0,0,0,1.4
124600.00000000001,1.3688684787038303e-08,411.9775067141203,406.85693087095564,0.0016185164756539906,0,0,0,0,0,0,0,0,0.0,0,0,1.4
124700.0,1.354998967298201e-08,413.0266097767128,407.3746332410539,0.0016061973072795325,0,0,0,0,0,0,0,0,0.0,0,0,1.4
124800.00000000001,1.3413120601915948e-08,414.07476274147683,407.89121058135754,0.001594007967757153,0,0,0,0,0,0,0,0,0.0,0,0,1.4
124900.0,1.3278048751535644e-08,415.1219543534858,408.40666162445325,0.0015819467402009037,0,0,0,0,0,0,0,0,0.0,0,0,1.4
125000.0,1.3144745815645008e-08,416.16817349944756,408.9209851696022,0.0015700119340196972,0,0,0,0,0,0,0,0,0.0,0,0,1.4
125100.00000000001,1.3013183994040297e-08,417.2134092067257,409.434180081808,0.001558201884472141,0,0,0,0,0,0,0,0,0.0,0,0,1.4
125200.0,1.2883335982602161e-08,418.257650642362,409.9462452908931,0.0015465149522290642,0,0,0,0,0,0,0,0,0.0,0,0,1.4
125300.00000000001,1.2755174963596375e-08,419.3008871121096,410.4571797905911,0.0015349495229442594,0,0,0,0,0,0,0,0,0.0,0,0,1.4
125400.0,1.2628674596178243e-08,420.34310805944205,410.96698263763705,0.0015235040068330892,0,0,0,0,0,0,0,0,0.0,0,0,1.4
125500.0,1.250380900709294e-08,421.3843030645885,411.4756529508783,0.0015121768382585891,0,0,0,0,0,0,0,0,0.0,0,0,1.4
125600.00000000001,1.2380552781571819e-08,422.4244618435459,411.9831899103855,0.001500966475325273,0,0,0,0,0,0,0,0,0.0,0,0,1.4
125700.0,1.2258880954417087e-08,423.46357424712323,412.489592756586,0.0014898713994802768,0,0,0,0,0,0,0,0,0.0,0,0,1.4
125800.00000000001,1.2138769001271621e-08,424.50163025993766,412.99486078938435,0.0014788901151215276,0,0,0,0,0,0,0,0,0.0,0,0,1.4
125900.0,1.2020192830072695e-08,425.5386199994667,413.4989933673185,0.0014680211492135095,0,0,0,0,0,0,0,0,0.0,0,0,1.4
126000.0,1.1903128772680293e-08,426.57453371506415,414.0019899067066,0.001457263050909504,0,0,0,0,0,0,0,0,0.0,0,0,1.4
126100.00000000001,1.1787553576679414e-08,427.609361786985,414.503849880807,0.0014466143911807338,0,0,0,0,0,0,0,0,0.0,0,0,1.4
126200.0,1.1673444397354614e-08,428.64309472541834,415.00457281899094,0.0014360737624525203,0,0,0,0,0,0,0,0,0.0,0,0,1.4
126300.00000000001,1.1560778789828918e-08,429.6757231695105,415.50415830591794,0.0014256397782467514,0,0,0,0,0,0,0,0,0.0,0,0,1.4
126400.0,1.1449534701364582e-08,430.7072378864179,416.0026059807351,0.0014153110728308067,0,0,0,0,0,0,0,0,0.0,0,0,1.4
126500.0,1.133969046382381e-08,431.7376297703078,416.49991553625756,0.001405086300872733,0,0,0,0,0,0,0,0,0.0,0,0,1.4
126600.00000000001,1.1231224786285748e-08,432.76688984141805,416.99608671818703,0.0013949641371028992,0,0,0,0,0,0,0,0,0.0,0,0,1.4
126700.0,1.1124116747814641e-08,433.7950092450863,417.49111932432254,0.0013849432759814998,0,0,0,0,0,0,0,0,0.0,0,0,1.4
126800.00000000001,1.1018345790375928e-08,434.8219792507823,417.9850132037803,0.0013750224313719057,0,0,0,0,0,0,0,0,0.0,0,0,1.4
126900.0,1.0913891711900609e-08,435.8477912511573,418.47776825623015,0.0013652003362202374,0,0,0,0,0,0,0,0,0.0,0,0,1.4
127000.0,1.0810734659491058e-08,436.8724367610774,418.9693844311311,0.0013554757422404875,0,0,0,0,0,0,0,0,0.0,0,0,1.4
127100.00000000001,1.070885512276317e-08,437.89590741667666,419.4598617269842,0.001345847419604942,0,0,0,0,0,0,0,0,0.0,0,0,1.4
127200.0,1.0608233927331197e-08,438.9181949743982,419.9492001905864,0.001336314156640859,0,0,0,0,0,0,0,0,0.0,0,0,1.4
127300.00000000001,1.0508852228419e-08,439.939291310045,420.4373999162968,0.0013268747595317084,0,0,0,0,0,0,0,0,0.0,0,0,1.4
127400.0,1.0410691504607529e-08,440.95918841783,420.9244610453093,0.0013175280520244183,0,0,0,0,0,0,0,0,0.0,0,0,1.4
127500.0,1.0313733551707733e-08,441.97787840943005,421.41038376493407,0.0013082728751415507,0,0,0,0,0,0,0,0,0.0,0,0,1.4
127600.00000000001,1.0217960476757336e-08,442.99535351304735,421.8951683078895,0.0012991080868984535,0,0,0,0,0,0,0,0,0.0,0,0,1.4
127700.0,1.0123354692142773e-08,444.01160607246186,422.3788149515967,0.0012900325620257582,0,0,0,0,0,0,0,0,0.0,0,0,1.4
127800.00000000001,1.0029898909837434e-08,445.0266285461012,422.8613240174886,0.0012810451916964096,0,0,0,0,0,0,0,0,0.0,0,0,1.4
127900.0,9.93757613576022e-09,446.0404135060995,423.34269587032065,0.0012721448832578937,0,0,0,0,0,0,0,0,0.0,0,0,1.4
128000.0,9.846369664246911e-09,447.05295363736263,423.82293091749096,0.0012633305599689826,0,0,0,0,0,0,0,0,0.0,0,0,1.4
128100.0,9.756263072633829e-09,448.0642417366532,424.3020296083761,0.001254601160741197,0,0,0,0,0,0,0,0,0.0,0,0,1.4
128200.00000000001,9.667240215950708e-09,449.0742707116493,424.77999243366054,0.0012459556398846763,0,0,0,0,0,0,0,0,0.0,0,0,1.4
128300.00000000001,9.579285221723861e-09,450.08303358003093,425.25681992468554,0.0012373929668589665,0,0,0,0,0,0,0,0,0.0,0,0,1.4
128400.0,9.492382484879854e-09,451.0905234685605,425.73251265280135,0.0012289121260275874,0,0,0,0,0,0,0,0,0.0,0,0,1.4
128500.0,9.406516662755037e-09,452.0967336121605,426.2070712287234,0.0012205121164172753,0,0,0,0,0,0,0,0,0.0,0,0,1.4
128600.0,9.321672670206133e-09,453.1016573530088,426.6804963019038,0.0012121919514815494,0,0,0,0,0,0,0,0,0.0,0,0,1.4
128700.00000000001,9.237835674816902e-09,454.1052881396273,427.1527885599043,0.001203950658868087,0,0,0,0,0,0,0,0,0.0,0,0,1.4
128800.00000000001,9.154991092202708e-09,455.1076195259692,427.62394872777463,0.0011957872801903482,0,0,0,0,0,0,0,0,0.0,0,0,1.4
128900.0,9.073124581409972e-09,456.1086451705322,428.0939775674494,0.0011877008708033319,0,0,0,0,0,0,0,0,0.0,0,0,1.4
129000.0,8.99222204040639e-09,457.108358835443,428.5628758771355,0.0011796904995829563,0,0,0,0,0,0,0,0,0.0,0,0,1.4
129100.0,8.91226960166277e-09,458.1067543855761,429.03064449072224,0.0011717552487095382,0,0,0,0,0,0,0,0,0.0,0,0,1.4
129200.00000000001,8.833253627821997e-09,459.1038257876572,429.4972842771891,0.0011638942134548189,0,0,0,0,0,0,0,0,0.0,0,0,1.4
129300.00000000001,8.755160707456624e-09,460.0995671093794,429.9627961400249,0.0011561065019729923,0,0,0,0,0,0,0,0,0.0,0,0,1.4
129400.0,8.677977650908496e-09,461.09397251851726,430.4271810166503,0.0011483912350949965,0,0,0,0,0,0,0,0,0.0,0,0,1.4
129500.0,8.601691486214525e-09,462.08703628204495,430.89043987784834,0.0011407475461268047,0,0,0,0,0,0,0,0,0.0,0,0,1.4
129600.0,8.526289455110026e-09,463.0787527652643,431.3525737272043,0.0011331745806507489,0,0,0,0,0,0,0,0,0.0,0,0,1.4
129700.00000000001,8.451759009113859e-09,464.06911643094134,431.81358360055356,0.001125671496330608,0,0,0,0,0,0,0,0,0.0,0,0,1.4
129800.00000000001,8.378087805691451e-09,465.0581218384336,432.2734705654311,0.0011182374627200444,0,0,0,0,0,0,0,0,0.0,0,0,1.4
129900.0,8.305263704492359e-09,466.0457636428107,432.73223572052194,0.0011108716610741223,0,0,0,0,0,0,0,0,0.0,0,0,1.4
130000.0,8.233274763664254e-09,467.03203659402175,433.18988019513796,0.0011035732841644243,0,0,0,0,0,0,0,0,0.0,0,0,1.4
130100.0,8.162109236237554e-09,468.01693553603417,433.64640514868626,0.0010963415360969726,0,0,0,0,0,0,0,0,0.0,0,0,1.4
130200.00000000001,8.09175556658373e-09,469.0004554059684,434.10181177014005,0.0010891756321335646,0,0,0,0,0,0,0,0,0.0,0,0,1.4
130300.00000000001,8.02220238694287e-09,469.9825912332681,434.5561012775303,0.001082074798516165,0,0,0,0,0,0,0,0,0.0,0,0,1.4
130400.0,7.953438514017868e-09,470.963338138853,435.0092749174334,0.0010750382722940204,0,0,0,0,0,0,0,0,0.0,0,0,1.4
130500.0,7.885452945638987e-09,471.94269133428185,435.4613339644686,0.0010680653011542,0,0,0,0,0,0,0,0,0.0,0,0,1.4
130600.0,7.81823485749079e-09,472.92064612090815,435.9122797207953,0.0010611551432545808,0,0,0,0,0,0,0,0,0.0,0,0,1.4
130700.00000000001,7.751773599905115e-09,473.8971978890831,436.36211351563696,0.0010543070670600285,0,0,0,0,0,0,0,0,0.0,0,0,1.4
130800.00000000001,7.686058694716801e-09,474.8723421172882,436.81083670477597,0.00104752035118119,0,0,0,0,0,0,0,0,0.0,0,0,1.4
130900.0,7.62107983218029e-09,475.8460743713532,437.2584506700925,0.0010407942842161268,0,0,0,0,0,0,0,0,0.0,0,0,1.4
131000.0,7.556826867947155e-09,476.81839030361897,437.70495681908164,0.0010341281645946004,0,0,0,0,0,0,0,0,0.0,0,0,1.4
131100.0,7.493289820101967e-09,477.7892856521294,438.15035658438717,0.0010275213004249661,0,0,0,0,0,0,0,0,0.0,0,0,1.4
131200.00000000003,7.4304588662560545e-09,478.75875623983933,438.5946514233473,0.0010209730093437102,0,0,0,0,0,0,0,0,0.0,0,0,1.4
131300.0,7.368324340700546e-09,479.72679797379266,439.0378428175297,0.0010144826183678328,0,0,0,0,0,0,0,0,0.0,0,0,1.4
131400.0,7.306876731608281e-09,480.69340684434184,439.47993227229,0.0010080494637489206,0,0,0,0,0,0,0,0,0.0,0,0,1.4
131500.0,7.246106678298493e-09,481.65857892434383,439.92092131632177,0.00100167289083079,0,0,0,0,0,0,0,0,0.0,0,0,1.4
131600.0,7.186004968546764e-09,482.6223103683803,440.3608115012225,0.0009953522539085068,0,0,0,0,0,0,0,0,0.0,0,0,1.4
131700.00000000003,7.126562535953154e-09,483.5845974119708,440.79960440105873,0.0009890869160906002,0,0,0,0,0,0,0,0,0.0,0,0,1.4
131800.0,7.0677704573570275e-09,484.54543637079365,441.2373016119386,0.0009828762491630267,0,0,0,0,0,0,0,0,0.0,0,0,1.4
131900.0,7.009619950304111e-09,485.5048236399103,441.6739047515893,0.0009767196334557408,0,0,0,0,0,0,0,0,0.0,0,0,1.4
132000.0,6.952102370561497e-09,486.4627556930088,442.10941545894605,0.0009706164577114113,0,0,0,0,0,0,0,0,0.0,0,0,1.4
132100.0,6.895209209680703e-09,487.4192290816145,442.5438353937299,0.0009645661189562979,0,0,0,0,0,0,0,0,0.0,0,0,1.4
132200.00000000003,6.838932092608388e-09,488.3742404343549,442.9771662360531,0.0009585680223734996,0,0,0,0,0,0,0,0,0.0,0,0,1.4
132300.0,6.783262775340686e-09,489.3277864561978,443.409409686015,0.0009526215811779485,0,0,0,0,0,0,0,0,0.0,0,0,1.4
132400.0,6.728193142625707e-09,490.27986392769054,443.84056746330214,0.0009467262164939308,0,0,0,0,0,0,0,0,0.0,0,0,1.4
132500.0,6.673715205707694e-09,491.230469704224,444.2706413068021,0.0009408813572343675,0,0,0,0,0,0,0,0,0.0,0,0,1.4
132600.0,6.619821100115041e-09,492.17960071528597,444.6996329742155,0.0009350864399821778,0,0,0,0,0,0,0,0,0.0,0,0,1.4
132700.00000000003,6.566503083490322e-09,493.12725396373804,445.12754424168133,0.0009293409088736223,0,0,0,0,0,0,0,0,0.0,0,0,1.4
132800.0,6.513753533462984e-09,494.073426525067,445.5543769033943,0.0009236442154837141,0,0,0,0,0,0,0,0,0.0,0,0,1.4
132900.0,6.461564945560256e-09,495.0181155466635,445.98013277123613,0.000917995818713248,0,0,0,0,0,0,0,0,0.0,0,0,1.4
133000.0,6.409929931160256e-09,495.96131824711586,446.40481367441726,0.0009123951846780771,0,0,0,0,0,0,0,0,0.0,0,0,1.4
133100.0,6.358841215482348e-09,496.9030319154686,446.8284214591047,0.0009068417865999178,0,0,0,0,0,0,0,0,0.0,0,0,1.4
133200.00000000003,6.308291635615498e-09,497.84325391052374,447.25095798807234,0.0009013351046990201,0,0,0,0,0,0,0,0,0.0,0,0,1.4
133300.0,6.25827413858606e-09,498.78198166012896,447.6724251403473,0.0008958746260888759,0,0,0,0,0,0,0,0,0.0,0,0,1.4
133400.0,6.2087817794591056e-09,499.7192126604854,448.0928248108678,0.0008904598446722646,0,0,0,0,0,0,0,0,0.0,0,0,1.4
133500.0,6.159807719478284e-09,500.6549444754348,448.5121589101344,0.0008850902610393546,0,0,0,0,0,0,0,0,0.0,0,0,1.4
133600.0,6.111345224238854e-09,501.5891747357752,448.9304293638765,0.0008797653823672483,0,0,0,0,0,0,0,0,0.0,0,0,1.4
133700.00000000003,6.0633876618962566e-09,502.5219011385699,449.34763811271716,0.0008744847223213253,0,0,0,0,0,0,0,0,0.0,0,0,1.4
133800.0,6.015928501408277e-09,503.45312144646334,449.7637871118449,0.0008692478009581968,0,0,0,0,0,0,0,0,0.0,0,0,1.4
133900.0,5.968961310809547e-09,504.3828334870025,450.1788783306894,0.0008640541446301582,0,0,0,0,0,0,0,0,0.0,0,0,1.4
134000.0,5.9224797555187504e-09,505.31103515197,450.5929137526039,0.0008589032858912688,0,0,0,0,0,0,0,0,0.0,0,0,1.4
134100.0,5.8764775966782784e-09,506.2377243967042,451.0058953745458,0.0008537947634050492,0,0,0,0,0,0,0,0,0.0,0,0,1.4
134200.00000000003,5.830948689523553e-09,507.16289923943805,451.41782520676594,0.0008487281218535132,0,0,0,0,0,0,0,0,0.0,0,0,1.4
134300.0,5.785886981784277e-09,508.0865577606395,451.82870527250145,0.0008437029118478915,0,0,0,0,0,0,0,0,0.0,0,0,1.4
134400.0,5.741286512113427e-09,509.0086981023652,452.2385376076771,0.0008387186898405314,0,0,0,0,0,0,0,0,0.0,0,0,1.4
134500.0,5.69714140854895e-09,509.92931846759166,452.6473242605973,0.0008337750180386852,0,0,0,0,0,0,0,0,0.0,0,0,1.4
134600.0,5.653445886999288e-09,510.8484171195894,453.0550672916605,0.0008288714643190688,0,0,0,0,0,0,0,0,0.0,0,0,1.4
134700.00000000003,5.610194249761937e-09,511.7659923812671,453.46176877306107,0.0008240076021444743,0,0,0,0,0,0,0,0,0.0,0,0,1.4
134800.0,5.567380884066294e-09,512.6820426345471,453.86743078850793,0.0008191830104813121,0,0,0,0,0,0,0,0,0.0,0,0,1.4
134900.0,5.525000260643741e-09,513.5965663197263,454.2720554329377,0.0008143972737184967,0,0,0,0,0,0,0,0,0.0,0,0,1.4
135000.0,5.483046932326022e-09,514.5095619348458,454.67564481223434,0.0008096499815879281,0,0,0,0,0,0,0,0,0.0,0,0,1.4
135100.0,5.441515532667338e-09,515.4210280350894,455.07820104296246,0.0008049407290859799,0,0,0,0,0,0,0,0,0.0,0,0,1.4
135200.00000000003,5.400400774593244e-09,516.3309632321384,455.47972625208376,0.0008002691163963856,0,0,0,0,0,0,0,0,0.0,0,0,1.4
135300.0,5.359697449073346e-09,517.2393661935807,455.88022257669917,0.0007956347488142901,0,0,0,0,0,0,0,0,0.0,0,0,1.4
135400.0,5.319400423820334e-09,518.1462356422859,456.2796921637763,0.0007910372366717515,0,0,0,0,0,0,0,0,0.0,0,0,1.4
135500.0,5.279504642009625e-09,519.0515703558222,456.6781371698993,0.0007864761952640171,0,0,0,0,0,0,0,0,0.0,0,0,1.4
135600.0,5.240005121025971e-09,519.9553691658388,457.07555976100286,0.0007819512447774422,0,0,0,0,0,0,0,0,0.0,0,0,1.4
135700.00000000003,5.200896951230336e-09,520.8576309574805,457.471962112123,0.0007774620102182113,0,0,0,0,0,0,0,0,0.0,0,0,1.4
135800.0,5.1621752947510954e-09,521.758354668794,457.867346407146,0.0007730081213424525,0,0,0,0,0,0,0,0,0.0,0,0,1.4
135900.0,5.1238353842961354e-09,522.6575392901553,458.2617148385674,0.0007685892125873211,0,0,0,0,0,0,0,0,0.0,0,0,1.4
136000.0,5.085872521987365e-09,523.5551838636696,458.65506960724036,0.0007642049230032524,0,0,0,0,0,0,0,0,0.0,0,0,1.4
136100.0,5.048282078215479e-09,524.4512874826114,459.04741292214385,0.0007598548961872088,0,0,0,0,0,0,0,0,0.0,0,0,1.4
136200.00000000003,5.011059490516708e-09,525.3458492908495,459.43874700014516,0.0007555387802171394,0,0,0,0,0,0,0,0,0.0,0,0,1.4
136300.0,4.974200262469151e-09,526.2388684822713,459.8290740657626,0.0007512562275873572,0,0,0,0,0,0,0,0,0.0,0,0,1.4
136400.0,4.937699962609015e-09,527.1303443002372,460.2183963509448,0.0007470068951449697,0,0,0,0,0,0,0,0,0.0,0,0,1.4
136500.0,4.901554223367109e-09,528.0202760370051,460.60671609483586,0.0007427904440273702,0,0,0,0,0,0,0,0,0.0,0,0,1.4
136600.0,4.865758740023999e-09,528.9086630331958,460.9940355435611,0.0007386065396006877,0,0,0,0,0,0,0,0,0.0,0,0,1.4
136700.00000000003,4.83030926968398e-09,529.7955046772249,461.3803569499995,0.0007344548513991596,0,0,0,0,0,0,0,0,0.0,0,0,1.4
136800.0,4.795201630268222e-09,530.6808004047741,461.76568257357354,0.0007303350530656162,0,0,0,0,0,0,0,0,0.0,0,0,1.4
136900.0,4.7604316995245916e-09,531.5645496982409,462.15001468003135,0.000726246822292655,0,0,0,0,0,0,0,0,0.0,0,0,1.4
137000.0,4.725995414056908e-09,532.4467520862111,462.53335554124055,0.0007221898407650225,0,0,0,0,0,0,0,0,0.0,0,0,1.4
137100.0,4.691888768370297e-09,533.327407142921,462.9157074349775,0.0007181637941026841,0,0,0,0,0,0,0,0,0.0,0,0,1.4
137200.00000000003,4.658107813934915e-09,534.2065144877356,463.29707264472563,0.0007141683718050036,0,0,0,0,0,0,0,0,0.0,0,0,1.4
137300.0,4.624648658264188e-09,535.0840737846254,463.6774534594737,0.0007102032671954552,0,0,0,0,0,0,0,0,0.0,0,0,1.4
137400.0,4.591507464012666e-09,535.9600847416441,464.0568521735162,0.0007062681773676825,0,0,0,0,0,0,0,0,0.0,0,0,1.4
137500.0,4.558680448086928e-09,536.8345471104227,464.4352710862601,0.0007023628031319569,0,0,0,0,0,0,0,0,0.0,0,0,1.4
137600.0,4.526163880774024e-09,537.7074606856522,464.8127125020303,0.0006984868489627198,0,0,0,0,0,0,0,0,0.0,0,0,1.4
137700.00000000003,4.4939540848850484e-09,538.578825304583,465.1891787298813,0.0006946400229469049,0,0,0,0,0,0,0,0,0.0,0,0,1.4
137800.0,4.462047434913748e-09,539.4486408465224,465.56467208340956,0.0006908220367330398,0,0,0,0,0,0,0,0,0.0,0,0,1.4
137900.0,4.430440356209688e-09,540.3169072323394,465.93919488057026,0.0006870326054810896,0,0,0,0,0,0,0,0,0.0,0,0,1.4
138000.0,4.399129324167271e-09,541.1836244239726,466.31274944349553,0.0006832714478132734,0,0,0,0,0,0,0,0,0.0,0,0,1.4
138100.0,4.368110863427362e-09,542.0487924239369,466.6853380983143,0.0006795382857653738,0,0,0,0,0,0,0,0,0.0,0,0,1.4
138200.00000000003,4.337381547094302e-09,542.9124112748475,467.05696317497905,0.0006758328447390228,0,0,0,0,0,0,0,0,0.0,0,0,1.4
138300.0,4.306937995966283e-09,543.7744810589325,467.4276270070898,0.0006721548534546448,0,0,0,0,0,0,0,0,0.0,0,0,1.4
138400.0,4.276776877778922e-09,544.6350018975625,467.7973319317251,0.0006685040439050929,0,0,0,0,0,0,0,0,0.0,0,0,1.4
138500.0,4.2468949064626524e-09,545.4939739507774,468.1660802892734,0.000664880151310079,0,0,0,0,0,0,0,0,0.0,0,0,1.4
138600.0,4.2172888414127685e-09,546.351397416816,468.5338744232659,0.0006612829140712525,0,0,0,0,0,0,0,0,0.0,0,0,1.4
138700.00000000003,4.187955486772487e-09,547.2072725316568,468.9007166802155,0.0006577120737280179,0,0,0,0,0,0,0,0,0.0,0,0,1.4
138800.0,4.1588916907280205e-09,548.0615995685528,469.26660940945345,0.0006541673749139427,0,0,0,0,0,0,0,0,0.0,0,0,1.4
138900.0,4.130094344816488e-09,548.9143788375872,469.63155496297577,0.0006506485653139397,0,0,0,0,0,0,0,0,0.0,0,0,1.4
139000.0,4.101560383246137e-09,549.7656106852072,469.9955556952813,0.0006471553956221212,0,0,0,0,0,0,0,0,0.0,0,0,1.4
139100.0,4.073286782227102e-09,550.6152954937868,470.3586139632223,0.0006436876195001238,0,0,0,0,0,0,0,0,0.0,0,0,1.4
139200.00000000003,4.045270559315403e-09,551.4634336811789,470.7207321258516,0.0006402449935363136,0,0,0,0,0,0,0,0,0.0,0,0,1.4
139300.0,4.017508772766712e-09,552.3100257002799,471.08191254427555,0.0006368272772053722,0,0,0,0,0,0,0,0,0.0,0,0,1.4
139400.0,3.989998520903045e-09,553.1550720385899,471.44215758150585,0.0006334342328287654,0,0,0,0,0,0,0,0,0.0,0,0,1.4
139500.0,3.9627369414889395e-09,553.9985732177761,471.8014696023132,0.0006300656255355847,0,0,0,0,0,0,0,0,0.0,0,0,1.4
139600.0,3.935721211118678e-09,554.8405297932643,472.1598509730932,0.0006267212232240588,0,0,0,0,0,0,0,0,0.0,0,0,1.4
139700.00000000003,3.90894854461499e-09,555.6809423537867,472.51730406171527,0.0006234007965237427,0,0,0,0,0,0,0,0,0.0,0,0,1.4
139800.0,3.8824161944368844e-09,556.5198115209873,472.87383123739545,0.0006201041187581505,0,0,0,0,0,0,0,0,0.0,0,0,1.4
139900.0,3.856121450098439e-09,557.3571379489888,473.2294348705538,0.0006168309659080337,0,0,0,0,0,0,0,0,0.0,0,0,1.4
